"SHFE Member/OSP Volume, Open Interest Rankings",,,,,,,,,,,
,,,,,,,,,,,
Date: 2026-05-06,,,,,,,,,,,
"Note: FF Member/OSBP may not engage in trading of its own futures, the above volume and positions ranking data of FF Member/OSBP Clearing Members refers to he participation of all clients who are engaging in brokerage business during the statistical period. FF Member/OSBP engaging in brokerage business shall accept entrustment by its clients to conduct futures trading in its own name on behalf of the client.",,,,,,,,,,,
Member/OSP Type,Total Volume,Change from Previous Trading Day,Member/OSP Type,Total Long Position,Change from Previous Trading Day,Member/OSP Type,Total Short Position,Change from Previous Trading Day,,,
Contract Code：cuall,,,,,,,2026-05-06,,,,
Name of FF Member/OSBP,237026,-114997,Name of FF Member/OSBP,523447,9940,Name of FF Member/OSBP,521002,9144,,,
Name of Non-FF Member/OSNBP,1184,-1965,Name of Non-FF Member/OSNBP,5797,-662,Name of Non-FF Member/OSNBP,8242,134,,,
Ranking,Name of FF Member /OSBPs,Volume,Change from Previous Trading Day,Ranking,Name of FF Member /OSBPs,Long Position,Change from Previous Trading Day,Ranking,Name of FF Member /OSBPs,Short Position,Change from Previous Trading Day
Contract Code：cu2605,,,,,,,,,,2026-05-06,
1,0049(brokerage business),5240,-1775,1,0049(brokerage business),5785,-925,1,0049(brokerage business),5480,765
2,0148(brokerage business),3527,-1443,2,0148(brokerage business),4270,-446,2,0139(brokerage business),3610,-230
3,0163(brokerage business),2915,-2253,3,0004(brokerage business),4235,20,3,0009(brokerage business),2580,-135
4,0272(brokerage business),1550,-958,4,0025(brokerage business),3970,-1070,4,0148(brokerage business),2460,-231
5,0058(brokerage business),1535,741,5,0321(brokerage business),3295,-290,5,0272(brokerage business),1935,-230
6,0321(brokerage business),1460,587,6,0315(brokerage business),3005,-400,6,0082(brokerage business),1880,-360
7,0025(brokerage business),1435,-2,7,0009(brokerage business),1860,45,7,0004(brokerage business),1825,-155
8,0004(brokerage business),1425,-4451,8,0003(brokerage business),1460,-160,8,0321(brokerage business),1570,-460
9,0315(brokerage business),1115,-1645,9,0272(brokerage business),1145,180,9,0240(brokerage business),1460,85
10,0052(brokerage business),825,696,10,0043(brokerage business),855,-95,10,0034(brokerage business),1200,-365
11,0009(brokerage business),710,-239,11,0096(brokerage business),845,-446,11,0163(brokerage business),1130,-375
12,0096(brokerage business),691,67,12,0006(brokerage business),745,265,12,0096(brokerage business),1000,-35
13,0006(brokerage business),655,388,13,0333(brokerage business),700,-100,13,0048(brokerage business),985,55
14,0275(brokerage business),530,-261,14,0007(brokerage business),695,25,14,0081(brokerage business),945,-65
15,0069(brokerage business),520,49,15,0253(brokerage business),640,-70,15,0169(brokerage business),855,-40
16,0003(brokerage business),510,-269,16,0178(brokerage business),600,-5,16,0333(brokerage business),700,-100
17,0081(brokerage business),490,194,17,0069(brokerage business),555,-45,17,0042(brokerage business),690,-45
18,0323(brokerage business),460,-607,18,0163(brokerage business),505,80,18,0177(brokerage business),685,-20
19,0082(brokerage business),455,214,19,0042(brokerage business),455,-190,19,0058(brokerage business),655,-530
20,0042(brokerage business),415,-1383,20,0295(brokerage business),350,-10,20,0253(brokerage business),545,-120
Total,,26463,-12350,Total,,35970,-3637,Total,,32190,-2591
Ranking,Name of FF Member /OSBPs,Volume,Change from Previous Trading Day,Ranking,Name of FF Member /OSBPs,Long Position,Change from Previous Trading Day,Ranking,Name of FF Member /OSBPs,Short Position,Change from Previous Trading Day
Contract Code：cu2606,,,,,,,,,,2026-05-06,
1,0004(brokerage business),16235,-6355,1,0004(brokerage business),29162,1759,1,0148(brokerage business),18793,260
2,0163(brokerage business),12350,-4723,2,0148(brokerage business),23546,1939,2,0049(brokerage business),18680,640
3,0148(brokerage business),9855,-3841,3,0163(brokerage business),9903,1062,3,0272(brokerage business),14107,565
4,0253(brokerage business),5402,-3637,4,0103(brokerage business),9277,573,4,0004(brokerage business),13751,576
5,0272(brokerage business),4752,-1771,5,0272(brokerage business),5975,215,5,0009(brokerage business),8581,215
6,0308(brokerage business),3811,-761,6,0025(brokerage business),5602,-85,6,0163(brokerage business),7690,10
7,0123(brokerage business),3678,1148,7,0253(brokerage business),4818,186,7,0042(brokerage business),7403,-2
8,0081(brokerage business),2608,-534,8,0049(brokerage business),3598,-101,8,0315(brokerage business),6884,650
9,0275(brokerage business),2287,-438,9,0335(brokerage business),3595,273,9,0321(brokerage business),5069,335
10,0240(brokerage business),2282,-2692,10,0240(brokerage business),3568,443,10,0003(brokerage business),4486,441
11,0034(brokerage business),2236,23,11,0042(brokerage business),3456,-212,11,0253(brokerage business),4237,484
12,0049(brokerage business),2129,-2081,12,0161(brokerage business),3412,450,12,0139(brokerage business),4202,166
13,0103(brokerage business),1761,-709,13,0315(brokerage business),3114,-17,13,0018(brokerage business),4040,187
14,0096(brokerage business),1649,-2677,14,0081(brokerage business),3043,1020,14,0240(brokerage business),3908,-115
15,0323(brokerage business),1615,-531,15,0082(brokerage business),3025,-281,15,0082(brokerage business),3429,-51
16,0058(brokerage business),1577,-83,16,0136(brokerage business),2967,108,16,0058(brokerage business),3394,499
17,0268(brokerage business),1491,-1146,17,0034(brokerage business),2844,210,17,0034(brokerage business),3341,514
18,0042(brokerage business),1410,-2212,18,0323(brokerage business),2673,198,18,0169(brokerage business),3206,104
19,0069(brokerage business),1318,-283,19,0096(brokerage business),2621,44,19,0108(brokerage business),2834,8
20,0161(brokerage business),1314,119,20,0308(brokerage business),2573,498,20,0308(brokerage business),2770,353
Total,,79760,-33184,Total,,128772,8282,Total,,140805,5839
Ranking,Name of FF Member /OSBPs,Volume,Change from Previous Trading Day,Ranking,Name of FF Member /OSBPs,Long Position,Change from Previous Trading Day,Ranking,Name of FF Member /OSBPs,Short Position,Change from Previous Trading Day
Contract Code：cu2607,,,,,,,,,,2026-05-06,
1,0004(brokerage business),7636,-627,1,0148(brokerage business),18496,389,1,0148(brokerage business),17474,-64
2,0148(brokerage business),4151,-1234,2,0004(brokerage business),14453,751,2,0049(brokerage business),9662,441
3,0163(brokerage business),3788,-2206,3,0163(brokerage business),6035,335,3,0004(brokerage business),8753,-57
4,0253(brokerage business),2495,-215,4,0049(brokerage business),4849,151,4,0009(brokerage business),6964,348
5,0308(brokerage business),2135,-1389,5,0272(brokerage business),4836,56,5,0272(brokerage business),6221,-22
6,0123(brokerage business),1566,-190,6,0239(brokerage business),4490,643,6,0372(brokerage business),6218,-46
7,0069(brokerage business),1521,1061,7,0003(brokerage business),3424,-72,7,0163(brokerage business),6129,-61
8,0272(brokerage business),1426,107,8,0268(brokerage business),3375,84,8,0042(brokerage business),6000,151
9,0049(brokerage business),1290,-671,9,0103(brokerage business),2752,619,9,0125(brokerage business),3644,27
10,0277(brokerage business),1276,-132,10,0082(brokerage business),2732,32,10,0069(brokerage business),3009,606
11,0178(brokerage business),1266,975,11,0253(brokerage business),2506,52,11,0003(brokerage business),2976,-7
12,0025(brokerage business),1221,706,12,0125(brokerage business),2497,-272,12,0169(brokerage business),2405,-35
13,0275(brokerage business),1109,-83,13,0096(brokerage business),1932,-18,13,0321(brokerage business),1833,174
14,0240(brokerage business),1018,-69,14,0323(brokerage business),1879,87,14,0138(brokerage business),1746,-3
15,0096(brokerage business),1012,-93,15,0240(brokerage business),1779,223,15,0082(brokerage business),1672,-145
16,0103(brokerage business),951,592,16,0034(brokerage business),1707,-51,16,0025(brokerage business),1664,173
17,0009(brokerage business),847,-711,17,0069(brokerage business),1635,-23,17,0253(brokerage business),1600,55
18,0019(brokerage business),709,-769,18,0274(brokerage business),1635,38,18,0139(brokerage business),1431,15
19,0018(brokerage business),690,305,19,0275(brokerage business),1520,98,19,0088(brokerage business),1413,-77
20,0239(brokerage business),684,297,20,0178(brokerage business),1456,-655,20,0123(brokerage business),1226,44
Total,,36791,-4346,Total,,83988,2467,Total,,92040,1517
Ranking,Name of FF Member /OSBPs,Volume,Change from Previous Trading Day,Ranking,Name of FF Member /OSBPs,Long Position,Change from Previous Trading Day,Ranking,Name of FF Member /OSBPs,Short Position,Change from Previous Trading Day
Contract Code：cu2608,,,,,,,,,,2026-05-06,
1,0004(brokerage business),1899,-269,1,0148(brokerage business),5488,723,1,0004(brokerage business),8333,25
2,0148(brokerage business),1868,-1750,2,0004(brokerage business),3990,148,2,0148(brokerage business),7093,111
3,0163(brokerage business),1113,-699,3,0163(brokerage business),3178,-14,3,0272(brokerage business),3310,-31
4,0308(brokerage business),807,-173,4,0272(brokerage business),2849,76,4,0042(brokerage business),3037,10
5,0253(brokerage business),747,-426,5,0003(brokerage business),2731,0,5,0009(brokerage business),2810,40
6,0049(brokerage business),563,-185,6,0049(brokerage business),2308,40,6,0163(brokerage business),2439,-23
7,0019(brokerage business),359,-444,7,0069(brokerage business),2085,-157,7,0169(brokerage business),2099,60
8,0259(brokerage business),351,-384,8,0268(brokerage business),1526,0,8,0049(brokerage business),2002,393
9,0272(brokerage business),351,-111,9,0088(brokerage business),1353,151,9,0372(brokerage business),1435,10
10,0088(brokerage business),338,-658,10,0323(brokerage business),1302,0,10,0025(brokerage business),1098,1
11,0316(brokerage business),300,120,11,0338(brokerage business),1053,-21,11,0018(brokerage business),1088,31
12,0321(brokerage business),269,228,12,0031(brokerage business),961,-98,12,0138(brokerage business),1001,-3
13,0034(brokerage business),257,-246,13,0042(brokerage business),939,-12,13,0034(brokerage business),912,12
14,0096(brokerage business),250,220,14,0253(brokerage business),920,-292,14,0082(brokerage business),866,1
15,0069(brokerage business),249,-282,15,0178(brokerage business),915,-98,15,0096(brokerage business),852,7
16,0178(brokerage business),219,84,16,0034(brokerage business),875,153,16,0125(brokerage business),738,2
17,0372(brokerage business),169,-262,17,0335(brokerage business),864,20,17,0157(brokerage business),708,0
18,0177(brokerage business),168,63,18,0103(brokerage business),793,7,18,0261(brokerage business),504,0
19,0018(brokerage business),160,12,19,0096(brokerage business),672,-221,19,0244(brokerage business),491,-2
20,0240(brokerage business),157,-142,20,0254(brokerage business),659,-8,20,0240(brokerage business),418,-12
Total,,10594,-5304,Total,,35461,397,Total,,41234,632
Ranking,Name of FF Member /OSBPs,Volume,Change from Previous Trading Day,Ranking,Name of FF Member /OSBPs,Long Position,Change from Previous Trading Day,Ranking,Name of FF Member /OSBPs,Short Position,Change from Previous Trading Day
Contract Code：cu2609,,,,,,,,,,2026-05-06,
1,0148(brokerage business),890,-812,1,0004(brokerage business),4352,50,1,0004(brokerage business),12164,19
2,0163(brokerage business),758,-745,2,0148(brokerage business),3429,-114,2,0148(brokerage business),9885,-14
3,0077(brokerage business),702,42,3,0034(brokerage business),2768,8,3,0042(brokerage business),3205,3
4,0004(brokerage business),693,-615,4,0069(brokerage business),2329,-43,4,0049(brokerage business),2738,-42
5,0253(brokerage business),600,-332,5,0136(brokerage business),2077,-9,5,0003(brokerage business),2586,-1
6,0272(brokerage business),389,-132,6,0272(brokerage business),1651,110,6,0253(brokerage business),1603,152
7,0088(brokerage business),376,-493,7,0178(brokerage business),1475,28,7,0163(brokerage business),1325,-48
8,0019(brokerage business),290,-305,8,0042(brokerage business),1343,-97,8,0139(brokerage business),1284,6
9,0069(brokerage business),288,-190,9,0323(brokerage business),1334,-1,9,0372(brokerage business),1189,-33
10,0308(brokerage business),191,-143,10,0288(brokerage business),1291,-26,10,0096(brokerage business),1095,-50
11,0240(brokerage business),186,-276,11,0338(brokerage business),1262,16,11,0088(brokerage business),1025,205
12,0123(brokerage business),177,-14,12,0031(brokerage business),1193,0,12,0018(brokerage business),762,-2
13,0342(brokerage business),160,156,13,0077(brokerage business),1192,605,13,0240(brokerage business),720,-61
14,0049(brokerage business),156,-479,14,0025(brokerage business),1099,-79,14,0272(brokerage business),647,27
15,0096(brokerage business),147,-335,15,0049(brokerage business),1090,-16,15,0034(brokerage business),595,4
16,0042(brokerage business),144,-318,16,0177(brokerage business),970,-1,16,0081(brokerage business),520,-13
17,0169(brokerage business),128,-436,17,0096(brokerage business),928,-47,17,0261(brokerage business),517,0
18,0025(brokerage business),106,52,18,0253(brokerage business),899,140,18,0082(brokerage business),365,3
19,0178(brokerage business),103,-105,19,0274(brokerage business),899,-7,19,0244(brokerage business),363,3
20,0259(brokerage business),100,-247,20,0339(brokerage business),885,-60,20,0169(brokerage business),335,63
Total,,6584,-5727,Total,,32466,457,Total,,42923,221
Ranking,Name of FF Member /OSBPs,Volume,Change from Previous Trading Day,Ranking,Name of FF Member /OSBPs,Long Position,Change from Previous Trading Day,Ranking,Name of FF Member /OSBPs,Short Position,Change from Previous Trading Day
Contract Code：cu2610,,,,,,,,,,2026-05-06,
1,0088(brokerage business),258,-234,1,0148(brokerage business),1901,48,1,0004(brokerage business),3736,5
2,0096(brokerage business),206,178,2,0004(brokerage business),1448,-16,2,0148(brokerage business),3164,50
3,0308(brokerage business),190,60,3,0288(brokerage business),1028,0,3,0253(brokerage business),1653,-38
4,0009(brokerage business),177,177,4,0069(brokerage business),968,52,4,0042(brokerage business),1490,-16
5,0148(brokerage business),142,-123,5,0088(brokerage business),919,188,5,0163(brokerage business),1088,6
6,0272(brokerage business),132,-32,6,0272(brokerage business),894,33,6,0103(brokerage business),439,-5
7,0004(brokerage business),131,-201,7,0049(brokerage business),838,-1,7,0139(brokerage business),386,0
8,0253(brokerage business),110,-235,8,0031(brokerage business),715,-1,8,0153(brokerage business),364,0
9,0163(brokerage business),101,-85,9,0096(brokerage business),512,-1,9,0157(brokerage business),358,1
10,0259(brokerage business),82,-57,10,0338(brokerage business),486,0,10,0321(brokerage business),327,0
11,0069(brokerage business),63,-54,11,0323(brokerage business),417,0,11,0088(brokerage business),288,14
12,0042(brokerage business),57,-28,12,0103(brokerage business),408,4,12,0008(brokerage business),237,0
13,0254(brokerage business),40,40,13,0315(brokerage business),350,1,13,0049(brokerage business),237,-19
14,0018(brokerage business),38,-75,14,0161(brokerage business),337,4,14,0009(brokerage business),236,177
15,0240(brokerage business),38,-95,15,0003(brokerage business),317,5,15,0096(brokerage business),210,195
16,0049(brokerage business),36,-156,16,0253(brokerage business),298,-42,16,0272(brokerage business),160,-7
17,0077(brokerage business),29,-31,17,0240(brokerage business),260,-7,17,0025(brokerage business),158,0
18,0268(brokerage business),22,-8,18,0019(brokerage business),255,0,18,0095(brokerage business),150,-1
19,0178(brokerage business),20,16,19,0169(brokerage business),233,-1,19,0308(brokerage business),103,36
20,0161(brokerage business),17,14,20,0042(brokerage business),192,-15,20,0003(brokerage business),98,0
Total,,1889,-929,Total,,12776,251,Total,,14882,398
Ranking,Name of FF Member /OSBPs,Volume,Change from Previous Trading Day,Ranking,Name of FF Member /OSBPs,Long Position,Change from Previous Trading Day,Ranking,Name of FF Member /OSBPs,Short Position,Change from Previous Trading Day
Contract Code：cu2612,,,,,,,,,,2026-05-06,
1,0069(brokerage business),289,-56,1,0148(brokerage business),2178,101,1,0148(brokerage business),10326,23
2,0163(brokerage business),275,117,2,0049(brokerage business),1699,-26,2,0004(brokerage business),2830,7
3,0042(brokerage business),274,274,3,0069(brokerage business),1569,7,3,0042(brokerage business),2052,0
4,0148(brokerage business),228,-2,4,0136(brokerage business),1531,0,4,0239(brokerage business),1627,0
5,0253(brokerage business),183,19,5,0004(brokerage business),1062,-2,5,0025(brokerage business),970,20
6,0240(brokerage business),133,56,6,0034(brokerage business),1048,-5,6,0253(brokerage business),947,-20
7,0308(brokerage business),126,121,7,0003(brokerage business),1019,0,7,0049(brokerage business),943,-17
8,0031(brokerage business),113,37,8,0031(brokerage business),1006,107,8,0163(brokerage business),523,20
9,0259(brokerage business),112,-2,9,0338(brokerage business),891,-1,9,0069(brokerage business),427,60
10,0004(brokerage business),103,-75,10,0025(brokerage business),858,3,10,0240(brokerage business),369,27
11,0049(brokerage business),97,-56,11,0082(brokerage business),827,-1,11,0103(brokerage business),331,1
12,0081(brokerage business),97,4,12,0081(brokerage business),751,2,12,0186(brokerage business),268,4
13,0095(brokerage business),97,13,13,0043(brokerage business),724,84,13,0001(brokerage business),179,0
14,0077(brokerage business),88,68,14,0042(brokerage business),711,268,14,0323(brokerage business),153,18
15,0043(brokerage business),84,79,15,0096(brokerage business),614,-45,15,0034(brokerage business),134,0
16,0272(brokerage business),69,-17,16,0323(brokerage business),580,0,16,0018(brokerage business),125,0
17,0096(brokerage business),55,21,17,0272(brokerage business),562,0,17,0321(brokerage business),123,0
18,0048(brokerage business),54,-17,18,0161(brokerage business),501,4,18,0008(brokerage business),120,1
19,0088(brokerage business),53,32,19,0103(brokerage business),434,18,19,0048(brokerage business),110,54
20,0295(brokerage business),52,8,20,0274(brokerage business),411,-4,20,0272(brokerage business),107,-1
Total,,2582,624,Total,,18976,510,Total,,22664,197
Member/OSP Type,Total Volume,Change from Previous Trading Day,Member/OSP Type,Total Long Position,Change from Previous Trading Day,Member/OSP Type,Total Short Position,Change from Previous Trading Day,,,
Contract Code：alall,,,,,,,2026-05-06,,,,
Name of FF Member/OSBP,463369,-252547,Name of FF Member/OSBP,668188,12767,Name of FF Member/OSBP,643189,8680,,,
Name of Non-FF Member/OSNBP,4087,3261,Name of Non-FF Member/OSNBP,0,0,Name of Non-FF Member/OSNBP,24999,4087,,,
Ranking,Name of FF Member /OSBPs,Volume,Change from Previous Trading Day,Ranking,Name of FF Member /OSBPs,Long Position,Change from Previous Trading Day,Ranking,Name of FF Member /OSBPs,Short Position,Change from Previous Trading Day
Contract Code：al2605,,,,,,,,,,2026-05-06,
1,0163(brokerage business),3120,-3966,1,0148(brokerage business),7285,-715,1,0148(brokerage business),6190,-90
2,0148(brokerage business),1345,-2655,2,0004(brokerage business),5740,-320,2,0004(brokerage business),3900,-507
3,0004(brokerage business),947,-890,3,0139(brokerage business),2365,-20,3,0123(brokerage business),1665,295
4,0259(brokerage business),865,716,4,0003(brokerage business),1305,0,4,0029(brokerage business),1585,-175
5,0272(brokerage business),810,-507,5,0069(brokerage business),1075,15,5,0019(brokerage business),1440,-305
6,0123(brokerage business),790,-762,6,0123(brokerage business),1020,-125,6,0139(brokerage business),1400,-395
7,0139(brokerage business),715,-670,7,0240(brokerage business),965,-265,7,0171(brokerage business),970,0
8,0240(brokerage business),559,-543,8,0163(brokerage business),955,15,8,0323(brokerage business),885,10
9,0315(brokerage business),500,395,9,0048(brokerage business),875,0,9,0253(brokerage business),845,5
10,0058(brokerage business),490,186,10,0019(brokerage business),835,-100,10,0096(brokerage business),810,0
11,0034(brokerage business),474,-40,11,0272(brokerage business),805,-330,11,0137(brokerage business),800,0
12,0043(brokerage business),417,171,12,0049(brokerage business),785,-130,12,0082(brokerage business),760,0
13,0019(brokerage business),405,238,13,0096(brokerage business),775,-170,13,0058(brokerage business),705,-75
14,0275(brokerage business),380,-764,14,0125(brokerage business),740,0,14,0049(brokerage business),675,-35
15,0042(brokerage business),290,109,15,0299(brokerage business),570,-5,15,0043(brokerage business),670,-407
16,0007(brokerage business),285,112,16,0034(brokerage business),555,-109,16,0018(brokerage business),620,-120
17,0081(brokerage business),285,-946,17,0253(brokerage business),515,-70,17,0321(brokerage business),620,0
18,0323(brokerage business),275,-468,18,0338(brokerage business),510,-50,18,0277(brokerage business),615,-10
19,0082(brokerage business),260,-177,19,0043(brokerage business),425,0,19,0268(brokerage business),610,-92
20,0271(brokerage business),250,-569,20,0042(brokerage business),420,-230,20,0272(brokerage business),600,-140
Total,,13462,-11030,Total,,28520,-2609,Total,,26365,-2041
Ranking,Name of FF Member /OSBPs,Volume,Change from Previous Trading Day,Ranking,Name of FF Member /OSBPs,Long Position,Change from Previous Trading Day,Ranking,Name of FF Member /OSBPs,Short Position,Change from Previous Trading Day
Contract Code：al2606,,,,,,,,,,2026-05-06,
1,0004(brokerage business),44641,-6366,1,0004(brokerage business),31133,1843,1,0004(brokerage business),32039,-908
2,0148(brokerage business),29860,-20882,2,0148(brokerage business),30256,-489,2,0148(brokerage business),30819,339
3,0253(brokerage business),23229,-7549,3,0163(brokerage business),15613,32,3,0123(brokerage business),24605,-82
4,0163(brokerage business),15887,-9441,4,0103(brokerage business),12976,275,4,0253(brokerage business),12477,-34
5,0123(brokerage business),15782,7199,5,0253(brokerage business),11305,357,5,0058(brokerage business),10073,365
6,0081(brokerage business),13803,-6877,6,0268(brokerage business),8488,131,6,0272(brokerage business),9566,-619
7,0259(brokerage business),11783,-22917,7,0272(brokerage business),7287,312,7,0059(brokerage business),8888,1494
8,0275(brokerage business),8884,-71,8,0123(brokerage business),6980,-1196,8,0240(brokerage business),8541,140
9,0272(brokerage business),5893,-4860,9,0240(brokerage business),6548,-1000,9,0029(brokerage business),7487,43
10,0240(brokerage business),5092,-8194,10,0096(brokerage business),6455,-153,10,0139(brokerage business),7077,117
11,0389(brokerage business),3389,-1485,11,0069(brokerage business),6146,-1510,11,0163(brokerage business),6082,-223
12,0139(brokerage business),3352,1747,12,0059(brokerage business),5851,-411,12,0034(brokerage business),5779,206
13,0268(brokerage business),3232,-2599,13,0082(brokerage business),5415,283,13,0275(brokerage business),5470,518
14,0069(brokerage business),3175,-715,14,0049(brokerage business),5164,99,14,0082(brokerage business),5426,-145
15,0308(brokerage business),3145,-1419,15,0042(brokerage business),4895,-143,15,0049(brokerage business),5272,32
16,0034(brokerage business),3140,-2335,16,0275(brokerage business),4724,-856,16,0009(brokerage business),5140,-393
17,0059(brokerage business),2877,-569,17,0139(brokerage business),4702,1693,17,0003(brokerage business),4421,24
18,0096(brokerage business),2828,-1952,18,0323(brokerage business),4605,-347,18,0008(brokerage business),4238,20
19,0153(brokerage business),2715,936,19,0308(brokerage business),4550,856,19,0042(brokerage business),4049,371
20,0323(brokerage business),2545,-3983,20,0034(brokerage business),4482,-102,20,0268(brokerage business),3017,31
Total,,205252,-92332,Total,,187575,-326,Total,,200466,1296
Ranking,Name of FF Member /OSBPs,Volume,Change from Previous Trading Day,Ranking,Name of FF Member /OSBPs,Long Position,Change from Previous Trading Day,Ranking,Name of FF Member /OSBPs,Short Position,Change from Previous Trading Day
Contract Code：al2607,,,,,,,,,,2026-05-06,
1,0004(brokerage business),28448,1792,1,0148(brokerage business),23347,581,1,0148(brokerage business),33514,-67
2,0148(brokerage business),11966,-15717,2,0004(brokerage business),22049,2042,2,0123(brokerage business),20899,759
3,0253(brokerage business),10955,-11287,3,0268(brokerage business),11213,168,3,0004(brokerage business),14716,696
4,0163(brokerage business),6853,-6960,4,0163(brokerage business),9618,836,4,0163(brokerage business),6218,39
5,0081(brokerage business),5708,-5985,5,0272(brokerage business),8586,-779,5,0139(brokerage business),5957,-46
6,0272(brokerage business),3294,182,6,0123(brokerage business),6014,-238,6,0058(brokerage business),5292,114
7,0123(brokerage business),2765,-5744,7,0253(brokerage business),5219,965,7,0272(brokerage business),5153,-59
8,0240(brokerage business),2362,-399,8,0084(brokerage business),5192,-54,8,0239(brokerage business),5091,-716
9,0323(brokerage business),2306,-1896,9,0239(brokerage business),4690,-385,9,0268(brokerage business),5040,538
10,0275(brokerage business),1962,-3383,10,0308(brokerage business),4388,1044,10,0103(brokerage business),4416,254
11,0239(brokerage business),1845,-700,11,0103(brokerage business),4249,80,11,0003(brokerage business),4393,131
12,0308(brokerage business),1801,-238,12,0042(brokerage business),4093,51,12,0034(brokerage business),3765,47
13,0019(brokerage business),1301,517,13,0096(brokerage business),4091,258,13,0002(brokerage business),3500,0
14,0043(brokerage business),1035,-462,14,0003(brokerage business),3843,-119,14,0275(brokerage business),3226,213
15,0268(brokerage business),1032,-1583,15,0323(brokerage business),3542,-115,15,0253(brokerage business),3189,46
16,0069(brokerage business),1019,-1428,16,0069(brokerage business),3499,-11,16,0029(brokerage business),3063,330
17,0134(brokerage business),996,839,17,0048(brokerage business),3098,-32,17,0323(brokerage business),3043,745
18,0259(brokerage business),967,321,18,0161(brokerage business),3054,-44,18,0049(brokerage business),2778,90
19,0018(brokerage business),879,-789,19,0139(brokerage business),2843,351,19,0008(brokerage business),2757,200
20,0096(brokerage business),792,325,20,0009(brokerage business),2832,38,20,0335(brokerage business),2614,271
Total,,88286,-52595,Total,,135460,4637,Total,,138624,3585
Ranking,Name of FF Member /OSBPs,Volume,Change from Previous Trading Day,Ranking,Name of FF Member /OSBPs,Long Position,Change from Previous Trading Day,Ranking,Name of FF Member /OSBPs,Short Position,Change from Previous Trading Day
Contract Code：al2608,,,,,,,,,,2026-05-06,
1,0253(brokerage business),3233,-6046,1,0004(brokerage business),11340,710,1,0082(brokerage business),7844,76
2,0148(brokerage business),2911,-461,2,0148(brokerage business),10508,584,2,0148(brokerage business),5837,313
3,0004(brokerage business),2751,1344,3,0003(brokerage business),3646,-5,3,0139(brokerage business),5261,10
4,0081(brokerage business),2067,-606,4,0272(brokerage business),2884,1091,4,0004(brokerage business),4566,255
5,0272(brokerage business),1820,362,5,0103(brokerage business),2189,-53,5,0253(brokerage business),4063,10
6,0163(brokerage business),1718,-935,6,0261(brokerage business),2005,-1,6,0308(brokerage business),3600,-1
7,0323(brokerage business),909,-639,7,0268(brokerage business),1375,23,7,0249(brokerage business),3415,805
8,0249(brokerage business),809,809,8,0069(brokerage business),1354,-71,8,0323(brokerage business),2601,456
9,0308(brokerage business),602,-699,9,0239(brokerage business),1310,6,9,0272(brokerage business),1781,153
10,0275(brokerage business),578,-25,10,0081(brokerage business),1299,22,10,0103(brokerage business),1748,-11
11,0123(brokerage business),541,296,11,0308(brokerage business),1135,189,11,0042(brokerage business),1523,0
12,0259(brokerage business),514,-711,12,0161(brokerage business),1071,-2,12,0123(brokerage business),1336,15
13,0069(brokerage business),502,-469,13,0274(brokerage business),1028,-3,13,0003(brokerage business),1117,3
14,0042(brokerage business),466,218,14,0096(brokerage business),961,24,14,0137(brokerage business),1014,-7
15,0240(brokerage business),466,-509,15,0163(brokerage business),940,-90,15,0240(brokerage business),941,68
16,0088(brokerage business),456,136,16,0042(brokerage business),897,362,16,0275(brokerage business),934,36
17,0018(brokerage business),454,-20,17,0295(brokerage business),839,383,17,0268(brokerage business),801,21
18,0186(brokerage business),392,359,18,0139(brokerage business),838,11,18,0163(brokerage business),767,2
19,0295(brokerage business),391,49,19,0252(brokerage business),800,0,19,0049(brokerage business),650,-40
20,0271(brokerage business),300,-271,20,0034(brokerage business),760,-4,20,0239(brokerage business),620,31
Total,,21880,-7818,Total,,47179,3176,Total,,50419,2195
Ranking,Name of FF Member /OSBPs,Volume,Change from Previous Trading Day,Ranking,Name of FF Member /OSBPs,Long Position,Change from Previous Trading Day,Ranking,Name of FF Member /OSBPs,Short Position,Change from Previous Trading Day
Contract Code：al2609,,,,,,,,,,2026-05-06,
1,0253(brokerage business),3417,-220,1,0148(brokerage business),5933,-142,1,0082(brokerage business),6338,269
2,0081(brokerage business),2236,708,2,0004(brokerage business),3906,212,2,0148(brokerage business),6303,588
3,0148(brokerage business),1914,-661,3,0323(brokerage business),3625,179,3,0004(brokerage business),4243,-34
4,0163(brokerage business),1076,-277,4,0069(brokerage business),2788,274,4,0249(brokerage business),3603,707
5,0323(brokerage business),807,372,5,0261(brokerage business),2001,0,5,0103(brokerage business),2847,10
6,0240(brokerage business),749,28,6,0161(brokerage business),1871,73,6,0139(brokerage business),2525,-8
7,0088(brokerage business),748,566,7,0163(brokerage business),1715,13,7,0059(brokerage business),2047,-15
8,0308(brokerage business),737,615,8,0103(brokerage business),1325,78,8,0308(brokerage business),1794,401
9,0004(brokerage business),718,234,9,0137(brokerage business),1162,-2,9,0275(brokerage business),1622,-40
10,0249(brokerage business),718,130,10,0123(brokerage business),1140,-5,10,0163(brokerage business),1512,9
11,0069(brokerage business),613,200,11,0349(brokerage business),1021,124,11,0240(brokerage business),929,32
12,0275(brokerage business),569,153,12,0268(brokerage business),1016,256,12,0123(brokerage business),892,-84
13,0018(brokerage business),544,168,13,0042(brokerage business),979,6,13,0088(brokerage business),696,-313
14,0082(brokerage business),447,-201,14,0048(brokerage business),825,352,14,0003(brokerage business),511,1
15,0313(brokerage business),419,371,15,0153(brokerage business),819,244,15,0009(brokerage business),451,-10
16,0272(brokerage business),399,-198,16,0272(brokerage business),803,48,16,0253(brokerage business),432,43
17,0349(brokerage business),397,-56,17,0253(brokerage business),792,62,17,0261(brokerage business),430,0
18,0048(brokerage business),357,347,18,0019(brokerage business),753,128,18,0274(brokerage business),414,122
19,0268(brokerage business),328,84,19,0240(brokerage business),685,265,19,0323(brokerage business),303,26
20,0077(brokerage business),319,135,20,0007(brokerage business),657,-6,20,0268(brokerage business),290,-4
Total,,17512,2498,Total,,33816,2159,Total,,38182,1700
Ranking,Name of FF Member /OSBPs,Volume,Change from Previous Trading Day,Ranking,Name of FF Member /OSBPs,Long Position,Change from Previous Trading Day,Ranking,Name of FF Member /OSBPs,Short Position,Change from Previous Trading Day
Contract Code：al2610,,,,,,,,,,2026-05-06,
1,0253(brokerage business),1382,750,1,0004(brokerage business),2196,701,1,0148(brokerage business),5592,500
2,0249(brokerage business),1002,1002,2,0148(brokerage business),1736,57,2,0249(brokerage business),2300,998
3,0004(brokerage business),764,602,3,0323(brokerage business),1482,539,3,0082(brokerage business),2252,531
4,0081(brokerage business),634,520,4,0042(brokerage business),1204,1,4,0139(brokerage business),1696,0
5,0323(brokerage business),581,494,5,0003(brokerage business),1153,0,5,0059(brokerage business),1005,5
6,0148(brokerage business),571,159,6,0261(brokerage business),1008,0,6,0004(brokerage business),877,9
7,0082(brokerage business),543,328,7,0253(brokerage business),895,41,7,0123(brokerage business),588,0
8,0163(brokerage business),422,-19,8,0268(brokerage business),854,1,8,0327(brokerage business),493,0
9,0088(brokerage business),335,192,9,0069(brokerage business),777,213,9,0009(brokerage business),460,-4
10,0275(brokerage business),307,97,10,0088(brokerage business),657,-313,10,0253(brokerage business),358,21
11,0069(brokerage business),272,23,11,0049(brokerage business),609,-2,11,0171(brokerage business),350,0
12,0274(brokerage business),256,93,12,0123(brokerage business),507,-5,12,0312(brokerage business),252,0
13,0240(brokerage business),249,-152,13,0163(brokerage business),428,91,13,0240(brokerage business),235,-7
14,0137(brokerage business),213,137,14,0274(brokerage business),419,210,14,0275(brokerage business),222,-99
15,0259(brokerage business),188,89,15,0240(brokerage business),413,58,15,0272(brokerage business),174,-1
16,0308(brokerage business),175,67,16,0137(brokerage business),401,112,16,0163(brokerage business),118,3
17,0272(brokerage business),159,-126,17,0103(brokerage business),335,28,17,0389(brokerage business),89,0
18,0077(brokerage business),132,68,18,0272(brokerage business),270,4,18,0034(brokerage business),68,12
19,0049(brokerage business),86,-13,19,0007(brokerage business),232,0,19,0156(brokerage business),67,0
20,0151(brokerage business),76,48,20,0257(brokerage business),222,-1,20,0103(brokerage business),56,0
Total,,8347,4359,Total,,15798,1735,Total,,17252,1968
Member/OSP Type,Total Volume,Change from Previous Trading Day,Member/OSP Type,Total Long Position,Change from Previous Trading Day,Member/OSP Type,Total Short Position,Change from Previous Trading Day,,,
Contract Code：znall,,,,,,,2026-05-06,,,,
Name of FF Member/OSBP,263237,-53560,Name of FF Member/OSBP,177726,-1633,Name of FF Member/OSBP,176788,-1636,,,
Name of Non-FF Member/OSNBP,3,-2,Name of Non-FF Member/OSNBP,0,0,Name of Non-FF Member/OSNBP,938,3,,,
Ranking,Name of FF Member /OSBPs,Volume,Change from Previous Trading Day,Ranking,Name of FF Member /OSBPs,Long Position,Change from Previous Trading Day,Ranking,Name of FF Member /OSBPs,Short Position,Change from Previous Trading Day
Contract Code：zn2605,,,,,,,,,,2026-05-06,
1,0163(brokerage business),1410,-3807,1,0148(brokerage business),1555,30,1,0148(brokerage business),1020,0
2,0096(brokerage business),605,7,2,0004(brokerage business),1000,-10,2,0004(brokerage business),775,-195
3,0082(brokerage business),575,515,3,0058(brokerage business),720,0,3,0315(brokerage business),670,30
4,0148(brokerage business),450,-1254,4,0069(brokerage business),510,-10,4,0169(brokerage business),530,0
5,0004(brokerage business),395,-388,5,0139(brokerage business),405,20,5,0052(brokerage business),425,-5
6,0139(brokerage business),330,-1363,6,0134(brokerage business),270,-5,6,0253(brokerage business),335,0
7,0240(brokerage business),320,-68,7,0007(brokerage business),265,-10,7,0108(brokerage business),300,0
8,0081(brokerage business),305,-393,8,0308(brokerage business),265,-150,8,0003(brokerage business),225,0
9,0308(brokerage business),255,-165,9,0003(brokerage business),205,-60,9,0049(brokerage business),175,100
10,0009(brokerage business),215,6,10,0163(brokerage business),195,25,10,0009(brokerage business),160,-85
11,0019(brokerage business),170,68,11,0049(brokerage business),170,-65,11,0139(brokerage business),150,-310
12,0049(brokerage business),165,-52,12,0253(brokerage business),155,-40,12,0240(brokerage business),145,-195
13,0042(brokerage business),155,-1,13,0029(brokerage business),100,100,13,0069(brokerage business),130,-25
14,0272(brokerage business),155,-732,14,0048(brokerage business),95,0,14,0059(brokerage business),110,15
15,0029(brokerage business),125,106,15,0275(brokerage business),95,-20,15,0272(brokerage business),110,-30
16,0058(brokerage business),120,-245,16,0034(brokerage business),80,0,16,0163(brokerage business),95,35
17,0123(brokerage business),120,36,17,0009(brokerage business),75,-130,17,0082(brokerage business),90,-455
18,0271(brokerage business),120,-53,18,0272(brokerage business),45,15,18,0125(brokerage business),90,0
19,0274(brokerage business),110,-346,19,0123(brokerage business),40,20,19,0051(brokerage business),85,0
20,0259(brokerage business),90,-20,20,0042(brokerage business),30,-15,20,0043(brokerage business),80,-1
Total,,6190,-8149,Total,,6275,-305,Total,,5700,-1121
Ranking,Name of FF Member /OSBPs,Volume,Change from Previous Trading Day,Ranking,Name of FF Member /OSBPs,Long Position,Change from Previous Trading Day,Ranking,Name of FF Member /OSBPs,Short Position,Change from Previous Trading Day
Contract Code：zn2606,,,,,,,,,,2026-05-06,
1,0004(brokerage business),28235,5219,1,0148(brokerage business),11114,1301,1,0148(brokerage business),8427,-755
2,0148(brokerage business),26134,-11588,2,0163(brokerage business),10513,1380,2,0004(brokerage business),7162,-287
3,0163(brokerage business),22446,-3026,3,0004(brokerage business),9749,-704,3,0272(brokerage business),6280,-316
4,0253(brokerage business),9618,1757,4,0088(brokerage business),3520,-825,4,0003(brokerage business),4709,126
5,0081(brokerage business),8354,1547,5,0323(brokerage business),3097,-325,5,0058(brokerage business),3358,114
6,0259(brokerage business),7856,-7827,6,0253(brokerage business),2719,-749,6,0315(brokerage business),3358,171
7,0272(brokerage business),5033,-878,7,0308(brokerage business),2556,-616,7,0082(brokerage business),3124,-176
8,0275(brokerage business),4352,-586,8,0096(brokerage business),2119,-366,8,0139(brokerage business),2891,479
9,0034(brokerage business),2714,648,9,0139(brokerage business),2003,-280,9,0163(brokerage business),2689,-256
10,0096(brokerage business),2578,-411,10,0003(brokerage business),1986,70,10,0239(brokerage business),2218,0
11,0335(brokerage business),2319,124,11,0272(brokerage business),1887,305,11,0288(brokerage business),2134,-90
12,0240(brokerage business),1985,-93,12,0335(brokerage business),1871,1212,12,0077(brokerage business),1914,413
13,0161(brokerage business),1932,579,13,0009(brokerage business),1656,78,13,0103(brokerage business),1910,50
14,0059(brokerage business),1725,-286,14,0268(brokerage business),1649,316,14,0253(brokerage business),1776,-445
15,0042(brokerage business),1696,-1476,15,0277(brokerage business),1542,-677,15,0108(brokerage business),1634,-40
16,0123(brokerage business),1680,-851,16,0275(brokerage business),1489,187,16,0052(brokerage business),1582,240
17,0058(brokerage business),1658,-602,17,0103(brokerage business),1433,33,17,0049(brokerage business),1538,607
18,0389(brokerage business),1623,-413,18,0034(brokerage business),1379,-159,18,0161(brokerage business),1533,-150
19,0308(brokerage business),1585,-673,19,0069(brokerage business),1351,-193,19,0069(brokerage business),1520,110
20,0277(brokerage business),1511,-454,20,0018(brokerage business),1283,122,20,0006(brokerage business),1452,253
Total,,135034,-19290,Total,,64916,110,Total,,61209,48
Ranking,Name of FF Member /OSBPs,Volume,Change from Previous Trading Day,Ranking,Name of FF Member /OSBPs,Long Position,Change from Previous Trading Day,Ranking,Name of FF Member /OSBPs,Short Position,Change from Previous Trading Day
Contract Code：zn2607,,,,,,,,,,2026-05-06,
1,0148(brokerage business),12004,-2896,1,0148(brokerage business),10135,298,1,0148(brokerage business),8050,-180
2,0163(brokerage business),7094,-1380,2,0004(brokerage business),8108,374,2,0088(brokerage business),3665,-801
3,0004(brokerage business),6111,1626,3,0239(brokerage business),4273,-139,3,0239(brokerage business),3484,-144
4,0253(brokerage business),3945,1298,4,0253(brokerage business),3858,-5,4,0004(brokerage business),2980,-121
5,0275(brokerage business),3508,-2686,5,0272(brokerage business),3138,416,5,0272(brokerage business),2715,383
6,0096(brokerage business),2697,69,6,0163(brokerage business),2421,170,6,0321(brokerage business),2376,-64
7,0081(brokerage business),1962,-334,7,0268(brokerage business),2106,-28,7,0163(brokerage business),2245,322
8,0123(brokerage business),1929,-197,8,0084(brokerage business),2097,1037,8,0025(brokerage business),2024,-45
9,0069(brokerage business),1614,-882,9,0308(brokerage business),1985,-23,9,0081(brokerage business),1708,52
10,0272(brokerage business),1449,45,10,0335(brokerage business),1890,242,10,0049(brokerage business),1534,-65
11,0259(brokerage business),1175,-3941,11,0077(brokerage business),1861,-42,11,0108(brokerage business),1489,2
12,0088(brokerage business),1083,-428,12,0034(brokerage business),1314,533,12,0058(brokerage business),1420,129
13,0239(brokerage business),1051,-774,13,0123(brokerage business),1108,-1280,13,0009(brokerage business),1311,-399
14,0084(brokerage business),1037,976,14,0323(brokerage business),938,-77,14,0069(brokerage business),1281,799
15,0240(brokerage business),900,125,15,0018(brokerage business),840,-243,15,0253(brokerage business),1144,-100
16,0335(brokerage business),868,-95,16,0240(brokerage business),808,397,16,0103(brokerage business),1101,76
17,0034(brokerage business),746,173,17,0103(brokerage business),688,56,17,0003(brokerage business),928,94
18,0009(brokerage business),696,55,18,0096(brokerage business),618,-217,18,0082(brokerage business),920,482
19,0082(brokerage business),626,538,19,0003(brokerage business),603,-65,19,0308(brokerage business),869,-276
20,0049(brokerage business),623,209,20,0088(brokerage business),576,140,20,0096(brokerage business),860,76
Total,,51118,-8499,Total,,49365,1544,Total,,42104,220
Member/OSP Type,Total Volume,Change from Previous Trading Day,Member/OSP Type,Total Long Position,Change from Previous Trading Day,Member/OSP Type,Total Short Position,Change from Previous Trading Day,,,
Contract Code：pball,,,,,,,2026-05-06,,,,
Name of FF Member/OSBP,247520,85984,Name of FF Member/OSBP,111784,11139,Name of FF Member/OSBP,111784,11139,,,
Name of Non-FF Member/OSNBP,0,0,Name of Non-FF Member/OSNBP,0,0,Name of Non-FF Member/OSNBP,0,0,,,
Ranking,Name of FF Member /OSBPs,Volume,Change from Previous Trading Day,Ranking,Name of FF Member /OSBPs,Long Position,Change from Previous Trading Day,Ranking,Name of FF Member /OSBPs,Short Position,Change from Previous Trading Day
Contract Code：pb2605,,,,,,,,,,2026-05-06,
1,0163(brokerage business),545,144,1,0049(brokerage business),800,200,1,0148(brokerage business),3010,0
2,0272(brokerage business),505,240,2,0148(brokerage business),600,15,2,0272(brokerage business),800,0
3,0103(brokerage business),485,257,3,0069(brokerage business),585,-105,3,0004(brokerage business),650,140
4,0004(brokerage business),415,-129,4,0139(brokerage business),565,0,4,0315(brokerage business),215,-150
5,0058(brokerage business),350,219,5,0320(brokerage business),440,135,5,0034(brokerage business),135,-170
6,0275(brokerage business),250,230,6,0272(brokerage business),425,425,6,0051(brokerage business),120,0
7,0069(brokerage business),225,55,7,0004(brokerage business),360,-35,7,0108(brokerage business),85,0
8,0081(brokerage business),225,25,8,0034(brokerage business),220,0,8,0049(brokerage business),80,0
9,0049(brokerage business),200,-348,9,0006(brokerage business),200,0,9,0320(brokerage business),70,0
10,0125(brokerage business),195,194,10,0125(brokerage business),190,-195,10,0077(brokerage business),60,40
11,0148(brokerage business),195,-77,11,0029(brokerage business),180,80,11,0025(brokerage business),50,-65
12,0274(brokerage business),185,65,12,0007(brokerage business),155,0,12,0299(brokerage business),45,0
13,0320(brokerage business),175,8,13,0275(brokerage business),145,-240,13,0308(brokerage business),40,0
14,0034(brokerage business),170,147,14,0178(brokerage business),100,0,14,0103(brokerage business),10,0
15,0019(brokerage business),150,144,15,0059(brokerage business),85,0,15,,,
16,0271(brokerage business),150,-153,16,0009(brokerage business),50,30,16,,,
17,0315(brokerage business),150,139,17,0295(brokerage business),45,-45,17,,,
18,0029(brokerage business),80,76,18,0308(brokerage business),40,0,18,,,
19,0137(brokerage business),79,-198,19,0047(brokerage business),35,35,19,,,
20,0123(brokerage business),70,13,20,0073(brokerage business),30,0,20,,,
Total,,4799,1051,Total,,5250,300,Total,,5370,-205
Ranking,Name of FF Member /OSBPs,Volume,Change from Previous Trading Day,Ranking,Name of FF Member /OSBPs,Long Position,Change from Previous Trading Day,Ranking,Name of FF Member /OSBPs,Short Position,Change from Previous Trading Day
Contract Code：pb2606,,,,,,,,,,2026-05-06,
1,0004(brokerage business),26461,11596,1,0148(brokerage business),9624,-122,1,0148(brokerage business),8214,1466
2,0148(brokerage business),25212,9311,2,0004(brokerage business),8375,1594,2,0004(brokerage business),7742,-471
3,0163(brokerage business),20333,8830,3,0163(brokerage business),5042,1356,3,0272(brokerage business),5448,2623
4,0253(brokerage business),14424,1451,4,0272(brokerage business),3182,-1819,4,0049(brokerage business),3918,836
5,0272(brokerage business),11600,6113,5,0288(brokerage business),2978,-573,5,0153(brokerage business),3004,593
6,0081(brokerage business),5458,871,6,0253(brokerage business),2535,769,6,0163(brokerage business),2897,-537
7,0123(brokerage business),4985,2304,7,0240(brokerage business),2438,-30,7,0082(brokerage business),2844,-438
8,0103(brokerage business),3373,2377,8,0069(brokerage business),1996,-161,8,0069(brokerage business),2680,712
9,0389(brokerage business),3074,1070,9,0335(brokerage business),1974,662,9,0308(brokerage business),2461,571
10,0153(brokerage business),2767,1634,10,0339(brokerage business),1667,39,10,0139(brokerage business),2333,1495
11,0308(brokerage business),2605,-966,11,0034(brokerage business),1634,729,11,0103(brokerage business),1837,384
12,0263(brokerage business),2376,2346,12,0161(brokerage business),1584,472,12,0275(brokerage business),1711,-277
13,0049(brokerage business),2349,1558,13,0153(brokerage business),1287,916,13,0006(brokerage business),1708,564
14,0018(brokerage business),2334,1681,14,0103(brokerage business),1150,-723,14,0320(brokerage business),1568,295
15,0082(brokerage business),2281,963,15,0259(brokerage business),1149,681,15,0003(brokerage business),1382,-13
16,0335(brokerage business),2187,366,16,0018(brokerage business),1146,1039,16,0034(brokerage business),1290,298
17,0161(brokerage business),2092,1257,17,0268(brokerage business),1028,-189,17,0096(brokerage business),1129,17
18,0034(brokerage business),2055,-1417,18,0082(brokerage business),989,205,18,0151(brokerage business),1116,716
19,0151(brokerage business),1982,1567,19,0137(brokerage business),899,529,19,0081(brokerage business),1095,-272
20,0139(brokerage business),1763,1507,20,0308(brokerage business),868,-330,20,0268(brokerage business),952,251
Total,,139711,54419,Total,,51545,5044,Total,,55329,8813
Ranking,Name of FF Member /OSBPs,Volume,Change from Previous Trading Day,Ranking,Name of FF Member /OSBPs,Long Position,Change from Previous Trading Day,Ranking,Name of FF Member /OSBPs,Short Position,Change from Previous Trading Day
Contract Code：pb2607,,,,,,,,,,2026-05-06,
1,0004(brokerage business),8053,4997,1,0272(brokerage business),7774,2695,1,0148(brokerage business),5362,-236
2,0148(brokerage business),7604,1713,2,0148(brokerage business),3583,-806,2,0239(brokerage business),3298,-595
3,0163(brokerage business),6512,4084,3,0004(brokerage business),3527,563,3,0004(brokerage business),2706,1028
4,0253(brokerage business),5826,1093,4,0339(brokerage business),1641,12,4,0123(brokerage business),2382,1576
5,0272(brokerage business),4609,3004,5,0163(brokerage business),1397,378,5,0049(brokerage business),1563,88
6,0123(brokerage business),2916,1675,6,0239(brokerage business),1303,120,6,0308(brokerage business),1528,425
7,0081(brokerage business),2268,1118,7,0268(brokerage business),1265,61,7,0163(brokerage business),1495,-1460
8,0043(brokerage business),1444,570,8,0034(brokerage business),1077,-40,8,0139(brokerage business),1353,166
9,0239(brokerage business),1349,-136,9,0288(brokerage business),995,25,9,0253(brokerage business),967,-185
10,0139(brokerage business),1301,1066,10,0151(brokerage business),846,816,10,0272(brokerage business),873,754
11,0274(brokerage business),1263,854,11,0139(brokerage business),841,507,11,0069(brokerage business),858,-155
12,0323(brokerage business),1113,261,12,0069(brokerage business),781,137,12,0335(brokerage business),754,167
13,0259(brokerage business),956,-427,13,0274(brokerage business),542,310,13,0103(brokerage business),695,625
14,0103(brokerage business),915,640,14,0059(brokerage business),407,22,14,0084(brokerage business),650,0
15,0151(brokerage business),841,829,15,0253(brokerage business),392,139,15,0042(brokerage business),564,-42
16,0034(brokerage business),835,654,16,0240(brokerage business),383,44,16,0034(brokerage business),519,497
17,0335(brokerage business),805,268,17,0335(brokerage business),368,194,17,0006(brokerage business),498,72
18,0069(brokerage business),734,246,18,0058(brokerage business),261,144,18,0268(brokerage business),496,345
19,0308(brokerage business),722,-282,19,0295(brokerage business),256,4,19,0274(brokerage business),446,67
20,0271(brokerage business),720,93,20,0007(brokerage business),249,50,20,0082(brokerage business),396,-8
Total,,50786,22320,Total,,27888,5375,Total,,27403,3129
Member/OSP Type,Total Volume,Change from Previous Trading Day,Member/OSP Type,Total Long Position,Change from Previous Trading Day,Member/OSP Type,Total Short Position,Change from Previous Trading Day,,,
Contract Code：niall,,,,,,,2026-05-06,,,,
Name of FF Member/OSBP,665131,-385813,Name of FF Member/OSBP,373988,23707,Name of FF Member/OSBP,366790,25252,,,
Name of Non-FF Member/OSNBP,1557,1255,Name of Non-FF Member/OSNBP,119,0,Name of Non-FF Member/OSNBP,7317,-1545,,,
Ranking,Name of FF Member /OSBPs,Volume,Change from Previous Trading Day,Ranking,Name of FF Member /OSBPs,Long Position,Change from Previous Trading Day,Ranking,Name of FF Member /OSBPs,Short Position,Change from Previous Trading Day
Contract Code：ni2605,,,,,,,,,,2026-05-06,
1,0058(brokerage business),516,-1427,1,0004(brokerage business),2502,60,1,0253(brokerage business),2946,-66
2,0148(brokerage business),409,-1447,2,0148(brokerage business),2472,-193,2,0272(brokerage business),2292,18
3,0163(brokerage business),276,-1144,3,0240(brokerage business),1290,-18,3,0004(brokerage business),1860,-24
4,0003(brokerage business),216,16,4,0052(brokerage business),1110,0,4,0058(brokerage business),1812,-6
5,0042(brokerage business),180,-228,5,0059(brokerage business),618,-6,5,0148(brokerage business),1452,0
6,0271(brokerage business),180,23,6,0275(brokerage business),618,48,6,0034(brokerage business),564,0
7,0049(brokerage business),174,-518,7,0253(brokerage business),612,0,7,0043(brokerage business),558,0
8,0320(brokerage business),156,-24,8,0272(brokerage business),612,-30,8,0081(brokerage business),552,0
9,0004(brokerage business),132,-4960,9,0138(brokerage business),606,0,9,0323(brokerage business),480,0
10,0123(brokerage business),120,-107,10,0081(brokerage business),474,-12,10,0009(brokerage business),336,12
11,0272(brokerage business),108,-1771,11,0058(brokerage business),456,42,11,0163(brokerage business),324,-246
12,0240(brokerage business),102,-2021,12,0043(brokerage business),408,-1,12,0305(brokerage business),282,0
13,0311(brokerage business),80,-950,13,0151(brokerage business),378,0,13,0028(brokerage business),252,0
14,0275(brokerage business),67,-1948,14,0049(brokerage business),360,-120,14,0311(brokerage business),228,-80
15,0253(brokerage business),66,-420,15,0169(brokerage business),348,-6,15,0042(brokerage business),186,24
16,0134(brokerage business),54,22,16,0163(brokerage business),306,-18,16,0059(brokerage business),180,0
17,0244(brokerage business),54,-139,17,0418(brokerage business),210,30,17,0320(brokerage business),114,72
18,0268(brokerage business),47,-376,18,0018(brokerage business),150,0,18,0240(brokerage business),84,0
19,0418(brokerage business),30,24,19,0034(brokerage business),150,-1,19,0049(brokerage business),42,30
20,0034(brokerage business),25,-1481,20,0238(brokerage business),144,6,20,0268(brokerage business),42,-8
Total,,2992,-18876,Total,,13824,-219,Total,,14586,-274
Ranking,Name of FF Member /OSBPs,Volume,Change from Previous Trading Day,Ranking,Name of FF Member /OSBPs,Long Position,Change from Previous Trading Day,Ranking,Name of FF Member /OSBPs,Short Position,Change from Previous Trading Day
Contract Code：ni2606,,,,,,,,,,2026-05-06,
1,0004(brokerage business),92266,-20328,1,0148(brokerage business),19596,1526,1,0004(brokerage business),26367,965
2,0148(brokerage business),38952,-39696,2,0004(brokerage business),14040,1429,2,0163(brokerage business),10236,1614
3,0163(brokerage business),27658,-11212,3,0103(brokerage business),9178,91,3,0240(brokerage business),9806,860
4,0081(brokerage business),26986,-12387,4,0163(brokerage business),7413,-156,4,0148(brokerage business),9339,1298
5,0275(brokerage business),18335,-7728,5,0253(brokerage business),5754,-440,5,0082(brokerage business),8793,117
6,0272(brokerage business),15741,-7813,6,0272(brokerage business),4323,449,6,0034(brokerage business),6419,847
7,0259(brokerage business),14542,-6922,7,0081(brokerage business),4277,673,7,0272(brokerage business),5993,140
8,0240(brokerage business),13984,-29743,8,0077(brokerage business),4273,429,8,0253(brokerage business),5824,116
9,0253(brokerage business),13852,-7211,9,0240(brokerage business),4106,236,9,0103(brokerage business),5708,216
10,0123(brokerage business),13185,-1135,10,0153(brokerage business),3406,1160,10,0059(brokerage business),3959,152
11,0268(brokerage business),9275,-11713,11,0096(brokerage business),3293,-643,11,0139(brokerage business),3745,415
12,0034(brokerage business),9217,-6082,12,0335(brokerage business),3231,120,12,0003(brokerage business),3684,197
13,0186(brokerage business),7742,-9323,13,0007(brokerage business),3118,-9,13,0009(brokerage business),3513,411
14,0298(brokerage business),6506,-7646,14,0059(brokerage business),3080,1429,14,0123(brokerage business),3428,149
15,0308(brokerage business),6494,-9710,15,0275(brokerage business),2818,-512,15,0275(brokerage business),3234,589
16,0323(brokerage business),5948,-1536,16,0001(brokerage business),2684,447,16,0323(brokerage business),3085,45
17,0059(brokerage business),4649,-4080,17,0268(brokerage business),2608,-27,17,0069(brokerage business),2830,220
18,0274(brokerage business),4516,-3604,18,0018(brokerage business),2603,128,18,0268(brokerage business),2693,630
19,0137(brokerage business),4401,-3883,19,0137(brokerage business),2527,627,19,0169(brokerage business),2516,79
20,0299(brokerage business),4067,-4233,20,0082(brokerage business),2489,195,20,0049(brokerage business),2276,590
Total,,338316,-205985,Total,,104817,7152,Total,,123448,9650
Ranking,Name of FF Member /OSBPs,Volume,Change from Previous Trading Day,Ranking,Name of FF Member /OSBPs,Long Position,Change from Previous Trading Day,Ranking,Name of FF Member /OSBPs,Short Position,Change from Previous Trading Day
Contract Code：ni2607,,,,,,,,,,2026-05-06,
1,0004(brokerage business),15077,-1520,1,0148(brokerage business),14990,-341,1,0004(brokerage business),11920,439
2,0148(brokerage business),11324,-4087,2,0096(brokerage business),5382,696,2,0082(brokerage business),8780,355
3,0081(brokerage business),8176,1437,3,0163(brokerage business),4922,210,3,0272(brokerage business),6774,214
4,0163(brokerage business),5495,245,4,0103(brokerage business),4828,263,4,0148(brokerage business),4197,529
5,0123(brokerage business),5458,-838,5,0004(brokerage business),4710,350,5,0163(brokerage business),3827,71
6,0275(brokerage business),4879,-1116,6,0253(brokerage business),4363,433,6,0139(brokerage business),3604,1
7,0253(brokerage business),4783,366,7,0268(brokerage business),3769,315,7,0268(brokerage business),3576,354
8,0259(brokerage business),2461,-3250,8,0034(brokerage business),2473,-387,8,0103(brokerage business),2276,131
9,0272(brokerage business),2452,631,9,0082(brokerage business),2032,-1,9,0240(brokerage business),2247,-12
10,0058(brokerage business),1989,589,10,0335(brokerage business),1715,51,10,0081(brokerage business),1916,20
11,0059(brokerage business),1705,-567,11,0123(brokerage business),1641,3,11,0003(brokerage business),1707,57
12,0096(brokerage business),1661,1152,12,0081(brokerage business),1564,56,12,0123(brokerage business),1706,-11
13,0240(brokerage business),1597,-1667,13,0272(brokerage business),1359,-12,13,0059(brokerage business),1539,626
14,0103(brokerage business),1588,554,14,0139(brokerage business),1232,3,14,0022(brokerage business),1518,8
15,0009(brokerage business),1283,-652,15,0059(brokerage business),1150,5,15,0253(brokerage business),1433,8
16,0034(brokerage business),1273,490,16,0277(brokerage business),1112,6,16,0316(brokerage business),1386,0
17,0077(brokerage business),1045,582,17,0308(brokerage business),820,-8,17,0042(brokerage business),1240,-1
18,0018(brokerage business),1017,-388,18,0333(brokerage business),808,26,18,0323(brokerage business),1010,9
19,0043(brokerage business),989,45,19,0067(brokerage business),796,67,19,0077(brokerage business),936,275
20,0268(brokerage business),947,-305,20,0240(brokerage business),794,239,20,0275(brokerage business),923,-99
Total,,75199,-8299,Total,,60460,1974,Total,,62515,2974
Ranking,Name of FF Member /OSBPs,Volume,Change from Previous Trading Day,Ranking,Name of FF Member /OSBPs,Long Position,Change from Previous Trading Day,Ranking,Name of FF Member /OSBPs,Short Position,Change from Previous Trading Day
Contract Code：ni2608,,,,,,,,,,2026-05-06,
1,0004(brokerage business),3060,2666,1,0148(brokerage business),5261,-55,1,0004(brokerage business),6142,1481
2,0163(brokerage business),2280,623,2,0096(brokerage business),5149,60,2,0082(brokerage business),4601,-3
3,0148(brokerage business),2090,255,3,0163(brokerage business),2716,177,3,0042(brokerage business),2994,1
4,0081(brokerage business),1516,270,4,0004(brokerage business),2123,33,4,0163(brokerage business),2522,43
5,0123(brokerage business),1481,775,5,0103(brokerage business),2073,-1,5,0272(brokerage business),1865,119
6,0275(brokerage business),1109,374,6,0123(brokerage business),1334,65,6,0148(brokerage business),1798,-93
7,0018(brokerage business),1101,131,7,0320(brokerage business),1299,-80,7,0123(brokerage business),1298,54
8,0308(brokerage business),780,250,8,0268(brokerage business),1104,89,8,0316(brokerage business),1234,0
9,0034(brokerage business),742,348,9,0308(brokerage business),1094,127,9,0103(brokerage business),1228,11
10,0253(brokerage business),732,272,10,0081(brokerage business),1093,56,10,0081(brokerage business),1141,58
11,0103(brokerage business),594,402,11,0082(brokerage business),1010,6,11,0268(brokerage business),933,76
12,0077(brokerage business),570,531,12,0034(brokerage business),809,599,12,0096(brokerage business),907,68
13,0272(brokerage business),529,35,13,0059(brokerage business),733,-19,13,0022(brokerage business),799,0
14,0320(brokerage business),429,425,14,0253(brokerage business),502,53,14,0059(brokerage business),688,-10
15,0042(brokerage business),389,118,15,0009(brokerage business),398,367,15,0253(brokerage business),405,49
16,0259(brokerage business),385,-71,16,0295(brokerage business),360,238,16,0331(brokerage business),400,0
17,0009(brokerage business),368,304,17,0272(brokerage business),345,-22,17,0240(brokerage business),334,-27
18,0240(brokerage business),283,-158,18,0029(brokerage business),344,-1,18,0244(brokerage business),329,-3
19,0043(brokerage business),265,223,19,0043(brokerage business),308,236,19,0034(brokerage business),256,29
20,0096(brokerage business),248,156,20,0333(brokerage business),304,0,20,0320(brokerage business),161,1
Total,,18951,7929,Total,,28359,1928,Total,,30035,1854
Ranking,Name of FF Member /OSBPs,Volume,Change from Previous Trading Day,Ranking,Name of FF Member /OSBPs,Long Position,Change from Previous Trading Day,Ranking,Name of FF Member /OSBPs,Short Position,Change from Previous Trading Day
Contract Code：ni2609,,,,,,,,,,2026-05-06,
1,0004(brokerage business),9700,-2047,1,0148(brokerage business),9617,48,1,0004(brokerage business),12335,-601
2,0148(brokerage business),4044,-4835,2,0082(brokerage business),5341,-59,2,0272(brokerage business),9481,1460
3,0275(brokerage business),4032,-1245,3,0096(brokerage business),4153,-55,3,0148(brokerage business),8351,-26
4,0123(brokerage business),3933,-1313,4,0004(brokerage business),3974,27,4,0082(brokerage business),3865,14
5,0272(brokerage business),3703,-508,5,0103(brokerage business),2782,7,5,0157(brokerage business),2945,777
6,0163(brokerage business),3402,-18,6,0052(brokerage business),2230,-21,6,0096(brokerage business),2184,166
7,0081(brokerage business),2689,-522,7,0034(brokerage business),1981,614,7,0253(brokerage business),2132,-67
8,0240(brokerage business),1695,-2635,8,0178(brokerage business),1519,-73,8,0240(brokerage business),2070,-54
9,0253(brokerage business),1611,110,9,0272(brokerage business),1330,-39,9,0059(brokerage business),1778,35
10,0259(brokerage business),1519,-874,10,0268(brokerage business),1148,-177,10,0029(brokerage business),1163,-1
11,0157(brokerage business),1018,-110,11,0163(brokerage business),1086,-106,11,0239(brokerage business),921,212
12,0268(brokerage business),985,35,12,0121(brokerage business),1081,277,12,0052(brokerage business),872,7
13,0308(brokerage business),932,-390,13,0311(brokerage business),1013,-15,13,0103(brokerage business),868,44
14,0034(brokerage business),916,-16,14,0123(brokerage business),873,-64,14,0153(brokerage business),861,1
15,0059(brokerage business),774,-1140,15,0320(brokerage business),808,450,15,0308(brokerage business),811,-170
16,0244(brokerage business),646,207,16,0042(brokerage business),784,59,16,0042(brokerage business),752,33
17,0067(brokerage business),537,136,17,0240(brokerage business),701,167,17,0069(brokerage business),687,-27
18,0153(brokerage business),532,-28,18,0253(brokerage business),699,-24,18,0058(brokerage business),631,-1
19,0274(brokerage business),531,89,19,0069(brokerage business),612,43,19,0022(brokerage business),486,-24
20,0320(brokerage business),472,419,20,0013(brokerage business),575,-21,20,0244(brokerage business),391,252
Total,,43671,-14685,Total,,42307,1038,Total,,53584,2030
Member/OSP Type,Total Volume,Change from Previous Trading Day,Member/OSP Type,Total Long Position,Change from Previous Trading Day,Member/OSP Type,Total Short Position,Change from Previous Trading Day,,,
Contract Code：snall,,,,,,,2026-05-06,,,,
Name of FF Member/OSBP,457910,16706,Name of FF Member/OSBP,83469,14223,Name of FF Member/OSBP,83225,14223,,,
Name of Non-FF Member/OSNBP,0,-8,Name of Non-FF Member/OSNBP,180,0,Name of Non-FF Member/OSNBP,424,0,,,
Ranking,Name of FF Member /OSBPs,Volume,Change from Previous Trading Day,Ranking,Name of FF Member /OSBPs,Long Position,Change from Previous Trading Day,Ranking,Name of FF Member /OSBPs,Short Position,Change from Previous Trading Day
Contract Code：sn2605,,,,,,,,,,2026-05-06,
1,0007(brokerage business),712,626,1,0004(brokerage business),1066,73,1,0004(brokerage business),1054,14
2,0148(brokerage business),510,-3354,2,0148(brokerage business),606,-6,2,0042(brokerage business),1000,-32
3,0058(brokerage business),387,194,3,0268(brokerage business),232,-75,3,0148(brokerage business),854,8
4,0042(brokerage business),320,220,4,0253(brokerage business),218,12,4,0272(brokerage business),378,4
5,0034(brokerage business),255,-283,5,0069(brokerage business),196,-76,5,0153(brokerage business),126,-12
6,0163(brokerage business),250,-95,6,0058(brokerage business),192,24,6,0161(brokerage business),114,-4
7,0240(brokerage business),246,-1749,7,0311(brokerage business),146,-2,7,0163(brokerage business),114,46
8,0004(brokerage business),221,-2708,8,0049(brokerage business),138,20,8,0058(brokerage business),42,33
9,0275(brokerage business),204,-1612,9,0272(brokerage business),138,-72,9,0034(brokerage business),40,-121
10,0123(brokerage business),184,59,10,0163(brokerage business),132,-100,10,0275(brokerage business),38,22
11,0274(brokerage business),164,11,11,0240(brokerage business),122,-18,11,0059(brokerage business),34,-4
12,0272(brokerage business),144,-774,12,0009(brokerage business),120,-24,12,0009(brokerage business),30,-11
13,0069(brokerage business),126,-38,13,0048(brokerage business),118,-14,13,0069(brokerage business),30,6
14,0096(brokerage business),124,1,14,0082(brokerage business),100,66,14,0123(brokerage business),22,20
15,0271(brokerage business),114,-306,15,0123(brokerage business),80,0,15,0171(brokerage business),22,22
16,0259(brokerage business),108,-423,16,0153(brokerage business),60,0,16,0048(brokerage business),20,0
17,0268(brokerage business),94,-317,17,0018(brokerage business),58,0,17,0298(brokerage business),20,-2
18,0385(brokerage business),86,86,18,0186(brokerage business),58,-8,18,0008(brokerage business),18,0
19,0048(brokerage business),78,-95,19,0051(brokerage business),52,16,19,0274(brokerage business),18,16
20,0082(brokerage business),78,62,20,0308(brokerage business),52,-42,20,0038(brokerage business),14,0
Total,,4405,-10495,Total,,3884,-226,Total,,3988,5
Ranking,Name of FF Member /OSBPs,Volume,Change from Previous Trading Day,Ranking,Name of FF Member /OSBPs,Long Position,Change from Previous Trading Day,Ranking,Name of FF Member /OSBPs,Short Position,Change from Previous Trading Day
Contract Code：sn2606,,,,,,,,,,2026-05-06,
1,0004(brokerage business),60218,7677,1,0004(brokerage business),5499,1565,1,0004(brokerage business),4811,429
2,0148(brokerage business),35164,-639,2,0148(brokerage business),4007,15,2,0148(brokerage business),4608,1097
3,0163(brokerage business),17540,3701,3,0163(brokerage business),3397,680,3,0272(brokerage business),2939,420
4,0240(brokerage business),15350,-486,4,0059(brokerage business),1952,764,4,0163(brokerage business),2585,602
5,0272(brokerage business),12294,-2199,5,0103(brokerage business),1784,535,5,0240(brokerage business),1997,574
6,0081(brokerage business),10803,-1506,6,0272(brokerage business),1363,92,6,0268(brokerage business),1978,711
7,0253(brokerage business),10153,-2177,7,0335(brokerage business),1234,210,7,0034(brokerage business),1743,484
8,0275(brokerage business),9578,1266,8,0253(brokerage business),1224,232,8,0007(brokerage business),1660,137
9,0271(brokerage business),9280,1334,9,0240(brokerage business),1141,440,9,0153(brokerage business),1423,135
10,0259(brokerage business),8728,1518,10,0288(brokerage business),1086,126,10,0042(brokerage business),1331,130
11,0268(brokerage business),7568,-1615,11,0034(brokerage business),1031,389,11,0096(brokerage business),1185,72
12,0298(brokerage business),6425,-3463,12,0081(brokerage business),1023,432,12,0049(brokerage business),1069,189
13,0034(brokerage business),6019,-1364,13,0268(brokerage business),984,153,13,0275(brokerage business),924,498
14,0323(brokerage business),6015,2671,14,0139(brokerage business),829,330,14,0320(brokerage business),896,197
15,0186(brokerage business),5913,-2645,15,0096(brokerage business),813,-277,15,0059(brokerage business),884,256
16,0019(brokerage business),5227,1148,16,0323(brokerage business),778,332,16,0082(brokerage business),829,433
17,0059(brokerage business),5226,-2186,17,0007(brokerage business),712,-48,17,0298(brokerage business),721,422
18,0308(brokerage business),5028,-3320,18,0082(brokerage business),668,109,18,0253(brokerage business),660,221
19,0274(brokerage business),4305,1073,19,0275(brokerage business),588,30,19,0139(brokerage business),646,71
20,0161(brokerage business),4212,1389,20,0042(brokerage business),577,161,20,0311(brokerage business),606,-180
Total,,245046,177,Total,,30690,6270,Total,,33495,6898
Ranking,Name of FF Member /OSBPs,Volume,Change from Previous Trading Day,Ranking,Name of FF Member /OSBPs,Long Position,Change from Previous Trading Day,Ranking,Name of FF Member /OSBPs,Short Position,Change from Previous Trading Day
Contract Code：sn2607,,,,,,,,,,2026-05-06,
1,0004(brokerage business),17883,9648,1,0004(brokerage business),2674,140,1,0240(brokerage business),2916,359
2,0148(brokerage business),9753,1643,2,0148(brokerage business),2133,380,2,0272(brokerage business),2356,127
3,0253(brokerage business),4474,2505,3,0153(brokerage business),1087,24,3,0042(brokerage business),1454,11
4,0081(brokerage business),4350,2290,4,0163(brokerage business),1011,-7,4,0148(brokerage business),1389,777
5,0240(brokerage business),3430,845,5,0103(brokerage business),999,346,5,0004(brokerage business),1250,81
6,0272(brokerage business),3011,1713,6,0239(brokerage business),964,265,6,0163(brokerage business),1208,276
7,0163(brokerage business),2981,1416,7,0268(brokerage business),790,-59,7,0096(brokerage business),791,191
8,0275(brokerage business),2457,-22,8,0253(brokerage business),625,349,8,0139(brokerage business),625,-7
9,0259(brokerage business),2385,2061,9,0049(brokerage business),596,-28,9,0077(brokerage business),427,24
10,0271(brokerage business),1178,670,10,0157(brokerage business),508,1,10,0157(brokerage business),415,11
11,0096(brokerage business),1019,173,11,0335(brokerage business),453,125,11,0299(brokerage business),406,25
12,0059(brokerage business),875,229,12,0082(brokerage business),425,135,12,0059(brokerage business),329,89
13,0103(brokerage business),811,620,13,0084(brokerage business),374,18,13,0034(brokerage business),280,44
14,0308(brokerage business),687,215,14,0096(brokerage business),336,-16,14,0049(brokerage business),273,56
15,0268(brokerage business),681,-46,15,0272(brokerage business),330,-404,15,0006(brokerage business),265,152
16,0123(brokerage business),667,-191,16,0240(brokerage business),288,65,16,0123(brokerage business),241,119
17,0161(brokerage business),642,297,17,0125(brokerage business),277,88,17,0315(brokerage business),195,18
18,0153(brokerage business),610,95,18,0277(brokerage business),246,-3,18,0082(brokerage business),183,48
19,0042(brokerage business),601,312,19,0081(brokerage business),235,162,19,0007(brokerage business),181,94
20,0030(brokerage business),551,141,20,0007(brokerage business),175,-14,20,0244(brokerage business),178,11
Total,,59046,24614,Total,,14526,1567,Total,,15362,2506
Member/OSP Type,Total Volume,Change from Previous Trading Day,Member/OSP Type,Total Long Position,Change from Previous Trading Day,Member/OSP Type,Total Short Position,Change from Previous Trading Day,,,
Contract Code：aoall,,,,,,,2026-05-06,,,,
Name of FF Member/OSBP,551050,-217526,Name of FF Member/OSBP,463164,11333,Name of FF Member/OSBP,461964,11333,,,
Name of Non-FF Member/OSNBP,0,0,Name of Non-FF Member/OSNBP,0,0,Name of Non-FF Member/OSNBP,1200,0,,,
Ranking,Name of FF Member /OSBPs,Volume,Change from Previous Trading Day,Ranking,Name of FF Member /OSBPs,Long Position,Change from Previous Trading Day,Ranking,Name of FF Member /OSBPs,Short Position,Change from Previous Trading Day
Contract Code：ao2605,,,,,,,,,,2026-05-06,
1,0059(brokerage business),1067,680,1,0034(brokerage business),585,-144,1,0148(brokerage business),1530,-150
2,0151(brokerage business),510,313,2,0163(brokerage business),405,-30,2,0136(brokerage business),675,0
3,0096(brokerage business),450,-2008,3,0004(brokerage business),360,-60,3,0004(brokerage business),525,-75
4,0137(brokerage business),392,-543,4,0298(brokerage business),300,-16,4,0268(brokerage business),525,-17
5,0148(brokerage business),376,-1653,5,0288(brokerage business),240,0,5,0171(brokerage business),420,-30
6,0275(brokerage business),347,-948,6,0319(brokerage business),240,0,6,0082(brokerage business),345,0
7,0004(brokerage business),345,-2054,7,0029(brokerage business),225,0,7,0163(brokerage business),300,-195
8,0163(brokerage business),255,-2332,8,0103(brokerage business),195,0,8,0123(brokerage business),255,0
9,0139(brokerage business),196,-74,9,0275(brokerage business),195,-104,9,0141(brokerage business),180,0
10,0271(brokerage business),151,-5280,10,0059(brokerage business),180,-77,10,0277(brokerage business),150,-90
11,0034(brokerage business),144,-607,11,0151(brokerage business),165,30,11,0009(brokerage business),105,0
12,0014(brokerage business),120,82,12,0308(brokerage business),165,0,12,0253(brokerage business),105,0
13,0253(brokerage business),114,-427,13,0268(brokerage business),135,-42,13,0043(brokerage business),90,0
14,0274(brokerage business),106,-493,14,0272(brokerage business),135,-17,14,0034(brokerage business),75,0
15,0069(brokerage business),96,-1212,15,0013(brokerage business),120,0,15,0310(brokerage business),60,0
16,0272(brokerage business),92,-636,16,0095(brokerage business),120,0,16,0338(brokerage business),60,0
17,0042(brokerage business),90,-145,17,0123(brokerage business),120,-90,17,0007(brokerage business),45,0
18,0123(brokerage business),90,-420,18,0186(brokerage business),120,-1,18,0272(brokerage business),45,-15
19,0277(brokerage business),90,-253,19,0249(brokerage business),90,0,19,0030(brokerage business),15,15
20,0049(brokerage business),75,-16,20,0372(brokerage business),90,0,20,0067(brokerage business),15,0
Total,,5106,-18026,Total,,4185,-551,Total,,5520,-557
Ranking,Name of FF Member /OSBPs,Volume,Change from Previous Trading Day,Ranking,Name of FF Member /OSBPs,Long Position,Change from Previous Trading Day,Ranking,Name of FF Member /OSBPs,Short Position,Change from Previous Trading Day
Contract Code：ao2606,,,,,,,,,,2026-05-06,
1,0163(brokerage business),4778,-3583,1,0082(brokerage business),3440,580,1,0004(brokerage business),6016,354
2,0004(brokerage business),4697,-4089,2,0004(brokerage business),3220,185,2,0103(brokerage business),3703,140
3,0148(brokerage business),4636,-4041,3,0272(brokerage business),2565,-25,3,0148(brokerage business),3589,325
4,0275(brokerage business),3031,-1501,4,0163(brokerage business),2534,205,4,0272(brokerage business),2953,-15
5,0081(brokerage business),1829,-1000,5,0148(brokerage business),2519,305,5,0163(brokerage business),2367,191
6,0253(brokerage business),1456,-1001,6,0253(brokerage business),2152,-112,6,0123(brokerage business),2130,-23
7,0272(brokerage business),1398,-942,7,0034(brokerage business),2025,80,7,0136(brokerage business),1831,7
8,0240(brokerage business),1331,40,8,0323(brokerage business),1740,-80,8,0268(brokerage business),1732,10
9,0058(brokerage business),1144,278,9,0268(brokerage business),1660,5,9,0069(brokerage business),1711,14
10,0096(brokerage business),935,-1317,10,0161(brokerage business),1462,-146,10,0139(brokerage business),1682,150
11,0082(brokerage business),781,-1136,11,0042(brokerage business),1434,32,11,0253(brokerage business),1443,10
12,0298(brokerage business),729,-374,12,0288(brokerage business),1372,207,12,0096(brokerage business),1441,-761
13,0059(brokerage business),717,-422,13,0009(brokerage business),1309,-28,13,0321(brokerage business),1290,-7
14,0151(brokerage business),683,98,14,0240(brokerage business),1288,-541,14,0137(brokerage business),1222,385
15,0123(brokerage business),635,-663,15,0298(brokerage business),1214,-63,15,0335(brokerage business),1208,-55
16,0268(brokerage business),597,-609,16,0308(brokerage business),1191,-23,16,0277(brokerage business),1183,58
17,0103(brokerage business),531,-249,17,0312(brokerage business),1030,240,17,0151(brokerage business),1164,174
18,0034(brokerage business),498,-347,18,0338(brokerage business),797,82,18,0339(brokerage business),1021,109
19,0137(brokerage business),495,-526,19,0067(brokerage business),774,-100,19,0121(brokerage business),1006,-101
20,0161(brokerage business),432,-175,20,0275(brokerage business),760,5,20,0067(brokerage business),906,80
Total,,31333,-21559,Total,,34486,808,Total,,39598,1045
Ranking,Name of FF Member /OSBPs,Volume,Change from Previous Trading Day,Ranking,Name of FF Member /OSBPs,Long Position,Change from Previous Trading Day,Ranking,Name of FF Member /OSBPs,Short Position,Change from Previous Trading Day
Contract Code：ao2607,,,,,,,,,,2026-05-06,
1,0163(brokerage business),1983,-2464,1,0268(brokerage business),4775,428,1,0004(brokerage business),8509,319
2,0081(brokerage business),1528,427,2,0323(brokerage business),4638,50,2,0323(brokerage business),4514,9
3,0058(brokerage business),1248,444,3,0151(brokerage business),4182,92,3,0253(brokerage business),4185,-6
4,0148(brokerage business),1090,-1683,4,0253(brokerage business),3863,-116,4,0151(brokerage business),4029,56
5,0240(brokerage business),997,-106,5,0042(brokerage business),3806,-64,5,0042(brokerage business),3661,-83
6,0268(brokerage business),909,-92,6,0161(brokerage business),3271,-50,6,0148(brokerage business),3253,37
7,0272(brokerage business),779,-114,7,0082(brokerage business),3049,17,7,0268(brokerage business),3070,35
8,0004(brokerage business),736,-862,8,0272(brokerage business),2897,7,8,0161(brokerage business),3028,-44
9,0018(brokerage business),625,-66,9,0240(brokerage business),2794,-8,9,0103(brokerage business),2766,44
10,0178(brokerage business),565,-290,10,0004(brokerage business),2304,53,10,0240(brokerage business),2503,-13
11,0029(brokerage business),551,345,11,0277(brokerage business),2061,0,11,0123(brokerage business),2022,-9
12,0123(brokerage business),484,177,12,0163(brokerage business),1830,144,12,0163(brokerage business),2012,197
13,0253(brokerage business),456,-905,13,0136(brokerage business),1789,0,13,0069(brokerage business),1851,-5
14,0275(brokerage business),456,136,14,0178(brokerage business),1676,44,14,0096(brokerage business),1669,0
15,0059(brokerage business),435,-305,15,0148(brokerage business),1649,165,15,0178(brokerage business),1600,53
16,0009(brokerage business),425,204,16,0103(brokerage business),1085,13,16,0274(brokerage business),1356,78
17,0161(brokerage business),332,-145,17,0048(brokerage business),1077,-14,17,0048(brokerage business),970,-27
18,0274(brokerage business),284,-765,18,0096(brokerage business),936,0,18,0327(brokerage business),820,0
19,0042(brokerage business),213,-114,19,0049(brokerage business),934,-10,19,0018(brokerage business),819,4
20,0141(brokerage business),201,-143,20,0034(brokerage business),745,-41,20,0058(brokerage business),795,-794
Total,,14297,-6321,Total,,49361,710,Total,,53432,-149
Ranking,Name of FF Member /OSBPs,Volume,Change from Previous Trading Day,Ranking,Name of FF Member /OSBPs,Long Position,Change from Previous Trading Day,Ranking,Name of FF Member /OSBPs,Short Position,Change from Previous Trading Day
Contract Code：ao2609,,,,,,,,,,2026-05-06,
1,0148(brokerage business),47463,-16613,1,0082(brokerage business),16783,278,1,0004(brokerage business),38865,174
2,0004(brokerage business),46379,-8058,2,0034(brokerage business),16694,824,2,0148(brokerage business),33536,1443
3,0163(brokerage business),38754,-9772,3,0148(brokerage business),15415,3674,3,0272(brokerage business),18925,2087
4,0123(brokerage business),28898,21771,4,0272(brokerage business),13943,-300,4,0163(brokerage business),18492,-2507
5,0275(brokerage business),19818,3639,5,0004(brokerage business),13491,-265,5,0335(brokerage business),15046,612
6,0253(brokerage business),16398,-5084,6,0163(brokerage business),11443,-11,6,0103(brokerage business),12301,823
7,0081(brokerage business),15401,-840,7,0323(brokerage business),9024,189,7,0288(brokerage business),8655,-491
8,0272(brokerage business),14905,-2552,8,0123(brokerage business),8007,-238,8,0253(brokerage business),8089,483
9,0298(brokerage business),11273,-10571,9,0298(brokerage business),6854,-452,9,0268(brokerage business),6919,599
10,0240(brokerage business),10875,-11155,10,0043(brokerage business),6533,4625,10,0069(brokerage business),5757,103
11,0259(brokerage business),9990,-19471,11,0103(brokerage business),6348,50,11,0240(brokerage business),4984,535
12,0059(brokerage business),9398,-926,12,0081(brokerage business),5815,414,12,0082(brokerage business),4856,175
13,0186(brokerage business),8614,-5557,13,0186(brokerage business),5355,101,13,0059(brokerage business),4728,-1613
14,0268(brokerage business),7907,-6565,14,0275(brokerage business),5095,-680,14,0275(brokerage business),4449,660
15,0034(brokerage business),7235,-3232,15,0372(brokerage business),4854,40,15,0123(brokerage business),4148,150
16,0043(brokerage business),7174,2344,16,0240(brokerage business),4735,-194,16,0058(brokerage business),3976,38
17,0323(brokerage business),6104,-382,17,0268(brokerage business),4680,-54,17,0161(brokerage business),3883,578
18,0288(brokerage business),5714,-1986,18,0096(brokerage business),4168,278,18,0151(brokerage business),3599,459
19,0335(brokerage business),5498,2868,19,0311(brokerage business),4134,127,19,0311(brokerage business),3436,-1008
20,0103(brokerage business),5357,-578,20,0253(brokerage business),4034,-281,20,0003(brokerage business),3365,164
Total,,323155,-72720,Total,,167405,8125,Total,,208009,3464
Member/OSP Type,Total Volume,Change from Previous Trading Day,Member/OSP Type,Total Long Position,Change from Previous Trading Day,Member/OSP Type,Total Short Position,Change from Previous Trading Day,,,
Contract Code：adall,,,,,,,2026-05-06,,,,
Name of FF Member/OSBP,10824,-13772,Name of FF Member/OSBP,18097,295,Name of FF Member/OSBP,18097,295,,,
Name of Non-FF Member/OSNBP,0,0,Name of Non-FF Member/OSNBP,0,0,Name of Non-FF Member/OSNBP,0,0,,,
Ranking,Name of FF Member /OSBPs,Volume,Change from Previous Trading Day,Ranking,Name of FF Member /OSBPs,Long Position,Change from Previous Trading Day,Ranking,Name of FF Member /OSBPs,Short Position,Change from Previous Trading Day
Contract Code：ad2605,,,,,,,,,,2026-05-06,
1,0275(brokerage business),33,-12,1,0004(brokerage business),201,0,1,0372(brokerage business),141,0
2,0308(brokerage business),21,-14,2,0148(brokerage business),99,0,2,0275(brokerage business),132,33
3,0042(brokerage business),18,-3,3,0139(brokerage business),90,0,3,0123(brokerage business),84,0
4,0004(brokerage business),6,-51,4,0299(brokerage business),90,0,4,0268(brokerage business),81,0
5,0016(brokerage business),6,-8,5,0163(brokerage business),75,3,5,0148(brokerage business),66,0
6,0025(brokerage business),6,6,6,0108(brokerage business),33,0,6,0308(brokerage business),66,-21
7,0058(brokerage business),6,-63,7,0313(brokerage business),24,0,7,0253(brokerage business),36,0
8,0272(brokerage business),6,-12,8,0042(brokerage business),21,0,8,0069(brokerage business),27,-3
9,0069(brokerage business),3,-79,9,0275(brokerage business),18,0,9,0004(brokerage business),24,-6
10,0163(brokerage business),3,-130,10,0003(brokerage business),12,0,10,0240(brokerage business),18,0
11,,,,11,0059(brokerage business),12,0,11,0163(brokerage business),6,0
12,,,,12,0277(brokerage business),12,0,12,0271(brokerage business),6,0
13,,,,13,0271(brokerage business),3,0,13,0137(brokerage business),3,0
Total,,108,-366,Total,,690,3,Total,,690,3
Ranking,Name of FF Member /OSBPs,Volume,Change from Previous Trading Day,Ranking,Name of FF Member /OSBPs,Long Position,Change from Previous Trading Day,Ranking,Name of FF Member /OSBPs,Short Position,Change from Previous Trading Day
Contract Code：ad2606,,,,,,,,,,2026-05-06,
1,0081(brokerage business),1129,-258,1,0253(brokerage business),598,3,1,0148(brokerage business),722,23
2,0163(brokerage business),932,-892,2,0163(brokerage business),541,78,2,0123(brokerage business),665,0
3,0004(brokerage business),715,-463,3,0004(brokerage business),394,-84,3,0004(brokerage business),635,-49
4,0148(brokerage business),407,-718,4,0323(brokerage business),392,-5,4,0009(brokerage business),436,1
5,0257(brokerage business),342,316,5,0275(brokerage business),350,-1,5,0253(brokerage business),386,7
6,0137(brokerage business),274,-733,6,0009(brokerage business),336,-2,6,0069(brokerage business),332,2
7,0008(brokerage business),203,-717,7,0123(brokerage business),335,-2,7,0272(brokerage business),331,-1
8,0123(brokerage business),194,-146,8,0299(brokerage business),328,-12,8,0323(brokerage business),326,6
9,0253(brokerage business),178,-313,9,0048(brokerage business),307,1,9,0275(brokerage business),304,-1
10,0272(brokerage business),158,-39,10,0321(brokerage business),305,0,10,0048(brokerage business),292,0
11,0096(brokerage business),148,-244,11,0139(brokerage business),298,19,11,0268(brokerage business),290,2
12,0067(brokerage business),132,30,12,0137(brokerage business),295,-30,12,0008(brokerage business),285,-4
13,0086(brokerage business),128,122,13,0008(brokerage business),283,-3,13,0139(brokerage business),284,31
14,0240(brokerage business),89,-55,14,0257(brokerage business),280,1,14,0257(brokerage business),280,1
15,0048(brokerage business),87,-88,15,0096(brokerage business),255,-16,15,0137(brokerage business),276,-4
16,0275(brokerage business),82,-147,16,0148(brokerage business),215,-32,16,0096(brokerage business),260,0
17,0042(brokerage business),73,24,17,0272(brokerage business),198,-51,17,0067(brokerage business),208,-2
18,0139(brokerage business),72,-179,18,0086(brokerage business),156,0,18,0003(brokerage business),186,-6
19,0034(brokerage business),64,-386,19,0276(brokerage business),128,-1,19,0103(brokerage business),136,-2
20,0323(brokerage business),61,-1247,20,0308(brokerage business),128,-13,20,0163(brokerage business),126,-34
Total,,5468,-6133,Total,,6122,-150,Total,,6760,-30
Member/OSP Type,Total Volume,Change from Previous Trading Day,Member/OSP Type,Total Long Position,Change from Previous Trading Day,Member/OSP Type,Total Short Position,Change from Previous Trading Day,,,
Contract Code：auall,,,,,,,2026-05-06,,,,
Name of FF Member/OSBP,232631,-341016,Name of FF Member/OSBP,256046,8817,Name of FF Member/OSBP,66215,-5598,,,
Name of Non-FF Member/OSNBP,21813,-5464,Name of Non-FF Member/OSNBP,50087,-2210,Name of Non-FF Member/OSNBP,239918,12205,,,
Ranking,Name of FF Member /OSBPs,Volume,Change from Previous Trading Day,Ranking,Name of FF Member /OSBPs,Long Position,Change from Previous Trading Day,Ranking,Name of FF Member /OSBPs,Short Position,Change from Previous Trading Day
Contract Code：au2605,,,,,,,,,,2026-05-06,
1,0148(brokerage business),54,-40,1,0034(brokerage business),168,-12,1,0004(brokerage business),261,-3
2,0271(brokerage business),18,-11,2,0171(brokerage business),24,0,2,0148(brokerage business),225,0
3,0385(brokerage business),18,12,3,0268(brokerage business),18,0,3,0161(brokerage business),3,0
4,0034(brokerage business),12,2,4,0308(brokerage business),18,0,4,0163(brokerage business),3,0
5,0272(brokerage business),12,-5,5,0042(brokerage business),15,0,5,0253(brokerage business),3,0
6,0274(brokerage business),6,-25,6,0186(brokerage business),15,0,6,,,
7,0308(brokerage business),6,-33,7,0275(brokerage business),15,0,7,,,
8,0004(brokerage business),3,-96,8,0177(brokerage business),12,0,8,,,
9,,,,9,0272(brokerage business),9,-12,9,,,
10,,,,10,0038(brokerage business),6,0,10,,,
11,,,,11,0163(brokerage business),6,0,11,,,
12,,,,12,0385(brokerage business),6,6,12,,,
13,,,,13,0003(brokerage business),3,0,13,,,
14,,,,14,0004(brokerage business),3,0,14,,,
15,,,,15,0043(brokerage business),3,0,15,,,
16,,,,16,0148(brokerage business),3,-30,16,,,
17,,,,17,0298(brokerage business),3,0,17,,,
18,,,,18,0338(brokerage business),3,0,18,,,
Total,,129,-196,Total,,330,-48,Total,,495,-3
Ranking,Name of FF Member /OSBPs,Volume,Change from Previous Trading Day,Ranking,Name of FF Member /OSBPs,Long Position,Change from Previous Trading Day,Ranking,Name of FF Member /OSBPs,Short Position,Change from Previous Trading Day
Contract Code：au2606,,,,,,,,,,2026-05-06,
1,0004(brokerage business),43236,-33471,1,0004(brokerage business),18217,256,1,0004(brokerage business),9049,-924
2,0148(brokerage business),16906,-42459,2,0148(brokerage business),10047,-216,2,0148(brokerage business),3792,-318
3,0163(brokerage business),10783,-16032,3,0163(brokerage business),8739,573,3,0253(brokerage business),2397,-234
4,0081(brokerage business),9995,-11111,4,0272(brokerage business),6269,215,4,0163(brokerage business),2380,-442
5,0253(brokerage business),9937,-23215,5,0082(brokerage business),5268,-155,5,0001(brokerage business),1975,23
6,0308(brokerage business),5748,-19512,6,0240(brokerage business),4914,370,6,0268(brokerage business),1895,2
7,0272(brokerage business),3864,-7812,7,0034(brokerage business),4899,-201,7,0049(brokerage business),1315,-11
8,0096(brokerage business),3729,-3984,8,0253(brokerage business),4520,115,8,0240(brokerage business),1258,-250
9,0123(brokerage business),3650,-2188,9,0288(brokerage business),4329,-51,9,0059(brokerage business),831,-16
10,0240(brokerage business),3454,-10682,10,0103(brokerage business),4121,-2,10,0315(brokerage business),812,10
11,0009(brokerage business),2805,-7447,11,0169(brokerage business),3485,-123,11,0096(brokerage business),745,63
12,0275(brokerage business),2689,-4102,12,0096(brokerage business),3065,122,12,0082(brokerage business),725,-2
13,0077(brokerage business),2277,-4370,13,0268(brokerage business),2871,17,13,0272(brokerage business),690,-1
14,0034(brokerage business),2192,-4161,14,0161(brokerage business),2576,-12,14,0288(brokerage business),686,65
15,0161(brokerage business),2102,-1114,15,0042(brokerage business),2566,-83,15,0009(brokerage business),683,-36
16,0372(brokerage business),2097,-4847,16,0069(brokerage business),2457,-4,16,0275(brokerage business),627,-82
17,0268(brokerage business),2061,-4129,17,0123(brokerage business),2367,-140,17,0186(brokerage business),588,42
18,0323(brokerage business),1674,-1772,18,0058(brokerage business),2360,-32,18,0042(brokerage business),561,16
19,0103(brokerage business),1637,-1207,19,0308(brokerage business),2233,31,19,0034(brokerage business),538,-105
20,0288(brokerage business),1578,-3261,20,0019(brokerage business),2149,34,20,0103(brokerage business),530,-401
Total,,132414,-206876,Total,,97452,714,Total,,32077,-2601
Ranking,Name of FF Member /OSBPs,Volume,Change from Previous Trading Day,Ranking,Name of FF Member /OSBPs,Long Position,Change from Previous Trading Day,Ranking,Name of FF Member /OSBPs,Short Position,Change from Previous Trading Day
Contract Code：au2608,,,,,,,,,,2026-05-06,
1,0004(brokerage business),11314,-5232,1,0004(brokerage business),18002,1054,1,0315(brokerage business),2435,66
2,0148(brokerage business),6104,-11178,2,0148(brokerage business),8345,634,2,0148(brokerage business),2015,190
3,0081(brokerage business),3900,-4356,3,0272(brokerage business),3345,-25,3,0004(brokerage business),1119,-277
4,0253(brokerage business),2992,-8020,4,0103(brokerage business),3029,251,4,0049(brokerage business),688,31
5,0163(brokerage business),2415,-1120,5,0161(brokerage business),2169,-7,5,0253(brokerage business),625,-9
6,0009(brokerage business),2091,-1435,6,0288(brokerage business),1737,24,6,0163(brokerage business),477,-102
7,0308(brokerage business),1311,-2987,7,0240(brokerage business),1698,258,7,0268(brokerage business),468,20
8,0272(brokerage business),1026,-76,8,0003(brokerage business),1456,-4,8,0089(brokerage business),385,-13
9,0123(brokerage business),972,-489,9,0163(brokerage business),1330,197,9,0272(brokerage business),364,21
10,0161(brokerage business),926,-586,10,0268(brokerage business),1328,36,10,0042(brokerage business),333,2
11,0240(brokerage business),879,-1420,11,0019(brokerage business),1303,269,11,0254(brokerage business),302,0
12,0096(brokerage business),850,-320,12,0067(brokerage business),1299,40,12,0034(brokerage business),281,-11
13,0275(brokerage business),672,-1173,13,0136(brokerage business),1261,-49,13,0275(brokerage business),268,83
14,0259(brokerage business),615,-1053,14,0277(brokerage business),1208,11,14,0274(brokerage business),266,138
15,0103(brokerage business),582,-100,15,0123(brokerage business),1180,126,15,0139(brokerage business),261,-6
16,0268(brokerage business),581,-1096,16,0042(brokerage business),1168,50,16,0086(brokerage business),256,-2
17,0335(brokerage business),403,254,17,0082(brokerage business),1109,29,17,0082(brokerage business),218,7
18,0019(brokerage business),392,182,18,0253(brokerage business),801,45,18,0335(brokerage business),217,-22
19,0059(brokerage business),380,-555,19,0034(brokerage business),771,25,19,0240(brokerage business),211,-23
20,0043(brokerage business),365,-566,20,0275(brokerage business),739,9,20,0323(brokerage business),209,-173
Total,,38770,-41326,Total,,53278,2973,Total,,11398,-80
Ranking,Name of FF Member /OSBPs,Volume,Change from Previous Trading Day,Ranking,Name of FF Member /OSBPs,Long Position,Change from Previous Trading Day,Ranking,Name of FF Member /OSBPs,Short Position,Change from Previous Trading Day
Contract Code：au2610,,,,,,,,,,2026-05-06,
1,0004(brokerage business),2349,-1742,1,0148(brokerage business),3378,87,1,0082(brokerage business),568,1
2,0253(brokerage business),1860,-241,2,0136(brokerage business),2254,79,2,0004(brokerage business),331,-34
3,0148(brokerage business),1379,-2592,3,0004(brokerage business),1675,193,3,0034(brokerage business),317,0
4,0081(brokerage business),678,-1340,4,0253(brokerage business),772,-22,4,0009(brokerage business),227,16
5,0009(brokerage business),525,-263,5,0272(brokerage business),692,33,5,0253(brokerage business),221,10
6,0163(brokerage business),332,-246,6,0288(brokerage business),687,3,6,0088(brokerage business),189,-7
7,0272(brokerage business),252,-107,7,0067(brokerage business),669,103,7,0308(brokerage business),186,-1
8,0161(brokerage business),242,-414,8,0275(brokerage business),576,46,8,0268(brokerage business),183,1
9,0275(brokerage business),209,-294,9,0042(brokerage business),413,1,9,0139(brokerage business),145,135
10,0139(brokerage business),201,83,10,0268(brokerage business),413,50,10,0148(brokerage business),137,2
11,0259(brokerage business),152,44,11,0308(brokerage business),375,24,11,0096(brokerage business),122,-3
12,0240(brokerage business),140,-248,12,0161(brokerage business),361,56,12,0372(brokerage business),114,-1
13,0123(brokerage business),135,-108,13,0327(brokerage business),313,2,13,0042(brokerage business),98,0
14,0067(brokerage business),108,-172,14,0311(brokerage business),288,37,14,0275(brokerage business),91,-1
15,0059(brokerage business),93,-56,15,0163(brokerage business),268,34,15,0240(brokerage business),69,2
16,0308(brokerage business),87,-519,16,0240(brokerage business),246,48,16,0272(brokerage business),41,-11
17,0042(brokerage business),83,-91,17,0123(brokerage business),224,26,17,0052(brokerage business),30,0
18,0268(brokerage business),81,13,18,0082(brokerage business),215,32,18,0161(brokerage business),25,-18
19,0136(brokerage business),79,79,19,0069(brokerage business),207,6,19,0059(brokerage business),23,4
20,0153(brokerage business),73,34,20,0073(brokerage business),200,0,20,0163(brokerage business),23,-16
Total,,9058,-8180,Total,,14226,838,Total,,3140,79
Ranking,Name of FF Member /OSBPs,Volume,Change from Previous Trading Day,Ranking,Name of FF Member /OSBPs,Long Position,Change from Previous Trading Day,Ranking,Name of FF Member /OSBPs,Short Position,Change from Previous Trading Day
Contract Code：au2612,,,,,,,,,,2026-05-06,
1,0004(brokerage business),1632,-793,1,0148(brokerage business),3257,30,1,0049(brokerage business),574,-394
2,0253(brokerage business),760,-152,2,0004(brokerage business),1465,90,2,0009(brokerage business),536,-52
3,0148(brokerage business),599,-800,3,0253(brokerage business),1165,55,3,0052(brokerage business),504,0
4,0163(brokerage business),409,-477,4,0288(brokerage business),1012,0,4,0372(brokerage business),426,-1
5,0049(brokerage business),395,212,5,0308(brokerage business),806,9,5,0042(brokerage business),306,0
6,0009(brokerage business),338,0,6,0349(brokerage business),657,2,6,0275(brokerage business),304,-149
7,0275(brokerage business),267,-279,7,0272(brokerage business),607,-38,7,0004(brokerage business),282,14
8,0272(brokerage business),177,-85,8,0275(brokerage business),534,-10,8,0025(brokerage business),118,14
9,0123(brokerage business),175,74,9,0088(brokerage business),491,6,9,0321(brokerage business),111,11
10,0067(brokerage business),107,-10,10,0163(brokerage business),488,2,10,0240(brokerage business),105,-2
11,0103(brokerage business),94,44,11,0067(brokerage business),396,100,11,0156(brokerage business),86,0
12,0161(brokerage business),90,2,12,0025(brokerage business),307,-46,12,0148(brokerage business),65,-7
13,0240(brokerage business),87,-136,13,0311(brokerage business),277,35,13,0018(brokerage business),45,38
14,0308(brokerage business),85,-206,14,0268(brokerage business),249,9,14,0163(brokerage business),39,-15
15,0030(brokerage business),79,-61,15,0096(brokerage business),232,2,15,0108(brokerage business),37,-1
16,0042(brokerage business),77,-132,16,0123(brokerage business),231,120,16,0103(brokerage business),32,13
17,0018(brokerage business),71,18,17,0069(brokerage business),215,5,17,0081(brokerage business),29,5
18,0259(brokerage business),70,26,18,0013(brokerage business),208,0,18,0327(brokerage business),28,-4
19,0019(brokerage business),63,47,19,0001(brokerage business),181,0,19,0048(brokerage business),26,0
20,0025(brokerage business),62,59,20,0034(brokerage business),180,3,20,0123(brokerage business),26,7
Total,,5637,-2649,Total,,12958,374,Total,,3679,-523
Member/OSP Type,Total Volume,Change from Previous Trading Day,Member/OSP Type,Total Long Position,Change from Previous Trading Day,Member/OSP Type,Total Short Position,Change from Previous Trading Day,,,
Contract Code：agall,,,,,,,2026-05-06,,,,
Name of FF Member/OSBP,783875,-1009948,Name of FF Member/OSBP,447201,13119,Name of FF Member/OSBP,329910,11488,,,
Name of Non-FF Member/OSNBP,3057,-572,Name of Non-FF Member/OSNBP,23778,-497,Name of Non-FF Member/OSNBP,141069,1134,,,
Ranking,Name of FF Member /OSBPs,Volume,Change from Previous Trading Day,Ranking,Name of FF Member /OSBPs,Long Position,Change from Previous Trading Day,Ranking,Name of FF Member /OSBPs,Short Position,Change from Previous Trading Day
Contract Code：ag2605,,,,,,,,,,2026-05-06,
1,0272(brokerage business),250,30,1,0339(brokerage business),900,0,1,0082(brokerage business),572,0
2,0001(brokerage business),218,-163,2,0043(brokerage business),866,-2,2,0001(brokerage business),412,-216
3,0148(brokerage business),212,-325,3,0004(brokerage business),548,-12,3,0240(brokerage business),404,-2
4,0240(brokerage business),192,-357,4,0268(brokerage business),314,-4,4,0253(brokerage business),398,-2
5,0186(brokerage business),168,-41,5,0077(brokerage business),274,0,5,0272(brokerage business),392,-202
6,0275(brokerage business),137,-704,6,0148(brokerage business),240,-6,6,0034(brokerage business),214,0
7,0058(brokerage business),126,-227,7,0240(brokerage business),238,-18,7,0042(brokerage business),210,0
8,0259(brokerage business),98,-216,8,0082(brokerage business),228,2,8,0009(brokerage business),162,0
9,0271(brokerage business),80,-34,9,0272(brokerage business),130,-36,9,0148(brokerage business),152,58
10,0042(brokerage business),60,-15,10,0151(brokerage business),122,-10,10,0077(brokerage business),150,0
11,0163(brokerage business),52,-721,11,0321(brokerage business),100,0,11,0103(brokerage business),118,-2
12,0004(brokerage business),48,-296,12,0123(brokerage business),78,-2,12,0321(brokerage business),118,0
13,0274(brokerage business),48,-134,13,0186(brokerage business),62,-168,13,0059(brokerage business),114,0
14,0049(brokerage business),44,-445,14,0275(brokerage business),62,-5,14,0049(brokerage business),108,-4
15,0385(brokerage business),32,29,15,0288(brokerage business),52,-18,15,0163(brokerage business),62,14
16,0081(brokerage business),28,-103,16,0277(brokerage business),46,0,16,0338(brokerage business),30,0
17,0151(brokerage business),22,-32,17,0308(brokerage business),42,-1,17,0268(brokerage business),24,-4
18,0288(brokerage business),22,-47,18,0034(brokerage business),34,-6,18,0004(brokerage business),20,-4
19,0136(brokerage business),20,19,19,0253(brokerage business),34,-6,19,0069(brokerage business),18,0
20,0125(brokerage business),18,1,20,0163(brokerage business),26,2,20,0030(brokerage business),10,0
Total,,1875,-3781,Total,,4396,-290,Total,,3688,-364
Ranking,Name of FF Member /OSBPs,Volume,Change from Previous Trading Day,Ranking,Name of FF Member /OSBPs,Long Position,Change from Previous Trading Day,Ranking,Name of FF Member /OSBPs,Short Position,Change from Previous Trading Day
Contract Code：ag2606,,,,,,,,,,2026-05-06,
1,0004(brokerage business),63338,-72399,1,0148(brokerage business),13948,1771,1,0148(brokerage business),19642,227
2,0148(brokerage business),45724,-60998,2,0004(brokerage business),12925,2109,2,0004(brokerage business),10784,255
3,0163(brokerage business),21033,-21092,3,0272(brokerage business),8233,444,3,0163(brokerage business),9443,1491
4,0240(brokerage business),18355,-35420,4,0163(brokerage business),7457,830,4,0049(brokerage business),7141,30
5,0253(brokerage business),17489,-27006,5,0082(brokerage business),6971,544,5,0006(brokerage business),6353,12
6,0275(brokerage business),16075,-16899,6,0103(brokerage business),5866,-68,6,0139(brokerage business),6037,-11
7,0272(brokerage business),12985,-22617,7,0288(brokerage business),5509,-679,7,0253(brokerage business),5222,205
8,0081(brokerage business),12734,-19662,8,0034(brokerage business),5439,-2,8,0315(brokerage business),4701,217
9,0034(brokerage business),9677,-18439,9,0253(brokerage business),5212,48,9,0137(brokerage business),4622,438
10,0308(brokerage business),9114,-21166,10,0268(brokerage business),4638,-264,10,0009(brokerage business),4219,47
11,0123(brokerage business),7612,-3603,11,0240(brokerage business),4569,282,11,0001(brokerage business),3897,346
12,0259(brokerage business),7269,-4949,12,0042(brokerage business),4370,-305,12,0240(brokerage business),3447,235
13,0268(brokerage business),6675,-16757,13,0069(brokerage business),4191,-57,13,0272(brokerage business),3400,131
14,0186(brokerage business),6312,-14442,14,0081(brokerage business),3298,321,14,0288(brokerage business),3298,466
15,0298(brokerage business),6099,-16157,15,0123(brokerage business),3218,-205,15,0268(brokerage business),3083,273
16,0288(brokerage business),5883,-11143,16,0275(brokerage business),3066,3,16,0034(brokerage business),3040,55
17,0103(brokerage business),5743,-8062,17,0096(brokerage business),2920,-192,17,0096(brokerage business),2651,194
18,0082(brokerage business),5556,-4845,18,0161(brokerage business),2804,-42,18,0103(brokerage business),2380,-2053
19,0137(brokerage business),4999,-6606,19,0298(brokerage business),2731,-322,19,0042(brokerage business),2073,127
20,0096(brokerage business),4602,-8045,20,0323(brokerage business),2727,854,20,0239(brokerage business),2056,0
Total,,287274,-410307,Total,,110092,5070,Total,,107489,2685
Ranking,Name of FF Member /OSBPs,Volume,Change from Previous Trading Day,Ranking,Name of FF Member /OSBPs,Long Position,Change from Previous Trading Day,Ranking,Name of FF Member /OSBPs,Short Position,Change from Previous Trading Day
Contract Code：ag2608,,,,,,,,,,2026-05-06,
1,0004(brokerage business),43446,-25518,1,0103(brokerage business),11411,968,1,0163(brokerage business),12915,666
2,0148(brokerage business),24092,-28787,2,0004(brokerage business),9440,94,2,0148(brokerage business),10103,218
3,0253(brokerage business),13329,-11432,3,0148(brokerage business),8759,1714,3,0372(brokerage business),8951,-28
4,0240(brokerage business),12285,-13936,4,0272(brokerage business),8250,715,4,0272(brokerage business),4676,373
5,0272(brokerage business),11700,-9381,5,0082(brokerage business),7825,-6,5,0103(brokerage business),4673,-72
6,0275(brokerage business),11356,-8877,6,0043(brokerage business),6996,65,6,0004(brokerage business),4417,558
7,0163(brokerage business),9607,-7283,7,0163(brokerage business),5751,103,7,0049(brokerage business),3978,58
8,0081(brokerage business),6422,-17310,8,0049(brokerage business),5674,-3,8,0123(brokerage business),3046,-37
9,0308(brokerage business),5281,-12957,9,0253(brokerage business),5194,-1877,9,0315(brokerage business),3005,138
10,0123(brokerage business),4750,-1633,10,0123(brokerage business),4380,17,10,0042(brokerage business),2093,86
11,0009(brokerage business),4329,-3373,11,0240(brokerage business),3592,407,11,0096(brokerage business),2011,128
12,0186(brokerage business),3631,-8624,12,0239(brokerage business),2693,202,12,0139(brokerage business),1999,47
13,0268(brokerage business),3538,-6067,13,0042(brokerage business),2487,-347,13,0253(brokerage business),1962,-120
14,0323(brokerage business),3498,-2664,14,0034(brokerage business),2146,-158,14,0088(brokerage business),1811,28
15,0096(brokerage business),3436,-1068,15,0134(brokerage business),2047,-3,15,0240(brokerage business),1515,-26
16,0043(brokerage business),3427,-3161,16,0088(brokerage business),1989,-79,16,0067(brokerage business),1275,51
17,0259(brokerage business),3329,-2217,17,0019(brokerage business),1908,-782,17,0034(brokerage business),1243,-65
18,0019(brokerage business),2904,-1181,18,0323(brokerage business),1867,1108,18,0121(brokerage business),1167,-40
19,0274(brokerage business),2723,-1949,19,0244(brokerage business),1831,109,19,0274(brokerage business),1123,188
20,0059(brokerage business),2646,-570,20,0081(brokerage business),1819,201,20,0268(brokerage business),1009,264
Total,,175729,-167988,Total,,96059,2448,Total,,72972,2415
Ranking,Name of FF Member /OSBPs,Volume,Change from Previous Trading Day,Ranking,Name of FF Member /OSBPs,Long Position,Change from Previous Trading Day,Ranking,Name of FF Member /OSBPs,Short Position,Change from Previous Trading Day
Contract Code：ag2610,,,,,,,,,,2026-05-06,
1,0004(brokerage business),9391,-3963,1,0082(brokerage business),5560,-4,1,0163(brokerage business),8357,101
2,0148(brokerage business),8346,-8781,2,0148(brokerage business),5470,872,2,0148(brokerage business),3483,72
3,0253(brokerage business),3600,-3645,3,0240(brokerage business),4079,-37,3,0049(brokerage business),2535,18
4,0163(brokerage business),2930,-920,4,0049(brokerage business),4021,-394,4,0004(brokerage business),1472,382
5,0275(brokerage business),2814,-2132,5,0277(brokerage business),3162,193,5,0372(brokerage business),1410,597
6,0123(brokerage business),2184,-1107,6,0272(brokerage business),3012,872,6,0069(brokerage business),1335,13
7,0240(brokerage business),2131,-1695,7,0253(brokerage business),2360,-1,7,0103(brokerage business),954,-2
8,0272(brokerage business),1584,411,8,0004(brokerage business),1677,-277,8,0042(brokerage business),911,4
9,0096(brokerage business),1561,-741,9,0043(brokerage business),1376,-24,9,0067(brokerage business),908,-3
10,0081(brokerage business),1505,-3616,10,0103(brokerage business),1226,16,10,0315(brokerage business),864,-1
11,0308(brokerage business),1214,-1547,11,0088(brokerage business),1202,49,11,0139(brokerage business),723,17
12,0271(brokerage business),992,645,12,0288(brokerage business),1149,-11,12,0034(brokerage business),592,87
13,0259(brokerage business),823,-259,13,0261(brokerage business),1003,0,13,0272(brokerage business),533,180
14,0372(brokerage business),817,-335,14,0003(brokerage business),994,-5,14,0009(brokerage business),456,10
15,0323(brokerage business),747,59,15,0323(brokerage business),929,643,15,0059(brokerage business),399,5
16,0059(brokerage business),729,-80,16,0134(brokerage business),717,-1,16,0096(brokerage business),359,4
17,0274(brokerage business),690,465,17,0274(brokerage business),657,601,17,0274(brokerage business),355,9
18,0009(brokerage business),658,-567,18,0268(brokerage business),642,-18,18,0121(brokerage business),346,49
19,0019(brokerage business),640,-141,19,0163(brokerage business),585,-31,19,0088(brokerage business),295,36
20,0049(brokerage business),558,243,20,0034(brokerage business),537,20,20,0332(brokerage business),248,38
Total,,43914,-27706,Total,,40358,2463,Total,,26535,1616
Ranking,Name of FF Member /OSBPs,Volume,Change from Previous Trading Day,Ranking,Name of FF Member /OSBPs,Long Position,Change from Previous Trading Day,Ranking,Name of FF Member /OSBPs,Short Position,Change from Previous Trading Day
Contract Code：ag2612,,,,,,,,,,2026-05-06,
1,0004(brokerage business),4194,-884,1,0272(brokerage business),3427,-17,1,0163(brokerage business),8126,32
2,0148(brokerage business),2843,-434,2,0288(brokerage business),3362,-2,2,0025(brokerage business),4278,64
3,0275(brokerage business),1846,-579,3,0025(brokerage business),3158,65,3,0148(brokerage business),3255,-16
4,0253(brokerage business),1594,-578,4,0004(brokerage business),2853,-19,4,0049(brokerage business),2811,103
5,0123(brokerage business),1187,-61,5,0148(brokerage business),2796,745,5,0067(brokerage business),2011,-1
6,0163(brokerage business),1160,-704,6,0240(brokerage business),2657,18,6,0315(brokerage business),1021,0
7,0240(brokerage business),1048,-382,7,0268(brokerage business),2591,-17,7,0103(brokerage business),499,19
8,0081(brokerage business),968,-460,8,0043(brokerage business),2067,-10,8,0272(brokerage business),472,-15
9,0271(brokerage business),757,652,9,0049(brokerage business),1922,-60,9,0069(brokerage business),471,4
10,0259(brokerage business),679,12,10,0163(brokerage business),1860,-20,10,0240(brokerage business),360,62
11,0034(brokerage business),473,121,11,0001(brokerage business),1511,-39,11,0004(brokerage business),347,147
12,0272(brokerage business),456,-281,12,0034(brokerage business),1510,26,12,0288(brokerage business),327,175
13,0308(brokerage business),384,-542,13,0253(brokerage business),1433,-199,13,0253(brokerage business),267,-39
14,0049(brokerage business),379,147,14,0088(brokerage business),1408,74,14,0320(brokerage business),217,-281
15,0059(brokerage business),366,-294,15,0308(brokerage business),1025,-37,15,0034(brokerage business),193,27
16,0096(brokerage business),338,-415,16,0103(brokerage business),639,-12,16,0088(brokerage business),189,-6
17,0288(brokerage business),333,-235,17,0323(brokerage business),632,32,17,0096(brokerage business),146,-10
18,0274(brokerage business),330,185,18,0042(brokerage business),557,6,18,0268(brokerage business),137,16
19,0103(brokerage business),327,245,19,0261(brokerage business),502,2,19,0058(brokerage business),126,33
20,0320(brokerage business),324,120,20,0082(brokerage business),500,44,20,0275(brokerage business),118,39
Total,,19986,-4367,Total,,36410,580,Total,,25371,353
Member/OSP Type,Total Volume,Change from Previous Trading Day,Member/OSP Type,Total Long Position,Change from Previous Trading Day,Member/OSP Type,Total Short Position,Change from Previous Trading Day,,,
Contract Code：rball,,,,,,,2026-05-06,,,,
Name of FF Member/OSBP,1625032,-94832,Name of FF Member/OSBP,2635119,151299,Name of FF Member/OSBP,2635119,151299,,,
Name of Non-FF Member/OSNBP,0,0,Name of Non-FF Member/OSNBP,0,0,Name of Non-FF Member/OSNBP,0,0,,,
Ranking,Name of FF Member /OSBPs,Volume,Change from Previous Trading Day,Ranking,Name of FF Member /OSBPs,Long Position,Change from Previous Trading Day,Ranking,Name of FF Member /OSBPs,Short Position,Change from Previous Trading Day
Contract Code：rb2605,,,,,,,,,,2026-05-06,
1,0123(brokerage business),1026,454,1,0163(brokerage business),1860,-210,1,0004(brokerage business),3180,-180
2,0178(brokerage business),690,293,2,0058(brokerage business),780,110,2,0042(brokerage business),1500,-210
3,0047(brokerage business),662,-1079,3,0161(brokerage business),690,-150,3,0103(brokerage business),1470,0
4,0151(brokerage business),424,-732,4,0004(brokerage business),660,0,4,0259(brokerage business),930,0
5,0259(brokerage business),420,-4240,5,0148(brokerage business),600,-8,5,0275(brokerage business),450,-380
6,0275(brokerage business),393,-4523,6,0076(brokerage business),510,90,6,0034(brokerage business),390,-330
7,0034(brokerage business),331,-2404,7,0240(brokerage business),450,-65,7,0077(brokerage business),300,-301
8,0077(brokerage business),301,-2311,8,0238(brokerage business),420,0,8,0163(brokerage business),300,-51
9,0311(brokerage business),301,130,9,0042(brokerage business),360,-30,9,0277(brokerage business),300,-30
10,0004(brokerage business),300,-5166,10,0096(brokerage business),360,-32,10,0418(brokerage business),300,0
11,0148(brokerage business),279,-9242,11,0338(brokerage business),360,-5,11,0047(brokerage business),240,-660
12,0163(brokerage business),261,-6422,12,0171(brokerage business),330,-90,12,0125(brokerage business),240,0
13,0009(brokerage business),240,-259,13,0277(brokerage business),300,-210,13,0311(brokerage business),240,0
14,0042(brokerage business),240,-3476,14,0125(brokerage business),270,0,14,0272(brokerage business),210,-84
15,0277(brokerage business),240,-23,15,0270(brokerage business),270,0,15,0178(brokerage business),180,-690
16,0323(brokerage business),240,-46,16,0009(brokerage business),240,-240,16,0253(brokerage business),180,0
17,0095(brokerage business),158,-126,17,0077(brokerage business),240,0,17,0009(brokerage business),150,0
18,0161(brokerage business),150,-152,18,0186(brokerage business),210,0,18,0019(brokerage business),120,0
19,0272(brokerage business),145,-2422,19,0008(brokerage business),180,30,19,0319(brokerage business),90,0
20,0058(brokerage business),130,-1400,20,0072(brokerage business),180,0,20,0069(brokerage business),60,-60
Total,,6931,-43146,Total,,9270,-810,Total,,10830,-2976
Ranking,Name of FF Member /OSBPs,Volume,Change from Previous Trading Day,Ranking,Name of FF Member /OSBPs,Long Position,Change from Previous Trading Day,Ranking,Name of FF Member /OSBPs,Short Position,Change from Previous Trading Day
Contract Code：rb2607,,,,,,,,,,2026-05-06,
1,0163(brokerage business),30594,-37596,1,0148(brokerage business),38865,-3908,1,0004(brokerage business),25911,-423
2,0148(brokerage business),11678,-6897,2,0274(brokerage business),23654,17,2,0274(brokerage business),24541,22
3,0004(brokerage business),10889,-12486,3,0081(brokerage business),22031,112,3,0081(brokerage business),22002,-4
4,0123(brokerage business),10235,1381,4,0004(brokerage business),20434,-634,4,0148(brokerage business),18335,-136
5,0253(brokerage business),7587,1390,5,0323(brokerage business),17307,61,5,0082(brokerage business),17618,108
6,0082(brokerage business),5492,-38,6,0082(brokerage business),16756,-40,6,0323(brokerage business),16726,6
7,0081(brokerage business),3940,161,7,0151(brokerage business),16245,171,7,0151(brokerage business),16435,-18
8,0275(brokerage business),3663,-4109,8,0268(brokerage business),15215,33,8,0268(brokerage business),16266,-68
9,0268(brokerage business),3577,-4148,9,0272(brokerage business),14825,-9,9,0272(brokerage business),15254,216
10,0272(brokerage business),3183,2158,10,0139(brokerage business),14479,-11,10,0139(brokerage business),14396,-664
11,0139(brokerage business),3087,-320,11,0186(brokerage business),10547,603,11,0163(brokerage business),11492,-909
12,0103(brokerage business),2956,-66,12,0069(brokerage business),10468,294,12,0069(brokerage business),10081,16
13,0003(brokerage business),2536,2484,13,0163(brokerage business),10328,-2053,13,0186(brokerage business),8838,-50
14,0259(brokerage business),2392,-3615,14,0253(brokerage business),6623,-138,14,0259(brokerage business),8225,-211
15,0096(brokerage business),2353,544,15,0259(brokerage business),5959,-219,15,0253(brokerage business),7456,-165
16,0034(brokerage business),2020,-358,16,0238(brokerage business),5658,31,16,0103(brokerage business),7089,559
17,0019(brokerage business),1619,-376,17,0103(brokerage business),4544,425,17,0238(brokerage business),5869,-38
18,0043(brokerage business),1253,-3525,18,0088(brokerage business),4487,0,18,0096(brokerage business),4782,1159
19,0277(brokerage business),1099,988,19,0138(brokerage business),4303,8,19,0034(brokerage business),4763,-807
20,0069(brokerage business),1056,-45,20,0096(brokerage business),4044,546,20,0019(brokerage business),4669,944
Total,,111209,-64473,Total,,266772,-4711,Total,,260748,-463
Ranking,Name of FF Member /OSBPs,Volume,Change from Previous Trading Day,Ranking,Name of FF Member /OSBPs,Long Position,Change from Previous Trading Day,Ranking,Name of FF Member /OSBPs,Short Position,Change from Previous Trading Day
Contract Code：rb2609,,,,,,,,,,2026-05-06,
1,0163(brokerage business),8200,-4221,1,0268(brokerage business),19388,419,1,0268(brokerage business),18862,365
2,0148(brokerage business),5335,-2448,2,0323(brokerage business),14303,122,2,0323(brokerage business),13993,118
3,0082(brokerage business),2550,301,3,0081(brokerage business),13742,870,3,0081(brokerage business),13015,819
4,0272(brokerage business),2162,1562,4,0082(brokerage business),13263,1526,4,0082(brokerage business),12509,900
5,0081(brokerage business),2131,398,5,0096(brokerage business),12479,-56,5,0139(brokerage business),12414,1196
6,0259(brokerage business),2036,-146,6,0139(brokerage business),12403,546,6,0148(brokerage business),11871,594
7,0139(brokerage business),1750,192,7,0004(brokerage business),11908,177,7,0096(brokerage business),11826,-21
8,0268(brokerage business),1606,-572,8,0253(brokerage business),9985,136,8,0163(brokerage business),10809,280
9,0004(brokerage business),1522,-1640,9,0163(brokerage business),9777,334,9,0004(brokerage business),9948,137
10,0275(brokerage business),1439,770,10,0151(brokerage business),9019,203,10,0253(brokerage business),9273,39
11,0103(brokerage business),1186,225,11,0148(brokerage business),9013,469,11,0151(brokerage business),8876,265
12,0253(brokerage business),1123,-136,12,0272(brokerage business),6465,1889,12,0103(brokerage business),8149,-704
13,0096(brokerage business),1013,48,13,0103(brokerage business),6320,-412,13,0259(brokerage business),5850,-998
14,0171(brokerage business),660,288,14,0069(brokerage business),5707,128,14,0272(brokerage business),5736,17
15,0123(brokerage business),640,112,15,0259(brokerage business),4084,-998,15,0069(brokerage business),5645,186
16,0151(brokerage business),602,-220,16,0138(brokerage business),2613,-3,16,0275(brokerage business),3236,15
17,0019(brokerage business),430,-216,17,0349(brokerage business),1471,-2,17,0138(brokerage business),2658,24
18,0069(brokerage business),426,-69,18,0077(brokerage business),1198,2,18,0349(brokerage business),1451,1
19,0277(brokerage business),422,422,19,0275(brokerage business),1179,-114,19,0077(brokerage business),1334,3
20,0323(brokerage business),364,7,20,0123(brokerage business),923,-2,20,0019(brokerage business),942,79
Total,,35597,-5343,Total,,165240,5234,Total,,168397,3315
Ranking,Name of FF Member /OSBPs,Volume,Change from Previous Trading Day,Ranking,Name of FF Member /OSBPs,Long Position,Change from Previous Trading Day,Ranking,Name of FF Member /OSBPs,Short Position,Change from Previous Trading Day
Contract Code：rb2610,,,,,,,,,,2026-05-06,
1,0004(brokerage business),169685,12080,1,0148(brokerage business),286093,15921,1,0004(brokerage business),217118,9652
2,0148(brokerage business),161796,22398,2,0163(brokerage business),195535,3982,2,0103(brokerage business),157854,11212
3,0163(brokerage business),135476,3229,3,0004(brokerage business),148536,12779,3,0148(brokerage business),150141,5075
4,0253(brokerage business),78049,17379,4,0239(brokerage business),85445,12118,4,0163(brokerage business),98424,2508
5,0272(brokerage business),47377,-12912,5,0272(brokerage business),70218,3059,5,0253(brokerage business),67181,5067
6,0259(brokerage business),39450,6722,6,0103(brokerage business),65287,5397,6,0058(brokerage business),63993,5360
7,0103(brokerage business),37599,11461,7,0253(brokerage business),60505,8318,7,0272(brokerage business),60520,6096
8,0059(brokerage business),33719,6580,8,0335(brokerage business),47970,7717,8,0034(brokerage business),54261,5406
9,0034(brokerage business),31372,6761,9,0034(brokerage business),46922,3592,9,0082(brokerage business),50053,3618
10,0240(brokerage business),23331,-14762,10,0123(brokerage business),41460,6549,10,0125(brokerage business),49925,-189
11,0275(brokerage business),23019,4618,11,0059(brokerage business),41405,13304,11,0274(brokerage business),45470,4154
12,0186(brokerage business),22220,3410,12,0268(brokerage business),41061,2876,12,0123(brokerage business),38676,3244
13,0389(brokerage business),20482,95,13,0153(brokerage business),39598,-6093,13,0007(brokerage business),36717,1191
14,0123(brokerage business),19129,1999,14,0274(brokerage business),37041,1837,14,0259(brokerage business),32451,2203
15,0082(brokerage business),19068,6891,15,0240(brokerage business),29917,3390,15,0059(brokerage business),31758,7519
16,0268(brokerage business),17898,2511,16,0082(brokerage business),27557,1054,16,0275(brokerage business),29954,3004
17,0042(brokerage business),15834,-7198,17,0323(brokerage business),27476,3792,17,0096(brokerage business),28462,-958
18,0323(brokerage business),15296,-2259,18,0069(brokerage business),26124,748,18,0178(brokerage business),28292,2419
19,0320(brokerage business),15285,11611,19,0161(brokerage business),26074,7065,19,0069(brokerage business),28131,3514
20,0096(brokerage business),14994,465,20,0186(brokerage business),22931,5237,20,0121(brokerage business),27626,1246
Total,,941079,81079,Total,,1367155,112642,Total,,1297007,81341
Member/OSP Type,Total Volume,Change from Previous Trading Day,Member/OSP Type,Total Long Position,Change from Previous Trading Day,Member/OSP Type,Total Short Position,Change from Previous Trading Day,,,
Contract Code：hcall,,,,,,,2026-05-06,,,,
Name of FF Member/OSBP,1355180,60064,Name of FF Member/OSBP,2560170,174696,Name of FF Member/OSBP,2560170,174696,,,
Name of Non-FF Member/OSNBP,0,0,Name of Non-FF Member/OSNBP,0,0,Name of Non-FF Member/OSNBP,0,0,,,
Ranking,Name of FF Member /OSBPs,Volume,Change from Previous Trading Day,Ranking,Name of FF Member /OSBPs,Long Position,Change from Previous Trading Day,Ranking,Name of FF Member /OSBPs,Short Position,Change from Previous Trading Day
Contract Code：hc2605,,,,,,,,,,2026-05-06,
1,0137(brokerage business),810,538,1,0004(brokerage business),8340,-150,1,0007(brokerage business),13770,0
2,0259(brokerage business),450,-1951,2,0103(brokerage business),7800,0,2,0047(brokerage business),4740,0
3,0277(brokerage business),420,-241,3,0161(brokerage business),4200,0,3,0019(brokerage business),3990,0
4,0004(brokerage business),360,-6743,4,0311(brokerage business),3480,0,4,0259(brokerage business),3330,-210
5,0272(brokerage business),300,-2040,5,0096(brokerage business),3000,0,5,0339(brokerage business),3090,0
6,0151(brokerage business),270,-260,6,0003(brokerage business),1800,0,6,0034(brokerage business),2460,-1
7,0103(brokerage business),240,-650,7,0123(brokerage business),1800,0,7,0103(brokerage business),2070,180
8,0163(brokerage business),213,-2998,8,0240(brokerage business),1800,0,8,0123(brokerage business),1920,0
9,0007(brokerage business),210,-683,9,0008(brokerage business),1740,0,9,0277(brokerage business),1920,0
10,0059(brokerage business),210,88,10,0067(brokerage business),1590,-120,10,0096(brokerage business),1890,-180
11,0096(brokerage business),180,-305,11,0076(brokerage business),1500,0,11,0004(brokerage business),1800,150
12,0253(brokerage business),180,-2344,12,0153(brokerage business),1470,0,12,0076(brokerage business),1260,0
13,0148(brokerage business),178,-3678,13,0159(brokerage business),1380,0,13,0003(brokerage business),690,0
14,0067(brokerage business),120,-1312,14,0009(brokerage business),1140,0,14,0249(brokerage business),600,0
15,0313(brokerage business),120,79,15,0272(brokerage business),1050,0,15,0163(brokerage business),480,-210
16,0268(brokerage business),102,-434,16,0042(brokerage business),960,0,16,0043(brokerage business),450,0
17,0125(brokerage business),90,-147,17,0059(brokerage business),930,-210,17,0308(brokerage business),420,-30
18,0123(brokerage business),60,-1978,18,0148(brokerage business),600,-89,18,0171(brokerage business),330,0
19,0271(brokerage business),60,-3378,19,0034(brokerage business),510,0,19,0272(brokerage business),240,120
20,0030(brokerage business),30,-120,20,0418(brokerage business),510,0,20,0137(brokerage business),210,-810
Total,,4603,-28557,Total,,45600,-569,Total,,45660,-991
Ranking,Name of FF Member /OSBPs,Volume,Change from Previous Trading Day,Ranking,Name of FF Member /OSBPs,Long Position,Change from Previous Trading Day,Ranking,Name of FF Member /OSBPs,Short Position,Change from Previous Trading Day
Contract Code：hc2607,,,,,,,,,,2026-05-06,
1,0163(brokerage business),18174,-10208,1,0148(brokerage business),36317,243,1,0268(brokerage business),26822,1019
2,0148(brokerage business),18154,-6042,2,0268(brokerage business),26927,1025,2,0081(brokerage business),21814,-302
3,0004(brokerage business),15794,-18102,3,0081(brokerage business),22593,-114,3,0240(brokerage business),17388,-159
4,0253(brokerage business),4739,-4183,4,0004(brokerage business),18575,-956,4,0148(brokerage business),16414,2603
5,0268(brokerage business),4382,-3715,5,0253(brokerage business),16152,1537,5,0004(brokerage business),16121,-1028
6,0081(brokerage business),3290,-495,6,0240(brokerage business),15665,250,6,0253(brokerage business),15844,1076
7,0103(brokerage business),3075,2043,7,0137(brokerage business),15319,61,7,0137(brokerage business),15199,-71
8,0259(brokerage business),2997,-470,8,0161(brokerage business),15060,23,8,0161(brokerage business),15192,-89
9,0161(brokerage business),2900,1247,9,0178(brokerage business),14911,-840,9,0178(brokerage business),14965,-836
10,0178(brokerage business),2670,760,10,0139(brokerage business),14366,-134,10,0139(brokerage business),14398,-136
11,0009(brokerage business),2163,1899,11,0323(brokerage business),14057,13,11,0323(brokerage business),14009,1
12,0123(brokerage business),2002,1078,12,0048(brokerage business),9610,-96,12,0048(brokerage business),9601,-110
13,0139(brokerage business),1568,-1431,13,0019(brokerage business),6365,108,13,0019(brokerage business),6397,22
14,0076(brokerage business),1532,1529,14,0157(brokerage business),6355,-49,14,0157(brokerage business),6320,2
15,0240(brokerage business),1265,-4470,15,0259(brokerage business),4216,-4,15,0103(brokerage business),5356,1134
16,0043(brokerage business),1195,-4689,16,0088(brokerage business),3023,0,16,0008(brokerage business),4510,-50
17,0137(brokerage business),1050,154,17,0103(brokerage business),2925,805,17,0259(brokerage business),4190,13
18,0274(brokerage business),817,139,18,0274(brokerage business),2312,205,18,0003(brokerage business),3935,90
19,0171(brokerage business),767,-634,19,0311(brokerage business),1757,146,19,0088(brokerage business),3023,0
20,0323(brokerage business),758,-22525,20,0009(brokerage business),1637,-725,20,0059(brokerage business),2447,0
Total,,89292,-68115,Total,,248142,1498,Total,,233945,3179
Ranking,Name of FF Member /OSBPs,Volume,Change from Previous Trading Day,Ranking,Name of FF Member /OSBPs,Long Position,Change from Previous Trading Day,Ranking,Name of FF Member /OSBPs,Short Position,Change from Previous Trading Day
Contract Code：hc2609,,,,,,,,,,2026-05-06,
1,0163(brokerage business),3401,-62,1,0268(brokerage business),22311,450,1,0268(brokerage business),22504,513
2,0004(brokerage business),2985,-836,2,0323(brokerage business),14033,458,2,0323(brokerage business),13991,475
3,0148(brokerage business),2760,-7233,3,0004(brokerage business),10980,166,3,0004(brokerage business),12480,-107
4,0096(brokerage business),2521,-1135,4,0081(brokerage business),10150,-71,4,0081(brokerage business),10082,-23
5,0268(brokerage business),2479,-446,5,0139(brokerage business),9912,226,5,0139(brokerage business),9898,226
6,0253(brokerage business),1467,-258,6,0253(brokerage business),6941,494,6,0253(brokerage business),6851,485
7,0103(brokerage business),1243,609,7,0137(brokerage business),6452,178,7,0137(brokerage business),5988,182
8,0178(brokerage business),1057,219,8,0240(brokerage business),6044,93,8,0148(brokerage business),5534,589
9,0139(brokerage business),1030,-389,9,0161(brokerage business),5532,-175,9,0161(brokerage business),5523,-159
10,0323(brokerage business),997,-343,10,0148(brokerage business),5500,347,10,0178(brokerage business),5136,-378
11,0123(brokerage business),930,498,11,0178(brokerage business),5263,-379,11,0048(brokerage business),5060,-50
12,0275(brokerage business),863,151,12,0048(brokerage business),5059,-24,12,0240(brokerage business),5014,113
13,0137(brokerage business),686,-299,13,0157(brokerage business),2591,26,13,0157(brokerage business),2524,20
14,0312(brokerage business),642,637,14,0103(brokerage business),1674,622,14,0103(brokerage business),2053,619
15,0081(brokerage business),636,-315,15,0077(brokerage business),1072,3,15,0077(brokerage business),1073,0
16,0161(brokerage business),608,45,16,0009(brokerage business),1036,31,16,0096(brokerage business),1026,180
17,0171(brokerage business),520,160,17,0163(brokerage business),1028,-10,17,0123(brokerage business),750,0
18,0076(brokerage business),500,500,18,0171(brokerage business),1019,50,18,0042(brokerage business),688,0
19,0009(brokerage business),466,-752,19,0123(brokerage business),759,-2,19,0076(brokerage business),500,500
20,0240(brokerage business),428,-596,20,0272(brokerage business),486,-8,20,0019(brokerage business),450,110
Total,,26219,-9845,Total,,117842,2475,Total,,117125,3295
Ranking,Name of FF Member /OSBPs,Volume,Change from Previous Trading Day,Ranking,Name of FF Member /OSBPs,Long Position,Change from Previous Trading Day,Ranking,Name of FF Member /OSBPs,Short Position,Change from Previous Trading Day
Contract Code：hc2610,,,,,,,,,,2026-05-06,
1,0004(brokerage business),164360,39981,1,0004(brokerage business),225371,6767,1,0004(brokerage business),393989,16827
2,0163(brokerage business),148527,31984,2,0148(brokerage business),212860,22983,2,0058(brokerage business),178784,4113
3,0148(brokerage business),105784,24607,3,0163(brokerage business),179599,20573,3,0163(brokerage business),115434,16932
4,0253(brokerage business),58767,26436,4,0239(brokerage business),128569,5837,4,0103(brokerage business),114288,10865
5,0272(brokerage business),41058,8152,5,0042(brokerage business),115392,1806,5,0272(brokerage business),93215,7761
6,0081(brokerage business),39588,15005,6,0103(brokerage business),79314,8287,6,0148(brokerage business),68352,5599
7,0103(brokerage business),37492,11729,7,0335(brokerage business),71203,9651,7,0096(brokerage business),54934,2618
8,0275(brokerage business),30451,9495,8,0272(brokerage business),70596,8691,8,0042(brokerage business),49665,3326
9,0277(brokerage business),23056,6738,9,0253(brokerage business),67991,6464,9,0275(brokerage business),47513,5675
10,0034(brokerage business),21239,5368,10,0009(brokerage business),47432,-2737,10,0034(brokerage business),44180,7351
11,0059(brokerage business),18802,1683,11,0082(brokerage business),35471,2404,11,0277(brokerage business),42733,-6778
12,0335(brokerage business),15960,6347,12,0059(brokerage business),35284,4107,12,0125(brokerage business),42617,539
13,0009(brokerage business),15265,6065,13,0081(brokerage business),32796,4733,13,0259(brokerage business),41164,2754
14,0058(brokerage business),14895,-10,14,0275(brokerage business),29095,-572,14,0009(brokerage business),37572,1428
15,0137(brokerage business),14364,3865,15,0268(brokerage business),27144,645,15,0253(brokerage business),36762,6061
16,0323(brokerage business),13968,1760,16,0240(brokerage business),24360,3955,16,0082(brokerage business),35380,3872
17,0274(brokerage business),13379,3698,17,0288(brokerage business),22741,1839,17,0123(brokerage business),33533,5625
18,0123(brokerage business),13109,-4961,18,0058(brokerage business),22411,-1438,18,0059(brokerage business),33497,5537
19,0186(brokerage business),12711,4150,19,0323(brokerage business),21994,996,19,0002(brokerage business),31073,5863
20,0096(brokerage business),12618,-1325,20,0067(brokerage business),21735,1646,20,0305(brokerage business),27489,17
Total,,815393,200767,Total,,1471358,106637,Total,,1522174,105985
Member/OSP Type,Total Volume,Change from Previous Trading Day,Member/OSP Type,Total Long Position,Change from Previous Trading Day,Member/OSP Type,Total Short Position,Change from Previous Trading Day,,,
Contract Code：ssall,,,,,,,2026-05-06,,,,
Name of FF Member/OSBP,513426,-514314,Name of FF Member/OSBP,329233,10648,Name of FF Member/OSBP,329233,10648,,,
Name of Non-FF Member/OSNBP,0,0,Name of Non-FF Member/OSNBP,0,0,Name of Non-FF Member/OSNBP,0,0,,,
Ranking,Name of FF Member /OSBPs,Volume,Change from Previous Trading Day,Ranking,Name of FF Member /OSBPs,Long Position,Change from Previous Trading Day,Ranking,Name of FF Member /OSBPs,Short Position,Change from Previous Trading Day
Contract Code：ss2605,,,,,,,,,,2026-05-06,
1,0148(brokerage business),81,-1910,1,0148(brokerage business),1512,-24,1,0148(brokerage business),1248,-33
2,0004(brokerage business),72,-268,2,0004(brokerage business),1368,-60,2,0253(brokerage business),528,-12
3,0042(brokerage business),72,8,3,0009(brokerage business),996,0,3,0004(brokerage business),516,-12
4,0277(brokerage business),72,-446,4,0151(brokerage business),480,0,4,0244(brokerage business),456,0
5,0016(brokerage business),60,60,5,0349(brokerage business),276,-12,5,0163(brokerage business),408,0
6,0103(brokerage business),60,38,6,0069(brokerage business),240,0,6,0125(brokerage business),240,0
7,0240(brokerage business),25,-589,7,0253(brokerage business),120,0,7,0003(brokerage business),204,0
8,0069(brokerage business),24,-122,8,0042(brokerage business),72,0,8,0049(brokerage business),192,0
9,0096(brokerage business),24,3,9,0043(brokerage business),60,0,9,0103(brokerage business),180,-60
10,0271(brokerage business),24,-1768,10,0153(brokerage business),60,0,10,0275(brokerage business),132,0
11,0275(brokerage business),24,-1993,11,0016(brokerage business),12,12,11,0082(brokerage business),120,0
12,0076(brokerage business),12,-31,12,,,,12,0186(brokerage business),120,0
13,0253(brokerage business),12,-617,13,,,,13,0272(brokerage business),108,0
14,0349(brokerage business),12,-43,14,,,,14,0240(brokerage business),96,-25
15,0137(brokerage business),2,-27,15,,,,15,0312(brokerage business),96,0
16,,,,16,,,,16,0058(brokerage business),60,0
17,,,,17,,,,17,0123(brokerage business),60,0
18,,,,18,,,,18,0277(brokerage business),60,48
19,,,,19,,,,19,0295(brokerage business),60,0
20,,,,20,,,,20,0310(brokerage business),60,0
Total,,576,-7705,Total,,5196,-84,Total,,4944,-94
Ranking,Name of FF Member /OSBPs,Volume,Change from Previous Trading Day,Ranking,Name of FF Member /OSBPs,Long Position,Change from Previous Trading Day,Ranking,Name of FF Member /OSBPs,Short Position,Change from Previous Trading Day
Contract Code：ss2606,,,,,,,,,,2026-05-06,
1,0004(brokerage business),96543,-57167,1,0148(brokerage business),14039,290,1,0148(brokerage business),19552,828
2,0163(brokerage business),39287,-35409,2,0004(brokerage business),13947,801,2,0004(brokerage business),15088,568
3,0148(brokerage business),25696,-25565,3,0163(brokerage business),13453,3967,3,0272(brokerage business),7201,15
4,0081(brokerage business),18358,-27893,4,0103(brokerage business),8931,-2005,4,0058(brokerage business),5983,-407
5,0253(brokerage business),16537,-19826,5,0253(brokerage business),5793,-392,5,0151(brokerage business),5675,464
6,0123(brokerage business),15546,-31796,6,0288(brokerage business),5535,-459,6,0253(brokerage business),5480,57
7,0259(brokerage business),10688,-39092,7,0335(brokerage business),5481,-299,7,0082(brokerage business),5316,-699
8,0298(brokerage business),10518,-20887,8,0272(brokerage business),4869,-203,8,0240(brokerage business),5237,515
9,0275(brokerage business),8953,-16776,9,0240(brokerage business),4563,67,9,0034(brokerage business),5121,51
10,0272(brokerage business),7020,-11102,10,0268(brokerage business),2943,-279,10,0163(brokerage business),5027,124
11,0240(brokerage business),6072,-12792,11,0042(brokerage business),2941,-249,11,0003(brokerage business),4621,218
12,0082(brokerage business),4172,-2945,12,0034(brokerage business),2921,254,12,0338(brokerage business),4090,-139
13,0103(brokerage business),3776,-2025,13,0153(brokerage business),2419,504,13,0018(brokerage business),3715,253
14,0268(brokerage business),3639,-4157,14,0077(brokerage business),2262,-24,14,0103(brokerage business),3668,69
15,0042(brokerage business),2941,-1882,15,0007(brokerage business),2255,-314,15,0069(brokerage business),2983,-64
16,0186(brokerage business),2921,-3341,16,0081(brokerage business),2197,682,16,0125(brokerage business),2708,48
17,0034(brokerage business),2901,-5272,17,0123(brokerage business),2188,-145,17,0009(brokerage business),2695,152
18,0069(brokerage business),2664,-2573,18,0137(brokerage business),2076,428,18,0161(brokerage business),2672,22
19,0153(brokerage business),2571,-928,19,0086(brokerage business),2048,285,19,0153(brokerage business),2640,-809
20,0323(brokerage business),2369,-1657,20,0069(brokerage business),2025,14,20,0298(brokerage business),2535,1105
Total,,283172,-323085,Total,,102886,2923,Total,,112007,2371
Ranking,Name of FF Member /OSBPs,Volume,Change from Previous Trading Day,Ranking,Name of FF Member /OSBPs,Long Position,Change from Previous Trading Day,Ranking,Name of FF Member /OSBPs,Short Position,Change from Previous Trading Day
Contract Code：ss2607,,,,,,,,,,2026-05-06,
1,0004(brokerage business),19442,-12707,1,0239(brokerage business),16290,-9,1,0004(brokerage business),22475,885
2,0163(brokerage business),15102,-7397,2,0148(brokerage business),13756,70,2,0148(brokerage business),9417,-41
3,0148(brokerage business),11867,-10898,3,0123(brokerage business),7846,-219,3,0157(brokerage business),5365,12
4,0275(brokerage business),10438,-7472,4,0335(brokerage business),6559,730,4,0253(brokerage business),4994,128
5,0123(brokerage business),10407,-6481,5,0004(brokerage business),5304,119,5,0272(brokerage business),4609,285
6,0081(brokerage business),8382,-5528,6,0272(brokerage business),4412,289,6,0082(brokerage business),4458,345
7,0253(brokerage business),7825,-3503,7,0163(brokerage business),4304,931,7,0058(brokerage business),4163,-79
8,0082(brokerage business),2770,-1852,8,0084(brokerage business),4257,864,8,0003(brokerage business),3466,44
9,0240(brokerage business),2168,-1952,9,0103(brokerage business),3384,172,9,0240(brokerage business),2467,-83
10,0259(brokerage business),2125,-11065,10,0240(brokerage business),2378,-5,10,0163(brokerage business),2217,289
11,0239(brokerage business),1731,-1066,11,0253(brokerage business),2147,-1225,11,0275(brokerage business),2056,-11
12,0272(brokerage business),1360,-1078,12,0003(brokerage business),2076,-6,12,0338(brokerage business),2004,23
13,0161(brokerage business),1357,-72,13,0268(brokerage business),1949,2,13,0123(brokerage business),1896,-404
14,0069(brokerage business),1251,-800,14,0288(brokerage business),1759,-74,14,0136(brokerage business),1733,20
15,0298(brokerage business),1148,-1522,15,0007(brokerage business),1355,69,15,0151(brokerage business),1593,114
16,0018(brokerage business),963,-655,16,0275(brokerage business),1204,25,16,0018(brokerage business),1503,217
17,0335(brokerage business),931,97,17,0323(brokerage business),1150,-75,17,0316(brokerage business),1362,1
18,0323(brokerage business),910,-435,18,0096(brokerage business),1134,144,18,0069(brokerage business),1204,18
19,0096(brokerage business),897,-434,19,0295(brokerage business),1112,60,19,0244(brokerage business),1102,11
20,0084(brokerage business),864,703,20,0058(brokerage business),1103,57,20,0048(brokerage business),1099,-2
Total,,101938,-74117,Total,,83479,1919,Total,,79183,1772
Ranking,Name of FF Member /OSBPs,Volume,Change from Previous Trading Day,Ranking,Name of FF Member /OSBPs,Long Position,Change from Previous Trading Day,Ranking,Name of FF Member /OSBPs,Short Position,Change from Previous Trading Day
Contract Code：lu2606,,,,,,,,,,2026-05-06,
1,8004(brokerage business),10165,-5687,1,8004(brokerage business),4519,493,1,8004(brokerage business),4352,-294
2,8148(brokerage business),7671,-8775,2,8148(brokerage business),3535,-783,2,8148(brokerage business),3254,-834
3,8163(brokerage business),6648,-7486,3,8163(brokerage business),3511,-257,3,8163(brokerage business),2095,455
4,8123(brokerage business),4149,1249,4,8253(brokerage business),1631,-23,4,8272(brokerage business),2094,38
5,8253(brokerage business),2669,-3293,5,8272(brokerage business),1391,-420,5,8103(brokerage business),1202,-58
6,8272(brokerage business),2614,-3258,6,8288(brokerage business),1338,332,6,8274(brokerage business),1140,26
7,8081(brokerage business),1753,-942,7,8274(brokerage business),1188,-59,7,8042(brokerage business),1113,262
8,8259(brokerage business),1733,-1885,8,8103(brokerage business),1157,235,8,8253(brokerage business),1078,-164
9,8275(brokerage business),1645,-2020,9,8018(brokerage business),922,252,9,8123(brokerage business),949,-96
10,8372(brokerage business),1484,1081,10,8153(brokerage business),921,56,10,8081(brokerage business),836,-463
11,8042(brokerage business),1391,-865,11,8034(brokerage business),853,14,11,8254(brokerage business),780,-3
12,8268(brokerage business),1381,-1119,12,8254(brokerage business),816,-11,12,8268(brokerage business),767,223
13,8103(brokerage business),1361,-92,13,8082(brokerage business),783,46,13,8034(brokerage business),742,85
14,8288(brokerage business),1344,-646,14,8001(brokerage business),688,33,14,8298(brokerage business),739,170
15,8298(brokerage business),1315,-2893,15,8123(brokerage business),675,-167,15,8137(brokerage business),659,93
16,8186(brokerage business),1244,-1891,16,8081(brokerage business),649,-532,16,8153(brokerage business),655,-18
17,8240(brokerage business),1221,-2396,17,8240(brokerage business),636,79,17,8059(brokerage business),579,34
18,8034(brokerage business),1209,-1948,18,8268(brokerage business),634,70,18,8275(brokerage business),577,10
19,8009(brokerage business),1130,-613,19,8137(brokerage business),577,-50,19,8288(brokerage business),550,166
20,8082(brokerage business),907,-604,20,8239(brokerage business),567,0,20,8244(brokerage business),497,22
Total,,53034,-44083,Total,,26991,-692,Total,,24658,-346
Member/OSP Type,Total Volume,Change from Previous Trading Day,Member/OSP Type,Total Long Position,Change from Previous Trading Day,Member/OSP Type,Total Short Position,Change from Previous Trading Day,,,
Contract Code：fuall,,,,,,,2026-05-06,,,,
Name of FF Member/OSBP,531596,-505666,Name of FF Member/OSBP,340825,13185,Name of FF Member/OSBP,340815,13185,,,
Name of Non-FF Member/OSNBP,0,0,Name of Non-FF Member/OSNBP,0,0,Name of Non-FF Member/OSNBP,10,0,,,
Ranking,Name of FF Member /OSBPs,Volume,Change from Previous Trading Day,Ranking,Name of FF Member /OSBPs,Long Position,Change from Previous Trading Day,Ranking,Name of FF Member /OSBPs,Short Position,Change from Previous Trading Day
Contract Code：fu2606,,,,,,,,,,2026-05-06,
1,0004(brokerage business),43142,-32046,1,0004(brokerage business),19349,-158,1,0148(brokerage business),11435,-144
2,0148(brokerage business),25545,-36877,2,0148(brokerage business),14752,981,2,0004(brokerage business),11068,-398
3,0163(brokerage business),22910,-17269,3,0272(brokerage business),8413,211,3,0272(brokerage business),7825,162
4,0272(brokerage business),14241,-16981,4,0163(brokerage business),8190,171,4,0268(brokerage business),6970,525
5,0240(brokerage business),11493,-21285,5,0103(brokerage business),8123,976,5,0298(brokerage business),6369,470
6,0268(brokerage business),11048,-17857,6,0253(brokerage business),6666,571,6,0163(brokerage business),5899,-269
7,0081(brokerage business),10474,-12517,7,0319(brokerage business),5017,732,7,0240(brokerage business),5804,-105
8,0253(brokerage business),9525,-11161,8,0034(brokerage business),4362,1057,8,0253(brokerage business),5575,190
9,0034(brokerage business),8213,-10511,9,0018(brokerage business),4326,112,9,0034(brokerage business),4320,860
10,0298(brokerage business),8060,-12907,10,0059(brokerage business),3949,769,10,0288(brokerage business),4171,669
11,0259(brokerage business),7472,-3650,11,0240(brokerage business),3658,-444,11,0081(brokerage business),3629,-145
12,0275(brokerage business),6806,-7135,12,0081(brokerage business),3428,-406,12,0275(brokerage business),3186,239
13,0042(brokerage business),5699,-6501,13,0259(brokerage business),2810,457,13,0186(brokerage business),3167,98
14,0123(brokerage business),5451,-2679,14,0311(brokerage business),2455,296,14,0308(brokerage business),3110,96
15,0323(brokerage business),5427,-7158,15,0096(brokerage business),2434,24,15,0042(brokerage business),3086,-533
16,0288(brokerage business),5317,-8955,16,0151(brokerage business),2395,246,16,0103(brokerage business),3076,382
17,0186(brokerage business),5222,-9477,17,0042(brokerage business),2221,-6,17,0009(brokerage business),3049,-552
18,0308(brokerage business),4669,-7107,18,0275(brokerage business),2202,43,18,0161(brokerage business),2626,341
19,0103(brokerage business),4604,-5423,19,0288(brokerage business),2177,58,19,0069(brokerage business),2420,343
20,0299(brokerage business),3925,-4836,20,0082(brokerage business),2096,110,20,0137(brokerage business),2383,249
Total,,219243,-252332,Total,,109023,5800,Total,,99168,2478
Ranking,Name of FF Member /OSBPs,Volume,Change from Previous Trading Day,Ranking,Name of FF Member /OSBPs,Long Position,Change from Previous Trading Day,Ranking,Name of FF Member /OSBPs,Short Position,Change from Previous Trading Day
Contract Code：fu2607,,,,,,,,,,2026-05-06,
1,0004(brokerage business),6192,-1027,1,0148(brokerage business),6562,1482,1,0148(brokerage business),4343,743
2,0148(brokerage business),5718,-4662,2,0004(brokerage business),6345,1566,2,0004(brokerage business),3358,568
3,0103(brokerage business),3474,342,3,0103(brokerage business),4523,1885,3,0319(brokerage business),2587,758
4,0163(brokerage business),3080,-4113,4,0272(brokerage business),2368,649,4,0103(brokerage business),2549,-283
5,0042(brokerage business),2003,-506,5,0163(brokerage business),1936,213,5,0272(brokerage business),2504,544
6,0272(brokerage business),1981,-1153,6,0082(brokerage business),1861,133,6,0253(brokerage business),2136,215
7,0253(brokerage business),1714,-987,7,0335(brokerage business),1120,630,7,0034(brokerage business),1882,459
8,0034(brokerage business),1514,-871,8,0096(brokerage business),965,59,8,0163(brokerage business),963,-25
9,0319(brokerage business),1457,-280,9,0253(brokerage business),911,-514,9,0298(brokerage business),939,92
10,0275(brokerage business),1154,-295,10,0059(brokerage business),855,1,10,0018(brokerage business),930,323
11,0123(brokerage business),1014,-206,11,0042(brokerage business),727,-138,11,0169(brokerage business),693,-3
12,0240(brokerage business),992,-935,12,0121(brokerage business),725,-196,12,0299(brokerage business),684,384
13,0299(brokerage business),976,-400,13,0319(brokerage business),701,17,13,0042(brokerage business),681,-61
14,0081(brokerage business),868,-1122,14,0299(brokerage business),668,-532,14,0275(brokerage business),665,185
15,0335(brokerage business),811,461,15,0372(brokerage business),609,5,15,0009(brokerage business),643,0
16,0058(brokerage business),756,476,16,0288(brokerage business),598,71,16,0043(brokerage business),639,191
17,0298(brokerage business),710,-397,17,0239(brokerage business),583,0,17,0240(brokerage business),626,135
18,0151(brokerage business),707,469,18,0275(brokerage business),579,67,18,0081(brokerage business),615,-29
19,0137(brokerage business),676,-59,19,0240(brokerage business),494,73,19,0077(brokerage business),560,59
20,0271(brokerage business),668,-138,20,0034(brokerage business),478,145,20,0058(brokerage business),556,506
Total,,36465,-15403,Total,,33608,5616,Total,,28553,4761
Ranking,Name of FF Member /OSBPs,Volume,Change from Previous Trading Day,Ranking,Name of FF Member /OSBPs,Long Position,Change from Previous Trading Day,Ranking,Name of FF Member /OSBPs,Short Position,Change from Previous Trading Day
Contract Code：fu2609,,,,,,,,,,2026-05-06,
1,0004(brokerage business),15461,-1444,1,0148(brokerage business),13659,619,1,0004(brokerage business),9586,361
2,0163(brokerage business),8956,-12281,2,0004(brokerage business),8655,1714,2,0103(brokerage business),7140,2957
3,0148(brokerage business),8614,-4755,3,0163(brokerage business),8274,63,3,0148(brokerage business),6384,505
4,0272(brokerage business),4451,-831,4,0372(brokerage business),6912,95,4,0272(brokerage business),5385,185
5,0103(brokerage business),3998,642,5,0084(brokerage business),4566,0,5,0034(brokerage business),3585,1160
6,0081(brokerage business),3437,-3106,6,0272(brokerage business),4231,1112,6,0319(brokerage business),3354,235
7,0275(brokerage business),3352,-1872,7,0253(brokerage business),3721,196,7,0163(brokerage business),3292,-287
8,0042(brokerage business),3264,-1891,8,0239(brokerage business),3183,-253,8,0253(brokerage business),3114,-83
9,0096(brokerage business),3165,1709,9,0123(brokerage business),2836,47,9,0018(brokerage business),3009,196
10,0034(brokerage business),2973,-781,10,0082(brokerage business),2801,1042,10,0042(brokerage business),2504,-405
11,0253(brokerage business),2477,-2056,11,0059(brokerage business),1998,937,11,0059(brokerage business),2288,-28
12,0123(brokerage business),2271,-1511,12,0042(brokerage business),1826,-379,12,0240(brokerage business),2169,125
13,0240(brokerage business),1713,-2965,13,0103(brokerage business),1693,35,13,0275(brokerage business),1930,71
14,0082(brokerage business),1589,-679,14,0240(brokerage business),1648,142,14,0298(brokerage business),1803,90
15,0338(brokerage business),1401,-588,15,0288(brokerage business),1608,35,15,0137(brokerage business),1749,368
16,0177(brokerage business),1325,1035,16,0081(brokerage business),1590,-189,16,0268(brokerage business),1720,104
17,0268(brokerage business),1302,-1817,17,0125(brokerage business),1552,-3,17,0151(brokerage business),1658,-209
18,0059(brokerage business),1279,-411,18,0335(brokerage business),1495,139,18,0177(brokerage business),1378,1144
19,0298(brokerage business),1239,-1069,19,0096(brokerage business),1449,-232,19,0139(brokerage business),1366,453
20,0137(brokerage business),1229,-732,20,0043(brokerage business),1397,-39,20,0333(brokerage business),1359,656
Total,,73496,-35403,Total,,75094,5081,Total,,64773,7598
Member/OSP Type,Total Volume,Change from Previous Trading Day,Member/OSP Type,Total Long Position,Change from Previous Trading Day,Member/OSP Type,Total Short Position,Change from Previous Trading Day,,,
Contract Code：buall,,,,,,,2026-05-06,,,,
Name of FF Member/OSBP,627080,-614718,Name of FF Member/OSBP,452859,20764,Name of FF Member/OSBP,452159,20764,,,
Name of Non-FF Member/OSNBP,0,0,Name of Non-FF Member/OSNBP,0,0,Name of Non-FF Member/OSNBP,700,0,,,
Ranking,Name of FF Member /OSBPs,Volume,Change from Previous Trading Day,Ranking,Name of FF Member /OSBPs,Long Position,Change from Previous Trading Day,Ranking,Name of FF Member /OSBPs,Short Position,Change from Previous Trading Day
Contract Code：bu2605,,,,,,,,,,2026-05-06,
1,0253(brokerage business),281,212,1,0148(brokerage business),613,-2,1,0177(brokerage business),427,21
2,0288(brokerage business),130,-51,2,0240(brokerage business),401,-2,2,0103(brokerage business),277,0
3,0004(brokerage business),127,-69,3,0123(brokerage business),389,0,3,0081(brokerage business),250,0
4,0259(brokerage business),104,92,4,0253(brokerage business),386,-114,4,0253(brokerage business),228,161
5,0275(brokerage business),88,-161,5,0042(brokerage business),10,10,5,0007(brokerage business),199,0
6,0271(brokerage business),48,-138,6,0298(brokerage business),5,0,6,0004(brokerage business),141,-125
7,0042(brokerage business),38,-38,7,0049(brokerage business),3,3,7,0082(brokerage business),100,0
8,0308(brokerage business),36,-29,8,0186(brokerage business),2,0,8,0058(brokerage business),34,-1
9,0177(brokerage business),21,-252,9,0274(brokerage business),2,2,9,0372(brokerage business),27,0
10,0049(brokerage business),15,-116,10,0077(brokerage business),1,0,10,0342(brokerage business),17,0
11,0148(brokerage business),15,-61,11,0089(brokerage business),1,0,11,0288(brokerage business),14,-122
12,0163(brokerage business),14,-88,12,0177(brokerage business),1,0,12,0107(brokerage business),9,0
13,0156(brokerage business),11,1,13,0311(brokerage business),1,0,13,0019(brokerage business),8,0
14,0333(brokerage business),8,-28,14,,,,14,0298(brokerage business),8,-7
15,0298(brokerage business),7,2,15,,,,15,0238(brokerage business),7,0
16,0019(brokerage business),6,5,16,,,,16,0272(brokerage business),7,-3
17,0067(brokerage business),6,6,17,,,,17,0156(brokerage business),5,5
18,0082(brokerage business),6,-60,18,,,,18,0018(brokerage business),4,0
19,0274(brokerage business),6,-26,19,,,,19,0029(brokerage business),4,0
20,0151(brokerage business),5,-18,20,,,,20,0086(brokerage business),4,-2
Total,,972,-817,Total,,1815,-103,Total,,1770,-73
Ranking,Name of FF Member /OSBPs,Volume,Change from Previous Trading Day,Ranking,Name of FF Member /OSBPs,Long Position,Change from Previous Trading Day,Ranking,Name of FF Member /OSBPs,Short Position,Change from Previous Trading Day
Contract Code：bu2606,,,,,,,,,,2026-05-06,
1,0004(brokerage business),59635,-40701,1,0004(brokerage business),25538,673,1,0272(brokerage business),16003,168
2,0163(brokerage business),47588,-48949,2,0163(brokerage business),15490,3659,2,0004(brokerage business),15018,560
3,0275(brokerage business),39830,-17140,3,0103(brokerage business),15242,-880,3,0275(brokerage business),14453,1303
4,0081(brokerage business),34499,-7331,4,0148(brokerage business),13349,-200,4,0177(brokerage business),7710,96
5,0148(brokerage business),33759,-51946,5,0253(brokerage business),10392,-72,5,0081(brokerage business),7562,356
6,0123(brokerage business),19885,-19906,6,0272(brokerage business),8404,-355,6,0148(brokerage business),7543,607
7,0240(brokerage business),14996,-45790,7,0240(brokerage business),4713,-61,7,0240(brokerage business),7003,645
8,0272(brokerage business),13365,-13759,8,0082(brokerage business),4133,30,8,0253(brokerage business),6694,-1251
9,0259(brokerage business),10761,-19590,9,0059(brokerage business),3983,326,9,0333(brokerage business),6509,-115
10,0268(brokerage business),9597,-7760,10,0288(brokerage business),3525,-136,10,0151(brokerage business),6442,-16
11,0253(brokerage business),9595,-18185,11,0018(brokerage business),3467,361,11,0103(brokerage business),5396,253
12,0034(brokerage business),7903,-6741,12,0335(brokerage business),3444,284,12,0163(brokerage business),5355,235
13,0186(brokerage business),7612,-3831,13,0069(brokerage business),3312,721,13,0123(brokerage business),4643,25
14,0308(brokerage business),5589,-6876,14,0042(brokerage business),2907,-88,14,0268(brokerage business),4396,397
15,0288(brokerage business),5041,-6108,15,0311(brokerage business),2870,505,15,0082(brokerage business),4279,132
16,0137(brokerage business),4266,-4762,16,0034(brokerage business),2818,86,16,0121(brokerage business),4157,60
17,0333(brokerage business),4245,-3168,17,0151(brokerage business),2687,220,17,0244(brokerage business),3079,128
18,0069(brokerage business),3939,-3637,18,0123(brokerage business),2649,-200,18,0058(brokerage business),2791,-60
19,0082(brokerage business),3874,-8305,19,0275(brokerage business),2586,-371,19,0034(brokerage business),2619,13
20,0244(brokerage business),3652,-4102,20,0007(brokerage business),2585,42,20,0125(brokerage business),2571,-7
Total,,339631,-338587,Total,,134094,4544,Total,,134223,3529
Ranking,Name of FF Member /OSBPs,Volume,Change from Previous Trading Day,Ranking,Name of FF Member /OSBPs,Long Position,Change from Previous Trading Day,Ranking,Name of FF Member /OSBPs,Short Position,Change from Previous Trading Day
Contract Code：bu2607,,,,,,,,,,2026-05-06,
1,0163(brokerage business),13401,-8016,1,0148(brokerage business),11310,-360,1,0139(brokerage business),8460,520
2,0148(brokerage business),7027,-5144,2,0103(brokerage business),10743,362,2,0148(brokerage business),7725,431
3,0004(brokerage business),5279,-463,3,0004(brokerage business),7963,-135,3,0123(brokerage business),6671,684
4,0082(brokerage business),2864,-3903,4,0123(brokerage business),7060,419,4,0272(brokerage business),5320,341
5,0081(brokerage business),2851,-2989,5,0082(brokerage business),4251,3,5,0081(brokerage business),4773,544
6,0123(brokerage business),2821,-2673,6,0137(brokerage business),4228,498,6,0004(brokerage business),4286,100
7,0275(brokerage business),2775,-5017,7,0161(brokerage business),4039,-29,7,0137(brokerage business),4223,342
8,0161(brokerage business),2369,39,8,0139(brokerage business),3718,509,8,0082(brokerage business),4207,-55
9,0009(brokerage business),1687,-953,9,0069(brokerage business),3508,371,9,0275(brokerage business),4097,-22
10,0069(brokerage business),1645,-278,10,0177(brokerage business),3084,201,10,0125(brokerage business),4022,3
11,0059(brokerage business),1593,-137,11,0059(brokerage business),2903,580,11,0103(brokerage business),4005,-1069
12,0103(brokerage business),1567,-1617,12,0081(brokerage business),2793,367,12,0161(brokerage business),4004,-20
13,0272(brokerage business),1476,-1520,13,0275(brokerage business),2742,-9,13,0069(brokerage business),3677,490
14,0268(brokerage business),1364,-716,14,0009(brokerage business),2665,-13,14,0240(brokerage business),2776,106
15,0043(brokerage business),1209,-441,15,0254(brokerage business),2309,-1,15,0059(brokerage business),2595,491
16,0007(brokerage business),1208,-463,16,0268(brokerage business),2267,-91,16,0058(brokerage business),2312,-326
17,0139(brokerage business),1199,-1554,17,0272(brokerage business),2181,137,17,0151(brokerage business),2311,8
18,0137(brokerage business),1058,-681,18,0239(brokerage business),2006,0,18,0009(brokerage business),2221,-8
19,0308(brokerage business),786,41,19,0253(brokerage business),1950,-10,19,0268(brokerage business),2113,19
20,0240(brokerage business),703,-1060,20,0163(brokerage business),1711,55,20,0244(brokerage business),2102,104
Total,,54882,-37545,Total,,83431,2854,Total,,81900,2683
Ranking,Name of FF Member /OSBPs,Volume,Change from Previous Trading Day,Ranking,Name of FF Member /OSBPs,Long Position,Change from Previous Trading Day,Ranking,Name of FF Member /OSBPs,Short Position,Change from Previous Trading Day
Contract Code：bu2609,,,,,,,,,,2026-05-06,
1,0163(brokerage business),14447,-9158,1,0103(brokerage business),15607,2603,1,0004(brokerage business),13371,684
2,0004(brokerage business),9914,-5445,2,0148(brokerage business),12809,1101,2,0123(brokerage business),9747,77
3,0148(brokerage business),8624,-14217,3,0239(brokerage business),11562,1213,3,0148(brokerage business),9694,235
4,0103(brokerage business),5857,1199,4,0004(brokerage business),9734,384,4,0103(brokerage business),5760,2406
5,0308(brokerage business),4454,-1044,5,0163(brokerage business),6881,630,5,0253(brokerage business),5206,-207
6,0240(brokerage business),3043,-2555,6,0272(brokerage business),6311,-184,6,0177(brokerage business),4031,306
7,0081(brokerage business),2897,-3680,7,0069(brokerage business),5619,-41,7,0272(brokerage business),3567,572
8,0275(brokerage business),2711,-1250,8,0335(brokerage business),5357,416,8,0059(brokerage business),2710,18
9,0272(brokerage business),2392,-1633,9,0253(brokerage business),2551,146,9,0081(brokerage business),2503,117
10,0253(brokerage business),1901,-668,10,0042(brokerage business),2489,87,10,0275(brokerage business),2096,-349
11,0333(brokerage business),1710,-145,11,0123(brokerage business),2440,55,11,0034(brokerage business),1976,-207
12,0239(brokerage business),1546,-784,12,0084(brokerage business),2026,0,12,0019(brokerage business),1970,178
13,0123(brokerage business),1422,-1896,13,0137(brokerage business),1942,-77,13,0268(brokerage business),1949,-252
14,0034(brokerage business),1386,-564,14,0299(brokerage business),1682,-144,14,0018(brokerage business),1933,-71
15,0254(brokerage business),1250,1089,15,0034(brokerage business),1440,-171,15,0125(brokerage business),1579,287
16,0042(brokerage business),1198,108,16,0019(brokerage business),1357,343,16,0333(brokerage business),1506,180
17,0043(brokerage business),1132,-495,17,0275(brokerage business),1043,-292,17,0096(brokerage business),1495,31
18,0268(brokerage business),1007,-544,18,0059(brokerage business),1025,-81,18,0139(brokerage business),1485,12
19,0271(brokerage business),814,-250,19,0323(brokerage business),1008,-17,19,0308(brokerage business),1473,104
20,0186(brokerage business),793,-234,20,0077(brokerage business),901,-12,20,0058(brokerage business),1329,147
Total,,68498,-42166,Total,,93784,5959,Total,,75380,4268
Member/OSP Type,Total Volume,Change from Previous Trading Day,Member/OSP Type,Total Long Position,Change from Previous Trading Day,Member/OSP Type,Total Short Position,Change from Previous Trading Day,,,
Contract Code：brall,,,,,,,2026-05-06,,,,
Name of FF Member/OSBP,448470,-462370,Name of FF Member/OSBP,109676,6883,Name of FF Member/OSBP,109676,6883,,,
Name of Non-FF Member/OSNBP,0,0,Name of Non-FF Member/OSNBP,0,0,Name of Non-FF Member/OSNBP,0,0,,,
Ranking,Name of FF Member /OSBPs,Volume,Change from Previous Trading Day,Ranking,Name of FF Member /OSBPs,Long Position,Change from Previous Trading Day,Ranking,Name of FF Member /OSBPs,Short Position,Change from Previous Trading Day
Contract Code：br2605,,,,,,,,,,2026-05-06,
1,0004(brokerage business),550,90,1,0004(brokerage business),362,0,1,0004(brokerage business),744,314
2,0272(brokerage business),230,-790,2,0123(brokerage business),260,-6,2,0272(brokerage business),258,-104
3,0058(brokerage business),218,-8,3,0177(brokerage business),248,-16,3,0096(brokerage business),184,0
4,0275(brokerage business),212,-946,4,0103(brokerage business),242,4,4,0163(brokerage business),144,-2
5,0148(brokerage business),112,-1634,5,0163(brokerage business),220,52,5,0077(brokerage business),138,-8
6,0268(brokerage business),109,-381,6,0082(brokerage business),170,0,6,0123(brokerage business),132,-2
7,0288(brokerage business),106,-261,7,0069(brokerage business),160,-2,7,0253(brokerage business),118,-16
8,0163(brokerage business),98,-326,8,0272(brokerage business),92,22,8,0125(brokerage business),106,0
9,0138(brokerage business),80,-85,9,0058(brokerage business),76,76,9,0148(brokerage business),68,-14
10,0069(brokerage business),40,-208,10,0240(brokerage business),74,-14,10,0103(brokerage business),66,0
11,0385(brokerage business),40,0,11,0148(brokerage business),64,-2,11,0385(brokerage business),40,0
12,0042(brokerage business),36,-17,12,0008(brokerage business),60,0,12,0042(brokerage business),28,0
13,0137(brokerage business),36,-44,13,0007(brokerage business),40,-2,13,0186(brokerage business),28,-11
14,0186(brokerage business),35,-85,14,0042(brokerage business),32,12,14,0115(brokerage business),26,-4
15,0034(brokerage business),33,-87,15,0096(brokerage business),30,16,15,0372(brokerage business),24,0
16,0095(brokerage business),32,-60,16,0186(brokerage business),24,-8,16,0136(brokerage business),20,-10
17,0271(brokerage business),28,-598,17,0372(brokerage business),24,-2,17,0254(brokerage business),20,0
18,0274(brokerage business),24,-19,18,0029(brokerage business),16,-5,18,0244(brokerage business),16,0
19,0077(brokerage business),22,-69,19,0034(brokerage business),16,-3,19,0288(brokerage business),14,-20
20,0121(brokerage business),22,-49,20,0288(brokerage business),14,-2,20,0177(brokerage business),12,0
Total,,2063,-5577,Total,,2224,120,Total,,2186,123
Ranking,Name of FF Member /OSBPs,Volume,Change from Previous Trading Day,Ranking,Name of FF Member /OSBPs,Long Position,Change from Previous Trading Day,Ranking,Name of FF Member /OSBPs,Short Position,Change from Previous Trading Day
Contract Code：br2606,,,,,,,,,,2026-05-06,
1,0081(brokerage business),44130,-30158,1,0004(brokerage business),6657,817,1,0004(brokerage business),6349,27
2,0148(brokerage business),42655,-75653,2,0148(brokerage business),5051,844,2,0163(brokerage business),3074,155
3,0004(brokerage business),33190,-18043,3,0163(brokerage business),2160,734,3,0148(brokerage business),2892,-179
4,0123(brokerage business),23002,-879,4,0240(brokerage business),1750,184,4,0253(brokerage business),1934,52
5,0163(brokerage business),18259,-23929,5,0253(brokerage business),1624,-132,5,0082(brokerage business),1883,-29
6,0253(brokerage business),16072,-12717,6,0103(brokerage business),1513,-104,6,0275(brokerage business),1351,398
7,0275(brokerage business),12477,-1391,7,0272(brokerage business),1081,-96,7,0177(brokerage business),1311,94
8,0259(brokerage business),12416,-23155,8,0059(brokerage business),984,186,8,0272(brokerage business),1289,173
9,0240(brokerage business),10133,-23987,9,0323(brokerage business),952,391,9,0240(brokerage business),1170,107
10,0272(brokerage business),7763,-8202,10,0067(brokerage business),942,10,10,0123(brokerage business),1095,47
11,0186(brokerage business),6768,-8789,11,0268(brokerage business),915,57,11,0103(brokerage business),1091,32
12,0298(brokerage business),5423,-10490,12,0018(brokerage business),846,64,12,0081(brokerage business),1045,56
13,0034(brokerage business),5016,-6636,13,0389(brokerage business),768,44,13,0125(brokerage business),918,108
14,0268(brokerage business),4163,-6322,14,0137(brokerage business),759,-193,14,0298(brokerage business),884,230
15,0308(brokerage business),3659,-3041,15,0321(brokerage business),694,-7,15,0059(brokerage business),877,153
16,0244(brokerage business),3368,-3642,16,0082(brokerage business),667,10,16,0029(brokerage business),792,288
17,0323(brokerage business),3108,-2677,17,0151(brokerage business),659,-85,17,0034(brokerage business),783,64
18,0288(brokerage business),2951,-3965,18,0034(brokerage business),653,-68,18,0139(brokerage business),729,-16
19,0137(brokerage business),2894,-3764,19,0123(brokerage business),648,99,19,0311(brokerage business),683,-92
20,0019(brokerage business),2505,-1260,20,0333(brokerage business),623,488,20,0323(brokerage business),672,19
Total,,259952,-268700,Total,,29946,3243,Total,,30822,1687
Ranking,Name of FF Member /OSBPs,Volume,Change from Previous Trading Day,Ranking,Name of FF Member /OSBPs,Long Position,Change from Previous Trading Day,Ranking,Name of FF Member /OSBPs,Short Position,Change from Previous Trading Day
Contract Code：br2607,,,,,,,,,,2026-05-06,
1,0081(brokerage business),16595,-4638,1,0004(brokerage business),8636,-161,1,0004(brokerage business),12264,950
2,0004(brokerage business),12741,-7048,2,0148(brokerage business),4244,48,2,0272(brokerage business),3776,169
3,0148(brokerage business),8694,-13618,3,0103(brokerage business),3979,-85,3,0148(brokerage business),2838,442
4,0275(brokerage business),6377,-2926,4,0163(brokerage business),3687,293,4,0096(brokerage business),2691,182
5,0163(brokerage business),5590,-4207,5,0069(brokerage business),2749,638,5,0275(brokerage business),2006,272
6,0123(brokerage business),4499,-249,6,0123(brokerage business),1735,254,6,0240(brokerage business),1869,50
7,0007(brokerage business),2763,-1363,7,0067(brokerage business),1516,18,7,0077(brokerage business),1340,-21
8,0240(brokerage business),2733,-1625,8,0272(brokerage business),1429,-18,8,0082(brokerage business),1090,14
9,0272(brokerage business),2491,423,9,0096(brokerage business),1243,-124,9,0253(brokerage business),780,-172
10,0259(brokerage business),2065,-163,10,0269(brokerage business),1157,0,10,0121(brokerage business),759,-11
11,0069(brokerage business),1367,-145,11,0240(brokerage business),1030,289,11,0123(brokerage business),704,51
12,0308(brokerage business),1363,-175,12,0254(brokerage business),848,106,12,0107(brokerage business),703,2
13,0253(brokerage business),1153,-2760,13,0042(brokerage business),811,51,13,0259(brokerage business),623,239
14,0043(brokerage business),717,-305,14,0058(brokerage business),771,46,14,0103(brokerage business),621,263
15,0059(brokerage business),709,-1402,15,0082(brokerage business),767,108,15,0177(brokerage business),505,23
16,0082(brokerage business),664,259,16,0253(brokerage business),682,75,16,0268(brokerage business),496,-17
17,0103(brokerage business),610,-1831,17,0385(brokerage business),645,202,17,0323(brokerage business),426,7
18,0271(brokerage business),568,-909,18,0153(brokerage business),565,30,18,0151(brokerage business),422,-19
19,0268(brokerage business),527,-674,19,0125(brokerage business),523,-30,19,0342(brokerage business),390,0
20,0096(brokerage business),478,-1137,20,0335(brokerage business),408,16,20,0163(brokerage business),363,37
Total,,72704,-44493,Total,,37425,1756,Total,,34666,2461
Member/OSP Type,Total Volume,Change from Previous Trading Day,Member/OSP Type,Total Long Position,Change from Previous Trading Day,Member/OSP Type,Total Short Position,Change from Previous Trading Day,,,
Contract Code：ruall,,,,,,,2026-05-06,,,,
Name of FF Member/OSBP,533758,-64150,Name of FF Member/OSBP,227232,10941,Name of FF Member/OSBP,226660,10891,,,
Name of Non-FF Member/OSNBP,50,50,Name of Non-FF Member/OSNBP,0,0,Name of Non-FF Member/OSNBP,572,50,,,
Ranking,Name of FF Member /OSBPs,Volume,Change from Previous Trading Day,Ranking,Name of FF Member /OSBPs,Long Position,Change from Previous Trading Day,Ranking,Name of FF Member /OSBPs,Short Position,Change from Previous Trading Day
Contract Code：ru2605,,,,,,,,,,2026-05-06,
1,0058(brokerage business),195,114,1,0004(brokerage business),723,-8,1,0275(brokerage business),515,-2
2,0272(brokerage business),194,-186,2,0272(brokerage business),377,-40,2,0059(brokerage business),306,-4
3,0148(brokerage business),179,-559,3,0253(brokerage business),368,-6,3,0148(brokerage business),198,6
4,0163(brokerage business),170,-876,4,0148(brokerage business),315,-5,4,0004(brokerage business),160,-12
5,0042(brokerage business),168,137,5,0323(brokerage business),222,-90,5,0082(brokerage business),122,-1
6,0151(brokerage business),116,-525,6,0096(brokerage business),178,-3,6,0123(brokerage business),120,-19
7,0125(brokerage business),110,-168,7,0151(brokerage business),115,20,7,0177(brokerage business),111,-20
8,0004(brokerage business),104,-629,8,0177(brokerage business),104,-2,8,0240(brokerage business),103,-6
9,0275(brokerage business),103,-555,9,0081(brokerage business),63,1,9,0043(brokerage business),94,0
10,0308(brokerage business),97,-126,10,0321(brokerage business),55,0,10,0096(brokerage business),75,-13
11,0323(brokerage business),92,-75,11,0043(brokerage business),51,-1,11,0081(brokerage business),73,-22
12,0274(brokerage business),66,34,12,0058(brokerage business),23,-52,12,0272(brokerage business),69,-18
13,0121(brokerage business),62,-16,13,0163(brokerage business),21,-43,13,0019(brokerage business),56,-10
14,0081(brokerage business),57,32,14,0139(brokerage business),17,-9,14,0103(brokerage business),53,-9
15,0240(brokerage business),45,-314,15,0157(brokerage business),16,-1,15,0277(brokerage business),50,0
16,0138(brokerage business),44,20,16,0275(brokerage business),16,-15,16,0169(brokerage business),45,-8
17,0257(brokerage business),42,38,17,0048(brokerage business),15,0,17,0338(brokerage business),44,0
18,0280(brokerage business),35,16,18,0288(brokerage business),14,-10,18,0125(brokerage business),42,-75
19,0253(brokerage business),30,-388,19,0072(brokerage business),13,0,19,0288(brokerage business),42,-4
20,0013(brokerage business),29,19,20,0125(brokerage business),12,-35,20,0308(brokerage business),35,-88
Total,,1938,-4007,Total,,2718,-299,Total,,2313,-305
Ranking,Name of FF Member /OSBPs,Volume,Change from Previous Trading Day,Ranking,Name of FF Member /OSBPs,Long Position,Change from Previous Trading Day,Ranking,Name of FF Member /OSBPs,Short Position,Change from Previous Trading Day
Contract Code：ru2609,,,,,,,,,,2026-05-06,
1,0004(brokerage business),113485,14874,1,0004(brokerage business),18353,1282,1,0004(brokerage business),38841,3037
2,0148(brokerage business),52190,18859,2,0148(brokerage business),9920,542,2,0148(brokerage business),13503,642
3,0163(brokerage business),36448,-18048,3,0253(brokerage business),9165,-91,3,0163(brokerage business),9846,284
4,0253(brokerage business),34977,-10540,4,0103(brokerage business),8532,898,4,0082(brokerage business),9090,559
5,0259(brokerage business),32095,-31831,5,0272(brokerage business),8323,397,5,0253(brokerage business),6683,714
6,0123(brokerage business),16346,178,6,0163(brokerage business),7972,414,6,0275(brokerage business),6596,531
7,0240(brokerage business),14408,-11126,7,0240(brokerage business),4558,20,7,0372(brokerage business),6091,58
8,0275(brokerage business),13029,275,8,0077(brokerage business),4479,383,8,0151(brokerage business),5746,267
9,0272(brokerage business),9749,637,9,0323(brokerage business),4393,418,9,0125(brokerage business),5533,719
10,0081(brokerage business),8633,-4160,10,0268(brokerage business),3924,248,10,0272(brokerage business),5073,-286
11,0034(brokerage business),7238,-347,11,0277(brokerage business),3679,251,11,0123(brokerage business),5043,-211
12,0268(brokerage business),5830,1027,12,0081(brokerage business),3601,115,12,0059(brokerage business),4856,108
13,0069(brokerage business),5603,-61,13,0069(brokerage business),3304,909,13,0103(brokerage business),4826,-196
14,0186(brokerage business),5081,-1549,14,0067(brokerage business),3119,126,14,0096(brokerage business),4324,62
15,0043(brokerage business),4259,-312,15,0018(brokerage business),3033,178,15,0177(brokerage business),3921,204
16,0323(brokerage business),4011,-2163,16,0034(brokerage business),2910,395,16,0240(brokerage business),3526,-26
17,0058(brokerage business),3826,1394,17,0082(brokerage business),2761,-26,17,0077(brokerage business),3291,102
18,0274(brokerage business),3756,155,18,0123(brokerage business),2737,69,18,0157(brokerage business),2916,35
19,0103(brokerage business),3676,-802,19,0177(brokerage business),2611,403,19,0058(brokerage business),2878,64
20,0308(brokerage business),3488,444,20,0274(brokerage business),2604,83,20,0305(brokerage business),2580,-1
Total,,378128,-43096,Total,,109978,7014,Total,,145163,6666
Ranking,Name of FF Member /OSBPs,Volume,Change from Previous Trading Day,Ranking,Name of FF Member /OSBPs,Long Position,Change from Previous Trading Day,Ranking,Name of FF Member /OSBPs,Short Position,Change from Previous Trading Day
Contract Code：ru2701,,,,,,,,,,2026-05-06,
1,0004(brokerage business),7350,735,1,0253(brokerage business),2239,-29,1,0082(brokerage business),6992,51
2,0253(brokerage business),5812,-1362,2,0004(brokerage business),1690,324,2,0004(brokerage business),2241,118
3,0148(brokerage business),4715,-1537,3,0272(brokerage business),1364,93,3,0123(brokerage business),1621,45
4,0272(brokerage business),2858,288,4,0277(brokerage business),1271,481,4,0372(brokerage business),1361,6
5,0275(brokerage business),2562,714,5,0077(brokerage business),730,0,5,0275(brokerage business),770,404
6,0163(brokerage business),2084,330,6,0240(brokerage business),699,32,6,0019(brokerage business),524,21
7,0081(brokerage business),1148,630,7,0323(brokerage business),626,9,7,0096(brokerage business),422,20
8,0259(brokerage business),857,363,8,0163(brokerage business),601,-7,8,0177(brokerage business),380,3
9,0240(brokerage business),718,111,9,0148(brokerage business),545,92,9,0151(brokerage business),290,191
10,0125(brokerage business),564,561,10,0082(brokerage business),538,1,10,0240(brokerage business),281,-8
11,0277(brokerage business),536,523,11,0034(brokerage business),452,15,11,0059(brokerage business),221,19
12,0123(brokerage business),428,228,12,0069(brokerage business),391,21,12,0148(brokerage business),216,17
13,0096(brokerage business),420,119,13,0018(brokerage business),348,-3,13,0125(brokerage business),212,2
14,0043(brokerage business),307,-325,14,0349(brokerage business),347,0,14,0139(brokerage business),182,6
15,0274(brokerage business),269,21,15,0333(brokerage business),291,-1,15,0335(brokerage business),176,1
16,0059(brokerage business),246,201,16,0103(brokerage business),282,9,16,0121(brokerage business),140,33
17,0151(brokerage business),241,132,17,0019(brokerage business),241,28,17,0156(brokerage business),116,3
18,0268(brokerage business),241,132,18,0335(brokerage business),236,42,18,0272(brokerage business),110,5
19,0069(brokerage business),229,141,19,0275(brokerage business),222,32,19,0034(brokerage business),106,9
20,0238(brokerage business),222,72,20,0048(brokerage business),211,7,20,0249(brokerage business),98,5
Total,,31807,2077,Total,,13324,1146,Total,,16459,951
Ranking,Name of FF Member /OSBPs,Volume,Change from Previous Trading Day,Ranking,Name of FF Member /OSBPs,Long Position,Change from Previous Trading Day,Ranking,Name of FF Member /OSBPs,Short Position,Change from Previous Trading Day
Contract Code：nr2605,,,,,,,,,,2026-05-06,
1,8004(brokerage business),140,98,1,8096(brokerage business),200,10,1,8253(brokerage business),110,0
2,8272(brokerage business),60,20,2,8004(brokerage business),120,0,2,8125(brokerage business),100,0
3,8151(brokerage business),50,4,3,8321(brokerage business),30,0,3,8004(brokerage business),60,0
4,8253(brokerage business),50,-61,4,8151(brokerage business),20,-10,4,8121(brokerage business),60,0
5,8025(brokerage business),40,38,5,8177(brokerage business),20,0,5,8177(brokerage business),30,0
6,8042(brokerage business),40,39,6,8272(brokerage business),20,20,6,8288(brokerage business),30,0
7,8163(brokerage business),20,-161,7,8001(brokerage business),10,0,7,8323(brokerage business),30,0
8,8069(brokerage business),10,10,8,8069(brokerage business),10,10,8,8123(brokerage business),10,0
9,8096(brokerage business),10,-25,9,8125(brokerage business),10,0,9,8169(brokerage business),10,0
Total,,420,-38,Total,,440,30,Total,,440,0
Ranking,Name of FF Member /OSBPs,Volume,Change from Previous Trading Day,Ranking,Name of FF Member /OSBPs,Long Position,Change from Previous Trading Day,Ranking,Name of FF Member /OSBPs,Short Position,Change from Previous Trading Day
Contract Code：nr2606,,,,,,,,,,2026-05-06,
1,8004(brokerage business),17018,2948,1,8004(brokerage business),4274,-275,1,8004(brokerage business),5823,-671
2,8253(brokerage business),15758,3184,2,8103(brokerage business),3426,-567,2,8148(brokerage business),3353,-238
3,8163(brokerage business),14328,-3216,3,8163(brokerage business),2592,-189,3,8372(brokerage business),2662,-54
4,8148(brokerage business),13077,-1980,4,8148(brokerage business),2266,-801,4,8077(brokerage business),2294,-384
5,8123(brokerage business),7614,2882,5,8137(brokerage business),1402,8,5,8272(brokerage business),1954,-71
6,8081(brokerage business),5343,1910,6,8275(brokerage business),1055,-14,6,8163(brokerage business),1586,115
7,8272(brokerage business),4313,1147,7,8177(brokerage business),1052,-11,7,8096(brokerage business),1372,-53
8,8259(brokerage business),2387,-64,8,8034(brokerage business),983,-106,8,8323(brokerage business),1166,-583
9,8275(brokerage business),1825,-369,9,8151(brokerage business),971,-2,9,8058(brokerage business),1119,-188
10,8103(brokerage business),1502,526,10,8335(brokerage business),970,-335,10,8275(brokerage business),1065,-265
11,8323(brokerage business),1115,278,11,8240(brokerage business),963,-118,11,8253(brokerage business),910,10
12,8096(brokerage business),1087,-2443,12,8253(brokerage business),930,-192,12,8034(brokerage business),891,-13
13,8268(brokerage business),1087,392,13,8096(brokerage business),760,-76,13,8151(brokerage business),860,-6
14,8186(brokerage business),976,-444,14,8186(brokerage business),725,16,14,8125(brokerage business),769,10
15,8082(brokerage business),961,149,15,8308(brokerage business),725,-26,15,8103(brokerage business),752,-437
16,8288(brokerage business),927,271,16,8272(brokerage business),664,-276,16,8136(brokerage business),731,-1
17,8059(brokerage business),796,-763,17,8082(brokerage business),646,-190,17,8240(brokerage business),708,10
18,8043(brokerage business),792,-326,18,8274(brokerage business),620,123,18,8186(brokerage business),705,12
19,8034(brokerage business),755,-105,19,8323(brokerage business),618,-66,19,8003(brokerage business),680,-1
20,8240(brokerage business),726,-249,20,8077(brokerage business),611,-59,20,8254(brokerage business),634,241
Total,,92387,3728,Total,,26253,-3156,Total,,30034,-2567
Ranking,Name of FF Member /OSBPs,Volume,Change from Previous Trading Day,Ranking,Name of FF Member /OSBPs,Long Position,Change from Previous Trading Day,Ranking,Name of FF Member /OSBPs,Short Position,Change from Previous Trading Day
Contract Code：nr2607,,,,,,,,,,2026-05-06,
1,8163(brokerage business),17054,1216,1,8004(brokerage business),5727,983,1,8004(brokerage business),9653,1409
2,8253(brokerage business),15943,6749,2,8184(brokerage business),5520,587,2,8148(brokerage business),7402,579
3,8004(brokerage business),13980,4457,3,8148(brokerage business),5263,-243,3,8123(brokerage business),3639,683
4,8148(brokerage business),7448,1273,4,8103(brokerage business),4659,270,4,8272(brokerage business),3090,572
5,8123(brokerage business),5064,2770,5,8335(brokerage business),3107,195,5,8372(brokerage business),3034,-2
6,8081(brokerage business),3254,1376,6,8163(brokerage business),2788,693,6,8275(brokerage business),2404,301
7,8272(brokerage business),2434,294,7,8084(brokerage business),2588,20,7,8163(brokerage business),2272,399
8,8274(brokerage business),2198,1690,8,8239(brokerage business),2092,-974,8,8077(brokerage business),2236,376
9,8308(brokerage business),2123,-241,9,8277(brokerage business),1628,-65,9,8323(brokerage business),1970,378
10,8259(brokerage business),2120,1501,10,8274(brokerage business),1518,1063,10,8103(brokerage business),1628,433
11,8096(brokerage business),1900,573,11,8240(brokerage business),1489,87,11,8125(brokerage business),1602,3
12,8103(brokerage business),1751,189,12,8253(brokerage business),1475,600,12,8177(brokerage business),1295,178
13,8275(brokerage business),1573,398,13,8272(brokerage business),1262,-92,13,8096(brokerage business),1285,-95
14,8239(brokerage business),1459,775,14,8034(brokerage business),1255,273,14,8240(brokerage business),1256,26
15,8067(brokerage business),1361,673,15,8151(brokerage business),1200,100,15,8003(brokerage business),1125,10
16,8323(brokerage business),1133,421,16,8177(brokerage business),1184,642,16,8389(brokerage business),1080,197
17,8082(brokerage business),1127,280,17,8082(brokerage business),1051,212,17,8253(brokerage business),1051,143
18,8058(brokerage business),974,415,18,8137(brokerage business),1033,86,18,8151(brokerage business),1025,1
19,8271(brokerage business),957,494,19,8077(brokerage business),945,21,19,8084(brokerage business),1000,-1
20,8009(brokerage business),954,622,20,8275(brokerage business),896,72,20,8009(brokerage business),984,-56
Total,,84807,25925,Total,,46680,4530,Total,,49031,5534
Member/OSP Type,Total Volume,Change from Previous Trading Day,Member/OSP Type,Total Long Position,Change from Previous Trading Day,Member/OSP Type,Total Short Position,Change from Previous Trading Day,,,
Contract Code：spall,,,,,,,2026-05-06,,,,
Name of FF Member/OSBP,352454,-101602,Name of FF Member/OSBP,381434,2263,Name of FF Member/OSBP,381434,2263,,,
Name of Non-FF Member/OSNBP,0,0,Name of Non-FF Member/OSNBP,0,0,Name of Non-FF Member/OSNBP,0,0,,,
Ranking,Name of FF Member /OSBPs,Volume,Change from Previous Trading Day,Ranking,Name of FF Member /OSBPs,Long Position,Change from Previous Trading Day,Ranking,Name of FF Member /OSBPs,Short Position,Change from Previous Trading Day
Contract Code：sp2605,,,,,,,,,,2026-05-06,
1,0004(brokerage business),1032,-2664,1,0253(brokerage business),1338,-110,1,0004(brokerage business),3070,-870
2,0272(brokerage business),458,-293,2,0096(brokerage business),808,-202,2,0163(brokerage business),1588,-58
3,0148(brokerage business),429,-1104,3,0004(brokerage business),682,-22,3,0009(brokerage business),620,0
4,0163(brokerage business),260,-1251,4,0148(brokerage business),560,-344,4,0272(brokerage business),478,-298
5,0096(brokerage business),258,-560,5,0009(brokerage business),554,-6,5,0123(brokerage business),414,0
6,0268(brokerage business),228,30,6,0272(brokerage business),472,4,6,0148(brokerage business),414,-13
7,0277(brokerage business),216,136,7,0163(brokerage business),394,-154,7,0153(brokerage business),376,0
8,0125(brokerage business),200,-277,8,0136(brokerage business),382,-2,8,0268(brokerage business),294,0
9,0253(brokerage business),170,-1446,9,0082(brokerage business),380,49,9,0103(brokerage business),280,-10
10,0308(brokerage business),138,-1439,10,0042(brokerage business),244,-4,10,0096(brokerage business),270,-56
11,0177(brokerage business),132,66,11,0081(brokerage business),240,2,11,0019(brokerage business),268,0
12,0275(brokerage business),122,-759,12,0034(brokerage business),234,-14,12,0082(brokerage business),230,-20
13,0151(brokerage business),112,-176,13,0268(brokerage business),232,-228,13,0240(brokerage business),202,0
14,0271(brokerage business),112,-374,14,0067(brokerage business),220,-94,14,0253(brokerage business),194,-56
15,0418(brokerage business),101,-34,15,0008(brokerage business),160,0,15,0418(brokerage business),158,-101
16,0081(brokerage business),98,-66,16,0240(brokerage business),160,-30,16,0311(brokerage business),142,0
17,0067(brokerage business),94,-472,17,0103(brokerage business),152,26,17,0008(brokerage business),102,0
18,0042(brokerage business),88,-3,18,0186(brokerage business),132,-29,18,0177(brokerage business),82,-110
19,0333(brokerage business),84,-674,19,0058(brokerage business),126,-6,19,0244(brokerage business),38,-2
20,0082(brokerage business),71,-56,20,0288(brokerage business),120,-36,20,0034(brokerage business),30,0
Total,,4403,-11416,Total,,7590,-1200,Total,,9250,-1594
Ranking,Name of FF Member /OSBPs,Volume,Change from Previous Trading Day,Ranking,Name of FF Member /OSBPs,Long Position,Change from Previous Trading Day,Ranking,Name of FF Member /OSBPs,Short Position,Change from Previous Trading Day
Contract Code：sp2607,,,,,,,,,,2026-05-06,
1,0004(brokerage business),6546,-1488,1,0272(brokerage business),9091,226,1,0004(brokerage business),9391,781
2,0163(brokerage business),5874,-2682,2,0004(brokerage business),7436,135,2,0148(brokerage business),6365,-365
3,0148(brokerage business),5186,-5043,3,0123(brokerage business),5614,-23,3,0163(brokerage business),5986,496
4,0253(brokerage business),2466,-226,4,0096(brokerage business),5418,45,4,0103(brokerage business),5334,-307
5,0081(brokerage business),2074,314,5,0253(brokerage business),4965,-334,5,0253(brokerage business),5205,-368
6,0272(brokerage business),1513,18,6,0103(brokerage business),3922,-193,6,0272(brokerage business),4819,-343
7,0043(brokerage business),837,-419,7,0042(brokerage business),3264,-652,7,0239(brokerage business),4695,60
8,0042(brokerage business),737,657,8,0148(brokerage business),2821,-271,8,0059(brokerage business),4207,-231
9,0059(brokerage business),702,-191,9,0059(brokerage business),2769,-407,9,0157(brokerage business),2471,-154
10,0240(brokerage business),656,-251,10,0157(brokerage business),2586,-148,10,0335(brokerage business),2411,-91
11,0103(brokerage business),630,-236,11,0163(brokerage business),2381,194,11,0084(brokerage business),2395,15
12,0259(brokerage business),614,-1857,12,0277(brokerage business),2318,0,12,0274(brokerage business),2004,29
13,0008(brokerage business),555,-146,13,0268(brokerage business),2005,302,13,0153(brokerage business),1975,8
14,0268(brokerage business),533,-121,14,0043(brokerage business),1619,-343,14,0043(brokerage business),1921,-364
15,0288(brokerage business),452,200,15,0240(brokerage business),1596,-244,15,0029(brokerage business),1912,24
16,0308(brokerage business),442,131,16,0137(brokerage business),1218,-140,16,0125(brokerage business),1807,-21
17,0123(brokerage business),432,198,17,0153(brokerage business),1206,-11,17,0177(brokerage business),1750,123
18,0139(brokerage business),406,-158,18,0308(brokerage business),1123,-34,18,0058(brokerage business),1424,2
19,0077(brokerage business),382,89,19,0323(brokerage business),1031,-2,19,0240(brokerage business),1404,-78
20,0178(brokerage business),381,260,20,0069(brokerage business),1018,16,20,0009(brokerage business),1188,-111
Total,,31418,-10951,Total,,63401,-1884,Total,,68664,-895
Ranking,Name of FF Member /OSBPs,Volume,Change from Previous Trading Day,Ranking,Name of FF Member /OSBPs,Long Position,Change from Previous Trading Day,Ranking,Name of FF Member /OSBPs,Short Position,Change from Previous Trading Day
Contract Code：sp2609,,,,,,,,,,2026-05-06,
1,0004(brokerage business),72116,-9730,1,0004(brokerage business),20764,62,1,0148(brokerage business),34289,490
2,0148(brokerage business),35682,-15138,2,0163(brokerage business),11023,293,2,0004(brokerage business),23815,-772
3,0163(brokerage business),25783,-13015,3,0148(brokerage business),10395,494,3,0163(brokerage business),20612,1372
4,0253(brokerage business),17299,3807,4,0103(brokerage business),10262,-563,4,0335(brokerage business),12796,-149
5,0123(brokerage business),10682,-1860,5,0272(brokerage business),8737,-28,5,0272(brokerage business),11153,1327
6,0272(brokerage business),10041,-633,6,0240(brokerage business),7418,-39,6,0059(brokerage business),10351,288
7,0240(brokerage business),5010,-2128,7,0067(brokerage business),7163,82,7,0239(brokerage business),10137,1790
8,0059(brokerage business),4759,420,8,0253(brokerage business),7135,-477,8,0253(brokerage business),9401,144
9,0268(brokerage business),4223,-1020,9,0042(brokerage business),5872,702,9,0103(brokerage business),7590,399
10,0137(brokerage business),4046,-821,10,0186(brokerage business),5492,329,10,0240(brokerage business),6750,67
11,0186(brokerage business),3961,-2794,11,0123(brokerage business),5468,-339,11,0288(brokerage business),6014,-366
12,0034(brokerage business),3929,-1038,12,0069(brokerage business),5403,-142,12,0058(brokerage business),5985,-1
13,0288(brokerage business),3188,248,13,0268(brokerage business),5152,48,13,0123(brokerage business),5631,133
14,0259(brokerage business),2998,-1340,14,0177(brokerage business),4570,310,14,0161(brokerage business),4192,211
15,0081(brokerage business),2937,-1176,15,0059(brokerage business),4414,-5,15,0268(brokerage business),4121,-451
16,0308(brokerage business),2734,-1773,16,0096(brokerage business),4220,213,16,0042(brokerage business),3911,-22
17,0323(brokerage business),2630,-608,17,0018(brokerage business),4187,119,17,0081(brokerage business),3355,267
18,0274(brokerage business),2575,-457,18,0077(brokerage business),3873,-501,18,0137(brokerage business),3209,-866
19,0275(brokerage business),2473,-864,19,0034(brokerage business),3849,-666,19,0077(brokerage business),3067,406
20,0103(brokerage business),2386,-293,20,0082(brokerage business),3797,40,20,0043(brokerage business),2879,-138
Total,,219452,-50213,Total,,139194,-68,Total,,189258,4129
Member/OSP Type,Total Volume,Change from Previous Trading Day,Member/OSP Type,Total Long Position,Change from Previous Trading Day,Member/OSP Type,Total Short Position,Change from Previous Trading Day,,,
Contract Code：opall,,,,,,,2026-05-06,,,,
Name of FF Member/OSBP,3978,-4576,Name of FF Member/OSBP,11340,620,Name of FF Member/OSBP,11340,620,,,
Name of Non-FF Member/OSNBP,0,0,Name of Non-FF Member/OSNBP,0,0,Name of Non-FF Member/OSNBP,0,0,,,
Ranking,Name of FF Member /OSBPs,Volume,Change from Previous Trading Day,Ranking,Name of FF Member /OSBPs,Long Position,Change from Previous Trading Day,Ranking,Name of FF Member /OSBPs,Short Position,Change from Previous Trading Day
Contract Code：op2606,,,,,,,,,,2026-05-06,
1,0321(brokerage business),300,298,1,0268(brokerage business),708,-23,1,0268(brokerage business),690,-23
2,0161(brokerage business),224,-210,2,0148(brokerage business),517,-26,2,0148(brokerage business),508,-9
3,0004(brokerage business),215,-182,3,0008(brokerage business),491,-3,3,0008(brokerage business),492,-1
4,0163(brokerage business),204,-428,4,0257(brokerage business),487,0,4,0157(brokerage business),488,7
5,0268(brokerage business),176,-213,5,0157(brokerage business),486,4,5,0257(brokerage business),480,0
6,0148(brokerage business),155,-78,6,0123(brokerage business),480,15,6,0123(brokerage business),471,10
7,0272(brokerage business),96,27,7,0082(brokerage business),461,5,7,0082(brokerage business),462,0
8,0123(brokerage business),79,-588,8,0161(brokerage business),451,-3,8,0161(brokerage business),447,-3
9,0257(brokerage business),56,52,9,0275(brokerage business),406,1,9,0275(brokerage business),401,1
10,0008(brokerage business),50,-49,10,0004(brokerage business),359,55,10,0321(brokerage business),347,101
11,0042(brokerage business),43,14,11,0240(brokerage business),47,4,11,0004(brokerage business),296,0
12,0157(brokerage business),35,-452,12,0272(brokerage business),41,4,12,0308(brokerage business),46,-1
13,0058(brokerage business),31,-3,13,0096(brokerage business),40,0,13,0240(brokerage business),30,3
14,0253(brokerage business),31,17,14,0156(brokerage business),31,1,14,0019(brokerage business),27,-16
15,0299(brokerage business),25,-40,15,0163(brokerage business),28,-40,15,0151(brokerage business),23,0
16,0137(brokerage business),23,12,16,0389(brokerage business),21,0,16,0048(brokerage business),18,-1
17,0103(brokerage business),22,0,17,0137(brokerage business),20,3,17,0163(brokerage business),15,-36
18,0275(brokerage business),22,-23,18,0001(brokerage business),15,0,18,0288(brokerage business),13,0
19,0019(brokerage business),21,18,19,0311(brokerage business),15,0,19,0253(brokerage business),11,5
20,0089(brokerage business),19,10,20,0139(brokerage business),12,1,20,0034(brokerage business),10,3
Total,,1827,-1818,Total,,5116,-2,Total,,5275,40
