"SHFE Member/OSP Volume, Open Interest Rankings",,,,,,,,,,,
,,,,,,,,,,,
Date: 2026-09-14,,,,,,,,,,,
"Note: FF Member/OSBP may not engage in trading of its own futures, the above volume and positions ranking data of FF Member/OSBP Clearing Members refers to he participation of all clients who are engaging in brokerage business during the statistical period. FF Member/OSBP engaging in brokerage business shall accept entrustment by its clients to conduct futures trading in its own name on behalf of the client.",,,,,,,,,,,
Member/OSP Type,Total Volume,Change from Previous Trading Day,Member/OSP Type,Total Long Position,Change from Previous Trading Day,Member/OSP Type,Total Short Position,Change from Previous Trading Day,,,
Contract Code：cuall,,,,,,,2026-09-14,,,,
Name of FF Member/OSBP,425150,-374079,Name of FF Member/OSBP,529823,-16048,Name of FF Member/OSBP,519038,-15566,,,
Name of Non-FF Member/OSNBP,4020,-37,Name of Non-FF Member/OSNBP,3636,84,Name of Non-FF Member/OSNBP,14421,-398,,,
Ranking,Name of FF Member /OSBPs,Volume,Change from Previous Trading Day,Ranking,Name of FF Member /OSBPs,Long Position,Change from Previous Trading Day,Ranking,Name of FF Member /OSBPs,Short Position,Change from Previous Trading Day
Contract Code：cu2609,,,,,,,,,,2026-09-14,
1,0025(brokerage business),2550,1165,1,0148(brokerage business),1515,-375,1,0315(brokerage business),425,-1190
2,0139(brokerage business),2410,20,2,0004(brokerage business),965,-1515,2,0025(brokerage business),410,-930
3,0004(brokerage business),2300,-1355,3,0049(brokerage business),750,-550,3,0139(brokerage business),395,-765
4,0163(brokerage business),2195,-2415,4,0077(brokerage business),150,-75,4,0081(brokerage business),330,-215
5,0049(brokerage business),2165,-3700,5,0338(brokerage business),150,-145,5,0169(brokerage business),310,-150
6,0315(brokerage business),1680,-920,6,0161(brokerage business),115,-5,6,0004(brokerage business),275,105
7,0081(brokerage business),1240,870,7,0323(brokerage business),100,0,7,0049(brokerage business),255,-385
8,0003(brokerage business),1070,410,8,0025(brokerage business),65,-370,8,0082(brokerage business),235,225
9,0321(brokerage business),1045,-660,9,0418(brokerage business),55,-35,9,0047(brokerage business),190,-75
10,0272(brokerage business),990,-2745,10,0048(brokerage business),50,-45,10,0096(brokerage business),155,-535
11,0096(brokerage business),920,-935,11,0008(brokerage business),40,0,11,0069(brokerage business),145,-75
12,0009(brokerage business),785,-355,12,0272(brokerage business),35,-110,12,0123(brokerage business),120,0
13,0082(brokerage business),685,-40,13,0007(brokerage business),30,-10,13,0077(brokerage business),105,-125
14,0006(brokerage business),560,-1235,14,0003(brokerage business),25,-840,14,0009(brokerage business),90,-745
15,0148(brokerage business),505,-1685,15,0139(brokerage business),15,-1085,15,0003(brokerage business),80,-40
16,0240(brokerage business),465,-805,16,0151(brokerage business),15,-10,16,0058(brokerage business),70,-255
17,0058(brokerage business),425,-355,17,0163(brokerage business),15,-350,17,0121(brokerage business),70,0
18,0125(brokerage business),385,-70,18,0295(brokerage business),15,-10,18,0148(brokerage business),60,-90
19,0042(brokerage business),335,-1040,19,0058(brokerage business),10,-40,19,0240(brokerage business),60,-55
20,0253(brokerage business),280,-430,20,0069(brokerage business),10,0,20,0088(brokerage business),55,-5
Total,,22990,-16280,Total,,4125,-5570,Total,,3835,-5305
Ranking,Name of FF Member /OSBPs,Volume,Change from Previous Trading Day,Ranking,Name of FF Member /OSBPs,Long Position,Change from Previous Trading Day,Ranking,Name of FF Member /OSBPs,Short Position,Change from Previous Trading Day
Contract Code：cu2610,,,,,,,,,,2026-09-14,
1,0148(brokerage business),26796,-14096,1,0148(brokerage business),24379,-2455,1,0148(brokerage business),18449,117
2,0163(brokerage business),24169,-21508,2,0004(brokerage business),21601,-1100,2,0049(brokerage business),14102,-2101
3,0004(brokerage business),19491,-13154,3,0049(brokerage business),13915,3484,3,0163(brokerage business),12829,-643
4,0272(brokerage business),11797,-10769,4,0272(brokerage business),8468,-1748,4,0004(brokerage business),9631,-1651
5,0049(brokerage business),9181,-5858,5,0163(brokerage business),7395,-1132,5,0139(brokerage business),8507,-577
6,0096(brokerage business),7794,-6918,6,0103(brokerage business),7142,58,6,0009(brokerage business),8042,-609
7,0253(brokerage business),6927,-8454,7,0077(brokerage business),4993,-119,7,0321(brokerage business),5661,-188
8,0275(brokerage business),6643,-6960,8,0253(brokerage business),4691,-498,8,0082(brokerage business),5617,-156
9,0081(brokerage business),6115,-1364,9,0082(brokerage business),3458,-31,9,0025(brokerage business),5511,1529
10,0308(brokerage business),5188,-6314,10,0268(brokerage business),3339,-270,10,0058(brokerage business),4713,-1164
11,0025(brokerage business),4945,1566,11,0240(brokerage business),3241,-191,11,0253(brokerage business),4225,-281
12,0034(brokerage business),4782,-7715,12,0335(brokerage business),2885,-435,12,0240(brokerage business),4128,-309
13,0009(brokerage business),3243,-1621,13,0096(brokerage business),2703,-155,13,0308(brokerage business),3961,572
14,0042(brokerage business),3127,-2340,14,0042(brokerage business),2562,-131,14,0272(brokerage business),3873,-605
15,0315(brokerage business),3123,343,15,0003(brokerage business),2468,629,15,0315(brokerage business),3789,1647
16,0268(brokerage business),3037,-1955,16,0034(brokerage business),2419,58,16,0096(brokerage business),3720,577
17,0123(brokerage business),3034,-4561,17,0321(brokerage business),2329,309,17,0081(brokerage business),3183,-70
18,0139(brokerage business),3002,-583,18,0081(brokerage business),2323,-355,18,0034(brokerage business),2983,-406
19,0125(brokerage business),2683,1216,19,0136(brokerage business),2315,-71,19,0169(brokerage business),2961,-137
20,0058(brokerage business),2549,-849,20,0288(brokerage business),2301,-116,20,0018(brokerage business),2559,-134
Total,,157626,-111894,Total,,124927,-4269,Total,,128444,-4589
Ranking,Name of FF Member /OSBPs,Volume,Change from Previous Trading Day,Ranking,Name of FF Member /OSBPs,Long Position,Change from Previous Trading Day,Ranking,Name of FF Member /OSBPs,Short Position,Change from Previous Trading Day
Contract Code：cu2611,,,,,,,,,,2026-09-14,
1,0148(brokerage business),9860,-5899,1,0148(brokerage business),23590,-549,1,0004(brokerage business),14523,500
2,0163(brokerage business),9085,-7513,2,0272(brokerage business),9602,780,2,0148(brokerage business),13213,395
3,0004(brokerage business),7538,-6774,3,0004(brokerage business),8900,-92,3,0049(brokerage business),10084,230
4,0272(brokerage business),7168,-3821,4,0239(brokerage business),8482,-1363,4,0315(brokerage business),5503,-583
5,0096(brokerage business),4531,-2039,5,0163(brokerage business),5636,-921,5,0163(brokerage business),5339,-680
6,0308(brokerage business),3896,-6430,6,0049(brokerage business),3873,19,6,0372(brokerage business),5142,4
7,0268(brokerage business),2491,-1545,7,0259(brokerage business),3616,924,7,0042(brokerage business),4768,-62
8,0239(brokerage business),2475,315,8,0003(brokerage business),3580,112,8,0272(brokerage business),4613,740
9,0275(brokerage business),2366,-3636,9,0268(brokerage business),3030,-1432,9,0009(brokerage business),3943,38
10,0125(brokerage business),2322,530,10,0034(brokerage business),2888,126,10,0069(brokerage business),3399,-216
11,0081(brokerage business),2070,-191,11,0308(brokerage business),2784,164,11,0139(brokerage business),3388,23
12,0253(brokerage business),1884,-1427,12,0103(brokerage business),2490,-514,12,0253(brokerage business),3259,-36
13,0049(brokerage business),1739,-1350,13,0125(brokerage business),2316,724,13,0321(brokerage business),3153,-79
14,0259(brokerage business),1558,-701,14,0323(brokerage business),2263,146,14,0034(brokerage business),2671,-30
15,0333(brokerage business),1350,-2005,15,0123(brokerage business),2122,188,15,0067(brokerage business),2618,42
16,0240(brokerage business),1330,-2203,16,0178(brokerage business),2031,-250,16,0082(brokerage business),2593,138
17,0009(brokerage business),1109,-1045,17,0385(brokerage business),1997,-21,17,0169(brokerage business),2471,-28
18,0123(brokerage business),1018,-2650,18,0096(brokerage business),1953,90,18,0025(brokerage business),2383,15
19,0034(brokerage business),998,-1968,19,0253(brokerage business),1952,-62,19,0177(brokerage business),2162,85
20,0103(brokerage business),987,-780,20,0335(brokerage business),1888,-75,20,0138(brokerage business),1821,-24
Total,,65775,-51132,Total,,94993,-2006,Total,,97046,472
Ranking,Name of FF Member /OSBPs,Volume,Change from Previous Trading Day,Ranking,Name of FF Member /OSBPs,Long Position,Change from Previous Trading Day,Ranking,Name of FF Member /OSBPs,Short Position,Change from Previous Trading Day
Contract Code：cu2612,,,,,,,,,,2026-09-14,
1,0163(brokerage business),4549,-4205,1,0148(brokerage business),6379,-671,1,0148(brokerage business),10465,631
2,0004(brokerage business),3962,-2005,2,0004(brokerage business),4328,-140,2,0004(brokerage business),9263,-132
3,0148(brokerage business),3718,-1992,3,0272(brokerage business),4101,246,3,0049(brokerage business),8883,10
4,0272(brokerage business),3095,-510,4,0136(brokerage business),4051,8,4,0272(brokerage business),4093,-769
5,0308(brokerage business),2101,-2234,5,0049(brokerage business),3657,404,5,0096(brokerage business),3357,-564
6,0333(brokerage business),1785,-1257,6,0268(brokerage business),3536,947,6,0125(brokerage business),3230,-113
7,0275(brokerage business),1546,-1722,7,0103(brokerage business),3233,18,7,0034(brokerage business),2992,-41
8,0096(brokerage business),1307,386,8,0274(brokerage business),3086,-80,8,0163(brokerage business),2904,-377
9,0268(brokerage business),1151,-1020,9,0323(brokerage business),2697,247,9,0067(brokerage business),2594,507
10,0138(brokerage business),954,896,10,0163(brokerage business),2378,-270,10,0169(brokerage business),2504,71
11,0029(brokerage business),863,681,11,0081(brokerage business),2264,63,11,0042(brokerage business),2383,336
12,0259(brokerage business),858,-111,12,0178(brokerage business),2231,159,12,0082(brokerage business),2169,-58
13,0253(brokerage business),847,-300,13,0025(brokerage business),2057,28,13,0372(brokerage business),2150,-29
14,0049(brokerage business),842,185,14,0077(brokerage business),1996,-37,14,0138(brokerage business),1963,908
15,0042(brokerage business),784,-690,15,0031(brokerage business),1968,4,15,0253(brokerage business),1830,157
16,0003(brokerage business),729,467,16,0042(brokerage business),1813,-164,16,0308(brokerage business),1525,46
17,0081(brokerage business),727,-483,17,0034(brokerage business),1773,5,17,0025(brokerage business),1478,-11
18,0067(brokerage business),696,316,18,0069(brokerage business),1674,36,18,0321(brokerage business),1384,95
19,0178(brokerage business),674,-464,19,0333(brokerage business),1641,438,19,0139(brokerage business),1252,-11
20,0372(brokerage business),620,30,20,0253(brokerage business),1637,48,20,0240(brokerage business),1228,-105
Total,,31808,-14032,Total,,56500,1289,Total,,67647,551
Ranking,Name of FF Member /OSBPs,Volume,Change from Previous Trading Day,Ranking,Name of FF Member /OSBPs,Long Position,Change from Previous Trading Day,Ranking,Name of FF Member /OSBPs,Short Position,Change from Previous Trading Day
Contract Code：cu2701,,,,,,,,,,2026-09-14,
1,0163(brokerage business),1656,-2380,1,0148(brokerage business),3806,74,1,0148(brokerage business),12925,397
2,0333(brokerage business),1208,-1012,2,0049(brokerage business),2797,42,2,0049(brokerage business),5508,14
3,0096(brokerage business),1164,216,3,0136(brokerage business),2143,6,3,0272(brokerage business),4901,88
4,0148(brokerage business),1055,-1191,4,0004(brokerage business),2073,-21,4,0034(brokerage business),1749,-8
5,0125(brokerage business),712,622,5,0069(brokerage business),1817,45,5,0067(brokerage business),1419,-3
6,0272(brokerage business),705,-433,6,0034(brokerage business),1789,7,6,0042(brokerage business),1341,330
7,0308(brokerage business),531,103,7,0096(brokerage business),1547,1015,7,0333(brokerage business),1235,230
8,0029(brokerage business),530,504,8,0323(brokerage business),1406,-125,8,0169(brokerage business),1226,112
9,0004(brokerage business),513,-1519,9,0333(brokerage business),1344,-252,9,0103(brokerage business),1116,4
10,0253(brokerage business),487,-905,10,0031(brokerage business),1313,35,10,0372(brokerage business),953,-12
11,0042(brokerage business),395,149,11,0103(brokerage business),1232,31,11,0163(brokerage business),875,-1
12,0275(brokerage business),394,-1006,12,0163(brokerage business),1027,-249,12,0077(brokerage business),577,7
13,0240(brokerage business),328,-600,13,0177(brokerage business),1020,166,13,0082(brokerage business),567,1
14,0321(brokerage business),262,27,14,0272(brokerage business),973,19,14,0025(brokerage business),515,2
15,0139(brokerage business),258,167,15,0274(brokerage business),928,-1,15,0184(brokerage business),500,0
16,0323(brokerage business),232,31,16,0239(brokerage business),898,8,16,0018(brokerage business),456,2
17,0161(brokerage business),182,-82,17,0125(brokerage business),782,647,17,0321(brokerage business),447,175
18,0025(brokerage business),179,118,18,0178(brokerage business),745,42,18,0240(brokerage business),396,-32
19,0177(brokerage business),169,157,19,0339(brokerage business),685,0,19,0253(brokerage business),388,51
20,0123(brokerage business),166,-390,20,0042(brokerage business),681,-11,20,0004(brokerage business),344,-4
Total,,11126,-7424,Total,,29006,1478,Total,,37438,1353
Ranking,Name of FF Member /OSBPs,Volume,Change from Previous Trading Day,Ranking,Name of FF Member /OSBPs,Long Position,Change from Previous Trading Day,Ranking,Name of FF Member /OSBPs,Short Position,Change from Previous Trading Day
Contract Code：cu2702,,,,,,,,,,2026-09-14,
1,0148(brokerage business),738,461,1,0004(brokerage business),2763,-11,1,0148(brokerage business),7046,439
2,0333(brokerage business),708,-304,2,0272(brokerage business),2118,-15,2,0004(brokerage business),2295,-53
3,0163(brokerage business),610,-730,3,0148(brokerage business),1921,91,3,0025(brokerage business),2171,220
4,0004(brokerage business),544,-159,4,0069(brokerage business),1308,2,4,0042(brokerage business),1241,385
5,0042(brokerage business),397,358,5,0049(brokerage business),1014,54,5,0103(brokerage business),1048,-1
6,0049(brokerage business),389,19,6,0031(brokerage business),986,35,6,0333(brokerage business),926,-277
7,0272(brokerage business),292,-324,7,0323(brokerage business),962,-25,7,0049(brokerage business),795,289
8,0240(brokerage business),259,-392,8,0139(brokerage business),698,0,8,0067(brokerage business),677,0
9,0025(brokerage business),220,216,9,0081(brokerage business),638,117,9,0163(brokerage business),662,-155
10,0081(brokerage business),184,-12,10,0034(brokerage business),518,-23,10,0077(brokerage business),460,3
11,0308(brokerage business),160,37,11,0178(brokerage business),502,6,11,0082(brokerage business),202,0
12,0123(brokerage business),115,-182,12,0103(brokerage business),405,2,12,0088(brokerage business),197,-6
13,0125(brokerage business),115,115,13,0003(brokerage business),395,12,13,0272(brokerage business),182,-35
14,0186(brokerage business),89,-175,14,0333(brokerage business),377,105,14,0253(brokerage business),180,-15
15,0253(brokerage business),79,-151,15,0161(brokerage business),355,2,15,0323(brokerage business),175,-12
16,0244(brokerage business),78,36,16,0253(brokerage business),347,18,16,0096(brokerage business),162,0
17,0177(brokerage business),77,-123,17,0268(brokerage business),316,-8,17,0059(brokerage business),143,0
18,0069(brokerage business),61,-42,18,0008(brokerage business),266,0,18,0008(brokerage business),131,0
19,0007(brokerage business),45,-34,19,0042(brokerage business),258,4,19,0034(brokerage business),128,0
20,0134(brokerage business),43,18,20,0254(brokerage business),244,0,20,0161(brokerage business),114,0
Total,,5203,-1368,Total,,16391,366,Total,,18935,782
Ranking,Name of FF Member /OSBPs,Volume,Change from Previous Trading Day,Ranking,Name of FF Member /OSBPs,Long Position,Change from Previous Trading Day,Ranking,Name of FF Member /OSBPs,Short Position,Change from Previous Trading Day
Contract Code：cu2703,,,,,,,,,,2026-09-14,
1,0163(brokerage business),969,-1532,1,0323(brokerage business),2193,1,1,0148(brokerage business),10428,35
2,0272(brokerage business),683,-800,2,0148(brokerage business),2161,43,2,0049(brokerage business),2515,49
3,0333(brokerage business),533,-727,3,0049(brokerage business),1921,33,3,0004(brokerage business),2379,-31
4,0042(brokerage business),387,363,4,0272(brokerage business),1744,-7,4,0077(brokerage business),2089,0
5,0148(brokerage business),378,-479,5,0069(brokerage business),1469,0,5,0422(brokerage business),1040,0
6,0004(brokerage business),315,-631,6,0034(brokerage business),1246,50,6,0323(brokerage business),1018,0
7,0049(brokerage business),146,-173,7,0339(brokerage business),1090,3,7,0067(brokerage business),1004,0
8,0240(brokerage business),136,-235,8,0136(brokerage business),1078,1,8,0042(brokerage business),1001,375
9,0025(brokerage business),132,129,9,0003(brokerage business),988,0,9,0103(brokerage business),845,-3
10,0308(brokerage business),117,-107,10,0004(brokerage business),913,126,10,0163(brokerage business),597,-86
11,0186(brokerage business),109,-189,11,0333(brokerage business),905,-106,11,0272(brokerage business),378,-266
12,0096(brokerage business),102,-147,12,0163(brokerage business),883,-107,12,0333(brokerage business),245,-45
13,0372(brokerage business),92,-482,13,0031(brokerage business),857,5,13,0269(brokerage business),235,0
14,0259(brokerage business),91,22,14,0338(brokerage business),782,0,14,0025(brokerage business),133,132
15,0253(brokerage business),90,-68,15,0372(brokerage business),760,90,15,0240(brokerage business),131,-19
16,0081(brokerage business),87,-134,16,0268(brokerage business),676,4,16,0253(brokerage business),116,42
17,0103(brokerage business),83,25,17,0253(brokerage business),586,-8,17,0096(brokerage business),114,-48
18,0123(brokerage business),65,-209,18,0042(brokerage business),462,8,18,0008(brokerage business),103,0
19,0034(brokerage business),64,-304,19,0169(brokerage business),314,10,19,0274(brokerage business),97,0
20,0095(brokerage business),60,-25,20,0161(brokerage business),280,0,20,0268(brokerage business),82,0
Total,,4639,-5703,Total,,21308,146,Total,,24550,135
Ranking,Name of FF Member /OSBPs,Volume,Change from Previous Trading Day,Ranking,Name of FF Member /OSBPs,Long Position,Change from Previous Trading Day,Ranking,Name of FF Member /OSBPs,Short Position,Change from Previous Trading Day
Contract Code：bc2609,,,,,,,,,,2026-09-14,
1,8051(brokerage business),5,5,1,8240(brokerage business),490,0,1,8009(brokerage business),330,0
2,8253(brokerage business),5,5,2,8253(brokerage business),140,5,2,8274(brokerage business),215,0
3,,,,3,8049(brokerage business),135,0,3,8096(brokerage business),190,0
4,,,,4,8148(brokerage business),115,0,4,8240(brokerage business),140,0
5,,,,5,8161(brokerage business),90,0,5,8049(brokerage business),80,0
6,,,,6,,,,6,8253(brokerage business),15,0
Total,,10,10,Total,,970,5,Total,,970,0
Ranking,Name of FF Member /OSBPs,Volume,Change from Previous Trading Day,Ranking,Name of FF Member /OSBPs,Long Position,Change from Previous Trading Day,Ranking,Name of FF Member /OSBPs,Short Position,Change from Previous Trading Day
Contract Code：bc2610,,,,,,,,,,2026-09-14,
1,8163(brokerage business),3852,-3091,1,8004(brokerage business),3052,-129,1,8148(brokerage business),3429,34
2,8148(brokerage business),2663,-492,2,8148(brokerage business),2485,-69,2,8004(brokerage business),3067,-386
3,8253(brokerage business),2086,-962,3,8239(brokerage business),1000,-281,3,8081(brokerage business),764,8
4,8004(brokerage business),1669,-1243,4,8184(brokerage business),864,-14,4,8161(brokerage business),739,-3
5,8025(brokerage business),846,365,5,8081(brokerage business),859,-32,5,8163(brokerage business),681,-19
6,8308(brokerage business),606,-366,6,8161(brokerage business),690,-30,6,8240(brokerage business),590,0
7,8081(brokerage business),600,-332,7,8103(brokerage business),586,-26,7,8082(brokerage business),546,21
8,8096(brokerage business),440,-333,8,8082(brokerage business),583,15,8,8049(brokerage business),520,-9
9,8239(brokerage business),374,-237,9,8163(brokerage business),367,-151,9,8103(brokerage business),519,5
10,8161(brokerage business),289,-224,10,8323(brokerage business),357,-13,10,8323(brokerage business),352,0
11,8009(brokerage business),257,-177,11,8048(brokerage business),324,-16,11,8084(brokerage business),340,78
12,8103(brokerage business),175,-379,12,8253(brokerage business),264,-73,12,8048(brokerage business),302,-18
13,8123(brokerage business),147,-1371,13,8272(brokerage business),209,-52,13,8253(brokerage business),257,-21
14,8272(brokerage business),129,-153,14,8001(brokerage business),143,-1,14,8051(brokerage business),239,-110
15,8288(brokerage business),114,-74,15,8311(brokerage business),135,13,15,8034(brokerage business),178,-25
16,8051(brokerage business),113,39,16,8333(brokerage business),112,-1,16,8153(brokerage business),82,51
17,8268(brokerage business),112,-192,17,8138(brokerage business),82,16,17,8184(brokerage business),82,82
18,8084(brokerage business),105,-215,18,8259(brokerage business),70,-12,18,8123(brokerage business),80,-1
19,8184(brokerage business),98,-112,19,8335(brokerage business),62,-19,19,8308(brokerage business),62,-41
20,8311(brokerage business),94,-19,20,8151(brokerage business),58,-8,20,8139(brokerage business),41,0
Total,,14769,-9568,Total,,12302,-883,Total,,12870,-354
Member/OSP Type,Total Volume,Change from Previous Trading Day,Member/OSP Type,Total Long Position,Change from Previous Trading Day,Member/OSP Type,Total Short Position,Change from Previous Trading Day,,,
Contract Code：alall,,,,,,,2026-09-14,,,,
Name of FF Member/OSBP,644610,-184232,Name of FF Member/OSBP,589228,-4490,Name of FF Member/OSBP,582332,-4710,,,
Name of Non-FF Member/OSNBP,260,160,Name of Non-FF Member/OSNBP,0,0,Name of Non-FF Member/OSNBP,6896,220,,,
Ranking,Name of FF Member /OSBPs,Volume,Change from Previous Trading Day,Ranking,Name of FF Member /OSBPs,Long Position,Change from Previous Trading Day,Ranking,Name of FF Member /OSBPs,Short Position,Change from Previous Trading Day
Contract Code：al2609,,,,,,,,,,2026-09-14,
1,0004(brokerage business),1075,-645,1,0148(brokerage business),4195,-35,1,0004(brokerage business),2725,-225
2,0103(brokerage business),440,355,2,0004(brokerage business),2955,270,2,0240(brokerage business),815,-135
3,0139(brokerage business),410,-640,3,0058(brokerage business),1350,0,3,0043(brokerage business),665,-125
4,0238(brokerage business),400,-70,4,0043(brokerage business),710,0,4,0321(brokerage business),600,0
5,0034(brokerage business),395,50,5,0049(brokerage business),390,-200,5,0123(brokerage business),535,0
6,0148(brokerage business),370,-940,6,0059(brokerage business),155,-20,6,0308(brokerage business),440,0
7,0272(brokerage business),355,-385,7,0007(brokerage business),125,-40,7,0299(brokerage business),375,-45
8,0323(brokerage business),235,155,8,0003(brokerage business),100,-100,8,0069(brokerage business),365,15
9,0049(brokerage business),200,-400,9,0349(brokerage business),80,80,9,0139(brokerage business),360,-140
10,0163(brokerage business),190,-1025,10,0139(brokerage business),65,-210,10,0048(brokerage business),340,0
11,0013(brokerage business),180,170,11,0077(brokerage business),50,0,11,0007(brokerage business),320,0
12,0042(brokerage business),175,25,12,0103(brokerage business),50,-30,12,0103(brokerage business),305,200
13,0019(brokerage business),140,40,13,0082(brokerage business),45,0,13,0019(brokerage business),265,-80
14,0240(brokerage business),135,10,14,0308(brokerage business),45,0,14,0042(brokerage business),235,-175
15,0043(brokerage business),125,-15,15,0161(brokerage business),40,-20,15,0018(brokerage business),230,0
16,0003(brokerage business),100,-40,16,0178(brokerage business),30,-20,16,0268(brokerage business),230,0
17,0031(brokerage business),95,-75,17,0038(brokerage business),20,20,17,0148(brokerage business),215,-165
18,0096(brokerage business),80,70,18,0240(brokerage business),20,0,18,0013(brokerage business),200,180
19,0349(brokerage business),80,80,19,0338(brokerage business),10,0,19,0171(brokerage business),200,0
20,0052(brokerage business),70,-105,20,0288(brokerage business),5,-5,20,0275(brokerage business),200,-5
Total,,5250,-3385,Total,,10440,-310,Total,,9620,-700
Ranking,Name of FF Member /OSBPs,Volume,Change from Previous Trading Day,Ranking,Name of FF Member /OSBPs,Long Position,Change from Previous Trading Day,Ranking,Name of FF Member /OSBPs,Short Position,Change from Previous Trading Day
Contract Code：al2610,,,,,,,,,,2026-09-14,
1,0148(brokerage business),49319,-11018,1,0148(brokerage business),25017,-2553,1,0148(brokerage business),36197,-2058
2,0163(brokerage business),45524,-5657,2,0004(brokerage business),23596,-1894,2,0004(brokerage business),24441,-1295
3,0004(brokerage business),41979,-12391,3,0163(brokerage business),12852,-815,3,0123(brokerage business),11380,-2315
4,0275(brokerage business),23057,-30625,4,0272(brokerage business),6573,-17,4,0253(brokerage business),7860,-610
5,0253(brokerage business),21534,-5549,5,0139(brokerage business),6271,927,5,0272(brokerage business),7498,-529
6,0272(brokerage business),19530,-4136,6,0253(brokerage business),5783,-810,6,0163(brokerage business),6975,-1779
7,0081(brokerage business),11092,-1526,7,0034(brokerage business),5433,-1039,7,0240(brokerage business),6751,110
8,0259(brokerage business),6835,-763,8,0335(brokerage business),5006,-930,8,0034(brokerage business),6363,-505
9,0240(brokerage business),5742,-1808,9,0103(brokerage business),4984,-1103,9,0268(brokerage business),5604,-919
10,0268(brokerage business),4995,-1235,10,0123(brokerage business),4549,32,10,0275(brokerage business),5477,-1133
11,0034(brokerage business),4556,-893,11,0323(brokerage business),4314,-291,11,0139(brokerage business),4687,-651
12,0123(brokerage business),4421,-5599,12,0069(brokerage business),4209,-30,12,0323(brokerage business),4487,-328
13,0096(brokerage business),3168,-1571,13,0268(brokerage business),4185,-728,13,0103(brokerage business),3626,-164
14,0323(brokerage business),2905,-2698,14,0161(brokerage business),3530,-633,14,0058(brokerage business),3234,-716
15,0139(brokerage business),2870,-1660,15,0003(brokerage business),3475,-29,15,0161(brokerage business),3033,-235
16,0103(brokerage business),2845,144,16,0288(brokerage business),3237,-482,16,0049(brokerage business),2938,-327
17,0059(brokerage business),2269,-410,17,0275(brokerage business),2995,70,17,0002(brokerage business),2530,0
18,0018(brokerage business),2262,-2162,18,0077(brokerage business),2988,-79,18,0018(brokerage business),2442,-136
19,0019(brokerage business),2246,-383,19,0096(brokerage business),2944,-58,19,0048(brokerage business),1833,-94
20,0308(brokerage business),2200,-1224,20,0082(brokerage business),2823,-170,20,0008(brokerage business),1679,-77
Total,,259349,-91164,Total,,134764,-10632,Total,,149035,-13761
Ranking,Name of FF Member /OSBPs,Volume,Change from Previous Trading Day,Ranking,Name of FF Member /OSBPs,Long Position,Change from Previous Trading Day,Ranking,Name of FF Member /OSBPs,Short Position,Change from Previous Trading Day
Contract Code：al2611,,,,,,,,,,2026-09-14,
1,0163(brokerage business),30109,698,1,0148(brokerage business),28231,-509,1,0004(brokerage business),28130,3711
2,0004(brokerage business),26638,-23929,2,0239(brokerage business),21381,-1030,2,0123(brokerage business),23903,1142
3,0148(brokerage business),26292,-3768,3,0004(brokerage business),15944,-635,3,0148(brokerage business),20348,-1605
4,0272(brokerage business),21932,9982,4,0163(brokerage business),13819,-572,4,0058(brokerage business),12835,-417
5,0275(brokerage business),14123,3168,5,0272(brokerage business),10745,298,5,0272(brokerage business),11390,-60
6,0253(brokerage business),13551,-5477,6,0268(brokerage business),9155,823,6,0103(brokerage business),7538,-179
7,0081(brokerage business),4425,-1298,7,0335(brokerage business),8886,-366,7,0139(brokerage business),6899,8
8,0268(brokerage business),4137,-1624,8,0034(brokerage business),6099,398,8,0096(brokerage business),6474,750
9,0323(brokerage business),4111,-911,9,0069(brokerage business),5615,1095,9,0163(brokerage business),5073,509
10,0295(brokerage business),3954,-1009,10,0323(brokerage business),5314,1472,10,0240(brokerage business),5013,88
11,0240(brokerage business),3549,-453,11,0077(brokerage business),5169,91,11,0002(brokerage business),4176,0
12,0123(brokerage business),3247,-6495,12,0103(brokerage business),4242,977,12,0372(brokerage business),4022,87
13,0069(brokerage business),3026,9,13,0084(brokerage business),4136,-2,13,0003(brokerage business),3995,206
14,0239(brokerage business),2959,-1327,14,0253(brokerage business),3567,-597,14,0161(brokerage business),3725,464
15,0103(brokerage business),2742,418,15,0240(brokerage business),2860,137,15,0253(brokerage business),3286,56
16,0034(brokerage business),2204,-1225,16,0042(brokerage business),2733,-142,16,0018(brokerage business),2964,420
17,0308(brokerage business),2197,-1485,17,0008(brokerage business),2439,63,17,0275(brokerage business),2733,-328
18,0058(brokerage business),2057,798,18,0096(brokerage business),2339,105,18,0008(brokerage business),2721,0
19,0335(brokerage business),1942,-91,19,0275(brokerage business),2263,485,19,0034(brokerage business),2661,30
20,0125(brokerage business),1713,656,20,0049(brokerage business),2212,-78,20,0029(brokerage business),2509,-259
Total,,174908,-33363,Total,,157149,2013,Total,,160395,4623
Ranking,Name of FF Member /OSBPs,Volume,Change from Previous Trading Day,Ranking,Name of FF Member /OSBPs,Long Position,Change from Previous Trading Day,Ranking,Name of FF Member /OSBPs,Short Position,Change from Previous Trading Day
Contract Code：al2612,,,,,,,,,,2026-09-14,
1,0163(brokerage business),8241,-1596,1,0148(brokerage business),10711,269,1,0148(brokerage business),11164,264
2,0148(brokerage business),5651,-1070,2,0004(brokerage business),7131,-52,2,0004(brokerage business),7255,325
3,0275(brokerage business),4277,-1762,3,0268(brokerage business),6864,2300,3,0123(brokerage business),7052,37
4,0253(brokerage business),4050,93,4,0272(brokerage business),6622,1161,4,0034(brokerage business),3992,399
5,0004(brokerage business),3995,-1900,5,0034(brokerage business),3487,36,5,0239(brokerage business),3576,909
6,0268(brokerage business),2582,486,6,0323(brokerage business),3444,112,6,0103(brokerage business),3358,22
7,0323(brokerage business),1966,-758,7,0069(brokerage business),3160,278,7,0042(brokerage business),3207,2
8,0069(brokerage business),1882,-327,8,0163(brokerage business),2663,-21,8,0249(brokerage business),3020,10
9,0272(brokerage business),1714,1111,9,0096(brokerage business),2118,358,9,0139(brokerage business),2999,109
10,0081(brokerage business),1679,114,10,0315(brokerage business),1837,5,10,0308(brokerage business),2678,104
11,0239(brokerage business),1170,855,11,0007(brokerage business),1835,359,11,0323(brokerage business),2452,1104
12,0308(brokerage business),949,-700,12,0059(brokerage business),1774,97,12,0003(brokerage business),2342,-25
13,0123(brokerage business),886,-1320,13,0042(brokerage business),1535,37,13,0082(brokerage business),1821,-8
14,0034(brokerage business),859,25,14,0123(brokerage business),1502,111,14,0272(brokerage business),1762,143
15,0007(brokerage business),674,394,15,0049(brokerage business),1358,287,15,0275(brokerage business),1589,-98
16,0096(brokerage business),619,193,16,0139(brokerage business),1327,0,16,0069(brokerage business),1420,1088
17,0240(brokerage business),574,-565,17,0239(brokerage business),1231,-89,17,0268(brokerage business),1408,90
18,0049(brokerage business),480,-67,18,0274(brokerage business),1221,3,18,0261(brokerage business),951,-17
19,0178(brokerage business),460,305,19,0103(brokerage business),1217,-19,19,0163(brokerage business),925,234
20,0259(brokerage business),422,10,20,0240(brokerage business),1065,35,20,0161(brokerage business),849,89
Total,,43130,-6479,Total,,62102,5267,Total,,63820,4781
Ranking,Name of FF Member /OSBPs,Volume,Change from Previous Trading Day,Ranking,Name of FF Member /OSBPs,Long Position,Change from Previous Trading Day,Ranking,Name of FF Member /OSBPs,Short Position,Change from Previous Trading Day
Contract Code：al2701,,,,,,,,,,2026-09-14,
1,0163(brokerage business),3861,-403,1,0034(brokerage business),5295,25,1,0148(brokerage business),10932,855
2,0148(brokerage business),3168,269,2,0323(brokerage business),4459,1426,2,0004(brokerage business),3135,-30
3,0253(brokerage business),2374,182,3,0148(brokerage business),4352,77,3,0042(brokerage business),2544,519
4,0323(brokerage business),1594,226,4,0004(brokerage business),3682,81,4,0249(brokerage business),2421,0
5,0308(brokerage business),1047,-383,5,0049(brokerage business),2639,22,5,0103(brokerage business),1907,-17
6,0081(brokerage business),1000,-619,6,0069(brokerage business),2056,232,6,0272(brokerage business),1692,647
7,0272(brokerage business),773,264,7,0268(brokerage business),1873,16,7,0139(brokerage business),1620,659
8,0004(brokerage business),747,-1330,8,0163(brokerage business),1231,79,8,0275(brokerage business),1310,20
9,0275(brokerage business),732,-520,9,0042(brokerage business),830,5,9,0151(brokerage business),1013,611
10,0139(brokerage business),682,338,10,0272(brokerage business),813,-2,10,0029(brokerage business),908,-2
11,0151(brokerage business),671,235,11,0007(brokerage business),802,56,11,0240(brokerage business),882,55
12,0240(brokerage business),579,-178,12,0254(brokerage business),793,0,12,0268(brokerage business),868,36
13,0042(brokerage business),560,495,13,0240(brokerage business),740,56,13,0274(brokerage business),862,0
14,0069(brokerage business),534,-965,14,0139(brokerage business),694,1,14,0163(brokerage business),756,136
15,0259(brokerage business),490,-337,15,0169(brokerage business),634,-2,15,0311(brokerage business),673,0
16,0009(brokerage business),431,244,16,0081(brokerage business),633,-1,16,0082(brokerage business),574,39
17,0123(brokerage business),401,9,17,0253(brokerage business),604,38,17,0137(brokerage business),555,-21
18,0034(brokerage business),358,79,18,0096(brokerage business),522,81,18,0153(brokerage business),537,-22
19,0295(brokerage business),320,57,19,0137(brokerage business),520,-21,19,0003(brokerage business),513,2
20,0058(brokerage business),276,117,20,0123(brokerage business),503,144,20,0295(brokerage business),458,-268
Total,,20598,-2220,Total,,33675,2313,Total,,34160,3219
Ranking,Name of FF Member /OSBPs,Volume,Change from Previous Trading Day,Ranking,Name of FF Member /OSBPs,Long Position,Change from Previous Trading Day,Ranking,Name of FF Member /OSBPs,Short Position,Change from Previous Trading Day
Contract Code：al2702,,,,,,,,,,2026-09-14,
1,0163(brokerage business),1227,-2162,1,0034(brokerage business),2223,0,1,0277(brokerage business),2493,-2
2,0103(brokerage business),960,674,2,0004(brokerage business),1742,114,2,0103(brokerage business),2033,-147
3,0148(brokerage business),747,-1751,3,0049(brokerage business),1643,-6,3,0004(brokerage business),1595,-187
4,0253(brokerage business),745,-389,4,0148(brokerage business),1559,-96,4,0148(brokerage business),1574,17
5,0042(brokerage business),636,622,5,0069(brokerage business),969,42,5,0349(brokerage business),1141,0
6,0323(brokerage business),624,-307,6,0268(brokerage business),916,0,6,0163(brokerage business),1106,-45
7,0308(brokerage business),437,-558,7,0272(brokerage business),838,12,7,0323(brokerage business),1099,333
8,0004(brokerage business),405,-447,8,0323(brokerage business),715,-1,8,0268(brokerage business),1017,-6
9,0275(brokerage business),307,-128,9,0007(brokerage business),701,0,9,0082(brokerage business),938,5
10,0069(brokerage business),287,-538,10,0254(brokerage business),625,0,10,0261(brokerage business),700,0
11,0081(brokerage business),280,-290,11,0042(brokerage business),599,-102,11,0042(brokerage business),530,528
12,0274(brokerage business),257,-449,12,0009(brokerage business),433,25,12,0153(brokerage business),446,0
13,0077(brokerage business),221,-542,13,0315(brokerage business),421,1,13,0069(brokerage business),327,3
14,0271(brokerage business),215,-496,14,0372(brokerage business),418,3,14,0335(brokerage business),317,0
15,0029(brokerage business),211,6,15,0082(brokerage business),379,1,15,0029(brokerage business),274,10
16,0240(brokerage business),137,1,16,0253(brokerage business),372,30,16,0086(brokerage business),251,-50
17,0333(brokerage business),135,-247,17,0048(brokerage business),330,0,17,0338(brokerage business),230,0
18,0052(brokerage business),134,134,18,0008(brokerage business),300,0,18,0295(brokerage business),209,0
19,0018(brokerage business),123,-156,19,0123(brokerage business),286,21,19,0115(brokerage business),186,16
20,0123(brokerage business),123,-216,20,0169(brokerage business),286,0,20,0025(brokerage business),180,0
Total,,8211,-7239,Total,,15755,44,Total,,16646,475
Ranking,Name of FF Member /OSBPs,Volume,Change from Previous Trading Day,Ranking,Name of FF Member /OSBPs,Long Position,Change from Previous Trading Day,Ranking,Name of FF Member /OSBPs,Short Position,Change from Previous Trading Day
Contract Code：al2703,,,,,,,,,,2026-09-14,
1,0069(brokerage business),749,-173,1,0148(brokerage business),2699,27,1,0148(brokerage business),2532,103
2,0372(brokerage business),495,387,2,0004(brokerage business),1660,66,2,0077(brokerage business),2348,1
3,0163(brokerage business),420,-206,3,0042(brokerage business),1086,1,3,0004(brokerage business),1579,0
4,0148(brokerage business),410,-161,4,0268(brokerage business),1011,0,4,0103(brokerage business),1500,257
5,0103(brokerage business),386,266,5,0007(brokerage business),801,-2,5,0069(brokerage business),1030,444
6,0275(brokerage business),312,11,6,0069(brokerage business),759,21,6,0323(brokerage business),835,113
7,0034(brokerage business),270,1,7,0082(brokerage business),673,-1,7,0261(brokerage business),773,-2
8,0081(brokerage business),256,231,8,0240(brokerage business),664,66,8,0163(brokerage business),640,-15
9,0259(brokerage business),238,-186,9,0034(brokerage business),607,224,9,0272(brokerage business),559,50
10,0323(brokerage business),226,-63,10,0372(brokerage business),498,493,10,0269(brokerage business),487,85
11,0333(brokerage business),206,30,11,0315(brokerage business),419,0,11,0333(brokerage business),266,-17
12,0308(brokerage business),190,-41,12,0272(brokerage business),388,21,12,0274(brokerage business),260,0
13,0269(brokerage business),133,-117,13,0051(brokerage business),337,0,13,0139(brokerage business),257,9
14,0049(brokerage business),131,17,14,0123(brokerage business),316,1,14,0073(brokerage business),223,0
15,0240(brokerage business),120,-71,15,0081(brokerage business),310,6,15,0153(brokerage business),219,0
16,0272(brokerage business),117,-21,16,0177(brokerage business),304,0,16,0177(brokerage business),218,-10
17,0137(brokerage business),113,40,17,0049(brokerage business),237,1,17,0051(brokerage business),142,0
18,0274(brokerage business),106,-94,18,0003(brokerage business),230,0,18,0171(brokerage business),130,0
19,0271(brokerage business),105,-37,19,0275(brokerage business),221,120,19,0257(brokerage business),122,46
20,0004(brokerage business),88,-239,20,0262(brokerage business),214,0,20,0268(brokerage business),116,0
Total,,5071,-426,Total,,13434,1044,Total,,14236,1064
Member/OSP Type,Total Volume,Change from Previous Trading Day,Member/OSP Type,Total Long Position,Change from Previous Trading Day,Member/OSP Type,Total Short Position,Change from Previous Trading Day,,,
Contract Code：znall,,,,,,,2026-09-14,,,,
Name of FF Member/OSBP,583866,-185416,Name of FF Member/OSBP,297255,-11139,Name of FF Member/OSBP,297255,-11139,,,
Name of Non-FF Member/OSNBP,0,0,Name of Non-FF Member/OSNBP,0,0,Name of Non-FF Member/OSNBP,0,0,,,
Ranking,Name of FF Member /OSBPs,Volume,Change from Previous Trading Day,Ranking,Name of FF Member /OSBPs,Long Position,Change from Previous Trading Day,Ranking,Name of FF Member /OSBPs,Short Position,Change from Previous Trading Day
Contract Code：zn2609,,,,,,,,,,2026-09-14,
1,0004(brokerage business),275,-80,1,0272(brokerage business),1600,0,1,0139(brokerage business),1035,10
2,0009(brokerage business),170,120,2,0004(brokerage business),1015,-20,2,0272(brokerage business),800,0
3,0148(brokerage business),140,135,3,0058(brokerage business),980,0,3,0077(brokerage business),600,0
4,0047(brokerage business),105,105,4,0148(brokerage business),415,-40,4,0311(brokerage business),390,0
5,0077(brokerage business),90,15,5,0059(brokerage business),305,-40,5,0103(brokerage business),385,0
6,0025(brokerage business),70,70,6,0048(brokerage business),300,0,6,0315(brokerage business),360,0
7,0275(brokerage business),65,45,7,0069(brokerage business),200,0,7,0052(brokerage business),245,0
8,0059(brokerage business),60,-45,8,0052(brokerage business),140,0,8,0148(brokerage business),235,-90
9,0108(brokerage business),60,60,9,0081(brokerage business),110,0,9,0069(brokerage business),225,-35
10,0082(brokerage business),55,-165,10,0051(brokerage business),85,0,10,0253(brokerage business),185,0
11,0003(brokerage business),45,45,11,0299(brokerage business),85,0,11,0059(brokerage business),175,0
12,0069(brokerage business),45,30,12,0240(brokerage business),35,0,12,0025(brokerage business),170,-70
13,0073(brokerage business),40,40,13,0275(brokerage business),30,-55,13,0009(brokerage business),150,130
14,0240(brokerage business),30,30,14,0019(brokerage business),20,20,14,0049(brokerage business),145,0
15,0019(brokerage business),20,-30,15,,,,15,0240(brokerage business),130,30
16,0134(brokerage business),10,0,16,,,,16,0081(brokerage business),70,0
17,0139(brokerage business),10,-75,17,,,,17,0038(brokerage business),20,0
18,0272(brokerage business),10,-115,18,,,,18,,,
Total,,1300,185,Total,,5320,-135,Total,,5320,-25
Ranking,Name of FF Member /OSBPs,Volume,Change from Previous Trading Day,Ranking,Name of FF Member /OSBPs,Long Position,Change from Previous Trading Day,Ranking,Name of FF Member /OSBPs,Short Position,Change from Previous Trading Day
Contract Code：zn2610,,,,,,,,,,2026-09-14,
1,0163(brokerage business),46840,-22517,1,0148(brokerage business),12221,-2329,1,0148(brokerage business),9431,-314
2,0148(brokerage business),41867,-15303,2,0004(brokerage business),10354,-1947,2,0139(brokerage business),7711,-1457
3,0004(brokerage business),37743,-5565,3,0163(brokerage business),10289,591,3,0004(brokerage business),6088,-474
4,0253(brokerage business),25642,-15473,4,0272(brokerage business),3998,-372,4,0272(brokerage business),5238,-318
5,0275(brokerage business),21987,-9902,5,0275(brokerage business),3149,-84,5,0058(brokerage business),4530,-131
6,0272(brokerage business),13204,-4678,6,0019(brokerage business),2913,-65,6,0163(brokerage business),3625,-1201
7,0081(brokerage business),10256,-3012,7,0003(brokerage business),2909,-35,7,0315(brokerage business),3397,-295
8,0259(brokerage business),8704,-163,8,0308(brokerage business),2767,-222,8,0049(brokerage business),3103,-824
9,0123(brokerage business),6923,-1486,9,0139(brokerage business),2735,-68,9,0042(brokerage business),2893,-164
10,0096(brokerage business),6242,-3827,10,0323(brokerage business),2525,180,10,0003(brokerage business),2575,-447
11,0298(brokerage business),4040,-1253,11,0253(brokerage business),2430,-51,11,0240(brokerage business),2503,-352
12,0069(brokerage business),3994,717,12,0240(brokerage business),2320,-405,12,0052(brokerage business),2344,-95
13,0308(brokerage business),3964,-2058,13,0239(brokerage business),2238,-1092,13,0059(brokerage business),2326,-567
14,0240(brokerage business),3273,-2131,14,0184(brokerage business),2105,182,14,0103(brokerage business),2253,-187
15,0034(brokerage business),3111,-1304,15,0082(brokerage business),1851,8,15,0082(brokerage business),2241,-185
16,0049(brokerage business),3056,104,16,0123(brokerage business),1778,-245,16,0096(brokerage business),2199,-179
17,0268(brokerage business),2850,-530,17,0274(brokerage business),1754,-229,17,0253(brokerage business),2174,-653
18,0058(brokerage business),2655,-2443,18,0372(brokerage business),1683,-123,18,0034(brokerage business),1888,-216
19,0059(brokerage business),2532,-1941,19,0335(brokerage business),1643,-1012,19,0069(brokerage business),1844,-596
20,0042(brokerage business),2452,-893,20,0049(brokerage business),1497,-284,20,0025(brokerage business),1783,-87
Total,,251335,-93658,Total,,73159,-7602,Total,,70146,-8742
Ranking,Name of FF Member /OSBPs,Volume,Change from Previous Trading Day,Ranking,Name of FF Member /OSBPs,Long Position,Change from Previous Trading Day,Ranking,Name of FF Member /OSBPs,Short Position,Change from Previous Trading Day
Contract Code：zn2611,,,,,,,,,,2026-09-14,
1,0148(brokerage business),29344,-3505,1,0239(brokerage business),21448,1809,1,0148(brokerage business),11577,751
2,0275(brokerage business),23926,-6964,2,0148(brokerage business),18438,205,2,0004(brokerage business),7691,604
3,0163(brokerage business),21563,-5047,3,0004(brokerage business),11964,614,3,0272(brokerage business),7330,279
4,0004(brokerage business),17348,-4601,4,0272(brokerage business),8573,-476,4,0058(brokerage business),6372,-160
5,0253(brokerage business),13781,-5672,5,0163(brokerage business),8307,-851,5,0308(brokerage business),5052,172
6,0081(brokerage business),7982,-1970,6,0335(brokerage business),5569,-250,6,0069(brokerage business),4845,-6
7,0123(brokerage business),7447,2767,7,0123(brokerage business),4878,-147,7,0315(brokerage business),3957,-21
8,0308(brokerage business),3666,-1476,8,0184(brokerage business),2883,29,8,0077(brokerage business),3729,168
9,0069(brokerage business),3366,462,9,0308(brokerage business),2465,138,9,0323(brokerage business),3455,515
10,0103(brokerage business),3112,335,10,0268(brokerage business),2463,69,10,0059(brokerage business),3152,-259
11,0259(brokerage business),3067,-1158,11,0240(brokerage business),2331,-143,11,0139(brokerage business),3139,-130
12,0268(brokerage business),2884,1193,12,0084(brokerage business),2260,-85,12,0253(brokerage business),3001,-197
13,0272(brokerage business),2793,-3269,13,0139(brokerage business),2115,-10,13,0003(brokerage business),2974,79
14,0335(brokerage business),2415,1240,14,0274(brokerage business),2089,219,14,0277(brokerage business),2924,98
15,0240(brokerage business),2397,-705,15,0253(brokerage business),1770,108,15,0321(brokerage business),2914,140
16,0034(brokerage business),2390,315,16,0323(brokerage business),1661,347,16,0025(brokerage business),2725,30
17,0042(brokerage business),2061,777,17,0103(brokerage business),1609,-915,17,0163(brokerage business),2548,-194
18,0239(brokerage business),2032,-396,18,0049(brokerage business),1419,97,18,0103(brokerage business),2520,1149
19,0333(brokerage business),1906,744,19,0081(brokerage business),1254,260,19,0275(brokerage business),2370,-223
20,0323(brokerage business),1896,232,20,0042(brokerage business),1183,-75,20,0096(brokerage business),2222,-11
Total,,155376,-26698,Total,,104679,943,Total,,84497,2784
Ranking,Name of FF Member /OSBPs,Volume,Change from Previous Trading Day,Ranking,Name of FF Member /OSBPs,Long Position,Change from Previous Trading Day,Ranking,Name of FF Member /OSBPs,Short Position,Change from Previous Trading Day
Contract Code：zn2612,,,,,,,,,,2026-09-14,
1,0163(brokerage business),8364,-1692,1,0239(brokerage business),9298,-47,1,0321(brokerage business),5333,-1004
2,0275(brokerage business),7223,-578,2,0148(brokerage business),5870,-235,2,0272(brokerage business),3917,472
3,0004(brokerage business),6971,-21,3,0004(brokerage business),3124,-5,3,0004(brokerage business),2326,844
4,0148(brokerage business),6042,-1421,4,0308(brokerage business),2277,59,4,0009(brokerage business),1888,-106
5,0253(brokerage business),6023,-3026,5,0268(brokerage business),2179,704,5,0049(brokerage business),1799,46
6,0081(brokerage business),4147,-1320,6,0163(brokerage business),1903,-163,6,0148(brokerage business),1575,-279
7,0259(brokerage business),1304,-651,7,0059(brokerage business),1790,8,7,0025(brokerage business),1550,26
8,0308(brokerage business),1052,-1709,8,0019(brokerage business),1626,-46,8,0082(brokerage business),1488,-2
9,0321(brokerage business),1012,309,9,0123(brokerage business),1432,-73,9,0253(brokerage business),1425,297
10,0240(brokerage business),969,-917,10,0042(brokerage business),1299,19,10,0069(brokerage business),1419,104
11,0268(brokerage business),895,55,11,0272(brokerage business),1026,27,11,0169(brokerage business),1195,-17
12,0123(brokerage business),870,-236,12,0058(brokerage business),868,-124,12,0058(brokerage business),1116,4
13,0272(brokerage business),801,-365,13,0323(brokerage business),862,3,13,0315(brokerage business),1034,87
14,0274(brokerage business),777,412,14,0077(brokerage business),803,-12,14,0034(brokerage business),910,-70
15,0049(brokerage business),581,149,15,0003(brokerage business),758,0,15,0163(brokerage business),820,95
16,0069(brokerage business),538,-1203,16,0274(brokerage business),549,493,16,0077(brokerage business),791,-16
17,0103(brokerage business),507,-45,17,0295(brokerage business),482,-7,17,0059(brokerage business),705,107
18,0034(brokerage business),490,-1093,18,0321(brokerage business),425,-4,18,0123(brokerage business),684,123
19,0333(brokerage business),481,-61,19,0253(brokerage business),383,0,19,0239(brokerage business),621,-182
20,0018(brokerage business),430,-57,20,0096(brokerage business),347,68,20,0103(brokerage business),579,87
Total,,49477,-13470,Total,,37301,665,Total,,31175,616
Member/OSP Type,Total Volume,Change from Previous Trading Day,Member/OSP Type,Total Long Position,Change from Previous Trading Day,Member/OSP Type,Total Short Position,Change from Previous Trading Day,,,
Contract Code：pball,,,,,,,2026-09-14,,,,
Name of FF Member/OSBP,244820,36840,Name of FF Member/OSBP,135165,10107,Name of FF Member/OSBP,135165,10107,,,
Name of Non-FF Member/OSNBP,0,0,Name of Non-FF Member/OSNBP,0,0,Name of Non-FF Member/OSNBP,0,0,,,
Ranking,Name of FF Member /OSBPs,Volume,Change from Previous Trading Day,Ranking,Name of FF Member /OSBPs,Long Position,Change from Previous Trading Day,Ranking,Name of FF Member /OSBPs,Short Position,Change from Previous Trading Day
Contract Code：pb2609,,,,,,,,,,2026-09-14,
1,0006(brokerage business),105,105,1,0049(brokerage business),1860,0,1,0148(brokerage business),1350,-75
2,0081(brokerage business),90,90,2,0139(brokerage business),940,0,2,0049(brokerage business),695,10
3,0148(brokerage business),75,75,3,0320(brokerage business),400,0,3,0007(brokerage business),500,0
4,0059(brokerage business),50,-50,4,0069(brokerage business),310,0,4,0029(brokerage business),330,0
5,0069(brokerage business),20,15,5,0272(brokerage business),310,0,5,0069(brokerage business),300,20
6,0295(brokerage business),20,20,6,0006(brokerage business),100,95,6,0004(brokerage business),210,0
7,0311(brokerage business),20,20,7,0004(brokerage business),35,10,7,0272(brokerage business),150,0
8,0004(brokerage business),10,-5,8,0096(brokerage business),10,10,8,0308(brokerage business),150,0
9,0049(brokerage business),10,5,9,,,,9,0052(brokerage business),85,0
10,0096(brokerage business),10,5,10,,,,10,0077(brokerage business),55,0
11,,,,11,,,,11,0253(brokerage business),50,0
12,,,,12,,,,12,0059(brokerage business),30,0
13,,,,13,,,,13,0161(brokerage business),25,0
14,,,,14,,,,14,0275(brokerage business),15,0
15,,,,15,,,,15,0034(brokerage business),10,0
16,,,,16,,,,16,0320(brokerage business),10,0
Total,,410,280,Total,,3965,115,Total,,3965,-45
Ranking,Name of FF Member /OSBPs,Volume,Change from Previous Trading Day,Ranking,Name of FF Member /OSBPs,Long Position,Change from Previous Trading Day,Ranking,Name of FF Member /OSBPs,Short Position,Change from Previous Trading Day
Contract Code：pb2610,,,,,,,,,,2026-09-14,
1,0004(brokerage business),29927,5205,1,0004(brokerage business),6963,114,1,0148(brokerage business),8119,802
2,0163(brokerage business),24277,270,2,0163(brokerage business),4857,1455,2,0004(brokerage business),6836,489
3,0253(brokerage business),16840,4438,3,0148(brokerage business),4519,-566,3,0163(brokerage business),4456,-1218
4,0148(brokerage business),15050,994,4,0049(brokerage business),4514,819,4,0253(brokerage business),2263,621
5,0275(brokerage business),5974,1723,5,0308(brokerage business),4182,91,5,0103(brokerage business),2039,91
6,0081(brokerage business),5940,1208,6,0103(brokerage business),4124,168,6,0335(brokerage business),2039,529
7,0259(brokerage business),5763,-466,7,0272(brokerage business),4096,66,7,0272(brokerage business),1962,-120
8,0272(brokerage business),3676,971,8,0139(brokerage business),2648,129,8,0081(brokerage business),1819,-887
9,0069(brokerage business),2827,1214,9,0275(brokerage business),2362,-175,9,0034(brokerage business),1659,153
10,0006(brokerage business),2020,711,10,0288(brokerage business),1907,-374,10,0006(brokerage business),1572,-1457
11,0034(brokerage business),1862,414,11,0253(brokerage business),1738,-173,11,0268(brokerage business),1451,112
12,0157(brokerage business),1836,1616,12,0274(brokerage business),1295,-44,12,0153(brokerage business),1439,-735
13,0335(brokerage business),1720,508,13,0034(brokerage business),1136,85,13,0184(brokerage business),1399,201
14,0268(brokerage business),1640,158,14,0177(brokerage business),1123,480,14,0137(brokerage business),1105,46
15,0308(brokerage business),1627,715,15,0082(brokerage business),1021,-207,15,0009(brokerage business),1099,-26
16,0049(brokerage business),1534,483,16,0069(brokerage business),1007,381,16,0059(brokerage business),1050,-42
17,0153(brokerage business),1512,762,17,0042(brokerage business),928,191,17,0308(brokerage business),986,70
18,0123(brokerage business),1493,-1224,18,0161(brokerage business),764,-135,18,0088(brokerage business),871,-21
19,0103(brokerage business),1445,-1491,19,0178(brokerage business),741,-98,19,0069(brokerage business),864,-688
20,0240(brokerage business),1370,-191,20,0123(brokerage business),725,51,20,0049(brokerage business),859,-307
Total,,128333,18018,Total,,50650,2258,Total,,43887,-2387
Ranking,Name of FF Member /OSBPs,Volume,Change from Previous Trading Day,Ranking,Name of FF Member /OSBPs,Long Position,Change from Previous Trading Day,Ranking,Name of FF Member /OSBPs,Short Position,Change from Previous Trading Day
Contract Code：pb2611,,,,,,,,,,2026-09-14,
1,0004(brokerage business),8970,718,1,0272(brokerage business),10892,2022,1,0239(brokerage business),6281,934
2,0148(brokerage business),8912,1516,2,0148(brokerage business),7391,2118,2,0148(brokerage business),5658,244
3,0253(brokerage business),8703,1201,3,0004(brokerage business),5730,703,3,0004(brokerage business),5253,1101
4,0163(brokerage business),8178,1554,4,0288(brokerage business),5418,167,4,0163(brokerage business),4423,875
5,0081(brokerage business),6105,2479,5,0034(brokerage business),2370,532,5,0123(brokerage business),3026,93
6,0272(brokerage business),3653,2443,6,0069(brokerage business),2363,320,6,0103(brokerage business),2469,834
7,0259(brokerage business),2655,120,7,0163(brokerage business),1829,-561,7,0081(brokerage business),2088,187
8,0275(brokerage business),2177,-233,8,0081(brokerage business),1691,186,8,0082(brokerage business),1858,272
9,0240(brokerage business),2119,386,9,0184(brokerage business),1594,-36,9,0253(brokerage business),1817,447
10,0103(brokerage business),1402,-951,10,0339(brokerage business),1154,-13,10,0335(brokerage business),1696,681
11,0006(brokerage business),1348,793,11,0268(brokerage business),1145,-121,11,0308(brokerage business),1557,75
12,0335(brokerage business),1255,-21,12,0239(brokerage business),1051,-74,12,0084(brokerage business),1221,-33
13,0082(brokerage business),1250,-753,13,0077(brokerage business),873,13,13,0139(brokerage business),1189,-239
14,0239(brokerage business),1052,97,14,0253(brokerage business),735,78,14,0274(brokerage business),1114,21
15,0096(brokerage business),1049,230,15,0006(brokerage business),690,-125,15,0042(brokerage business),1077,4
16,0268(brokerage business),930,-467,16,0323(brokerage business),626,28,16,0320(brokerage business),1068,-302
17,0069(brokerage business),895,88,17,0335(brokerage business),621,-344,17,0272(brokerage business),992,9
18,0178(brokerage business),885,842,18,0096(brokerage business),612,390,18,0315(brokerage business),874,-50
19,0034(brokerage business),833,508,19,0178(brokerage business),568,355,19,0177(brokerage business),842,29
20,0058(brokerage business),783,567,20,0025(brokerage business),489,28,20,0268(brokerage business),832,73
Total,,63154,11117,Total,,47842,5666,Total,,45335,5255
Member/OSP Type,Total Volume,Change from Previous Trading Day,Member/OSP Type,Total Long Position,Change from Previous Trading Day,Member/OSP Type,Total Short Position,Change from Previous Trading Day,,,
Contract Code：niall,,,,,,,2026-09-14,,,,
Name of FF Member/OSBP,435575,-184622,Name of FF Member/OSBP,364407,16086,Name of FF Member/OSBP,361216,16091,,,
Name of Non-FF Member/OSNBP,5,-26,Name of Non-FF Member/OSNBP,30,0,Name of Non-FF Member/OSNBP,3221,-5,,,
Ranking,Name of FF Member /OSBPs,Volume,Change from Previous Trading Day,Ranking,Name of FF Member /OSBPs,Long Position,Change from Previous Trading Day,Ranking,Name of FF Member /OSBPs,Short Position,Change from Previous Trading Day
Contract Code：ni2609,,,,,,,,,,2026-09-14,
1,0161(brokerage business),84,84,1,0148(brokerage business),1992,0,1,0004(brokerage business),2514,0
2,0320(brokerage business),72,72,2,0004(brokerage business),1986,0,2,0148(brokerage business),1950,0
3,0163(brokerage business),24,18,3,0253(brokerage business),1446,0,3,0272(brokerage business),1440,0
4,0069(brokerage business),12,-6,4,0139(brokerage business),1200,0,4,0169(brokerage business),750,0
5,0277(brokerage business),12,12,5,0275(brokerage business),1074,0,5,0305(brokerage business),750,0
6,0007(brokerage business),6,6,6,0082(brokerage business),600,0,6,0059(brokerage business),690,0
7,0042(brokerage business),6,6,7,0272(brokerage business),600,0,7,0316(brokerage business),600,0
8,0081(brokerage business),6,-6,8,0003(brokerage business),522,0,8,0323(brokerage business),510,0
9,0095(brokerage business),6,6,9,0240(brokerage business),438,-6,9,0007(brokerage business),456,6
10,0169(brokerage business),6,6,10,0096(brokerage business),378,0,10,0418(brokerage business),450,0
11,0240(brokerage business),6,0,11,0059(brokerage business),366,0,11,0058(brokerage business),336,0
12,0308(brokerage business),6,-78,12,0311(brokerage business),348,0,12,0081(brokerage business),300,6
13,0311(brokerage business),6,6,13,0103(brokerage business),324,0,13,0275(brokerage business),294,0
14,,,,14,0049(brokerage business),300,0,14,0153(brokerage business),288,0
15,,,,15,0322(brokerage business),300,0,15,0240(brokerage business),276,0
16,,,,16,0136(brokerage business),252,0,16,0277(brokerage business),264,12
17,,,,17,0058(brokerage business),228,0,17,0052(brokerage business),252,0
18,,,,18,0069(brokerage business),216,0,18,0389(brokerage business),180,0
19,,,,19,0323(brokerage business),150,0,19,0069(brokerage business),156,12
20,,,,20,0043(brokerage business),96,0,20,0253(brokerage business),108,0
Total,,252,126,Total,,12816,-6,Total,,12564,36
Ranking,Name of FF Member /OSBPs,Volume,Change from Previous Trading Day,Ranking,Name of FF Member /OSBPs,Long Position,Change from Previous Trading Day,Ranking,Name of FF Member /OSBPs,Short Position,Change from Previous Trading Day
Contract Code：ni2610,,,,,,,,,,2026-09-14,
1,0004(brokerage business),46448,-17140,1,0004(brokerage business),11043,1132,1,0004(brokerage business),18417,312
2,0163(brokerage business),28764,-7923,2,0163(brokerage business),6442,346,2,0148(brokerage business),14916,1483
3,0148(brokerage business),26012,-10395,3,0148(brokerage business),6091,-745,3,0082(brokerage business),9271,-161
4,0275(brokerage business),12535,-5097,4,0253(brokerage business),6086,-206,4,0253(brokerage business),5233,190
5,0253(brokerage business),12202,-1309,5,0103(brokerage business),5387,341,5,0272(brokerage business),4756,-143
6,0272(brokerage business),10225,-3601,6,0034(brokerage business),4541,475,6,0163(brokerage business),4693,700
7,0081(brokerage business),8579,-3617,7,0240(brokerage business),4303,606,7,0059(brokerage business),3908,392
8,0123(brokerage business),7025,-13327,8,0272(brokerage business),4029,438,8,0240(brokerage business),3799,188
9,0240(brokerage business),6412,-3831,9,0096(brokerage business),3802,421,9,0139(brokerage business),3612,-1
10,0268(brokerage business),5805,-188,10,0077(brokerage business),3376,97,10,0103(brokerage business),2597,48
11,0059(brokerage business),5558,-1668,11,0042(brokerage business),3260,-15,11,0323(brokerage business),2580,14
12,0034(brokerage business),4040,-2153,12,0003(brokerage business),3174,415,12,0161(brokerage business),2517,257
13,0308(brokerage business),3572,-1881,13,0268(brokerage business),2823,115,13,0018(brokerage business),2390,98
14,0298(brokerage business),3336,-951,14,0049(brokerage business),2452,-35,14,0275(brokerage business),2364,324
15,0069(brokerage business),3091,-2041,15,0275(brokerage business),2424,115,15,0335(brokerage business),2337,-284
16,0186(brokerage business),3040,-682,16,0081(brokerage business),2398,-340,16,0268(brokerage business),2203,80
17,0043(brokerage business),2760,-44,17,0123(brokerage business),2280,232,17,0288(brokerage business),1935,165
18,0042(brokerage business),2655,-980,18,0308(brokerage business),2267,31,18,0184(brokerage business),1774,-339
19,0009(brokerage business),2535,-1759,19,0298(brokerage business),1911,257,19,0069(brokerage business),1740,184
20,0003(brokerage business),2533,-773,20,0316(brokerage business),1839,5,20,0081(brokerage business),1704,819
Total,,197127,-79360,Total,,79928,3685,Total,,92746,4326
Ranking,Name of FF Member /OSBPs,Volume,Change from Previous Trading Day,Ranking,Name of FF Member /OSBPs,Long Position,Change from Previous Trading Day,Ranking,Name of FF Member /OSBPs,Short Position,Change from Previous Trading Day
Contract Code：ni2611,,,,,,,,,,2026-09-14,
1,0148(brokerage business),14486,-11876,1,0103(brokerage business),16173,77,1,0004(brokerage business),21168,1019
2,0004(brokerage business),13743,-7305,2,0004(brokerage business),13194,696,2,0148(brokerage business),14079,768
3,0163(brokerage business),8526,-5997,3,0148(brokerage business),12151,678,3,0184(brokerage business),12870,339
4,0272(brokerage business),6069,-1907,4,0096(brokerage business),7285,29,4,0239(brokerage business),6444,1069
5,0275(brokerage business),5684,-2288,5,0077(brokerage business),6544,132,5,0272(brokerage business),6167,20
6,0123(brokerage business),4785,-3079,6,0272(brokerage business),4515,285,6,0009(brokerage business),4721,1
7,0253(brokerage business),4611,-1601,7,0163(brokerage business),3136,329,7,0163(brokerage business),4650,-375
8,0081(brokerage business),4258,-511,8,0003(brokerage business),2555,169,8,0082(brokerage business),4290,-46
9,0059(brokerage business),2521,766,9,0059(brokerage business),2408,329,9,0335(brokerage business),3884,393
10,0268(brokerage business),2294,279,10,0253(brokerage business),2391,264,10,0042(brokerage business),3381,-38
11,0009(brokerage business),2079,-1052,11,0308(brokerage business),2387,150,11,0123(brokerage business),2696,145
12,0240(brokerage business),1780,-844,12,0178(brokerage business),2347,186,12,0323(brokerage business),2506,590
13,0298(brokerage business),1606,336,13,0240(brokerage business),2192,237,13,0240(brokerage business),1975,167
14,0308(brokerage business),1530,-1989,14,0082(brokerage business),2139,66,14,0253(brokerage business),1898,77
15,0069(brokerage business),1404,-365,15,0316(brokerage business),1989,59,15,0103(brokerage business),1856,36
16,0096(brokerage business),1311,72,16,0034(brokerage business),1841,353,16,0275(brokerage business),1817,-28
17,0018(brokerage business),1210,-310,17,0018(brokerage business),1671,254,17,0096(brokerage business),1730,802
18,0323(brokerage business),1195,9,18,0335(brokerage business),1409,5,18,0308(brokerage business),1723,218
19,0034(brokerage business),1173,-561,19,0268(brokerage business),1380,-454,19,0029(brokerage business),1621,10
20,0239(brokerage business),1119,124,20,0338(brokerage business),1230,152,20,0003(brokerage business),1559,-449
Total,,81384,-38099,Total,,88937,3996,Total,,101035,4718
Ranking,Name of FF Member /OSBPs,Volume,Change from Previous Trading Day,Ranking,Name of FF Member /OSBPs,Long Position,Change from Previous Trading Day,Ranking,Name of FF Member /OSBPs,Short Position,Change from Previous Trading Day
Contract Code：ni2612,,,,,,,,,,2026-09-14,
1,0004(brokerage business),5615,-707,1,0148(brokerage business),13921,238,1,0004(brokerage business),22343,972
2,0148(brokerage business),4188,-801,2,0103(brokerage business),7756,88,2,0253(brokerage business),5690,-47
3,0253(brokerage business),2387,-784,3,0096(brokerage business),5261,-122,3,0272(brokerage business),4752,59
4,0163(brokerage business),2176,-915,4,0268(brokerage business),2489,735,4,0148(brokerage business),4603,142
5,0081(brokerage business),1819,197,5,0272(brokerage business),2410,94,5,0123(brokerage business),2647,53
6,0275(brokerage business),1713,-167,6,0316(brokerage business),2198,1,6,0139(brokerage business),2259,0
7,0123(brokerage business),1250,-1400,7,0003(brokerage business),1781,27,7,0042(brokerage business),2172,0
8,0059(brokerage business),1082,246,8,0004(brokerage business),1717,323,8,0009(brokerage business),1697,407
9,0268(brokerage business),874,69,9,0178(brokerage business),1665,115,9,0003(brokerage business),1485,456
10,0096(brokerage business),730,299,10,0163(brokerage business),1423,73,10,0240(brokerage business),1319,-2
11,0240(brokerage business),730,-715,11,0253(brokerage business),1039,90,11,0022(brokerage business),1114,0
12,0043(brokerage business),575,478,12,0311(brokerage business),876,1,12,0043(brokerage business),795,532
13,0308(brokerage business),514,-570,13,0308(brokerage business),874,81,13,0077(brokerage business),775,107
14,0003(brokerage business),507,-345,14,0240(brokerage business),850,130,14,0007(brokerage business),772,1
15,0009(brokerage business),484,187,15,0034(brokerage business),831,89,15,0308(brokerage business),631,-85
16,0018(brokerage business),477,-498,16,0018(brokerage business),785,358,16,0153(brokerage business),604,1
17,0259(brokerage business),438,-89,17,0263(brokerage business),753,-1,17,0163(brokerage business),586,25
18,0272(brokerage business),435,-576,18,0059(brokerage business),652,-77,18,0103(brokerage business),463,100
19,0103(brokerage business),392,-99,19,0123(brokerage business),606,27,19,0082(brokerage business),451,121
20,0077(brokerage business),367,4,20,0298(brokerage business),576,59,20,0058(brokerage business),420,-97
Total,,26753,-6186,Total,,48463,2329,Total,,55578,2745
Ranking,Name of FF Member /OSBPs,Volume,Change from Previous Trading Day,Ranking,Name of FF Member /OSBPs,Long Position,Change from Previous Trading Day,Ranking,Name of FF Member /OSBPs,Short Position,Change from Previous Trading Day
Contract Code：ni2701,,,,,,,,,,2026-09-14,
1,0004(brokerage business),1925,-955,1,0096(brokerage business),4083,130,1,0272(brokerage business),4218,10
2,0163(brokerage business),1673,-1079,2,0103(brokerage business),2679,24,2,0148(brokerage business),4163,-67
3,0275(brokerage business),1663,-684,3,0148(brokerage business),1907,102,3,0253(brokerage business),3496,553
4,0253(brokerage business),1628,56,4,0004(brokerage business),1119,107,4,0004(brokerage business),3064,444
5,0148(brokerage business),1333,-1040,5,0240(brokerage business),882,47,5,0042(brokerage business),2363,-138
6,0081(brokerage business),1206,-137,6,0025(brokerage business),664,5,6,0240(brokerage business),1944,97
7,0059(brokerage business),910,474,7,0253(brokerage business),660,7,7,0311(brokerage business),1169,3
8,0069(brokerage business),654,263,8,0163(brokerage business),634,97,8,0320(brokerage business),913,176
9,0299(brokerage business),578,191,9,0123(brokerage business),567,12,9,0022(brokerage business),711,0
10,0123(brokerage business),450,-715,10,0069(brokerage business),550,-11,10,0103(brokerage business),616,2
11,0042(brokerage business),311,73,11,0169(brokerage business),525,4,11,0163(brokerage business),426,66
12,0238(brokerage business),299,43,12,0272(brokerage business),462,33,12,0288(brokerage business),415,5
13,0308(brokerage business),242,-283,13,0323(brokerage business),392,3,13,0058(brokerage business),386,2
14,0240(brokerage business),236,-875,14,0268(brokerage business),356,27,14,0268(brokerage business),355,21
15,0268(brokerage business),234,-10,15,0310(brokerage business),342,33,15,0331(brokerage business),121,-1
16,0320(brokerage business),212,202,16,0277(brokerage business),341,-3,16,0019(brokerage business),112,-2
17,0151(brokerage business),174,16,17,0003(brokerage business),336,33,17,0096(brokerage business),100,0
18,0049(brokerage business),165,-50,18,0038(brokerage business),336,2,18,0275(brokerage business),82,19
19,0272(brokerage business),147,-95,19,0178(brokerage business),333,92,19,0048(brokerage business),69,-10
20,0096(brokerage business),144,17,20,0125(brokerage business),321,5,20,0151(brokerage business),62,7
Total,,14184,-4588,Total,,17489,749,Total,,24785,1187
Member/OSP Type,Total Volume,Change from Previous Trading Day,Member/OSP Type,Total Long Position,Change from Previous Trading Day,Member/OSP Type,Total Short Position,Change from Previous Trading Day,,,
Contract Code：snall,,,,,,,2026-09-14,,,,
Name of FF Member/OSBP,362608,-51118,Name of FF Member/OSBP,74098,3665,Name of FF Member/OSBP,74098,3665,,,
Name of Non-FF Member/OSNBP,0,0,Name of Non-FF Member/OSNBP,0,0,Name of Non-FF Member/OSNBP,0,0,,,
Ranking,Name of FF Member /OSBPs,Volume,Change from Previous Trading Day,Ranking,Name of FF Member /OSBPs,Long Position,Change from Previous Trading Day,Ranking,Name of FF Member /OSBPs,Short Position,Change from Previous Trading Day
Contract Code：sn2609,,,,,,,,,,2026-09-14,
1,0268(brokerage business),64,64,1,0148(brokerage business),480,0,1,0272(brokerage business),1282,0
2,0163(brokerage business),8,-6,2,0004(brokerage business),416,0,2,0042(brokerage business),658,0
3,0103(brokerage business),6,6,3,0049(brokerage business),212,0,3,0349(brokerage business),120,0
4,0153(brokerage business),6,6,4,0034(brokerage business),200,0,4,0007(brokerage business),72,0
5,0004(brokerage business),4,2,5,0058(brokerage business),170,0,5,0103(brokerage business),70,6
6,0003(brokerage business),2,2,6,0048(brokerage business),160,0,6,0311(brokerage business),46,2
7,0009(brokerage business),2,0,7,0009(brokerage business),124,2,7,0069(brokerage business),34,0
8,0052(brokerage business),2,2,8,0268(brokerage business),110,-32,8,0009(brokerage business),22,0
9,0059(brokerage business),2,2,9,0316(brokerage business),100,0,9,0163(brokerage business),10,0
10,0148(brokerage business),2,2,10,0069(brokerage business),76,0,10,0268(brokerage business),10,-32
11,0311(brokerage business),2,2,11,0042(brokerage business),50,0,11,0052(brokerage business),8,2
12,,,,12,0082(brokerage business),48,0,12,0004(brokerage business),2,-4
13,,,,13,0338(brokerage business),40,0,13,0059(brokerage business),2,-2
14,,,,14,0240(brokerage business),38,0,14,,,
15,,,,15,0163(brokerage business),26,-8,15,,,
16,,,,16,0275(brokerage business),20,0,16,,,
17,,,,17,0308(brokerage business),20,0,17,,,
18,,,,18,0077(brokerage business),14,0,18,,,
19,,,,19,0305(brokerage business),10,0,19,,,
20,,,,20,0067(brokerage business),4,0,20,,,
Total,,100,82,Total,,2318,-38,Total,,2336,-28
Ranking,Name of FF Member /OSBPs,Volume,Change from Previous Trading Day,Ranking,Name of FF Member /OSBPs,Long Position,Change from Previous Trading Day,Ranking,Name of FF Member /OSBPs,Short Position,Change from Previous Trading Day
Contract Code：sn2610,,,,,,,,,,2026-09-14,
1,0004(brokerage business),42888,-7503,1,0004(brokerage business),2816,-166,1,0004(brokerage business),4757,-34
2,0148(brokerage business),28101,-3521,2,0148(brokerage business),2672,-410,2,0148(brokerage business),3279,511
3,0163(brokerage business),19567,-4305,3,0268(brokerage business),2306,-96,3,0240(brokerage business),2482,-369
4,0275(brokerage business),12551,-2111,4,0163(brokerage business),1896,114,4,0163(brokerage business),2169,-257
5,0240(brokerage business),9039,-642,5,0240(brokerage business),1385,364,5,0272(brokerage business),1403,-369
6,0253(brokerage business),8958,-2123,6,0034(brokerage business),1285,275,6,0103(brokerage business),1023,230
7,0081(brokerage business),8234,-533,7,0049(brokerage business),1279,522,7,0034(brokerage business),990,216
8,0272(brokerage business),6748,-901,8,0096(brokerage business),1271,274,8,0018(brokerage business),945,63
9,0268(brokerage business),5813,-921,9,0272(brokerage business),1010,-163,9,0323(brokerage business),786,-109
10,0298(brokerage business),5620,583,10,0059(brokerage business),986,95,10,0253(brokerage business),765,-52
11,0259(brokerage business),4652,-608,11,0275(brokerage business),935,55,11,0042(brokerage business),731,-298
12,0059(brokerage business),4294,-625,12,0082(brokerage business),918,-10,12,0153(brokerage business),728,-10
13,0034(brokerage business),4279,-102,13,0007(brokerage business),802,129,13,0139(brokerage business),696,19
14,0186(brokerage business),4129,-210,14,0123(brokerage business),624,36,14,0335(brokerage business),644,424
15,0308(brokerage business),3700,-457,15,0288(brokerage business),569,-36,15,0161(brokerage business),565,115
16,0103(brokerage business),3282,-450,16,0308(brokerage business),513,73,16,0082(brokerage business),562,7
17,0137(brokerage business),2566,296,17,0253(brokerage business),498,-114,17,0096(brokerage business),517,-118
18,0007(brokerage business),2502,-797,18,0298(brokerage business),491,147,18,0048(brokerage business),478,-9
19,0323(brokerage business),2474,7,19,0042(brokerage business),467,-93,19,0059(brokerage business),468,-45
20,0009(brokerage business),2288,-171,20,0081(brokerage business),459,-143,20,0275(brokerage business),466,-56
Total,,181685,-25094,Total,,23182,853,Total,,24454,-141
Ranking,Name of FF Member /OSBPs,Volume,Change from Previous Trading Day,Ranking,Name of FF Member /OSBPs,Long Position,Change from Previous Trading Day,Ranking,Name of FF Member /OSBPs,Short Position,Change from Previous Trading Day
Contract Code：sn2611,,,,,,,,,,2026-09-14,
1,0004(brokerage business),12474,-2830,1,0004(brokerage business),2297,83,1,0148(brokerage business),1976,286
2,0148(brokerage business),11836,-3194,2,0148(brokerage business),2118,54,2,0004(brokerage business),1975,109
3,0163(brokerage business),8120,-39,3,0272(brokerage business),1187,276,3,0272(brokerage business),1827,44
4,0275(brokerage business),7645,-1564,4,0163(brokerage business),1134,143,4,0323(brokerage business),1442,-2
5,0253(brokerage business),3585,864,5,0084(brokerage business),1116,-21,5,0163(brokerage business),1137,127
6,0081(brokerage business),2883,-673,6,0268(brokerage business),925,19,6,0042(brokerage business),942,36
7,0059(brokerage business),2135,-641,7,0123(brokerage business),776,-25,7,0007(brokerage business),773,-25
8,0240(brokerage business),1986,-192,8,0096(brokerage business),684,-209,8,0096(brokerage business),619,-86
9,0272(brokerage business),1764,-524,9,0049(brokerage business),514,113,9,0077(brokerage business),604,116
10,0123(brokerage business),1376,-105,10,0240(brokerage business),503,212,10,0178(brokerage business),462,51
11,0034(brokerage business),1349,-293,11,0052(brokerage business),420,6,11,0268(brokerage business),429,-132
12,0096(brokerage business),1337,315,12,0253(brokerage business),410,18,12,0335(brokerage business),427,256
13,0268(brokerage business),1317,57,13,0103(brokerage business),400,95,13,0240(brokerage business),426,50
14,0239(brokerage business),953,456,14,0059(brokerage business),381,82,14,0139(brokerage business),399,12
15,0259(brokerage business),839,-868,15,0274(brokerage business),345,14,15,0003(brokerage business),378,18
16,0043(brokerage business),784,113,16,0239(brokerage business),335,-692,16,0274(brokerage business),338,75
17,0007(brokerage business),764,-103,17,0082(brokerage business),319,178,17,0059(brokerage business),299,-9
18,0103(brokerage business),710,-311,18,0069(brokerage business),310,10,18,0034(brokerage business),288,-180
19,0082(brokerage business),699,-220,19,0315(brokerage business),285,107,19,0253(brokerage business),271,55
20,0019(brokerage business),667,-101,20,0009(brokerage business),272,2,20,0086(brokerage business),268,14
Total,,63223,-9853,Total,,14731,465,Total,,15280,815
Member/OSP Type,Total Volume,Change from Previous Trading Day,Member/OSP Type,Total Long Position,Change from Previous Trading Day,Member/OSP Type,Total Short Position,Change from Previous Trading Day,,,
Contract Code：aoall,,,,,,,2026-09-14,,,,
Name of FF Member/OSBP,499680,-294098,Name of FF Member/OSBP,473677,11180,Name of FF Member/OSBP,470927,11180,,,
Name of Non-FF Member/OSNBP,0,-300,Name of Non-FF Member/OSNBP,0,0,Name of Non-FF Member/OSNBP,2750,0,,,
Ranking,Name of FF Member /OSBPs,Volume,Change from Previous Trading Day,Ranking,Name of FF Member /OSBPs,Long Position,Change from Previous Trading Day,Ranking,Name of FF Member /OSBPs,Short Position,Change from Previous Trading Day
Contract Code：ao2609,,,,,,,,,,2026-09-14,
1,0148(brokerage business),540,525,1,0018(brokerage business),1050,0,1,0004(brokerage business),855,0
2,,,,2,0327(brokerage business),990,0,2,0148(brokerage business),855,0
3,,,,3,0034(brokerage business),900,0,3,0096(brokerage business),570,0
4,,,,4,0136(brokerage business),300,0,4,0139(brokerage business),405,0
5,,,,5,0103(brokerage business),240,0,5,0272(brokerage business),210,0
6,,,,6,0148(brokerage business),150,0,6,0136(brokerage business),135,0
7,,,,7,,,,7,0320(brokerage business),90,0
8,,,,8,,,,8,0123(brokerage business),45,0
9,,,,9,,,,9,0151(brokerage business),15,0
Total,,540,525,Total,,3630,0,Total,,3180,0
Ranking,Name of FF Member /OSBPs,Volume,Change from Previous Trading Day,Ranking,Name of FF Member /OSBPs,Long Position,Change from Previous Trading Day,Ranking,Name of FF Member /OSBPs,Short Position,Change from Previous Trading Day
Contract Code：ao2610,,,,,,,,,,2026-09-14,
1,0163(brokerage business),8954,-9576,1,0096(brokerage business),3009,243,1,0148(brokerage business),7497,286
2,0004(brokerage business),6021,-6744,2,0082(brokerage business),2629,-10,2,0004(brokerage business),5136,-492
3,0148(brokerage business),5746,-5166,3,0004(brokerage business),2577,-355,3,0163(brokerage business),2531,919
4,0275(brokerage business),3784,-2406,4,0148(brokerage business),2089,146,4,0103(brokerage business),1973,-3
5,0253(brokerage business),2380,-1296,5,0163(brokerage business),1833,-167,5,0323(brokerage business),1651,-373
6,0081(brokerage business),1968,-3381,6,0253(brokerage business),1711,-384,6,0151(brokerage business),1623,-462
7,0240(brokerage business),1558,-2168,7,0298(brokerage business),1482,-53,7,0029(brokerage business),1366,116
8,0272(brokerage business),1437,-903,8,0003(brokerage business),1146,-19,8,0019(brokerage business),1300,81
9,0069(brokerage business),1383,226,9,0272(brokerage business),1102,-104,9,0253(brokerage business),1192,228
10,0268(brokerage business),1102,-1545,10,0034(brokerage business),1059,-408,10,0268(brokerage business),1077,-212
11,0151(brokerage business),1024,-588,11,0275(brokerage business),1015,82,11,0139(brokerage business),1069,8
12,0059(brokerage business),898,-940,12,0288(brokerage business),1013,38,12,0059(brokerage business),962,-439
13,0034(brokerage business),881,-615,13,0327(brokerage business),1002,4,13,0003(brokerage business),944,-99
14,0298(brokerage business),862,-1398,14,0323(brokerage business),995,-100,14,0272(brokerage business),869,-145
15,0123(brokerage business),853,-2247,15,0018(brokerage business),980,-23,15,0259(brokerage business),859,-101
16,0103(brokerage business),696,-1977,16,0161(brokerage business),920,-14,16,0274(brokerage business),823,-13
17,0288(brokerage business),658,-986,17,0029(brokerage business),914,-1,17,0136(brokerage business),794,15
18,0323(brokerage business),603,-1444,18,0103(brokerage business),832,-133,18,0081(brokerage business),721,-159
19,0161(brokerage business),591,-958,19,0007(brokerage business),737,-2,19,0161(brokerage business),695,-307
20,0043(brokerage business),499,-407,20,0137(brokerage business),721,-88,20,0049(brokerage business),634,-174
Total,,41898,-44519,Total,,27766,-1348,Total,,33716,-1326
Ranking,Name of FF Member /OSBPs,Volume,Change from Previous Trading Day,Ranking,Name of FF Member /OSBPs,Long Position,Change from Previous Trading Day,Ranking,Name of FF Member /OSBPs,Short Position,Change from Previous Trading Day
Contract Code：ao2611,,,,,,,,,,2026-09-14,
1,0163(brokerage business),8976,-3332,1,0272(brokerage business),14118,-647,1,0323(brokerage business),8481,6
2,0004(brokerage business),7718,2834,2,0323(brokerage business),11957,382,2,0148(brokerage business),8404,589
3,0148(brokerage business),5709,-2521,3,0082(brokerage business),10663,-32,3,0151(brokerage business),8247,181
4,0253(brokerage business),2894,-692,4,0151(brokerage business),8322,104,4,0004(brokerage business),8151,-652
5,0275(brokerage business),2761,-2007,5,0004(brokerage business),6904,540,5,0240(brokerage business),7562,-76
6,0161(brokerage business),2573,-529,6,0253(brokerage business),6776,181,6,0163(brokerage business),6457,-27
7,0103(brokerage business),2143,1289,7,0240(brokerage business),6581,31,7,0178(brokerage business),5204,-862
8,0268(brokerage business),1967,-1386,8,0178(brokerage business),5332,-879,8,0161(brokerage business),4548,-401
9,0178(brokerage business),1891,334,9,0161(brokerage business),4171,-432,9,0253(brokerage business),4535,71
10,0240(brokerage business),1579,-1698,10,0077(brokerage business),3702,338,10,0103(brokerage business),4170,132
11,0274(brokerage business),1440,810,11,0163(brokerage business),3410,-155,11,0268(brokerage business),3340,-650
12,0123(brokerage business),1435,-688,12,0148(brokerage business),3220,2576,12,0019(brokerage business),3203,-495
13,0081(brokerage business),1418,-175,13,0048(brokerage business),2138,5,13,0335(brokerage business),2819,69
14,0272(brokerage business),1199,-525,14,0308(brokerage business),1575,-28,14,0274(brokerage business),2699,1249
15,0009(brokerage business),994,-961,15,0034(brokerage business),1528,7,15,0058(brokerage business),2196,455
16,0059(brokerage business),924,93,16,0268(brokerage business),1510,-499,16,0048(brokerage business),2170,2
17,0335(brokerage business),901,565,17,0009(brokerage business),1310,189,17,0288(brokerage business),1853,462
18,0019(brokerage business),877,134,18,0103(brokerage business),1134,319,18,0275(brokerage business),1598,88
19,0288(brokerage business),721,-480,19,0123(brokerage business),796,-23,19,0082(brokerage business),1247,207
20,0323(brokerage business),682,-871,20,0029(brokerage business),653,518,20,0295(brokerage business),1085,474
Total,,48802,-9806,Total,,95800,2495,Total,,87969,822
Ranking,Name of FF Member /OSBPs,Volume,Change from Previous Trading Day,Ranking,Name of FF Member /OSBPs,Long Position,Change from Previous Trading Day,Ranking,Name of FF Member /OSBPs,Short Position,Change from Previous Trading Day
Contract Code：ao2612,,,,,,,,,,2026-09-14,
1,0163(brokerage business),2581,-1550,1,0323(brokerage business),8010,2,1,0323(brokerage business),8223,-29
2,0253(brokerage business),1453,767,2,0151(brokerage business),6350,101,2,0151(brokerage business),6224,-21
3,0272(brokerage business),1307,-2234,3,0240(brokerage business),4994,9,3,0240(brokerage business),5363,-138
4,0268(brokerage business),1235,630,4,0161(brokerage business),4549,1,4,0161(brokerage business),4577,-22
5,0148(brokerage business),1028,-3623,5,0178(brokerage business),4229,499,5,0178(brokerage business),4253,477
6,0178(brokerage business),1020,226,6,0268(brokerage business),4195,1,6,0004(brokerage business),4164,33
7,0161(brokerage business),977,-912,7,0272(brokerage business),3871,617,7,0268(brokerage business),4015,-18
8,0081(brokerage business),707,-429,8,0163(brokerage business),3789,125,8,0163(brokerage business),3607,-138
9,0004(brokerage business),611,-577,9,0004(brokerage business),3396,14,9,0253(brokerage business),2983,-5
10,0048(brokerage business),496,86,10,0253(brokerage business),2602,-22,10,0103(brokerage business),2172,241
11,0335(brokerage business),489,473,11,0059(brokerage business),1901,137,11,0059(brokerage business),1899,116
12,0240(brokerage business),483,-270,12,0082(brokerage business),1754,2,12,0009(brokerage business),1823,103
13,0009(brokerage business),470,-2482,13,0048(brokerage business),1709,-103,13,0335(brokerage business),1821,225
14,0103(brokerage business),388,345,14,0034(brokerage business),1644,21,14,0048(brokerage business),1815,-103
15,0288(brokerage business),372,-399,15,0288(brokerage business),1406,-39,15,0148(brokerage business),932,96
16,0059(brokerage business),319,-63,16,0139(brokerage business),1353,0,16,0272(brokerage business),910,374
17,0123(brokerage business),306,-211,17,0095(brokerage business),572,1,17,0123(brokerage business),762,-31
18,0308(brokerage business),287,37,18,0148(brokerage business),392,-80,18,0288(brokerage business),557,137
19,0323(brokerage business),277,-117,19,0009(brokerage business),321,-105,19,0043(brokerage business),329,-60
20,0153(brokerage business),256,243,20,0153(brokerage business),279,11,20,0082(brokerage business),308,1
Total,,15062,-10060,Total,,57316,1192,Total,,56737,1238
Ranking,Name of FF Member /OSBPs,Volume,Change from Previous Trading Day,Ranking,Name of FF Member /OSBPs,Long Position,Change from Previous Trading Day,Ranking,Name of FF Member /OSBPs,Short Position,Change from Previous Trading Day
Contract Code：ao2701,,,,,,,,,,2026-09-14,
1,0004(brokerage business),62361,-32872,1,0004(brokerage business),18204,-527,1,0148(brokerage business),29264,2981
2,0163(brokerage business),40768,-23184,2,0148(brokerage business),16390,2845,2,0004(brokerage business),26550,322
3,0148(brokerage business),33078,-12421,3,0034(brokerage business),14149,363,3,0103(brokerage business),17275,-80
4,0253(brokerage business),17434,-1921,4,0163(brokerage business),11099,624,4,0335(brokerage business),13192,1025
5,0275(brokerage business),8829,-13134,5,0082(brokerage business),9574,393,5,0163(brokerage business),10061,-2
6,0123(brokerage business),8671,3584,6,0077(brokerage business),7066,-95,6,0253(brokerage business),10042,1189
7,0272(brokerage business),7964,-5356,7,0123(brokerage business),6374,-103,7,0272(brokerage business),7836,496
8,0295(brokerage business),7851,5775,8,0103(brokerage business),6082,752,8,0082(brokerage business),5277,57
9,0268(brokerage business),6998,-2203,9,0288(brokerage business),5988,765,9,0288(brokerage business),5184,663
10,0240(brokerage business),6494,-4734,10,0272(brokerage business),5825,1348,10,0059(brokerage business),4944,-1512
11,0059(brokerage business),6117,-4109,11,0323(brokerage business),5711,135,11,0268(brokerage business),4358,-2071
12,0103(brokerage business),5766,-1369,12,0253(brokerage business),5470,493,12,0240(brokerage business),4156,274
13,0186(brokerage business),5453,-3180,13,0116(brokerage business),4723,23,13,0034(brokerage business),3674,79
14,0298(brokerage business),5413,-3441,14,0268(brokerage business),3782,-91,14,0058(brokerage business),3656,28
15,0081(brokerage business),5378,-6206,15,0003(brokerage business),3663,16,15,0274(brokerage business),3062,423
16,0288(brokerage business),4720,-215,16,0298(brokerage business),3636,144,16,0042(brokerage business),2813,385
17,0259(brokerage business),4032,-1195,17,0275(brokerage business),3503,-14,17,0018(brokerage business),2706,450
18,0034(brokerage business),4014,-2803,18,0139(brokerage business),3299,230,18,0069(brokerage business),2701,-158
19,0335(brokerage business),3686,-2106,19,0096(brokerage business),3222,154,19,0151(brokerage business),2677,-247
20,0019(brokerage business),3249,-3040,20,0186(brokerage business),3017,-35,20,0007(brokerage business),2665,97
Total,,248276,-114130,Total,,140777,7420,Total,,162093,4399
Member/OSP Type,Total Volume,Change from Previous Trading Day,Member/OSP Type,Total Long Position,Change from Previous Trading Day,Member/OSP Type,Total Short Position,Change from Previous Trading Day,,,
Contract Code：adall,,,,,,,2026-09-14,,,,
Name of FF Member/OSBP,23680,-6298,Name of FF Member/OSBP,23966,-829,Name of FF Member/OSBP,23966,-829,,,
Name of Non-FF Member/OSNBP,0,0,Name of Non-FF Member/OSNBP,0,0,Name of Non-FF Member/OSNBP,0,0,,,
Ranking,Name of FF Member /OSBPs,Volume,Change from Previous Trading Day,Ranking,Name of FF Member /OSBPs,Long Position,Change from Previous Trading Day,Ranking,Name of FF Member /OSBPs,Short Position,Change from Previous Trading Day
Contract Code：ad2609,,,,,,,,,,2026-09-14,
1,,,,1,0018(brokerage business),180,0,1,0275(brokerage business),186,0
2,,,,2,0148(brokerage business),135,0,2,0123(brokerage business),81,0
3,,,,3,0320(brokerage business),123,0,3,0004(brokerage business),69,0
4,,,,4,0004(brokerage business),33,0,4,0103(brokerage business),63,0
5,,,,5,0163(brokerage business),9,0,5,0169(brokerage business),33,0
6,,,,6,0125(brokerage business),6,0,6,0277(brokerage business),27,0
7,,,,7,0272(brokerage business),3,0,7,0153(brokerage business),18,0
8,,,,8,,,,8,0139(brokerage business),12,0
Total,,,,Total,,489,0,Total,,489,0
Ranking,Name of FF Member /OSBPs,Volume,Change from Previous Trading Day,Ranking,Name of FF Member /OSBPs,Long Position,Change from Previous Trading Day,Ranking,Name of FF Member /OSBPs,Short Position,Change from Previous Trading Day
Contract Code：ad2610,,,,,,,,,,2026-09-14,
1,0163(brokerage business),553,-147,1,0253(brokerage business),414,30,1,0123(brokerage business),454,0
2,0253(brokerage business),284,52,2,0123(brokerage business),360,-100,2,0275(brokerage business),379,3
3,0123(brokerage business),202,-318,3,0004(brokerage business),307,-60,3,0139(brokerage business),353,-19
4,0137(brokerage business),195,33,4,0139(brokerage business),304,-15,4,0323(brokerage business),318,-1
5,0004(brokerage business),185,-326,5,0323(brokerage business),300,0,5,0048(brokerage business),308,4
6,0148(brokerage business),161,-158,6,0257(brokerage business),295,7,6,0253(brokerage business),307,-44
7,0275(brokerage business),159,34,7,0009(brokerage business),292,-3,7,0009(brokerage business),292,0
8,0257(brokerage business),134,24,8,0008(brokerage business),285,13,8,0257(brokerage business),291,1
9,0008(brokerage business),96,-14,9,0048(brokerage business),285,0,9,0008(brokerage business),285,13
10,0272(brokerage business),96,74,10,0275(brokerage business),282,-10,10,0096(brokerage business),276,0
11,0034(brokerage business),75,63,11,0096(brokerage business),270,0,11,0004(brokerage business),266,-3
12,0096(brokerage business),68,-38,12,0137(brokerage business),263,-8,12,0137(brokerage business),252,-3
13,0139(brokerage business),64,0,13,0034(brokerage business),256,-1,13,0163(brokerage business),126,-15
14,0069(brokerage business),59,37,14,0148(brokerage business),151,2,14,0272(brokerage business),102,-31
15,0048(brokerage business),58,16,15,0272(brokerage business),95,-11,15,0349(brokerage business),75,-10
16,0268(brokerage business),48,-22,16,0268(brokerage business),58,22,16,0103(brokerage business),62,-31
17,0103(brokerage business),42,24,17,0163(brokerage business),57,-39,17,0335(brokerage business),48,-1
18,0009(brokerage business),37,-63,18,0138(brokerage business),25,10,18,0148(brokerage business),47,-31
19,0058(brokerage business),31,22,19,0277(brokerage business),24,0,19,0268(brokerage business),30,-2
20,0007(brokerage business),25,-1,20,0059(brokerage business),23,6,20,0277(brokerage business),30,0
Total,,2572,-708,Total,,4346,-157,Total,,4301,-170
Ranking,Name of FF Member /OSBPs,Volume,Change from Previous Trading Day,Ranking,Name of FF Member /OSBPs,Long Position,Change from Previous Trading Day,Ranking,Name of FF Member /OSBPs,Short Position,Change from Previous Trading Day
Contract Code：ad2611,,,,,,,,,,2026-09-14,
1,0163(brokerage business),2563,-555,1,0323(brokerage business),1948,-38,1,0323(brokerage business),1896,-5
2,0253(brokerage business),1597,433,2,0123(brokerage business),1818,-5,2,0139(brokerage business),1674,-1
3,0081(brokerage business),1356,-538,3,0139(brokerage business),1395,7,3,0123(brokerage business),1448,-205
4,0004(brokerage business),1325,-756,4,0253(brokerage business),1366,131,4,0253(brokerage business),1341,40
5,0008(brokerage business),1230,190,5,0257(brokerage business),1190,-5,5,0257(brokerage business),1196,0
6,0257(brokerage business),1125,-451,6,0148(brokerage business),1174,-130,6,0004(brokerage business),1162,-125
7,0275(brokerage business),850,-67,7,0048(brokerage business),1106,-109,7,0048(brokerage business),1099,-102
8,0139(brokerage business),828,364,8,0009(brokerage business),1082,23,8,0009(brokerage business),1084,28
9,0123(brokerage business),752,-341,9,0137(brokerage business),1014,2,9,0272(brokerage business),1065,-135
10,0148(brokerage business),630,-189,10,0096(brokerage business),1001,-4,10,0137(brokerage business),1028,-1
11,0048(brokerage business),517,-139,11,0163(brokerage business),970,-36,11,0096(brokerage business),1009,-4
12,0272(brokerage business),325,-224,12,0275(brokerage business),925,4,12,0008(brokerage business),893,-6
13,0096(brokerage business),234,-38,13,0008(brokerage business),893,0,13,0275(brokerage business),887,2
14,0151(brokerage business),175,-261,14,0034(brokerage business),384,-10,14,0268(brokerage business),546,0
15,0069(brokerage business),174,-152,15,0004(brokerage business),370,-16,15,0148(brokerage business),428,-22
16,0067(brokerage business),166,-96,16,0288(brokerage business),108,-16,16,0067(brokerage business),301,0
17,0320(brokerage business),156,6,17,0082(brokerage business),102,-92,17,0018(brokerage business),187,-7
18,0042(brokerage business),136,30,18,0043(brokerage business),73,0,18,0103(brokerage business),168,0
19,0240(brokerage business),135,36,19,0240(brokerage business),72,-34,19,0320(brokerage business),129,0
20,0308(brokerage business),120,-18,20,0069(brokerage business),69,58,20,0107(brokerage business),90,-4
Total,,14394,-2766,Total,,17060,-270,Total,,17631,-547
Member/OSP Type,Total Volume,Change from Previous Trading Day,Member/OSP Type,Total Long Position,Change from Previous Trading Day,Member/OSP Type,Total Short Position,Change from Previous Trading Day,,,
Contract Code：auall,,,,,,,2026-09-14,,,,
Name of FF Member/OSBP,793793,-103309,Name of FF Member/OSBP,324399,2230,Name of FF Member/OSBP,72098,809,,,
Name of Non-FF Member/OSNBP,26349,-5533,Name of Non-FF Member/OSNBP,90216,6125,Name of Non-FF Member/OSNBP,342517,7546,,,
Ranking,Name of FF Member /OSBPs,Volume,Change from Previous Trading Day,Ranking,Name of FF Member /OSBPs,Long Position,Change from Previous Trading Day,Ranking,Name of FF Member /OSBPs,Short Position,Change from Previous Trading Day
Contract Code：au2609,,,,,,,,,,2026-09-14,
1,,,,1,0004(brokerage business),207,0,1,0186(brokerage business),69,0
2,,,,2,0277(brokerage business),12,0,2,0253(brokerage business),33,0
3,,,,3,0008(brokerage business),9,0,3,,,
4,,,,4,0272(brokerage business),9,0,4,,,
5,,,,5,0049(brokerage business),3,0,5,,,
6,,,,6,0123(brokerage business),3,0,6,,,
Total,,,,Total,,243,0,Total,,102,0
Ranking,Name of FF Member /OSBPs,Volume,Change from Previous Trading Day,Ranking,Name of FF Member /OSBPs,Long Position,Change from Previous Trading Day,Ranking,Name of FF Member /OSBPs,Short Position,Change from Previous Trading Day
Contract Code：au2610,,,,,,,,,,2026-09-14,
1,0004(brokerage business),114263,-15005,1,0004(brokerage business),16229,-1538,1,0004(brokerage business),8910,300
2,0148(brokerage business),59935,-14428,2,0148(brokerage business),9720,-473,2,0163(brokerage business),2270,29
3,0163(brokerage business),45402,-6225,3,0272(brokerage business),6578,-384,3,0240(brokerage business),2150,-24
4,0272(brokerage business),33444,560,4,0163(brokerage business),6012,-673,4,0148(brokerage business),1863,316
5,0253(brokerage business),27471,-4162,5,0288(brokerage business),4756,-119,5,0272(brokerage business),1357,86
6,0308(brokerage business),25995,-3538,6,0253(brokerage business),4635,-75,6,0253(brokerage business),1108,44
7,0275(brokerage business),18059,273,7,0082(brokerage business),4624,187,7,0268(brokerage business),900,-59
8,0372(brokerage business),12387,399,8,0034(brokerage business),4495,-4,8,0009(brokerage business),894,2
9,0096(brokerage business),12082,-3147,9,0240(brokerage business),3346,24,9,0096(brokerage business),801,103
10,0161(brokerage business),11500,-2024,10,0103(brokerage business),3137,-129,10,0049(brokerage business),787,51
11,0240(brokerage business),10464,-1421,11,0268(brokerage business),3045,-334,11,0137(brokerage business),768,1
12,0123(brokerage business),10110,-921,12,0169(brokerage business),2970,57,12,0306(brokerage business),730,-24
13,0274(brokerage business),9846,54,13,0042(brokerage business),2718,-173,13,0059(brokerage business),619,61
14,0077(brokerage business),9140,871,14,0275(brokerage business),2626,-35,14,0288(brokerage business),537,161
15,0034(brokerage business),8891,64,15,0161(brokerage business),2228,-282,15,0308(brokerage business),527,182
16,0081(brokerage business),8164,-2203,16,0274(brokerage business),1884,116,16,0034(brokerage business),505,-61
17,0268(brokerage business),8099,-866,17,0335(brokerage business),1848,5,17,0042(brokerage business),464,4
18,0009(brokerage business),7198,-3121,18,0323(brokerage business),1714,-128,18,0372(brokerage business),444,-38
19,0298(brokerage business),6202,228,19,0308(brokerage business),1601,-137,19,0001(brokerage business),441,-54
20,0082(brokerage business),5838,695,20,0096(brokerage business),1447,-117,20,0186(brokerage business),349,-24
Total,,444490,-53917,Total,,85613,-4212,Total,,26424,1056
Ranking,Name of FF Member /OSBPs,Volume,Change from Previous Trading Day,Ranking,Name of FF Member /OSBPs,Long Position,Change from Previous Trading Day,Ranking,Name of FF Member /OSBPs,Short Position,Change from Previous Trading Day
Contract Code：au2612,,,,,,,,,,2026-09-14,
1,0004(brokerage business),31757,-2251,1,0004(brokerage business),25532,493,1,0148(brokerage business),3769,143
2,0272(brokerage business),22610,1742,2,0148(brokerage business),16445,253,2,0004(brokerage business),2215,-183
3,0148(brokerage business),18098,-2219,3,0163(brokerage business),8331,457,3,0025(brokerage business),1798,0
4,0253(brokerage business),11143,-284,4,0067(brokerage business),7235,-209,4,0268(brokerage business),1719,0
5,0163(brokerage business),10749,-671,5,0103(brokerage business),5413,502,5,0001(brokerage business),1582,-29
6,0274(brokerage business),7999,596,6,0272(brokerage business),5077,704,6,0049(brokerage business),1525,56
7,0308(brokerage business),6006,-580,7,0253(brokerage business),4786,-836,7,0082(brokerage business),1429,73
8,0096(brokerage business),5436,-1801,8,0240(brokerage business),3099,47,8,0052(brokerage business),918,113
9,0009(brokerage business),5222,-577,9,0268(brokerage business),3022,208,9,0089(brokerage business),877,1
10,0161(brokerage business),5067,-519,10,0003(brokerage business),2628,28,10,0009(brokerage business),839,226
11,0067(brokerage business),4516,-997,11,0082(brokerage business),2408,91,11,0272(brokerage business),730,-174
12,0081(brokerage business),3034,-673,12,0288(brokerage business),2328,168,12,0288(brokerage business),718,263
13,0103(brokerage business),3009,76,13,0123(brokerage business),2266,-89,13,0096(brokerage business),665,-31
14,0019(brokerage business),2569,909,14,0042(brokerage business),2191,178,14,0034(brokerage business),653,87
15,0001(brokerage business),2558,46,15,0323(brokerage business),2151,501,15,0372(brokerage business),468,11
16,0034(brokerage business),2426,-356,16,0034(brokerage business),2135,365,16,0059(brokerage business),454,135
17,0240(brokerage business),2378,-1880,17,0069(brokerage business),2063,173,17,0007(brokerage business),446,6
18,0268(brokerage business),2320,-58,18,0239(brokerage business),2004,164,18,0042(brokerage business),444,5
19,0275(brokerage business),2315,-453,19,0308(brokerage business),1862,306,19,0137(brokerage business),441,116
20,0323(brokerage business),1918,711,20,0169(brokerage business),1770,182,20,0253(brokerage business),432,-77
Total,,151130,-9239,Total,,102746,3686,Total,,22122,741
Ranking,Name of FF Member /OSBPs,Volume,Change from Previous Trading Day,Ranking,Name of FF Member /OSBPs,Long Position,Change from Previous Trading Day,Ranking,Name of FF Member /OSBPs,Short Position,Change from Previous Trading Day
Contract Code：au2702,,,,,,,,,,2026-09-14,
1,0148(brokerage business),6197,-1388,1,0148(brokerage business),3219,479,1,0323(brokerage business),1030,-8
2,0161(brokerage business),4757,-1173,2,0067(brokerage business),2929,-295,2,0004(brokerage business),619,11
3,0004(brokerage business),3968,-1777,3,0272(brokerage business),2654,-47,3,0025(brokerage business),470,50
4,0272(brokerage business),3829,-223,4,0004(brokerage business),2358,97,4,0148(brokerage business),363,20
5,0308(brokerage business),2610,-1640,5,0323(brokerage business),1165,-2,5,0275(brokerage business),254,-36
6,0096(brokerage business),2378,346,6,0163(brokerage business),986,14,6,0169(brokerage business),234,-2
7,0253(brokerage business),2228,-1650,7,0288(brokerage business),945,114,7,0253(brokerage business),138,-43
8,0163(brokerage business),1638,-374,8,0103(brokerage business),855,203,8,0009(brokerage business),130,4
9,0081(brokerage business),625,-264,9,0123(brokerage business),581,-4,9,0042(brokerage business),106,-5
10,0009(brokerage business),573,-537,10,0025(brokerage business),558,0,10,0272(brokerage business),105,-32
11,0069(brokerage business),478,-294,11,0009(brokerage business),553,7,11,0058(brokerage business),101,8
12,0240(brokerage business),441,-331,12,0253(brokerage business),482,77,12,0335(brokerage business),90,24
13,0103(brokerage business),431,181,13,0311(brokerage business),436,19,13,0333(brokerage business),89,-1
14,0067(brokerage business),343,-1426,14,0274(brokerage business),371,-6,14,0034(brokerage business),65,-8
15,0137(brokerage business),332,-145,15,0308(brokerage business),371,-6,15,0308(brokerage business),65,0
16,0288(brokerage business),330,-227,16,0268(brokerage business),351,2,16,0239(brokerage business),61,-4
17,0268(brokerage business),255,-218,17,0081(brokerage business),321,-12,17,0240(brokerage business),58,-4
18,0298(brokerage business),240,68,18,0161(brokerage business),296,29,18,0163(brokerage business),57,-12
19,0048(brokerage business),230,104,19,0008(brokerage business),287,0,19,0268(brokerage business),57,-5
20,0019(brokerage business),218,-46,20,0240(brokerage business),251,13,20,0081(brokerage business),49,3
Total,,32101,-11014,Total,,19969,682,Total,,4141,-40
Ranking,Name of FF Member /OSBPs,Volume,Change from Previous Trading Day,Ranking,Name of FF Member /OSBPs,Long Position,Change from Previous Trading Day,Ranking,Name of FF Member /OSBPs,Short Position,Change from Previous Trading Day
Contract Code：au2704,,,,,,,,,,2026-09-14,
1,0308(brokerage business),1130,-31,1,0148(brokerage business),2513,-6,1,0323(brokerage business),1000,-2
2,0163(brokerage business),1075,-323,2,0004(brokerage business),1159,6,2,0004(brokerage business),192,-10
3,0161(brokerage business),997,8,3,0323(brokerage business),1068,2,3,0272(brokerage business),78,10
4,0148(brokerage business),807,-322,4,0067(brokerage business),1018,-2,4,0253(brokerage business),53,39
5,0004(brokerage business),420,-898,5,0123(brokerage business),570,-7,5,0148(brokerage business),51,15
6,0137(brokerage business),413,-139,6,0275(brokerage business),448,-3,6,0049(brokerage business),45,6
7,0253(brokerage business),298,-148,7,0272(brokerage business),420,23,7,0009(brokerage business),43,4
8,0069(brokerage business),291,-364,8,0253(brokerage business),283,3,8,0163(brokerage business),42,-57
9,0271(brokerage business),252,82,9,0163(brokerage business),207,40,9,0268(brokerage business),32,4
10,0081(brokerage business),224,-55,10,0327(brokerage business),192,0,10,0244(brokerage business),30,-2
11,0272(brokerage business),165,-235,11,0288(brokerage business),180,7,11,0042(brokerage business),27,1
12,0275(brokerage business),94,-130,12,0156(brokerage business),164,1,12,0308(brokerage business),27,-8
13,0096(brokerage business),88,54,13,0001(brokerage business),131,0,13,0332(brokerage business),22,0
14,0009(brokerage business),72,-3,14,0268(brokerage business),113,3,14,0333(brokerage business),22,0
15,0018(brokerage business),60,-20,15,0308(brokerage business),84,-2,15,0137(brokerage business),20,-6
16,0103(brokerage business),60,-62,16,0240(brokerage business),78,0,16,0081(brokerage business),18,3
17,0268(brokerage business),51,-215,17,0003(brokerage business),74,5,17,0151(brokerage business),17,0
18,0031(brokerage business),44,8,18,0311(brokerage business),63,0,18,0161(brokerage business),16,10
19,0151(brokerage business),41,-29,19,0018(brokerage business),62,-10,19,0238(brokerage business),15,1
20,0238(brokerage business),41,21,20,0298(brokerage business),52,2,20,0123(brokerage business),14,2
Total,,6623,-2801,Total,,8879,62,Total,,1764,10
Member/OSP Type,Total Volume,Change from Previous Trading Day,Member/OSP Type,Total Long Position,Change from Previous Trading Day,Member/OSP Type,Total Short Position,Change from Previous Trading Day,,,
Contract Code：agall,,,,,,,2026-09-14,,,,
Name of FF Member/OSBP,1676325,-449789,Name of FF Member/OSBP,501969,-6691,Name of FF Member/OSBP,347681,-5122,,,
Name of Non-FF Member/OSNBP,15493,-3149,Name of Non-FF Member/OSNBP,61286,3843,Name of Non-FF Member/OSNBP,215574,2274,,,
Ranking,Name of FF Member /OSBPs,Volume,Change from Previous Trading Day,Ranking,Name of FF Member /OSBPs,Long Position,Change from Previous Trading Day,Ranking,Name of FF Member /OSBPs,Short Position,Change from Previous Trading Day
Contract Code：ag2609,,,,,,,,,,2026-09-14,
1,0275(brokerage business),72,64,1,0004(brokerage business),1124,-2,1,0001(brokerage business),526,0
2,0268(brokerage business),50,50,2,0148(brokerage business),296,0,2,0049(brokerage business),472,0
3,0103(brokerage business),20,18,3,0321(brokerage business),268,0,3,0311(brokerage business),438,0
4,0240(brokerage business),18,-24,4,0058(brokerage business),170,0,4,0004(brokerage business),212,0
5,0051(brokerage business),16,16,5,0272(brokerage business),166,0,5,0275(brokerage business),140,-72
6,0003(brokerage business),2,2,6,0308(brokerage business),144,0,6,0052(brokerage business),106,0
7,0004(brokerage business),2,-4,7,0025(brokerage business),100,0,7,0034(brokerage business),82,0
8,0161(brokerage business),2,2,8,0276(brokerage business),100,0,8,0306(brokerage business),54,0
9,0186(brokerage business),2,-16,9,0069(brokerage business),86,0,9,0153(brokerage business),32,0
10,,,,10,0240(brokerage business),84,0,10,0321(brokerage business),30,0
11,,,,11,0253(brokerage business),70,0,11,0240(brokerage business),18,18
12,,,,12,0103(brokerage business),64,-20,12,0043(brokerage business),16,0
13,,,,13,0171(brokerage business),60,0,13,0067(brokerage business),4,0
14,,,,14,0322(brokerage business),60,0,14,0177(brokerage business),4,0
15,,,,15,0077(brokerage business),46,0,15,0123(brokerage business),2,0
16,,,,16,0299(brokerage business),44,0,16,,,
17,,,,17,0338(brokerage business),40,0,17,,,
18,,,,18,0096(brokerage business),38,0,18,,,
19,,,,19,0042(brokerage business),20,0,19,,,
20,,,,20,0081(brokerage business),20,0,20,,,
Total,,184,108,Total,,3000,-22,Total,,2136,-54
Ranking,Name of FF Member /OSBPs,Volume,Change from Previous Trading Day,Ranking,Name of FF Member /OSBPs,Long Position,Change from Previous Trading Day,Ranking,Name of FF Member /OSBPs,Short Position,Change from Previous Trading Day
Contract Code：ag2610,,,,,,,,,,2026-09-14,
1,0004(brokerage business),127888,-44983,1,0148(brokerage business),11490,-764,1,0004(brokerage business),16740,-1942
2,0148(brokerage business),88519,-23347,2,0004(brokerage business),10324,-3570,2,0148(brokerage business),13461,-1131
3,0163(brokerage business),57783,-16239,3,0163(brokerage business),7619,-488,3,0163(brokerage business),6752,-1568
4,0240(brokerage business),36224,-2309,4,0034(brokerage business),7234,338,4,0049(brokerage business),6141,-261
5,0275(brokerage business),34332,-15184,5,0272(brokerage business),7153,-399,5,0253(brokerage business),4560,-651
6,0308(brokerage business),30853,-2123,6,0288(brokerage business),6320,-428,6,0137(brokerage business),4010,-1063
7,0272(brokerage business),30698,-3882,7,0253(brokerage business),4951,-251,7,0240(brokerage business),3889,-179
8,0253(brokerage business),30434,-11556,8,0240(brokerage business),4925,-501,8,0272(brokerage business),3606,-505
9,0034(brokerage business),23944,-7769,9,0275(brokerage business),4800,-52,9,0001(brokerage business),2401,-269
10,0268(brokerage business),22265,-322,10,0009(brokerage business),4265,-67,10,0139(brokerage business),2394,73
11,0081(brokerage business),19964,-11790,11,0268(brokerage business),3953,-405,11,0042(brokerage business),2232,-45
12,0298(brokerage business),19945,773,12,0082(brokerage business),3889,190,12,0275(brokerage business),2002,-8
13,0103(brokerage business),14811,-2186,13,0081(brokerage business),3007,-612,13,0059(brokerage business),1882,146
14,0186(brokerage business),14294,-1611,14,0003(brokerage business),2842,-11,14,0006(brokerage business),1809,-1
15,0123(brokerage business),12468,-2038,15,0096(brokerage business),2822,-56,15,0025(brokerage business),1713,3
16,0137(brokerage business),10115,-2244,16,0298(brokerage business),2773,-229,16,0034(brokerage business),1709,-390
17,0288(brokerage business),10010,-4215,17,0049(brokerage business),2669,-198,17,0082(brokerage business),1702,239
18,0059(brokerage business),9723,-785,18,0042(brokerage business),2649,-214,18,0069(brokerage business),1462,-131
19,0096(brokerage business),8052,-2932,19,0161(brokerage business),2481,-255,19,0103(brokerage business),1442,-424
20,0009(brokerage business),7758,-3782,20,0308(brokerage business),2412,-289,20,0288(brokerage business),1394,-226
Total,,610080,-158524,Total,,98578,-8261,Total,,81301,-8333
Ranking,Name of FF Member /OSBPs,Volume,Change from Previous Trading Day,Ranking,Name of FF Member /OSBPs,Long Position,Change from Previous Trading Day,Ranking,Name of FF Member /OSBPs,Short Position,Change from Previous Trading Day
Contract Code：ag2612,,,,,,,,,,2026-09-14,
1,0004(brokerage business),49090,-10135,1,0272(brokerage business),14653,255,1,0148(brokerage business),27005,1750
2,0148(brokerage business),24162,-6784,2,0004(brokerage business),14644,823,2,0004(brokerage business),18232,1779
3,0275(brokerage business),21554,-2135,3,0082(brokerage business),12098,157,3,0163(brokerage business),7259,415
4,0163(brokerage business),17273,-4209,4,0163(brokerage business),9290,162,4,0049(brokerage business),6465,1049
5,0240(brokerage business),12506,-1570,5,0049(brokerage business),8274,-57,5,0272(brokerage business),5870,-137
6,0253(brokerage business),9716,-1185,6,0148(brokerage business),7237,6,6,0103(brokerage business),4808,400
7,0123(brokerage business),9123,-1974,7,0067(brokerage business),6481,664,7,0123(brokerage business),3187,-51
8,0272(brokerage business),8128,-1825,8,0103(brokerage business),6343,-41,8,0042(brokerage business),2993,171
9,0268(brokerage business),7265,2444,9,0288(brokerage business),6281,351,9,0372(brokerage business),2905,-58
10,0308(brokerage business),6909,-57,10,0253(brokerage business),6070,426,10,0315(brokerage business),2870,120
11,0103(brokerage business),6491,-789,11,0268(brokerage business),5333,-149,11,0025(brokerage business),2796,-33
12,0034(brokerage business),5836,-1115,12,0240(brokerage business),5126,608,12,0139(brokerage business),2738,-41
13,0081(brokerage business),5505,-638,13,0034(brokerage business),4750,146,13,0137(brokerage business),2707,108
14,0096(brokerage business),3930,-1568,14,0025(brokerage business),4358,15,14,0034(brokerage business),2699,-28
15,0009(brokerage business),3692,-1562,15,0043(brokerage business),4174,-3,15,0006(brokerage business),2651,166
16,0186(brokerage business),3507,-79,16,0042(brokerage business),4018,141,16,0059(brokerage business),2281,0
17,0161(brokerage business),3295,-2076,17,0275(brokerage business),3626,445,17,0240(brokerage business),2189,-156
18,0049(brokerage business),3242,-989,18,0009(brokerage business),2969,834,18,0239(brokerage business),2114,179
19,0059(brokerage business),3107,-1305,19,0333(brokerage business),2931,698,19,0096(brokerage business),2106,-767
20,0067(brokerage business),3036,-1904,20,0161(brokerage business),2590,85,20,0009(brokerage business),2051,96
Total,,207367,-39455,Total,,131246,5566,Total,,105926,4962
Ranking,Name of FF Member /OSBPs,Volume,Change from Previous Trading Day,Ranking,Name of FF Member /OSBPs,Long Position,Change from Previous Trading Day,Ranking,Name of FF Member /OSBPs,Short Position,Change from Previous Trading Day
Contract Code：ag2702,,,,,,,,,,2026-09-14,
1,0004(brokerage business),55406,-16085,1,0148(brokerage business),5740,-115,1,0004(brokerage business),10829,102
2,0163(brokerage business),47506,-5727,2,0082(brokerage business),3860,-23,2,0148(brokerage business),9959,-35
3,0148(brokerage business),40772,3203,3,0272(brokerage business),3790,9,3,0372(brokerage business),7512,63
4,0275(brokerage business),27700,-4649,4,0009(brokerage business),3345,786,4,0163(brokerage business),6377,-156
5,0240(brokerage business),14868,-3894,5,0043(brokerage business),3341,10,5,0272(brokerage business),3490,233
6,0253(brokerage business),12264,-2740,6,0004(brokerage business),3238,-678,6,0049(brokerage business),3173,13
7,0123(brokerage business),11024,-1014,7,0163(brokerage business),3040,-248,7,0042(brokerage business),1776,1
8,0308(brokerage business),10160,-3753,8,0067(brokerage business),2815,1537,8,0123(brokerage business),1715,223
9,0272(brokerage business),9100,-1479,9,0253(brokerage business),2436,-40,9,0069(brokerage business),1452,49
10,0081(brokerage business),9038,-6115,10,0049(brokerage business),1914,3,10,0034(brokerage business),1088,95
11,0009(brokerage business),7365,-5422,11,0333(brokerage business),1474,32,11,0240(brokerage business),1052,389
12,0298(brokerage business),7067,-549,12,0003(brokerage business),1407,-19,12,0315(brokerage business),684,0
13,0268(brokerage business),6113,173,13,0123(brokerage business),1215,-23,13,0058(brokerage business),596,270
14,0186(brokerage business),5582,-446,14,0007(brokerage business),1075,788,14,0096(brokerage business),416,-12
15,0096(brokerage business),5430,-984,15,0042(brokerage business),1043,92,15,0275(brokerage business),405,178
16,0038(brokerage business),5160,1708,16,0240(brokerage business),1028,-349,16,0335(brokerage business),398,48
17,0103(brokerage business),5097,699,17,0277(brokerage business),1011,5,17,0253(brokerage business),379,16
18,0034(brokerage business),4915,350,18,0151(brokerage business),893,-5,18,0009(brokerage business),351,7
19,0323(brokerage business),4843,781,19,0268(brokerage business),878,-2,19,0311(brokerage business),312,23
20,0238(brokerage business),3643,-848,20,0034(brokerage business),861,-62,20,0137(brokerage business),290,157
Total,,293053,-46791,Total,,44404,1698,Total,,52254,1664
Member/OSP Type,Total Volume,Change from Previous Trading Day,Member/OSP Type,Total Long Position,Change from Previous Trading Day,Member/OSP Type,Total Short Position,Change from Previous Trading Day,,,
Contract Code：rball,,,,,,,2026-09-14,,,,
Name of FF Member/OSBP,1725016,-544734,Name of FF Member/OSBP,2731719,-17629,Name of FF Member/OSBP,2731719,-17629,,,
Name of Non-FF Member/OSNBP,0,0,Name of Non-FF Member/OSNBP,0,0,Name of Non-FF Member/OSNBP,0,0,,,
Ranking,Name of FF Member /OSBPs,Volume,Change from Previous Trading Day,Ranking,Name of FF Member /OSBPs,Long Position,Change from Previous Trading Day,Ranking,Name of FF Member /OSBPs,Short Position,Change from Previous Trading Day
Contract Code：rb2609,,,,,,,,,,2026-09-14,
1,,,,1,0008(brokerage business),870,0,1,0007(brokerage business),600,0
2,,,,2,0163(brokerage business),600,0,2,0004(brokerage business),450,0
3,,,,3,0004(brokerage business),120,0,3,0277(brokerage business),330,0
4,,,,4,0159(brokerage business),120,0,4,0253(brokerage business),240,0
5,,,,5,,,,5,0272(brokerage business),30,0
6,,,,6,,,,6,0274(brokerage business),30,0
7,,,,7,,,,7,0275(brokerage business),30,0
Total,,,,Total,,1710,0,Total,,1710,0
Ranking,Name of FF Member /OSBPs,Volume,Change from Previous Trading Day,Ranking,Name of FF Member /OSBPs,Long Position,Change from Previous Trading Day,Ranking,Name of FF Member /OSBPs,Short Position,Change from Previous Trading Day
Contract Code：rb2610,,,,,,,,,,2026-09-14,
1,0004(brokerage business),34723,-5522,1,0004(brokerage business),49661,336,1,0004(brokerage business),48222,-2747
2,0163(brokerage business),32119,1022,2,0163(brokerage business),25016,357,2,0163(brokerage business),34156,-1356
3,0148(brokerage business),22584,-1361,3,0148(brokerage business),24356,-77,3,0148(brokerage business),26800,-1267
4,0275(brokerage business),14779,3892,4,0272(brokerage business),13373,-389,4,0103(brokerage business),24533,-1972
5,0253(brokerage business),14332,-739,5,0103(brokerage business),12531,-556,5,0034(brokerage business),23715,-1158
6,0081(brokerage business),7992,-108,6,0058(brokerage business),11006,-62,6,0096(brokerage business),14553,-1883
7,0103(brokerage business),7412,-3264,7,0275(brokerage business),10205,-948,7,0275(brokerage business),13896,-2231
8,0042(brokerage business),4856,2362,8,0009(brokerage business),10147,-273,8,0253(brokerage business),12369,-813
9,0274(brokerage business),4549,2985,9,0178(brokerage business),9067,-823,9,0042(brokerage business),11393,2104
10,0059(brokerage business),4455,909,10,0123(brokerage business),8925,254,10,0123(brokerage business),11372,-529
11,0272(brokerage business),3974,-765,11,0082(brokerage business),8560,-367,11,0272(brokerage business),9103,-1691
12,0268(brokerage business),3836,1548,12,0253(brokerage business),8328,73,12,0059(brokerage business),8711,-122
13,0259(brokerage business),3377,-109,13,0069(brokerage business),8134,-227,13,0058(brokerage business),8146,-1328
14,0151(brokerage business),3365,1561,14,0034(brokerage business),6445,-577,14,0306(brokerage business),7201,-2
15,0123(brokerage business),3007,494,15,0125(brokerage business),5884,-1103,15,0238(brokerage business),7020,46
16,0240(brokerage business),2921,-1217,16,0137(brokerage business),5819,-249,16,0418(brokerage business),6814,-88
17,0186(brokerage business),2678,-1363,17,0096(brokerage business),5701,-332,17,0274(brokerage business),6707,-837
18,0096(brokerage business),2655,-1215,18,0240(brokerage business),5255,-5,18,0125(brokerage business),6436,-93
19,0058(brokerage business),2540,-576,19,0323(brokerage business),4967,-513,19,0082(brokerage business),5978,-163
20,0372(brokerage business),2267,1982,20,0277(brokerage business),4879,-11,20,0178(brokerage business),5928,-894
Total,,178421,516,Total,,238259,-5492,Total,,293053,-17024
Ranking,Name of FF Member /OSBPs,Volume,Change from Previous Trading Day,Ranking,Name of FF Member /OSBPs,Long Position,Change from Previous Trading Day,Ranking,Name of FF Member /OSBPs,Short Position,Change from Previous Trading Day
Contract Code：rb2611,,,,,,,,,,2026-09-14,
1,0148(brokerage business),10974,6829,1,0323(brokerage business),54111,-381,1,0323(brokerage business),52700,28
2,0163(brokerage business),10894,3742,2,0004(brokerage business),32079,-2408,2,0148(brokerage business),31495,-1521
3,0275(brokerage business),7502,6946,3,0253(brokerage business),30408,594,3,0004(brokerage business),30002,-729
4,0253(brokerage business),6248,3062,4,0163(brokerage business),28758,-1474,4,0151(brokerage business),28826,-55
5,0004(brokerage business),5965,1772,5,0148(brokerage business),28206,-2415,5,0253(brokerage business),28394,34
6,0082(brokerage business),5796,3679,6,0151(brokerage business),26689,167,6,0163(brokerage business),27295,14
7,0103(brokerage business),5751,3957,7,0082(brokerage business),18027,5,7,0272(brokerage business),19267,1083
8,0272(brokerage business),4023,2754,8,0272(brokerage business),17921,-304,8,0082(brokerage business),18047,7
9,0019(brokerage business),3680,3531,9,0268(brokerage business),17488,-831,9,0081(brokerage business),17133,-563
10,0081(brokerage business),3333,1249,10,0081(brokerage business),17390,-608,10,0268(brokerage business),16222,-783
11,0259(brokerage business),2583,2545,11,0069(brokerage business),15686,-25,11,0069(brokerage business),15935,-14
12,0007(brokerage business),2100,1972,12,0139(brokerage business),11620,-1021,12,0139(brokerage business),11693,-919
13,0069(brokerage business),2017,389,13,0103(brokerage business),10153,686,13,0096(brokerage business),11102,546
14,0139(brokerage business),1946,1128,14,0019(brokerage business),8047,2053,14,0034(brokerage business),8330,-948
15,0268(brokerage business),1770,750,15,0096(brokerage business),6807,-19,15,0103(brokerage business),7207,-1993
16,0151(brokerage business),1680,1035,16,0244(brokerage business),6167,-88,16,0244(brokerage business),6215,101
17,0096(brokerage business),1679,1027,17,0372(brokerage business),5767,-75,17,0275(brokerage business),6041,-2594
18,0042(brokerage business),1462,795,18,0259(brokerage business),3415,-130,18,0019(brokerage business),3967,29
19,0058(brokerage business),1459,1312,19,0007(brokerage business),3007,1201,19,0077(brokerage business),3663,24
20,0115(brokerage business),1250,1250,20,0263(brokerage business),2533,-101,20,0238(brokerage business),3273,152
Total,,82112,49724,Total,,344279,-5174,Total,,346807,-8101
Ranking,Name of FF Member /OSBPs,Volume,Change from Previous Trading Day,Ranking,Name of FF Member /OSBPs,Long Position,Change from Previous Trading Day,Ranking,Name of FF Member /OSBPs,Short Position,Change from Previous Trading Day
Contract Code：rb2701,,,,,,,,,,2026-09-14,
1,0148(brokerage business),148317,-53306,1,0148(brokerage business),223780,-6910,1,0004(brokerage business),163290,-6565
2,0004(brokerage business),147702,-67972,2,0004(brokerage business),140124,1981,2,0239(brokerage business),109908,10264
3,0163(brokerage business),144468,-42220,3,0163(brokerage business),82713,5462,3,0148(brokerage business),96314,-3461
4,0253(brokerage business),89663,-44895,4,0272(brokerage business),76924,792,4,0103(brokerage business),91418,-65
5,0272(brokerage business),81841,-38641,5,0253(brokerage business),66109,-1491,5,0163(brokerage business),66797,-9760
6,0275(brokerage business),66311,-9189,6,0034(brokerage business),63884,-292,6,0082(brokerage business),51779,-896
7,0034(brokerage business),31011,-23632,7,0103(brokerage business),59888,4466,7,0272(brokerage business),45000,-3035
8,0103(brokerage business),28689,-35714,8,0059(brokerage business),40216,3040,8,0007(brokerage business),44767,-2000
9,0274(brokerage business),25661,-2651,9,0268(brokerage business),36590,-1606,9,0274(brokerage business),43820,8587
10,0259(brokerage business),24993,-23039,10,0042(brokerage business),35490,-254,10,0253(brokerage business),42238,3324
11,0081(brokerage business),24506,3981,11,0274(brokerage business),34150,1180,11,0058(brokerage business),39864,-120
12,0240(brokerage business),21739,-5147,12,0123(brokerage business),31513,2000,12,0059(brokerage business),39572,1590
13,0059(brokerage business),20948,-17221,13,0096(brokerage business),27583,1589,13,0084(brokerage business),34872,-318
14,0153(brokerage business),18587,1213,14,0058(brokerage business),25090,188,14,0034(brokerage business),33175,2323
15,0268(brokerage business),18112,-5288,15,0125(brokerage business),23472,-690,15,0277(brokerage business),33150,-533
16,0009(brokerage business),17217,1349,16,0009(brokerage business),21797,-5139,16,0335(brokerage business),31295,4156
17,0186(brokerage business),16790,-9023,17,0069(brokerage business),21407,43,17,0153(brokerage business),28998,8780
18,0123(brokerage business),13368,-9773,18,0186(brokerage business),21177,-339,18,0275(brokerage business),28515,-201
19,0239(brokerage business),13224,4087,19,0240(brokerage business),20372,-6501,19,0123(brokerage business),25759,-3098
20,0335(brokerage business),11725,-8383,20,0151(brokerage business),19475,-355,20,0003(brokerage business),22411,-1275
Total,,964872,-385464,Total,,1071754,-2836,Total,,1072942,7697
Ranking,Name of FF Member /OSBPs,Volume,Change from Previous Trading Day,Ranking,Name of FF Member /OSBPs,Long Position,Change from Previous Trading Day,Ranking,Name of FF Member /OSBPs,Short Position,Change from Previous Trading Day
Contract Code：rb2703,,,,,,,,,,2026-09-14,
1,0163(brokerage business),19904,4960,1,0323(brokerage business),39788,-36,1,0323(brokerage business),39588,-14
2,0148(brokerage business),8777,2516,2,0253(brokerage business),23669,478,2,0253(brokerage business),23458,427
3,0082(brokerage business),4295,-371,3,0274(brokerage business),20153,0,3,0274(brokerage business),20789,0
4,0081(brokerage business),2968,353,4,0082(brokerage business),18016,-9,4,0082(brokerage business),18036,-30
5,0096(brokerage business),2697,-850,5,0004(brokerage business),16825,620,5,0004(brokerage business),17537,1658
6,0004(brokerage business),2636,-3959,6,0163(brokerage business),16734,1163,6,0163(brokerage business),16677,977
7,0275(brokerage business),1958,-685,7,0151(brokerage business),16463,511,7,0151(brokerage business),16208,490
8,0069(brokerage business),1944,395,8,0103(brokerage business),15299,-17,8,0103(brokerage business),15420,-13
9,0151(brokerage business),1601,320,9,0081(brokerage business),15282,1258,9,0081(brokerage business),15243,1246
10,0253(brokerage business),1437,350,10,0268(brokerage business),15161,3,10,0268(brokerage business),15198,7
11,0268(brokerage business),1256,-36,11,0139(brokerage business),13071,67,11,0139(brokerage business),13000,66
12,0272(brokerage business),1213,-279,12,0272(brokerage business),12402,143,12,0272(brokerage business),12231,220
13,0103(brokerage business),998,32,13,0148(brokerage business),11091,302,13,0148(brokerage business),11839,63
14,0139(brokerage business),799,-27,14,0096(brokerage business),8374,-21,14,0096(brokerage business),8467,-58
15,0323(brokerage business),678,85,15,0069(brokerage business),8157,49,15,0069(brokerage business),8062,47
16,0177(brokerage business),604,295,16,0238(brokerage business),5621,-16,16,0238(brokerage business),5633,28
17,0271(brokerage business),536,514,17,0138(brokerage business),4206,-3,17,0138(brokerage business),4001,0
18,0169(brokerage business),381,-83,18,0254(brokerage business),3031,-10,18,0254(brokerage business),3031,0
19,0311(brokerage business),362,-524,19,0019(brokerage business),3014,93,19,0019(brokerage business),2946,19
20,0034(brokerage business),314,137,20,0259(brokerage business),2640,-5,20,0259(brokerage business),2621,4
Total,,55358,3143,Total,,268997,4570,Total,,269985,5137
Member/OSP Type,Total Volume,Change from Previous Trading Day,Member/OSP Type,Total Long Position,Change from Previous Trading Day,Member/OSP Type,Total Short Position,Change from Previous Trading Day,,,
Contract Code：hcall,,,,,,,2026-09-14,,,,
Name of FF Member/OSBP,1091712,-370826,Name of FF Member/OSBP,1998790,-30695,Name of FF Member/OSBP,1998790,-30695,,,
Name of Non-FF Member/OSNBP,0,0,Name of Non-FF Member/OSNBP,0,0,Name of Non-FF Member/OSNBP,0,0,,,
Ranking,Name of FF Member /OSBPs,Volume,Change from Previous Trading Day,Ranking,Name of FF Member /OSBPs,Long Position,Change from Previous Trading Day,Ranking,Name of FF Member /OSBPs,Short Position,Change from Previous Trading Day
Contract Code：hc2609,,,,,,,,,,2026-09-14,
1,0067(brokerage business),90,90,1,0004(brokerage business),960,0,1,0004(brokerage business),1620,0
2,0151(brokerage business),90,90,2,0151(brokerage business),690,-30,2,0008(brokerage business),870,0
3,0103(brokerage business),30,0,3,0076(brokerage business),660,0,3,0159(brokerage business),480,0
4,0311(brokerage business),30,0,4,0125(brokerage business),540,0,4,0171(brokerage business),210,0
5,,,,5,0067(brokerage business),450,90,5,0067(brokerage business),180,0
6,,,,6,0148(brokerage business),210,0,6,0125(brokerage business),150,0
7,,,,7,0277(brokerage business),120,0,7,0042(brokerage business),120,0
8,,,,8,0163(brokerage business),30,0,8,0019(brokerage business),60,0
9,,,,9,0272(brokerage business),30,0,9,,,
Total,,240,180,Total,,3690,60,Total,,3690,0
Ranking,Name of FF Member /OSBPs,Volume,Change from Previous Trading Day,Ranking,Name of FF Member /OSBPs,Long Position,Change from Previous Trading Day,Ranking,Name of FF Member /OSBPs,Short Position,Change from Previous Trading Day
Contract Code：hc2610,,,,,,,,,,2026-09-14,
1,0004(brokerage business),23200,-15573,1,0004(brokerage business),38937,-4592,1,0004(brokerage business),28705,-4552
2,0163(brokerage business),22724,-12260,2,0103(brokerage business),16560,-4962,2,0272(brokerage business),16536,-1703
3,0148(brokerage business),11061,-5292,3,0163(brokerage business),14253,-1056,3,0275(brokerage business),15989,-850
4,0253(brokerage business),8044,-2516,4,0009(brokerage business),12580,-1532,4,0058(brokerage business),13083,-2826
5,0275(brokerage business),6782,-12647,5,0272(brokerage business),10168,-817,5,0103(brokerage business),12271,-803
6,0103(brokerage business),6533,-1312,6,0253(brokerage business),9524,-1502,6,0163(brokerage business),11621,-2432
7,0081(brokerage business),5886,-3181,7,0042(brokerage business),9419,-1168,7,0148(brokerage business),10761,-385
8,0272(brokerage business),4532,-1281,8,0148(brokerage business),8460,-608,8,0259(brokerage business),8650,1705
9,0058(brokerage business),3868,-70,9,0125(brokerage business),7617,-423,9,0042(brokerage business),7658,-1321
10,0009(brokerage business),3205,-4052,10,0059(brokerage business),7138,-113,10,0153(brokerage business),6700,-953
11,0082(brokerage business),3171,2882,11,0095(brokerage business),4991,-12,11,0137(brokerage business),6497,-58
12,0042(brokerage business),2811,-1543,12,0123(brokerage business),4654,-87,12,0253(brokerage business),6096,-1606
13,0259(brokerage business),2772,2388,13,0240(brokerage business),4571,-212,13,0009(brokerage business),5994,-689
14,0240(brokerage business),2285,-2167,14,0082(brokerage business),4381,-3025,14,0003(brokerage business),5405,234
15,0372(brokerage business),2025,1807,15,0058(brokerage business),4162,-630,15,0125(brokerage business),5023,272
16,0268(brokerage business),1938,220,16,0275(brokerage business),3964,128,16,0123(brokerage business),4851,-336
17,0096(brokerage business),1929,-769,17,0034(brokerage business),3582,-627,17,0096(brokerage business),3958,-819
18,0115(brokerage business),1820,1810,18,0288(brokerage business),3217,-683,18,0059(brokerage business),3836,-646
19,0123(brokerage business),1707,-1511,19,0081(brokerage business),2784,-204,19,0034(brokerage business),3551,-427
20,0059(brokerage business),1703,-2479,20,0274(brokerage business),2327,164,20,0067(brokerage business),2819,59
Total,,117996,-57546,Total,,173289,-21961,Total,,180004,-18136
Ranking,Name of FF Member /OSBPs,Volume,Change from Previous Trading Day,Ranking,Name of FF Member /OSBPs,Long Position,Change from Previous Trading Day,Ranking,Name of FF Member /OSBPs,Short Position,Change from Previous Trading Day
Contract Code：hc2611,,,,,,,,,,2026-09-14,
1,0163(brokerage business),4502,-561,1,0148(brokerage business),46533,-895,1,0323(brokerage business),43056,-1144
2,0148(brokerage business),4068,-1562,2,0323(brokerage business),42454,-1266,2,0240(brokerage business),36975,-423
3,0253(brokerage business),3011,1476,3,0240(brokerage business),34790,109,3,0148(brokerage business),31051,-157
4,0178(brokerage business),2951,1721,4,0268(brokerage business),26523,-754,4,0004(brokerage business),28707,-262
5,0323(brokerage business),2550,1055,5,0004(brokerage business),25349,-761,5,0268(brokerage business),26489,-637
6,0004(brokerage business),2445,75,6,0081(brokerage business),22088,-916,6,0081(brokerage business),22238,-790
7,0268(brokerage business),2369,550,7,0178(brokerage business),20714,-1473,7,0178(brokerage business),20633,-1474
8,0240(brokerage business),2100,-115,8,0161(brokerage business),20195,-975,8,0161(brokerage business),20120,-950
9,0161(brokerage business),1965,89,9,0253(brokerage business),18093,54,9,0048(brokerage business),17560,-316
10,0081(brokerage business),1816,-369,10,0048(brokerage business),17563,-310,10,0253(brokerage business),16936,-715
11,0096(brokerage business),1272,-698,11,0137(brokerage business),14482,-50,11,0137(brokerage business),14452,-6
12,0372(brokerage business),1237,686,12,0139(brokerage business),13450,-326,12,0139(brokerage business),12234,-426
13,0042(brokerage business),1095,886,13,0019(brokerage business),6116,-107,13,0019(brokerage business),6109,-105
14,0103(brokerage business),1029,-1817,14,0103(brokerage business),5158,-1,14,0103(brokerage business),5244,-208
15,0186(brokerage business),919,149,15,0275(brokerage business),2036,4,15,0372(brokerage business),4108,1141
16,0137(brokerage business),868,-307,16,0151(brokerage business),1420,-8,16,0042(brokerage business),3620,-1092
17,0139(brokerage business),752,-168,17,0163(brokerage business),1404,135,17,0275(brokerage business),2082,-367
18,0008(brokerage business),729,-390,18,0115(brokerage business),1250,-500,18,0259(brokerage business),1991,-4
19,0125(brokerage business),690,665,19,0271(brokerage business),1150,-5,19,0272(brokerage business),1553,10
20,0048(brokerage business),628,136,20,0077(brokerage business),1042,-1,20,0151(brokerage business),1207,-22
Total,,36996,1501,Total,,321810,-8046,Total,,316365,-7947
Ranking,Name of FF Member /OSBPs,Volume,Change from Previous Trading Day,Ranking,Name of FF Member /OSBPs,Long Position,Change from Previous Trading Day,Ranking,Name of FF Member /OSBPs,Short Position,Change from Previous Trading Day
Contract Code：hc2701,,,,,,,,,,2026-09-14,
1,0163(brokerage business),121262,-30766,1,0004(brokerage business),218016,1858,1,0004(brokerage business),254629,-2726
2,0004(brokerage business),109806,-34172,2,0148(brokerage business),134004,-6336,2,0148(brokerage business),83695,-461
3,0148(brokerage business),101483,773,3,0042(brokerage business),123117,-2078,3,0272(brokerage business),83588,-2412
4,0253(brokerage business),47154,-10360,4,0163(brokerage business),83750,-6298,4,0058(brokerage business),79851,-5117
5,0275(brokerage business),35616,-17983,5,0009(brokerage business),53625,-919,5,0163(brokerage business),71815,-4964
6,0272(brokerage business),27665,-29572,6,0272(brokerage business),47381,-373,6,0103(brokerage business),43670,-2262
7,0259(brokerage business),27431,-2448,7,0103(brokerage business),36219,3654,7,0275(brokerage business),31996,-303
8,0081(brokerage business),18224,-7192,8,0253(brokerage business),31346,175,8,0253(brokerage business),30215,461
9,0034(brokerage business),17916,-11610,9,0275(brokerage business),28358,943,9,0125(brokerage business),29055,-597
10,0177(brokerage business),16472,12916,10,0034(brokerage business),27989,-654,10,0003(brokerage business),28497,-1189
11,0335(brokerage business),16148,-29,11,0058(brokerage business),24641,-1745,11,0059(brokerage business),25834,-2370
12,0096(brokerage business),15556,-8366,12,0123(brokerage business),23885,1407,12,0259(brokerage business),24309,-1026
13,0103(brokerage business),13794,-14908,13,0268(brokerage business),23409,-1175,13,0042(brokerage business),24213,2126
14,0268(brokerage business),13688,-2012,14,0139(brokerage business),21135,214,14,0009(brokerage business),22779,-877
15,0058(brokerage business),13274,-12058,15,0082(brokerage business),19505,3164,15,0034(brokerage business),22603,3562
16,0123(brokerage business),12715,3034,16,0277(brokerage business),17834,527,16,0123(brokerage business),22518,3986
17,0323(brokerage business),11975,-37355,17,0274(brokerage business),16914,1888,17,0335(brokerage business),21402,7686
18,0042(brokerage business),11496,-7138,18,0081(brokerage business),16270,-557,18,0096(brokerage business),20229,-3236
19,0059(brokerage business),9933,228,19,0059(brokerage business),16123,-335,19,0019(brokerage business),19736,229
20,0240(brokerage business),9704,-5665,20,0096(brokerage business),15378,752,20,0311(brokerage business),16929,-1241
Total,,651312,-214683,Total,,978899,-5888,Total,,957563,-10731
Ranking,Name of FF Member /OSBPs,Volume,Change from Previous Trading Day,Ranking,Name of FF Member /OSBPs,Long Position,Change from Previous Trading Day,Ranking,Name of FF Member /OSBPs,Short Position,Change from Previous Trading Day
Contract Code：hc2703,,,,,,,,,,2026-09-14,
1,0163(brokerage business),5613,-1278,1,0323(brokerage business),15402,898,1,0323(brokerage business),15433,903
2,0148(brokerage business),3118,-1846,2,0081(brokerage business),12355,1021,2,0081(brokerage business),12404,1003
3,0253(brokerage business),3005,1382,3,0253(brokerage business),10549,841,3,0253(brokerage business),10462,846
4,0275(brokerage business),2459,263,4,0268(brokerage business),9859,250,4,0268(brokerage business),10005,246
5,0081(brokerage business),2076,-651,5,0004(brokerage business),9566,489,5,0004(brokerage business),9388,634
6,0323(brokerage business),1825,-1406,6,0103(brokerage business),8393,323,6,0103(brokerage business),8373,324
7,0004(brokerage business),1293,472,7,0161(brokerage business),7724,188,7,0161(brokerage business),7725,206
8,0268(brokerage business),1186,389,8,0148(brokerage business),6653,47,8,0148(brokerage business),5778,263
9,0161(brokerage business),864,-107,9,0178(brokerage business),5740,484,9,0139(brokerage business),5645,213
10,0240(brokerage business),756,-108,10,0240(brokerage business),5677,46,10,0240(brokerage business),5566,80
11,0178(brokerage business),718,-1023,11,0139(brokerage business),5629,213,11,0137(brokerage business),4270,284
12,0048(brokerage business),686,432,12,0137(brokerage business),4267,286,12,0178(brokerage business),4075,232
13,0103(brokerage business),653,-358,13,0048(brokerage business),3471,320,13,0048(brokerage business),3471,320
14,0312(brokerage business),613,-177,14,0019(brokerage business),1805,110,14,0019(brokerage business),1805,109
15,0137(brokerage business),600,-261,15,0254(brokerage business),896,0,15,0288(brokerage business),974,4
16,0271(brokerage business),529,526,16,0275(brokerage business),895,-3,16,0254(brokerage business),896,0
17,0151(brokerage business),492,-90,17,0271(brokerage business),867,262,17,0275(brokerage business),894,-10
18,0139(brokerage business),426,-171,18,0288(brokerage business),829,-14,18,0271(brokerage business),868,263
19,0034(brokerage business),365,293,19,0151(brokerage business),711,229,19,0163(brokerage business),725,227
20,0019(brokerage business),283,-40,20,0259(brokerage business),554,-2,20,0151(brokerage business),709,231
Total,,27560,-3759,Total,,111842,5988,Total,,109466,6378
Member/OSP Type,Total Volume,Change from Previous Trading Day,Member/OSP Type,Total Long Position,Change from Previous Trading Day,Member/OSP Type,Total Short Position,Change from Previous Trading Day,,,
Contract Code：ssall,,,,,,,2026-09-14,,,,
Name of FF Member/OSBP,527814,-173394,Name of FF Member/OSBP,210703,3128,Name of FF Member/OSBP,210703,3128,,,
Name of Non-FF Member/OSNBP,0,0,Name of Non-FF Member/OSNBP,0,0,Name of Non-FF Member/OSNBP,0,0,,,
Ranking,Name of FF Member /OSBPs,Volume,Change from Previous Trading Day,Ranking,Name of FF Member /OSBPs,Long Position,Change from Previous Trading Day,Ranking,Name of FF Member /OSBPs,Short Position,Change from Previous Trading Day
Contract Code：ss2609,,,,,,,,,,2026-09-14,
1,0004(brokerage business),228,192,1,0148(brokerage business),1488,0,1,0148(brokerage business),1248,12
2,0163(brokerage business),216,180,2,0004(brokerage business),1440,-180,2,0253(brokerage business),972,0
3,0277(brokerage business),24,-12,3,0003(brokerage business),492,0,3,0004(brokerage business),516,0
4,0148(brokerage business),12,-24,4,0277(brokerage business),264,-24,4,0151(brokerage business),468,0
5,0253(brokerage business),12,12,5,0069(brokerage business),240,0,5,0349(brokerage business),468,12
6,0349(brokerage business),12,0,6,0125(brokerage business),180,0,6,0038(brokerage business),300,0
7,,,,7,0253(brokerage business),144,12,7,0240(brokerage business),156,0
8,,,,8,0163(brokerage business),120,0,8,0163(brokerage business),144,-216
9,,,,9,0018(brokerage business),48,0,9,0372(brokerage business),60,0
10,,,,10,0076(brokerage business),48,0,10,0096(brokerage business),48,0
11,,,,11,0268(brokerage business),24,0,11,0009(brokerage business),36,0
12,,,,12,0240(brokerage business),12,0,12,0338(brokerage business),36,0
13,,,,13,,,,13,0103(brokerage business),24,0
14,,,,14,,,,14,0316(brokerage business),24,0
Total,,504,348,Total,,4500,-192,Total,,4500,-192
Ranking,Name of FF Member /OSBPs,Volume,Change from Previous Trading Day,Ranking,Name of FF Member /OSBPs,Long Position,Change from Previous Trading Day,Ranking,Name of FF Member /OSBPs,Short Position,Change from Previous Trading Day
Contract Code：ss2610,,,,,,,,,,2026-09-14,
1,0163(brokerage business),72573,-16012,1,0148(brokerage business),8634,-1699,1,0148(brokerage business),12244,-1712
2,0272(brokerage business),29880,1009,2,0004(brokerage business),8037,-994,2,0004(brokerage business),8298,-1883
3,0004(brokerage business),25907,-9030,3,0253(brokerage business),5053,-232,3,0163(brokerage business),4924,-421
4,0148(brokerage business),25167,-37549,4,0163(brokerage business),4475,-712,4,0253(brokerage business),4325,-533
5,0253(brokerage business),20087,-15907,5,0240(brokerage business),3132,-164,5,0335(brokerage business),3088,-721
6,0123(brokerage business),18429,-10071,6,0103(brokerage business),2225,-247,6,0272(brokerage business),2423,-541
7,0259(brokerage business),10877,758,7,0161(brokerage business),2168,12,7,0240(brokerage business),2229,-15
8,0081(brokerage business),9279,-7298,8,0018(brokerage business),2131,-770,8,0081(brokerage business),2157,163
9,0240(brokerage business),7711,-2894,9,0272(brokerage business),2082,-163,9,0161(brokerage business),1938,-158
10,0275(brokerage business),6878,-2025,10,0298(brokerage business),2018,-70,10,0103(brokerage business),1267,-163
11,0298(brokerage business),3754,-466,11,0096(brokerage business),1862,-43,11,0019(brokerage business),1251,10
12,0288(brokerage business),2916,-376,12,0082(brokerage business),1813,-692,12,0288(brokerage business),1225,-201
13,0268(brokerage business),2564,-757,13,0125(brokerage business),1766,-14,13,0042(brokerage business),1197,-262
14,0082(brokerage business),2336,-130,14,0008(brokerage business),1725,-2,14,0049(brokerage business),1174,-75
15,0034(brokerage business),2278,-995,15,0069(brokerage business),1644,-281,15,0153(brokerage business),1150,-12
16,0018(brokerage business),2142,-378,16,0275(brokerage business),1372,-225,16,0082(brokerage business),1080,-502
17,0137(brokerage business),1900,216,17,0009(brokerage business),1346,-764,17,0059(brokerage business),1060,-193
18,0069(brokerage business),1899,-276,18,0268(brokerage business),1275,-964,18,0018(brokerage business),1039,42
19,0323(brokerage business),1653,74,19,0003(brokerage business),1183,-9,19,0259(brokerage business),1035,-221
20,0335(brokerage business),1355,-1013,20,0338(brokerage business),1156,61,20,0118(brokerage business),940,-124
Total,,249585,-103120,Total,,55097,-7972,Total,,54044,-7522
Ranking,Name of FF Member /OSBPs,Volume,Change from Previous Trading Day,Ranking,Name of FF Member /OSBPs,Long Position,Change from Previous Trading Day,Ranking,Name of FF Member /OSBPs,Short Position,Change from Previous Trading Day
Contract Code：ss2611,,,,,,,,,,2026-09-14,
1,0163(brokerage business),44569,-6350,1,0004(brokerage business),10667,1242,1,0148(brokerage business),12093,1558
2,0004(brokerage business),28245,-6530,2,0148(brokerage business),9399,2648,2,0004(brokerage business),9294,2145
3,0253(brokerage business),19336,-2649,3,0253(brokerage business),7564,1029,3,0239(brokerage business),8611,682
4,0148(brokerage business),15246,-3831,4,0163(brokerage business),6657,1587,4,0163(brokerage business),8453,888
5,0275(brokerage business),13232,-1235,5,0288(brokerage business),5889,1771,5,0335(brokerage business),7496,1678
6,0081(brokerage business),11858,-2958,6,0018(brokerage business),5649,460,6,0272(brokerage business),4602,225
7,0123(brokerage business),11795,9911,7,0082(brokerage business),5285,957,7,0139(brokerage business),4591,23
8,0272(brokerage business),7173,93,8,0272(brokerage business),4855,702,8,0253(brokerage business),3844,391
9,0034(brokerage business),7009,506,9,0240(brokerage business),3282,340,9,0084(brokerage business),3765,126
10,0240(brokerage business),5866,-2753,10,0125(brokerage business),2840,210,10,0123(brokerage business),2893,892
11,0259(brokerage business),4173,816,11,0239(brokerage business),2666,-984,11,0240(brokerage business),2737,200
12,0298(brokerage business),3135,-260,12,0275(brokerage business),2590,407,12,0034(brokerage business),2647,1840
13,0082(brokerage business),2993,-2388,13,0008(brokerage business),2470,153,13,0274(brokerage business),2369,187
14,0335(brokerage business),2174,683,14,0034(brokerage business),1867,-381,14,0308(brokerage business),2186,545
15,0018(brokerage business),2170,-1600,15,0310(brokerage business),1774,19,15,0103(brokerage business),2165,847
16,0288(brokerage business),2139,-2116,16,0338(brokerage business),1690,221,16,0137(brokerage business),1873,435
17,0059(brokerage business),2117,1008,17,0268(brokerage business),1602,780,17,0161(brokerage business),1510,143
18,0069(brokerage business),2072,-134,18,0323(brokerage business),1478,348,18,0082(brokerage business),1334,-26
19,0103(brokerage business),1949,211,19,0244(brokerage business),1437,142,19,0009(brokerage business),1243,-316
20,0239(brokerage business),1948,-1109,20,0298(brokerage business),1265,147,20,0288(brokerage business),1190,38
Total,,189199,-20685,Total,,80926,11798,Total,,84896,12501
Ranking,Name of FF Member /OSBPs,Volume,Change from Previous Trading Day,Ranking,Name of FF Member /OSBPs,Long Position,Change from Previous Trading Day,Ranking,Name of FF Member /OSBPs,Short Position,Change from Previous Trading Day
Contract Code：lu2610,,,,,,,,,,2026-09-14,
1,8004(brokerage business),6068,-1135,1,8163(brokerage business),1727,6,1,8372(brokerage business),4054,-439
2,8275(brokerage business),5310,-10881,2,8103(brokerage business),1362,-25,2,8103(brokerage business),1539,12
3,8163(brokerage business),3075,-1945,3,8004(brokerage business),1313,-90,3,8004(brokerage business),1118,-166
4,8123(brokerage business),3011,-2618,4,8240(brokerage business),602,-18,4,8163(brokerage business),1049,39
5,8148(brokerage business),1750,-2207,5,8148(brokerage business),558,-46,5,8148(brokerage business),926,-382
6,8253(brokerage business),1700,-4170,6,8096(brokerage business),553,0,6,8333(brokerage business),758,-76
7,8096(brokerage business),1389,398,7,8075(brokerage business),500,0,7,8253(brokerage business),534,-17
8,8034(brokerage business),1132,63,8,8151(brokerage business),306,-45,8,8077(brokerage business),455,5
9,8271(brokerage business),1105,-1070,9,8034(brokerage business),297,23,9,8319(brokerage business),404,38
10,8059(brokerage business),1008,409,10,8177(brokerage business),269,10,10,8272(brokerage business),295,7
11,8103(brokerage business),739,-1547,11,8308(brokerage business),261,-10,11,8067(brokerage business),231,-32
12,8333(brokerage business),679,-520,12,8081(brokerage business),249,-23,12,8169(brokerage business),202,0
13,8151(brokerage business),676,-84,13,8335(brokerage business),232,-16,13,8298(brokerage business),147,-52
14,8007(brokerage business),642,-223,14,8069(brokerage business),215,-102,14,8186(brokerage business),113,-19
15,8272(brokerage business),560,-1644,15,8288(brokerage business),208,22,15,8048(brokerage business),112,34
16,8308(brokerage business),542,-285,16,8123(brokerage business),184,-57,16,8137(brokerage business),105,3
17,8319(brokerage business),500,-658,17,8323(brokerage business),175,23,17,8288(brokerage business),88,-3
18,8372(brokerage business),492,-594,18,8137(brokerage business),165,-111,18,8308(brokerage business),77,4
19,8069(brokerage business),454,-1133,19,8067(brokerage business),160,-67,19,8178(brokerage business),74,-145
20,8186(brokerage business),453,-1025,20,8275(brokerage business),154,-67,20,8006(brokerage business),71,-2
Total,,31285,-30869,Total,,9490,-593,Total,,12352,-1191
Ranking,Name of FF Member /OSBPs,Volume,Change from Previous Trading Day,Ranking,Name of FF Member /OSBPs,Long Position,Change from Previous Trading Day,Ranking,Name of FF Member /OSBPs,Short Position,Change from Previous Trading Day
Contract Code：lu2611,,,,,,,,,,2026-09-14,
1,8004(brokerage business),45908,-8311,1,8148(brokerage business),8377,-612,1,8004(brokerage business),8372,140
2,8148(brokerage business),44302,-12472,2,8004(brokerage business),8218,-394,2,8103(brokerage business),8049,-288
3,8163(brokerage business),39897,-16133,3,8163(brokerage business),5423,-3026,3,8163(brokerage business),7988,-663
4,8123(brokerage business),20034,-1055,4,8272(brokerage business),3310,558,4,8372(brokerage business),5820,415
5,8275(brokerage business),14306,-9281,5,8103(brokerage business),2703,0,5,8148(brokerage business),5408,176
6,8081(brokerage business),13630,-4146,6,8335(brokerage business),2230,-136,6,8253(brokerage business),2056,154
7,8253(brokerage business),11281,-6197,7,8333(brokerage business),2052,-27,7,8177(brokerage business),1684,-12
8,8272(brokerage business),10201,-4527,8,8268(brokerage business),1971,-166,8,8319(brokerage business),1547,-278
9,8240(brokerage business),6614,-16,9,8253(brokerage business),1783,57,9,8096(brokerage business),1526,63
10,8298(brokerage business),5916,-2275,10,8082(brokerage business),1753,-69,10,8333(brokerage business),1412,41
11,8186(brokerage business),5744,-1548,11,8086(brokerage business),1711,20,11,8239(brokerage business),1190,-872
12,8342(brokerage business),5303,-828,12,8288(brokerage business),1605,-280,12,8311(brokerage business),1064,-308
13,8069(brokerage business),4744,-635,13,8274(brokerage business),1491,-18,13,8042(brokerage business),1017,-175
14,8308(brokerage business),4669,-1846,14,8096(brokerage business),1388,651,14,8088(brokerage business),1010,21
15,8103(brokerage business),4262,-2333,15,8240(brokerage business),1256,-6,15,8272(brokerage business),975,-385
16,8059(brokerage business),3825,427,16,8081(brokerage business),1184,-80,16,8059(brokerage business),941,-6
17,8268(brokerage business),3788,-1904,17,8018(brokerage business),1131,-113,17,8268(brokerage business),902,-210
18,8323(brokerage business),3576,-2316,18,8161(brokerage business),1099,-65,18,8137(brokerage business),872,-188
19,8034(brokerage business),3192,-1810,19,8034(brokerage business),1002,-197,19,8018(brokerage business),832,-51
20,8137(brokerage business),3018,-2497,20,8137(brokerage business),959,20,20,8240(brokerage business),827,-26
Total,,254210,-79703,Total,,50646,-3883,Total,,53492,-2452
Ranking,Name of FF Member /OSBPs,Volume,Change from Previous Trading Day,Ranking,Name of FF Member /OSBPs,Long Position,Change from Previous Trading Day,Ranking,Name of FF Member /OSBPs,Short Position,Change from Previous Trading Day
Contract Code：lu2612,,,,,,,,,,2026-09-14,
1,8148(brokerage business),16243,-7233,1,8184(brokerage business),11039,-245,1,8372(brokerage business),8704,1
2,8163(brokerage business),12851,-3898,2,8148(brokerage business),9340,1827,2,8004(brokerage business),8314,542
3,8004(brokerage business),11716,-9060,3,8239(brokerage business),6302,-258,3,7002(brokerage business),6772,-115
4,8123(brokerage business),9733,-1048,4,8081(brokerage business),5793,-305,4,8163(brokerage business),4854,852
5,8275(brokerage business),8674,-2030,5,8004(brokerage business),3544,-344,5,8096(brokerage business),3794,-82
6,8253(brokerage business),8251,-5456,6,8163(brokerage business),3160,907,6,8103(brokerage business),3613,186
7,8096(brokerage business),7053,-1605,7,8335(brokerage business),3090,-121,7,8239(brokerage business),3454,800
8,8103(brokerage business),5470,-370,8,8084(brokerage business),2179,14,8,8272(brokerage business),2211,-11
9,8081(brokerage business),3214,-1398,9,8274(brokerage business),1108,235,9,8148(brokerage business),2078,-24
10,8240(brokerage business),3166,-1395,10,8268(brokerage business),1071,10,10,8253(brokerage business),1846,-332
11,8342(brokerage business),2716,-1318,11,8272(brokerage business),913,126,11,8059(brokerage business),1737,-11
12,8059(brokerage business),2610,355,12,8034(brokerage business),776,21,12,8319(brokerage business),1493,-1
13,8239(brokerage business),2604,621,13,8018(brokerage business),723,26,13,8275(brokerage business),1422,-41
14,8034(brokerage business),2567,-1923,14,8288(brokerage business),635,17,14,8240(brokerage business),691,67
15,8069(brokerage business),2053,-1410,15,8240(brokerage business),633,-5,15,8333(brokerage business),679,88
16,8308(brokerage business),2016,-901,16,8253(brokerage business),611,-213,16,8335(brokerage business),660,-5
17,8272(brokerage business),1679,-1020,17,8082(brokerage business),476,6,17,8268(brokerage business),649,-53
18,8141(brokerage business),1605,-916,18,8077(brokerage business),430,-24,18,8018(brokerage business),622,22
19,8274(brokerage business),1330,28,19,8308(brokerage business),427,9,19,8277(brokerage business),557,-102
20,8077(brokerage business),1311,-1599,20,8321(brokerage business),419,-17,20,8034(brokerage business),527,240
Total,,106862,-41576,Total,,52669,1666,Total,,54677,2021
Member/OSP Type,Total Volume,Change from Previous Trading Day,Member/OSP Type,Total Long Position,Change from Previous Trading Day,Member/OSP Type,Total Short Position,Change from Previous Trading Day,,,
Contract Code：fuall,,,,,,,2026-09-14,,,,
Name of FF Member/OSBP,3542952,-337766,Name of FF Member/OSBP,512951,10864,Name of FF Member/OSBP,512949,10864,,,
Name of Non-FF Member/OSNBP,0,0,Name of Non-FF Member/OSNBP,0,0,Name of Non-FF Member/OSNBP,2,0,,,
Ranking,Name of FF Member /OSBPs,Volume,Change from Previous Trading Day,Ranking,Name of FF Member /OSBPs,Long Position,Change from Previous Trading Day,Ranking,Name of FF Member /OSBPs,Short Position,Change from Previous Trading Day
Contract Code：fu2610,,,,,,,,,,2026-09-14,
1,0004(brokerage business),40912,7377,1,0163(brokerage business),3078,742,1,0004(brokerage business),3100,144
2,0163(brokerage business),31382,146,2,0004(brokerage business),2949,588,2,0163(brokerage business),2392,-121
3,0148(brokerage business),30521,-711,3,0103(brokerage business),2628,-1107,3,0148(brokerage business),1776,89
4,0123(brokerage business),22526,133,4,0148(brokerage business),1779,-589,4,0240(brokerage business),1561,-252
5,0275(brokerage business),20794,2621,5,0153(brokerage business),952,119,5,0253(brokerage business),991,-341
6,0268(brokerage business),11191,-575,6,0253(brokerage business),855,120,6,0034(brokerage business),930,-11
7,0240(brokerage business),9415,917,7,0275(brokerage business),748,54,7,0275(brokerage business),916,261
8,0298(brokerage business),7717,-1774,8,0018(brokerage business),746,110,8,0268(brokerage business),796,-171
9,0034(brokerage business),7312,514,9,0268(brokerage business),707,421,9,0161(brokerage business),774,47
10,0272(brokerage business),7253,-1663,10,0077(brokerage business),684,247,10,0272(brokerage business),768,-14
11,0342(brokerage business),5602,215,11,0308(brokerage business),653,103,11,0043(brokerage business),741,94
12,0081(brokerage business),5222,-2768,12,0082(brokerage business),630,-52,12,0096(brokerage business),722,117
13,0103(brokerage business),5159,-928,13,0125(brokerage business),613,353,13,0298(brokerage business),661,-238
14,0059(brokerage business),4472,243,14,0272(brokerage business),590,167,14,0288(brokerage business),614,50
15,0253(brokerage business),4447,-2769,15,0151(brokerage business),584,313,15,0081(brokerage business),551,-250
16,0069(brokerage business),4272,362,16,0034(brokerage business),521,-531,16,0137(brokerage business),550,162
17,0308(brokerage business),3883,52,17,0059(brokerage business),492,223,17,0308(brokerage business),530,132
18,0271(brokerage business),3784,-937,18,0319(brokerage business),486,-1180,18,0042(brokerage business),529,132
19,0288(brokerage business),3740,746,19,0288(brokerage business),459,132,19,0157(brokerage business),520,503
20,0186(brokerage business),3616,605,20,0277(brokerage business),391,60,20,0067(brokerage business),499,81
Total,,233220,1806,Total,,20545,293,Total,,19921,414
Ranking,Name of FF Member /OSBPs,Volume,Change from Previous Trading Day,Ranking,Name of FF Member /OSBPs,Long Position,Change from Previous Trading Day,Ranking,Name of FF Member /OSBPs,Short Position,Change from Previous Trading Day
Contract Code：fu2611,,,,,,,,,,2026-09-14,
1,0004(brokerage business),367171,-58014,1,0004(brokerage business),22966,-617,1,0004(brokerage business),21761,1530
2,0148(brokerage business),251036,-23079,2,0148(brokerage business),18973,-1779,2,0148(brokerage business),18023,3725
3,0163(brokerage business),249562,-14881,3,0163(brokerage business),14452,-5459,3,0163(brokerage business),11889,-761
4,0275(brokerage business),141760,17361,4,0103(brokerage business),9933,1003,4,0103(brokerage business),8460,765
5,0240(brokerage business),101827,4204,5,0268(brokerage business),7965,1227,5,0298(brokerage business),7445,-733
6,0081(brokerage business),99228,-29902,6,0253(brokerage business),7638,305,6,0123(brokerage business),7410,404
7,0272(brokerage business),90588,-1852,7,0272(brokerage business),7615,333,7,0253(brokerage business),6432,2136
8,0253(brokerage business),77027,-14359,8,0059(brokerage business),5559,-1223,8,0268(brokerage business),6313,-238
9,0268(brokerage business),66145,-8012,9,0335(brokerage business),5174,-517,9,0240(brokerage business),5479,190
10,0259(brokerage business),53018,-4381,10,0081(brokerage business),4144,-1448,10,0034(brokerage business),5432,-376
11,0123(brokerage business),50538,-3459,11,0240(brokerage business),4017,-985,11,0288(brokerage business),5082,148
12,0308(brokerage business),49630,6732,12,0288(brokerage business),3609,-6,12,0272(brokerage business),5006,-609
13,0298(brokerage business),45531,-4357,13,0034(brokerage business),3559,472,13,0018(brokerage business),3777,-573
14,0034(brokerage business),40946,-7755,14,0082(brokerage business),3520,256,14,0319(brokerage business),3699,1033
15,0186(brokerage business),34349,-5490,15,0308(brokerage business),3458,393,15,0081(brokerage business),3477,1186
16,0059(brokerage business),32548,-239,16,0161(brokerage business),3334,-11,16,0059(brokerage business),2888,127
17,0019(brokerage business),24499,-5368,17,0096(brokerage business),3102,601,17,0275(brokerage business),2843,-37
18,0288(brokerage business),23486,-1538,18,0137(brokerage business),2935,792,18,0308(brokerage business),2837,241
19,0137(brokerage business),23231,1461,19,0153(brokerage business),2910,78,19,0186(brokerage business),2828,-128
20,0299(brokerage business),23154,-1990,20,0275(brokerage business),2842,-27,20,0042(brokerage business),2794,41
Total,,1845274,-154918,Total,,137705,-6612,Total,,133875,8071
Ranking,Name of FF Member /OSBPs,Volume,Change from Previous Trading Day,Ranking,Name of FF Member /OSBPs,Long Position,Change from Previous Trading Day,Ranking,Name of FF Member /OSBPs,Short Position,Change from Previous Trading Day
Contract Code：fu2612,,,,,,,,,,2026-09-14,
1,0163(brokerage business),21826,-7738,1,0004(brokerage business),11046,1018,1,0004(brokerage business),11098,-117
2,0275(brokerage business),18762,1844,2,0163(brokerage business),8655,-772,2,0163(brokerage business),8733,-882
3,0148(brokerage business),17964,-4826,3,0034(brokerage business),6692,43,3,0137(brokerage business),6598,1119
4,0004(brokerage business),12155,1895,4,0008(brokerage business),5899,9,4,0008(brokerage business),5897,6
5,0123(brokerage business),9808,-3126,5,0137(brokerage business),5745,319,5,0034(brokerage business),5883,-129
6,0161(brokerage business),6415,-2173,6,0148(brokerage business),5706,1995,6,0161(brokerage business),5299,-477
7,0069(brokerage business),5739,-1169,7,0253(brokerage business),5478,72,7,0253(brokerage business),4960,1
8,0240(brokerage business),5008,-921,8,0161(brokerage business),5128,-482,8,0069(brokerage business),4864,565
9,0342(brokerage business),4476,-669,9,0123(brokerage business),4695,-52,9,0123(brokerage business),4589,-54
10,0008(brokerage business),4207,1481,10,0275(brokerage business),4296,9,10,0323(brokerage business),4415,1035
11,0253(brokerage business),4025,17,11,0069(brokerage business),4294,20,11,0275(brokerage business),4223,-63
12,0298(brokerage business),3931,576,12,0178(brokerage business),4027,4,12,0178(brokerage business),4113,11
13,0268(brokerage business),3674,-2431,13,0335(brokerage business),2321,145,13,0148(brokerage business),1782,671
14,0272(brokerage business),3472,-1187,14,0103(brokerage business),1368,-433,14,0372(brokerage business),1259,15
15,0244(brokerage business),2983,526,15,0081(brokerage business),1225,295,15,0308(brokerage business),965,514
16,0308(brokerage business),2776,-2379,16,0272(brokerage business),691,-349,16,0385(brokerage business),654,50
17,0137(brokerage business),2516,535,17,0058(brokerage business),646,34,17,0274(brokerage business),635,491
18,0323(brokerage business),2189,-2035,18,0319(brokerage business),559,0,18,0268(brokerage business),615,-327
19,0271(brokerage business),2074,575,19,0308(brokerage business),510,26,19,0103(brokerage business),599,-461
20,0081(brokerage business),1666,-1,20,0240(brokerage business),425,44,20,0240(brokerage business),547,72
Total,,135666,-21206,Total,,79406,1945,Total,,77728,2040
Ranking,Name of FF Member /OSBPs,Volume,Change from Previous Trading Day,Ranking,Name of FF Member /OSBPs,Long Position,Change from Previous Trading Day,Ranking,Name of FF Member /OSBPs,Short Position,Change from Previous Trading Day
Contract Code：fu2701,,,,,,,,,,2026-09-14,
1,0163(brokerage business),68416,-14545,1,0148(brokerage business),13843,-1153,1,0004(brokerage business),19402,2357
2,0148(brokerage business),59756,-5749,2,0004(brokerage business),11478,306,2,0148(brokerage business),12423,-85
3,0004(brokerage business),57361,-3845,3,0272(brokerage business),8831,223,3,0163(brokerage business),8478,2826
4,0275(brokerage business),42174,3392,4,0239(brokerage business),8327,1268,4,0103(brokerage business),7093,721
5,0123(brokerage business),16672,2378,5,0163(brokerage business),7065,-1792,5,0323(brokerage business),5118,764
6,0081(brokerage business),12748,-3312,6,0335(brokerage business),6333,-265,6,0272(brokerage business),5035,63
7,0240(brokerage business),12587,-1098,7,0319(brokerage business),6017,3326,7,0059(brokerage business),4562,499
8,0253(brokerage business),9867,170,8,0084(brokerage business),5000,0,8,0240(brokerage business),4290,401
9,0319(brokerage business),9304,-2094,9,0123(brokerage business),4914,362,9,0253(brokerage business),3387,99
10,0272(brokerage business),7476,-9525,10,0253(brokerage business),4166,-160,10,0151(brokerage business),2765,-436
11,0009(brokerage business),6915,-5550,11,0103(brokerage business),3762,1429,11,0082(brokerage business),2297,123
12,0096(brokerage business),5982,-1651,12,0018(brokerage business),2475,92,12,0298(brokerage business),2174,8
13,0342(brokerage business),5868,-743,13,0081(brokerage business),2125,-117,13,0268(brokerage business),2140,425
14,0103(brokerage business),5790,419,14,0338(brokerage business),2025,-10,14,0372(brokerage business),2091,-2042
15,0069(brokerage business),5515,312,15,0240(brokerage business),1852,-18,15,0275(brokerage business),1805,121
16,0268(brokerage business),5188,-239,16,0096(brokerage business),1834,210,16,0186(brokerage business),1618,29
17,0018(brokerage business),5104,1353,17,0034(brokerage business),1702,438,17,0252(brokerage business),1613,39
18,0308(brokerage business),4723,34,18,0288(brokerage business),1500,337,18,0018(brokerage business),1595,-322
19,0034(brokerage business),4295,-941,19,0042(brokerage business),1385,194,19,0137(brokerage business),1446,-12
20,0274(brokerage business),4103,505,20,0274(brokerage business),1371,8,20,0034(brokerage business),1432,53
Total,,349844,-40729,Total,,96005,4678,Total,,90764,5631
Member/OSP Type,Total Volume,Change from Previous Trading Day,Member/OSP Type,Total Long Position,Change from Previous Trading Day,Member/OSP Type,Total Short Position,Change from Previous Trading Day,,,
Contract Code：buall,,,,,,,2026-09-14,,,,
Name of FF Member/OSBP,2478532,-153634,Name of FF Member/OSBP,659714,17387,Name of FF Member/OSBP,659714,17387,,,
Name of Non-FF Member/OSNBP,0,0,Name of Non-FF Member/OSNBP,0,0,Name of Non-FF Member/OSNBP,0,0,,,
Ranking,Name of FF Member /OSBPs,Volume,Change from Previous Trading Day,Ranking,Name of FF Member /OSBPs,Long Position,Change from Previous Trading Day,Ranking,Name of FF Member /OSBPs,Short Position,Change from Previous Trading Day
Contract Code：bu2609,,,,,,,,,,2026-09-14,
1,0004(brokerage business),77,62,1,0103(brokerage business),955,0,1,0103(brokerage business),3100,0
2,0272(brokerage business),73,-11,2,0123(brokerage business),952,-42,2,0272(brokerage business),2175,-63
3,0123(brokerage business),54,42,3,0004(brokerage business),837,-77,3,0299(brokerage business),1190,0
4,0003(brokerage business),50,50,4,0148(brokerage business),508,2,4,0123(brokerage business),298,-12
5,0019(brokerage business),20,18,5,0096(brokerage business),500,0,5,0148(brokerage business),65,0
6,0308(brokerage business),16,16,6,0299(brokerage business),500,0,6,,,
7,0095(brokerage business),10,10,7,0385(brokerage business),500,0,7,,,
8,0311(brokerage business),8,8,8,0095(brokerage business),458,10,8,,,
9,0321(brokerage business),8,8,9,0275(brokerage business),432,0,9,,,
10,0148(brokerage business),2,-40,10,0277(brokerage business),350,0,10,,,
11,,,,11,0081(brokerage business),205,0,11,,,
12,,,,12,0272(brokerage business),182,-10,12,,,
13,,,,13,0177(brokerage business),118,0,13,,,
14,,,,14,0034(brokerage business),100,0,14,,,
15,,,,15,0082(brokerage business),100,0,15,,,
16,,,,16,0163(brokerage business),79,0,16,,,
17,,,,17,0003(brokerage business),50,50,17,,,
18,,,,18,0137(brokerage business),2,0,18,,,
Total,,318,163,Total,,6828,-67,Total,,6828,-75
Ranking,Name of FF Member /OSBPs,Volume,Change from Previous Trading Day,Ranking,Name of FF Member /OSBPs,Long Position,Change from Previous Trading Day,Ranking,Name of FF Member /OSBPs,Short Position,Change from Previous Trading Day
Contract Code：bu2610,,,,,,,,,,2026-09-14,
1,0004(brokerage business),231775,-2257,1,0004(brokerage business),21939,-619,1,0148(brokerage business),12980,533
2,0163(brokerage business),221050,-18591,2,0148(brokerage business),13090,423,2,0272(brokerage business),9725,-396
3,0148(brokerage business),105144,-6545,3,0103(brokerage business),7286,-2056,3,0275(brokerage business),9543,-105
4,0275(brokerage business),56641,-15169,4,0163(brokerage business),6735,-1172,4,0139(brokerage business),6941,-3
5,0123(brokerage business),49640,-6181,5,0059(brokerage business),5937,1377,5,0004(brokerage business),6707,-2276
6,0272(brokerage business),45846,-523,6,0272(brokerage business),5502,-644,6,0240(brokerage business),6020,-122
7,0240(brokerage business),40337,3255,7,0253(brokerage business),4784,215,7,0123(brokerage business),5152,-221
8,0081(brokerage business),36411,-5636,8,0240(brokerage business),3898,-323,8,0298(brokerage business),4816,816
9,0253(brokerage business),35408,-1998,9,0275(brokerage business),3793,-114,9,0253(brokerage business),4759,507
10,0259(brokerage business),32203,12324,10,0323(brokerage business),3636,1125,10,0081(brokerage business),4312,456
11,0298(brokerage business),27266,-1442,11,0018(brokerage business),3353,-194,11,0288(brokerage business),4271,398
12,0268(brokerage business),26876,3193,12,0151(brokerage business),3286,-569,12,0121(brokerage business),3636,-46
13,0059(brokerage business),20439,1298,13,0288(brokerage business),3081,-205,13,0163(brokerage business),3551,-1824
14,0034(brokerage business),20380,482,14,0082(brokerage business),3080,-277,14,0268(brokerage business),3518,328
15,0186(brokerage business),19548,-1669,15,0333(brokerage business),2864,-187,15,0103(brokerage business),3279,8
16,0069(brokerage business),19338,1620,16,0137(brokerage business),2668,64,16,0034(brokerage business),3125,69
17,0308(brokerage business),18771,2757,17,0268(brokerage business),2348,114,17,0186(brokerage business),3005,146
18,0288(brokerage business),18677,-250,18,0043(brokerage business),2331,338,18,0042(brokerage business),2578,61
19,0095(brokerage business),17894,7799,19,0019(brokerage business),2292,524,19,0082(brokerage business),2527,64
20,0043(brokerage business),16745,-1417,20,0335(brokerage business),2262,-46,20,0161(brokerage business),2439,-68
Total,,1060389,-28950,Total,,104165,-2226,Total,,102884,-1675
Ranking,Name of FF Member /OSBPs,Volume,Change from Previous Trading Day,Ranking,Name of FF Member /OSBPs,Long Position,Change from Previous Trading Day,Ranking,Name of FF Member /OSBPs,Short Position,Change from Previous Trading Day
Contract Code：bu2611,,,,,,,,,,2026-09-14,
1,0004(brokerage business),101257,17770,1,0148(brokerage business),31122,1235,1,0272(brokerage business),19085,1779
2,0148(brokerage business),79580,-10597,2,0004(brokerage business),20844,2105,2,0148(brokerage business),16293,719
3,0163(brokerage business),67675,-25360,3,0272(brokerage business),19869,-438,3,0004(brokerage business),14916,1472
4,0275(brokerage business),38675,2219,4,0163(brokerage business),11428,890,4,0082(brokerage business),12247,-158
5,0123(brokerage business),35198,-5957,5,0103(brokerage business),11413,196,5,0009(brokerage business),10396,-1672
6,0253(brokerage business),24599,-2985,6,0239(brokerage business),11004,-457,6,0275(brokerage business),9729,-225
7,0272(brokerage business),19599,-1475,7,0082(brokerage business),10004,162,7,0103(brokerage business),9022,229
8,0240(brokerage business),17384,-944,8,0123(brokerage business),9676,143,8,0123(brokerage business),9001,805
9,0081(brokerage business),14017,-2127,9,0268(brokerage business),9098,-258,9,0081(brokerage business),8367,410
10,0059(brokerage business),12727,-509,10,0161(brokerage business),8134,512,10,0059(brokerage business),8001,907
11,0069(brokerage business),11412,-663,11,0137(brokerage business),7120,258,11,0253(brokerage business),7912,128
12,0268(brokerage business),8592,-1633,12,0253(brokerage business),6976,283,12,0137(brokerage business),7642,654
13,0082(brokerage business),7246,-2742,13,0081(brokerage business),6851,121,13,0069(brokerage business),6209,601
14,0116(brokerage business),6881,6544,14,0059(brokerage business),6839,1666,14,0163(brokerage business),6042,-715
15,0342(brokerage business),6396,-2269,15,0335(brokerage business),6661,893,15,0161(brokerage business),6002,32
16,0186(brokerage business),6196,-543,16,0009(brokerage business),5202,-41,16,0177(brokerage business),5967,-413
17,0034(brokerage business),5808,-1964,17,0275(brokerage business),5109,-70,17,0268(brokerage business),5831,-286
18,0137(brokerage business),5656,-754,18,0069(brokerage business),4768,-71,18,0139(brokerage business),5253,-441
19,0308(brokerage business),5415,-1225,19,0238(brokerage business),4338,-306,19,0288(brokerage business),4240,108
20,0298(brokerage business),5052,-1603,20,0139(brokerage business),4196,-526,20,0333(brokerage business),4040,-23
Total,,479365,-36817,Total,,200652,6297,Total,,176195,3911
Ranking,Name of FF Member /OSBPs,Volume,Change from Previous Trading Day,Ranking,Name of FF Member /OSBPs,Long Position,Change from Previous Trading Day,Ranking,Name of FF Member /OSBPs,Short Position,Change from Previous Trading Day
Contract Code：bu2612,,,,,,,,,,2026-09-14,
1,0163(brokerage business),30733,-8566,1,0004(brokerage business),13774,-2571,1,0103(brokerage business),9628,893
2,0275(brokerage business),25641,415,2,0148(brokerage business),11666,37,2,0272(brokerage business),8103,-1284
3,0004(brokerage business),20772,-3613,3,0239(brokerage business),9778,292,3,0123(brokerage business),7860,499
4,0148(brokerage business),19326,-13931,4,0335(brokerage business),9767,342,4,0004(brokerage business),7538,385
5,0123(brokerage business),13609,-8079,5,0103(brokerage business),7972,1136,5,0253(brokerage business),6785,195
6,0272(brokerage business),11853,1758,6,0177(brokerage business),5296,-28,6,0244(brokerage business),6611,333
7,0333(brokerage business),9660,4172,7,0009(brokerage business),5155,-1507,7,0333(brokerage business),5591,-748
8,0253(brokerage business),7671,-2671,8,0272(brokerage business),4092,129,8,0335(brokerage business),5138,96
9,0069(brokerage business),7128,-460,9,0163(brokerage business),3868,270,9,0238(brokerage business),5050,10
10,0308(brokerage business),6154,-1479,10,0253(brokerage business),3680,-6,10,0082(brokerage business),4942,117
11,0240(brokerage business),4864,-1016,11,0275(brokerage business),3229,-200,11,0323(brokerage business),4771,492
12,0059(brokerage business),4677,-240,12,0084(brokerage business),3000,0,12,0275(brokerage business),4689,309
13,0271(brokerage business),4190,68,13,0059(brokerage business),2757,119,13,0148(brokerage business),3836,403
14,0103(brokerage business),3661,-2766,14,0277(brokerage business),2566,105,14,0240(brokerage business),3455,14
15,0342(brokerage business),3466,-1291,15,0034(brokerage business),2167,53,15,0096(brokerage business),3404,199
16,0009(brokerage business),3017,122,16,0082(brokerage business),2147,96,16,0069(brokerage business),3262,-2652
17,0268(brokerage business),2968,-1123,17,0389(brokerage business),1924,-302,17,0018(brokerage business),2818,-10
18,0288(brokerage business),2354,592,18,0308(brokerage business),1767,-85,18,0163(brokerage business),2784,369
19,0137(brokerage business),2207,-773,19,0268(brokerage business),1716,173,19,0268(brokerage business),2397,73
20,0096(brokerage business),2002,-1224,20,0259(brokerage business),1545,138,20,0068(brokerage business),1795,139
Total,,185953,-40105,Total,,97866,-1809,Total,,100457,-168
Ranking,Name of FF Member /OSBPs,Volume,Change from Previous Trading Day,Ranking,Name of FF Member /OSBPs,Long Position,Change from Previous Trading Day,Ranking,Name of FF Member /OSBPs,Short Position,Change from Previous Trading Day
Contract Code：bu2701,,,,,,,,,,2026-09-14,
1,0163(brokerage business),18822,1389,1,0272(brokerage business),8221,-290,1,0272(brokerage business),8964,685
2,0004(brokerage business),9334,3953,2,0148(brokerage business),7849,642,2,0275(brokerage business),5617,137
3,0148(brokerage business),9112,-455,3,0137(brokerage business),5206,92,3,0137(brokerage business),5530,3
4,0275(brokerage business),8890,3987,4,0082(brokerage business),4157,279,4,0082(brokerage business),4254,249
5,0272(brokerage business),8325,1606,5,0081(brokerage business),4033,-97,5,0148(brokerage business),3968,-386
6,0123(brokerage business),6231,-1272,6,0059(brokerage business),3841,239,6,0139(brokerage business),3723,381
7,0253(brokerage business),5701,-269,7,0139(brokerage business),3682,384,7,0059(brokerage business),3669,317
8,0069(brokerage business),2737,-19,8,0161(brokerage business),3647,208,8,0069(brokerage business),3590,194
9,0059(brokerage business),2650,-942,9,0275(brokerage business),3388,27,9,0161(brokerage business),3325,215
10,0186(brokerage business),2314,295,10,0123(brokerage business),3307,92,10,0123(brokerage business),3080,-71
11,0342(brokerage business),2292,-194,11,0069(brokerage business),3203,155,11,0004(brokerage business),2914,1503
12,0240(brokerage business),2110,-1448,12,0009(brokerage business),2602,35,12,0081(brokerage business),2705,-45
13,0161(brokerage business),2059,-376,13,0163(brokerage business),1942,239,13,0238(brokerage business),2616,451
14,0268(brokerage business),2035,-887,14,0004(brokerage business),1894,71,14,0009(brokerage business),2550,-17
15,0238(brokerage business),1688,1153,15,0268(brokerage business),1829,-3,15,0103(brokerage business),2342,149
16,0333(brokerage business),1628,875,16,0335(brokerage business),1644,95,16,0268(brokerage business),2052,-62
17,0308(brokerage business),1492,1,17,0308(brokerage business),1516,140,17,0333(brokerage business),1263,20
18,0271(brokerage business),1287,285,18,0253(brokerage business),1495,347,18,0018(brokerage business),1123,26
19,0139(brokerage business),1113,410,19,0042(brokerage business),923,52,19,0299(brokerage business),1084,4
20,0034(brokerage business),1112,63,20,0103(brokerage business),770,7,20,0163(brokerage business),942,-179
Total,,90932,8155,Total,,65149,2714,Total,,65311,3574
Member/OSP Type,Total Volume,Change from Previous Trading Day,Member/OSP Type,Total Long Position,Change from Previous Trading Day,Member/OSP Type,Total Short Position,Change from Previous Trading Day,,,
Contract Code：brall,,,,,,,2026-09-14,,,,
Name of FF Member/OSBP,586396,-121718,Name of FF Member/OSBP,139830,-12265,Name of FF Member/OSBP,139830,-12265,,,
Name of Non-FF Member/OSNBP,0,0,Name of Non-FF Member/OSNBP,0,0,Name of Non-FF Member/OSNBP,0,0,,,
Ranking,Name of FF Member /OSBPs,Volume,Change from Previous Trading Day,Ranking,Name of FF Member /OSBPs,Long Position,Change from Previous Trading Day,Ranking,Name of FF Member /OSBPs,Short Position,Change from Previous Trading Day
Contract Code：br2609,,,,,,,,,,2026-09-14,
1,,,,1,0004(brokerage business),390,0,1,0123(brokerage business),276,0
2,,,,2,0029(brokerage business),144,0,2,0004(brokerage business),86,0
3,,,,3,0059(brokerage business),60,0,3,0253(brokerage business),60,0
4,,,,4,0163(brokerage business),60,0,4,0148(brokerage business),52,0
5,,,,5,0018(brokerage business),36,0,5,0125(brokerage business),48,0
6,,,,6,0007(brokerage business),24,0,6,0003(brokerage business),44,0
7,,,,7,,,,7,0058(brokerage business),40,0
8,,,,8,,,,8,0082(brokerage business),24,0
9,,,,9,,,,9,0311(brokerage business),24,0
10,,,,10,,,,10,0096(brokerage business),18,0
11,,,,11,,,,11,0103(brokerage business),18,0
12,,,,12,,,,12,0069(brokerage business),12,0
13,,,,13,,,,13,0177(brokerage business),10,0
14,,,,14,,,,14,0163(brokerage business),2,0
Total,,,,Total,,714,0,Total,,714,0
Ranking,Name of FF Member /OSBPs,Volume,Change from Previous Trading Day,Ranking,Name of FF Member /OSBPs,Long Position,Change from Previous Trading Day,Ranking,Name of FF Member /OSBPs,Short Position,Change from Previous Trading Day
Contract Code：br2610,,,,,,,,,,2026-09-14,
1,0148(brokerage business),45756,-11106,1,0004(brokerage business),3785,-1174,1,0004(brokerage business),4582,-1102
2,0004(brokerage business),35248,-7373,2,0148(brokerage business),2653,-975,2,0163(brokerage business),2015,-839
3,0163(brokerage business),28820,-5865,3,0163(brokerage business),1379,265,3,0148(brokerage business),1661,-287
4,0275(brokerage business),27093,-6098,4,0103(brokerage business),1152,-169,4,0123(brokerage business),1026,-106
5,0081(brokerage business),23117,-6413,5,0253(brokerage business),922,-524,5,0253(brokerage business),986,-25
6,0123(brokerage business),18905,1751,6,0288(brokerage business),808,-85,6,0275(brokerage business),932,-233
7,0253(brokerage business),16761,-6099,7,0059(brokerage business),727,-218,7,0019(brokerage business),931,-78
8,0240(brokerage business),8745,185,8,0321(brokerage business),692,-280,8,0272(brokerage business),887,-59
9,0298(brokerage business),6994,-2486,9,0268(brokerage business),679,-69,9,0082(brokerage business),798,-37
10,0259(brokerage business),5952,-4035,10,0081(brokerage business),642,-489,10,0058(brokerage business),746,140
11,0272(brokerage business),5808,-3686,11,0153(brokerage business),640,58,11,0103(brokerage business),686,-240
12,0186(brokerage business),4753,-1266,12,0240(brokerage business),610,138,12,0418(brokerage business),657,-99
13,0268(brokerage business),4167,-1128,13,0001(brokerage business),562,-34,13,0151(brokerage business),653,291
14,0059(brokerage business),3622,675,14,0043(brokerage business),556,-122,14,0240(brokerage business),635,-111
15,0019(brokerage business),3201,-684,15,0058(brokerage business),527,6,15,0186(brokerage business),583,-77
16,0288(brokerage business),2946,-552,16,0272(brokerage business),487,-271,16,0298(brokerage business),563,17
17,0274(brokerage business),2896,194,17,0275(brokerage business),450,-8,17,0069(brokerage business),544,62
18,0034(brokerage business),2845,-1506,18,0034(brokerage business),449,-17,18,0029(brokerage business),494,-97
19,0308(brokerage business),2831,-1195,19,0323(brokerage business),437,-18,19,0177(brokerage business),456,-90
20,0069(brokerage business),2587,-1135,20,0096(brokerage business),423,153,20,0003(brokerage business),445,-19
Total,,253047,-57822,Total,,18580,-3833,Total,,20280,-2989
Ranking,Name of FF Member /OSBPs,Volume,Change from Previous Trading Day,Ranking,Name of FF Member /OSBPs,Long Position,Change from Previous Trading Day,Ranking,Name of FF Member /OSBPs,Short Position,Change from Previous Trading Day
Contract Code：br2611,,,,,,,,,,2026-09-14,
1,0004(brokerage business),33070,-6893,1,0148(brokerage business),10144,61,1,0004(brokerage business),18028,-794
2,0148(brokerage business),27683,-1565,2,0323(brokerage business),7946,-452,2,0323(brokerage business),8384,65
3,0163(brokerage business),21513,-1296,3,0268(brokerage business),7074,-73,3,0148(brokerage business),6751,-250
4,0081(brokerage business),16459,-5101,4,0004(brokerage business),5970,-2256,4,0268(brokerage business),6540,-255
5,0275(brokerage business),14198,-5389,5,0163(brokerage business),5147,-406,5,0272(brokerage business),4555,-357
6,0253(brokerage business),10729,-3699,6,0253(brokerage business),4720,-16,6,0123(brokerage business),3700,-225
7,0123(brokerage business),9196,-1453,7,0123(brokerage business),4703,99,7,0163(brokerage business),3598,-341
8,0240(brokerage business),8278,-98,8,0103(brokerage business),2984,-1700,8,0253(brokerage business),2949,-237
9,0103(brokerage business),5293,3964,9,0275(brokerage business),2572,-37,9,0103(brokerage business),2783,-1769
10,0268(brokerage business),4558,-1833,10,0272(brokerage business),2553,401,10,0029(brokerage business),2203,-119
11,0272(brokerage business),3962,-1138,11,0043(brokerage business),2218,-15,11,0096(brokerage business),2182,-134
12,0323(brokerage business),2917,1028,12,0335(brokerage business),2212,-521,12,0043(brokerage business),2055,-36
13,0059(brokerage business),2362,398,13,0096(brokerage business),2156,36,13,0275(brokerage business),2017,-89
14,0096(brokerage business),2158,-672,14,0048(brokerage business),1398,-753,14,0082(brokerage business),1981,16
15,0342(brokerage business),2140,-599,15,0007(brokerage business),1310,25,15,0048(brokerage business),1259,-89
16,0186(brokerage business),2026,-233,16,0240(brokerage business),854,-131,16,0081(brokerage business),1076,-118
17,0308(brokerage business),1937,-973,17,0151(brokerage business),748,188,17,0254(brokerage business),1051,-8
18,0034(brokerage business),1868,749,18,0042(brokerage business),730,141,18,0107(brokerage business),710,-2
19,0019(brokerage business),1629,838,19,0059(brokerage business),726,43,19,0151(brokerage business),648,24
20,0069(brokerage business),1628,-141,20,0034(brokerage business),687,-194,20,0059(brokerage business),585,-53
Total,,173604,-24106,Total,,66852,-5560,Total,,73055,-4771
Member/OSP Type,Total Volume,Change from Previous Trading Day,Member/OSP Type,Total Long Position,Change from Previous Trading Day,Member/OSP Type,Total Short Position,Change from Previous Trading Day,,,
Contract Code：ruall,,,,,,,2026-09-14,,,,
Name of FF Member/OSBP,898654,-23008,Name of FF Member/OSBP,185909,-9041,Name of FF Member/OSBP,185729,-9041,,,
Name of Non-FF Member/OSNBP,0,0,Name of Non-FF Member/OSNBP,50,0,Name of Non-FF Member/OSNBP,230,0,,,
Ranking,Name of FF Member /OSBPs,Volume,Change from Previous Trading Day,Ranking,Name of FF Member /OSBPs,Long Position,Change from Previous Trading Day,Ranking,Name of FF Member /OSBPs,Short Position,Change from Previous Trading Day
Contract Code：ru2609,,,,,,,,,,2026-09-14,
1,0082(brokerage business),19,9,1,0004(brokerage business),485,0,1,0151(brokerage business),1763,0
2,0311(brokerage business),12,12,2,0096(brokerage business),362,5,2,0240(brokerage business),309,0
3,0058(brokerage business),6,-3,3,0082(brokerage business),295,-17,3,0177(brokerage business),210,0
4,0096(brokerage business),5,-3,4,0177(brokerage business),266,0,4,0123(brokerage business),200,0
5,0043(brokerage business),4,-15,5,0148(brokerage business),259,0,5,0004(brokerage business),180,0
6,0139(brokerage business),3,3,6,0163(brokerage business),250,0,6,0148(brokerage business),100,0
7,0019(brokerage business),2,-36,7,0058(brokerage business),235,6,7,0125(brokerage business),45,0
8,0272(brokerage business),1,-11,8,0103(brokerage business),155,0,8,0139(brokerage business),24,-3
9,,,,9,0125(brokerage business),123,0,9,0321(brokerage business),7,0
10,,,,10,0385(brokerage business),66,0,10,,,
11,,,,11,0059(brokerage business),50,0,11,,,
12,,,,12,0121(brokerage business),50,0,12,,,
13,,,,13,0272(brokerage business),50,0,13,,,
14,,,,14,0276(brokerage business),50,0,14,,,
15,,,,15,0254(brokerage business),34,0,15,,,
16,,,,16,0275(brokerage business),30,0,16,,,
17,,,,17,0048(brokerage business),15,0,17,,,
18,,,,18,0123(brokerage business),10,0,18,,,
19,,,,19,0043(brokerage business),3,0,19,,,
Total,,52,-44,Total,,2788,-6,Total,,2838,-3
Ranking,Name of FF Member /OSBPs,Volume,Change from Previous Trading Day,Ranking,Name of FF Member /OSBPs,Long Position,Change from Previous Trading Day,Ranking,Name of FF Member /OSBPs,Short Position,Change from Previous Trading Day
Contract Code：ru2611,,,,,,,,,,2026-09-14,
1,0253(brokerage business),1509,166,1,0004(brokerage business),634,27,1,0240(brokerage business),873,-26
2,0163(brokerage business),1026,139,2,0151(brokerage business),523,29,2,0004(brokerage business),666,-17
3,0004(brokerage business),866,90,3,0058(brokerage business),462,0,3,0151(brokerage business),475,-116
4,0148(brokerage business),848,246,4,0123(brokerage business),371,1,4,0163(brokerage business),345,5
5,0161(brokerage business),793,130,5,0177(brokerage business),353,-50,5,0349(brokerage business),326,0
6,0081(brokerage business),584,75,6,0163(brokerage business),327,21,6,0077(brokerage business),295,-1
7,0308(brokerage business),481,106,7,0148(brokerage business),325,-40,7,0103(brokerage business),287,245
8,0272(brokerage business),457,-242,8,0096(brokerage business),174,4,8,0148(brokerage business),283,-10
9,0137(brokerage business),364,62,9,0272(brokerage business),168,12,9,0253(brokerage business),220,9
10,0151(brokerage business),333,196,10,0240(brokerage business),159,-24,10,0081(brokerage business),197,-1
11,0312(brokerage business),306,80,11,0082(brokerage business),155,10,11,0069(brokerage business),105,15
12,0103(brokerage business),305,250,12,0253(brokerage business),151,4,12,0123(brokerage business),101,-3
13,0240(brokerage business),204,111,13,0009(brokerage business),110,26,13,0335(brokerage business),96,-2
14,0082(brokerage business),199,12,14,0081(brokerage business),106,61,14,0047(brokerage business),90,0
15,0034(brokerage business),154,4,15,0312(brokerage business),103,4,15,0268(brokerage business),80,-2
16,0275(brokerage business),135,23,16,0103(brokerage business),83,-2,16,0096(brokerage business),79,-7
17,0018(brokerage business),124,-11,17,0137(brokerage business),77,16,17,0082(brokerage business),74,-3
18,0268(brokerage business),109,-4,18,0042(brokerage business),74,2,18,0059(brokerage business),67,8
19,0069(brokerage business),102,-20,19,0323(brokerage business),52,-35,19,0177(brokerage business),63,-1
20,0105(brokerage business),90,-30,20,0029(brokerage business),51,-3,20,0272(brokerage business),62,-13
Total,,8989,1383,Total,,4458,63,Total,,4784,80
Ranking,Name of FF Member /OSBPs,Volume,Change from Previous Trading Day,Ranking,Name of FF Member /OSBPs,Long Position,Change from Previous Trading Day,Ranking,Name of FF Member /OSBPs,Short Position,Change from Previous Trading Day
Contract Code：ru2701,,,,,,,,,,2026-09-14,
1,0004(brokerage business),130794,5433,1,0004(brokerage business),11461,176,1,0004(brokerage business),18092,-564
2,0163(brokerage business),101293,-12519,2,0148(brokerage business),9493,-1535,2,0123(brokerage business),10187,-359
3,0148(brokerage business),85510,-16605,3,0163(brokerage business),8770,440,3,0148(brokerage business),9146,-595
4,0275(brokerage business),60510,1223,4,0272(brokerage business),8084,225,4,0272(brokerage business),5885,-191
5,0253(brokerage business),47484,-3568,5,0103(brokerage business),6457,-338,5,0163(brokerage business),5484,401
6,0272(brokerage business),38382,4298,6,0253(brokerage business),5568,340,6,0103(brokerage business),4747,650
7,0123(brokerage business),33709,1101,7,0240(brokerage business),3728,25,7,0372(brokerage business),4361,-253
8,0259(brokerage business),23561,14116,8,0082(brokerage business),3456,-69,8,0151(brokerage business),4232,-42
9,0081(brokerage business),22754,2999,9,0275(brokerage business),2764,671,9,0275(brokerage business),4041,-393
10,0240(brokerage business),20503,-2805,10,0077(brokerage business),2694,-582,10,0253(brokerage business),3771,-246
11,0096(brokerage business),11835,-889,11,0268(brokerage business),2633,-113,11,0240(brokerage business),3701,-180
12,0034(brokerage business),11647,3137,12,0323(brokerage business),2600,-699,12,0096(brokerage business),3663,-236
13,0069(brokerage business),8792,382,13,0018(brokerage business),2567,-77,13,0082(brokerage business),3306,-69
14,0323(brokerage business),7979,-243,14,0096(brokerage business),2548,367,14,0125(brokerage business),3204,-221
15,0059(brokerage business),6678,-392,15,0125(brokerage business),2328,-188,15,0077(brokerage business),3151,-277
16,0186(brokerage business),6396,-2253,16,0034(brokerage business),2166,-31,16,0177(brokerage business),2891,-64
17,0268(brokerage business),6304,182,17,0277(brokerage business),2093,107,17,0058(brokerage business),2829,-303
18,0103(brokerage business),5926,-1054,18,0081(brokerage business),2040,-320,18,0059(brokerage business),2730,-97
19,0009(brokerage business),5836,-2119,19,0288(brokerage business),1983,-79,19,0069(brokerage business),2324,-190
20,0018(brokerage business),5674,458,20,0059(brokerage business),1958,-5,20,0019(brokerage business),2063,-142
Total,,641567,-9118,Total,,85391,-1685,Total,,99808,-3371
Ranking,Name of FF Member /OSBPs,Volume,Change from Previous Trading Day,Ranking,Name of FF Member /OSBPs,Long Position,Change from Previous Trading Day,Ranking,Name of FF Member /OSBPs,Short Position,Change from Previous Trading Day
Contract Code：ru2705,,,,,,,,,,2026-09-14,
1,0163(brokerage business),12794,-1357,1,0004(brokerage business),2180,-34,1,0082(brokerage business),11199,-2
2,0253(brokerage business),10716,1100,2,0148(brokerage business),2031,-265,2,0272(brokerage business),2443,199
3,0148(brokerage business),10582,-985,3,0253(brokerage business),1713,956,3,0004(brokerage business),2111,293
4,0004(brokerage business),7641,-958,4,0277(brokerage business),1694,-61,4,0372(brokerage business),1371,0
5,0123(brokerage business),5488,4271,5,0272(brokerage business),1541,45,5,0275(brokerage business),1241,7
6,0275(brokerage business),4083,-3355,6,0103(brokerage business),1524,-32,6,0148(brokerage business),1206,313
7,0081(brokerage business),2931,-625,7,0163(brokerage business),1349,-319,7,0125(brokerage business),888,-215
8,0009(brokerage business),1571,-924,8,0295(brokerage business),1295,1,8,0137(brokerage business),741,-2
9,0240(brokerage business),1430,-233,9,0240(brokerage business),1126,0,9,0103(brokerage business),711,-46
10,0059(brokerage business),1161,-246,10,0069(brokerage business),716,21,10,0123(brokerage business),618,53
11,0272(brokerage business),808,-487,11,0019(brokerage business),580,-34,11,0096(brokerage business),531,1
12,0308(brokerage business),758,-261,12,0274(brokerage business),521,-116,12,0139(brokerage business),526,0
13,0103(brokerage business),732,-87,13,0139(brokerage business),511,-11,13,0019(brokerage business),423,29
14,0069(brokerage business),637,39,14,0007(brokerage business),510,13,14,0058(brokerage business),407,-5
15,0043(brokerage business),465,-350,15,0077(brokerage business),454,25,15,0151(brokerage business),406,51
16,0186(brokerage business),461,-14,16,0323(brokerage business),403,-63,16,0121(brokerage business),383,-1
17,0338(brokerage business),422,-296,17,0275(brokerage business),391,38,17,0077(brokerage business),272,52
18,0007(brokerage business),414,-197,18,0018(brokerage business),385,3,18,0136(brokerage business),234,-3
19,0389(brokerage business),379,-169,19,0096(brokerage business),372,27,19,0163(brokerage business),208,-47
20,0342(brokerage business),374,-4,20,0034(brokerage business),368,19,20,0240(brokerage business),182,-28
Total,,63847,-5138,Total,,19664,213,Total,,26101,649
Ranking,Name of FF Member /OSBPs,Volume,Change from Previous Trading Day,Ranking,Name of FF Member /OSBPs,Long Position,Change from Previous Trading Day,Ranking,Name of FF Member /OSBPs,Short Position,Change from Previous Trading Day
Contract Code：nr2609,,,,,,,,,,2026-09-14,
1,8096(brokerage business),60,40,1,8253(brokerage business),140,0,1,8096(brokerage business),60,-20
2,8077(brokerage business),20,20,2,8148(brokerage business),80,0,2,8240(brokerage business),60,0
3,,,,3,8096(brokerage business),40,0,3,8253(brokerage business),60,0
4,,,,4,8103(brokerage business),20,0,4,8004(brokerage business),40,0
5,,,,5,8004(brokerage business),10,0,5,8148(brokerage business),40,0
6,,,,6,,,,6,8321(brokerage business),20,0
7,,,,7,,,,7,8323(brokerage business),10,0
Total,,80,60,Total,,290,0,Total,,290,-20
Ranking,Name of FF Member /OSBPs,Volume,Change from Previous Trading Day,Ranking,Name of FF Member /OSBPs,Long Position,Change from Previous Trading Day,Ranking,Name of FF Member /OSBPs,Short Position,Change from Previous Trading Day
Contract Code：nr2610,,,,,,,,,,2026-09-14,
1,8163(brokerage business),2492,-911,1,8004(brokerage business),3440,-153,1,8004(brokerage business),2600,-143
2,8004(brokerage business),2320,-146,2,8148(brokerage business),1966,-263,2,8148(brokerage business),2102,-221
3,8275(brokerage business),1757,139,3,8096(brokerage business),1469,-126,3,8272(brokerage business),1617,81
4,8253(brokerage business),927,-136,4,8253(brokerage business),907,12,4,8177(brokerage business),1300,-70
5,8148(brokerage business),780,158,5,8058(brokerage business),838,-33,5,8163(brokerage business),1073,-8
6,8123(brokerage business),434,-141,6,8077(brokerage business),722,-3,6,8103(brokerage business),1024,-79
7,8272(brokerage business),409,136,7,8059(brokerage business),611,1,7,8240(brokerage business),666,-26
8,8125(brokerage business),223,223,8,8389(brokerage business),510,20,8,8019(brokerage business),646,-23
9,8268(brokerage business),215,-24,9,8001(brokerage business),419,-1,9,8139(brokerage business),617,0
10,8271(brokerage business),162,13,10,8272(brokerage business),376,-56,10,8349(brokerage business),600,0
11,8058(brokerage business),156,54,11,8003(brokerage business),353,0,11,8123(brokerage business),441,-7
12,8240(brokerage business),142,-128,12,8161(brokerage business),345,16,12,8253(brokerage business),438,-1
13,8096(brokerage business),136,-150,13,8095(brokerage business),341,-2,13,8305(brokerage business),400,0
14,8019(brokerage business),131,108,14,8151(brokerage business),337,-8,14,8077(brokerage business),375,0
15,8308(brokerage business),131,-278,15,8153(brokerage business),332,1,15,8275(brokerage business),336,-519
16,8103(brokerage business),129,-72,16,8171(brokerage business),332,0,16,8058(brokerage business),291,-19
17,8069(brokerage business),117,-16,17,8103(brokerage business),294,-12,17,8069(brokerage business),167,16
18,8177(brokerage business),116,91,18,8123(brokerage business),272,15,18,8389(brokerage business),150,0
19,8274(brokerage business),99,-25,19,8312(brokerage business),252,-4,19,8254(brokerage business),127,0
20,8299(brokerage business),93,80,20,8274(brokerage business),200,-1,20,8308(brokerage business),117,7
Total,,10969,-1025,Total,,14316,-597,Total,,15087,-1012
Ranking,Name of FF Member /OSBPs,Volume,Change from Previous Trading Day,Ranking,Name of FF Member /OSBPs,Long Position,Change from Previous Trading Day,Ranking,Name of FF Member /OSBPs,Short Position,Change from Previous Trading Day
Contract Code：nr2611,,,,,,,,,,2026-09-14,
1,8163(brokerage business),38591,-6614,1,8148(brokerage business),6412,-296,1,8004(brokerage business),9890,-356
2,8004(brokerage business),16963,-5954,2,8239(brokerage business),5983,-2,2,8148(brokerage business),6490,25
3,8253(brokerage business),16918,-4755,3,8163(brokerage business),5423,503,3,8096(brokerage business),3952,-102
4,8148(brokerage business),15749,-2898,4,8184(brokerage business),5409,102,4,8272(brokerage business),3943,-119
5,8275(brokerage business),9487,-4940,5,8004(brokerage business),5313,-97,5,8163(brokerage business),3811,-410
6,8081(brokerage business),8531,3379,6,8103(brokerage business),4486,-1398,6,8253(brokerage business),3583,-112
7,8123(brokerage business),6427,-297,7,8084(brokerage business),3540,390,7,8240(brokerage business),3134,-12
8,8272(brokerage business),3252,-899,8,8272(brokerage business),2354,59,8,8123(brokerage business),3049,-345
9,8323(brokerage business),3239,543,9,8335(brokerage business),1976,-367,9,8082(brokerage business),2573,0
10,8103(brokerage business),3179,176,10,8277(brokerage business),1948,94,10,8103(brokerage business),2374,-81
11,8096(brokerage business),3176,439,11,8253(brokerage business),1839,-224,11,8058(brokerage business),2081,-33
12,8298(brokerage business),2351,-369,12,8240(brokerage business),1720,-257,12,8125(brokerage business),1899,-574
13,8274(brokerage business),2133,221,13,8268(brokerage business),1522,9,13,8275(brokerage business),1821,-341
14,8186(brokerage business),2033,-400,14,8274(brokerage business),1514,-601,14,8077(brokerage business),1607,-75
15,8043(brokerage business),2007,-583,15,8007(brokerage business),1153,6,15,8059(brokerage business),1597,-6
16,8240(brokerage business),1847,-481,16,8349(brokerage business),1018,-541,16,8009(brokerage business),1419,-576
17,8308(brokerage business),1751,-968,17,8288(brokerage business),977,-189,17,8069(brokerage business),1276,-145
18,8059(brokerage business),1696,604,18,8177(brokerage business),975,-139,18,8177(brokerage business),1271,-186
19,8259(brokerage business),1562,-48,19,8077(brokerage business),954,-33,19,8308(brokerage business),1176,-34
20,8019(brokerage business),1474,284,20,8139(brokerage business),952,-18,20,8153(brokerage business),1065,208
Total,,142366,-23560,Total,,55468,-2999,Total,,58011,-3274
Ranking,Name of FF Member /OSBPs,Volume,Change from Previous Trading Day,Ranking,Name of FF Member /OSBPs,Long Position,Change from Previous Trading Day,Ranking,Name of FF Member /OSBPs,Short Position,Change from Previous Trading Day
Contract Code：nr2612,,,,,,,,,,2026-09-14,
1,8163(brokerage business),17287,2163,1,8004(brokerage business),6172,-60,1,8004(brokerage business),8946,462
2,8253(brokerage business),10482,-2,2,8148(brokerage business),5100,404,2,8253(brokerage business),3167,74
3,8148(brokerage business),8269,146,3,8103(brokerage business),2778,12,3,8148(brokerage business),2868,-409
4,8004(brokerage business),8012,-3027,4,8163(brokerage business),2768,62,4,8163(brokerage business),2656,121
5,8275(brokerage business),6102,376,5,8323(brokerage business),2280,-308,5,8372(brokerage business),2601,-300
6,8081(brokerage business),5379,224,6,8268(brokerage business),2235,-47,6,8268(brokerage business),2325,-160
7,8123(brokerage business),5058,2124,7,8082(brokerage business),2138,-11,7,8240(brokerage business),2211,-7
8,8096(brokerage business),2097,-540,8,8034(brokerage business),2056,-56,8,8082(brokerage business),2178,-10
9,8103(brokerage business),1351,315,9,8253(brokerage business),1790,-22,9,8123(brokerage business),2113,4
10,8268(brokerage business),1073,-469,10,8274(brokerage business),1694,-92,10,8323(brokerage business),2088,1
11,8069(brokerage business),904,25,11,8161(brokerage business),1655,-11,11,8103(brokerage business),1864,-285
12,8077(brokerage business),842,421,12,8295(brokerage business),1604,12,12,8034(brokerage business),1857,-45
13,8323(brokerage business),789,247,13,8372(brokerage business),1359,12,13,8058(brokerage business),1631,-134
14,8274(brokerage business),744,-216,14,8277(brokerage business),1208,-25,14,8272(brokerage business),1515,-12
15,8240(brokerage business),737,-18,15,8139(brokerage business),1183,8,15,8161(brokerage business),1506,-17
16,8059(brokerage business),709,267,16,8009(brokerage business),1173,-539,16,8275(brokerage business),1328,-116
17,8308(brokerage business),691,-154,17,8308(brokerage business),799,60,17,8277(brokerage business),1202,0
18,8009(brokerage business),624,194,18,8069(brokerage business),665,-39,18,8177(brokerage business),908,-4
19,8342(brokerage business),493,-85,19,8259(brokerage business),650,56,19,8096(brokerage business),727,-339
20,8007(brokerage business),477,47,20,8123(brokerage business),602,-180,20,8019(brokerage business),435,25
Total,,72120,2038,Total,,39909,-764,Total,,44126,-1151
Ranking,Name of FF Member /OSBPs,Volume,Change from Previous Trading Day,Ranking,Name of FF Member /OSBPs,Long Position,Change from Previous Trading Day,Ranking,Name of FF Member /OSBPs,Short Position,Change from Previous Trading Day
Contract Code：nr2701,,,,,,,,,,2026-09-14,
1,8163(brokerage business),7412,198,1,8004(brokerage business),3567,-207,1,8004(brokerage business),7882,1420
2,8004(brokerage business),7035,1109,2,8148(brokerage business),2863,-81,2,8148(brokerage business),3376,-388
3,8253(brokerage business),5844,577,3,8103(brokerage business),1655,-95,3,8272(brokerage business),1932,-87
4,8148(brokerage business),3721,1282,4,8139(brokerage business),1632,-27,4,8275(brokerage business),1499,-240
5,8009(brokerage business),2245,-666,5,8274(brokerage business),1593,449,5,8123(brokerage business),1335,-365
6,8275(brokerage business),1712,-871,6,8272(brokerage business),1591,109,6,8254(brokerage business),1292,-111
7,8059(brokerage business),1370,558,7,8295(brokerage business),1472,-5,7,8163(brokerage business),1271,-14
8,8123(brokerage business),1259,-147,8,8163(brokerage business),1321,64,8,8372(brokerage business),1116,99
9,8308(brokerage business),1048,-118,9,8253(brokerage business),1253,36,9,8253(brokerage business),1046,78
10,8271(brokerage business),938,490,10,8335(brokerage business),1192,4,10,8059(brokerage business),974,-17
11,8274(brokerage business),865,414,11,8323(brokerage business),1096,-275,11,8321(brokerage business),872,-7
12,8240(brokerage business),817,238,12,8077(brokerage business),839,108,12,8058(brokerage business),854,-110
13,8007(brokerage business),771,188,13,8059(brokerage business),817,-19,13,8081(brokerage business),815,-120
14,8323(brokerage business),755,57,14,8121(brokerage business),793,16,14,8385(brokerage business),774,0
15,8349(brokerage business),726,287,15,8137(brokerage business),758,27,15,8082(brokerage business),757,-39
16,8069(brokerage business),651,-420,16,8288(brokerage business),747,33,16,8103(brokerage business),741,-48
17,8272(brokerage business),464,-1219,17,8239(brokerage business),728,212,17,8019(brokerage business),736,-80
18,8077(brokerage business),423,175,18,8240(brokerage business),698,88,18,8034(brokerage business),688,-27
19,8067(brokerage business),410,345,19,8107(brokerage business),608,13,19,8349(brokerage business),596,-721
20,8299(brokerage business),386,242,20,8123(brokerage business),533,16,20,8240(brokerage business),588,89
Total,,38852,2719,Total,,25756,466,Total,,29144,-688
Member/OSP Type,Total Volume,Change from Previous Trading Day,Member/OSP Type,Total Long Position,Change from Previous Trading Day,Member/OSP Type,Total Short Position,Change from Previous Trading Day,,,
Contract Code：spall,,,,,,,2026-09-14,,,,
Name of FF Member/OSBP,873332,37544,Name of FF Member/OSBP,407482,5689,Name of FF Member/OSBP,407482,5689,,,
Name of Non-FF Member/OSNBP,0,0,Name of Non-FF Member/OSNBP,0,0,Name of Non-FF Member/OSNBP,0,0,,,
Ranking,Name of FF Member /OSBPs,Volume,Change from Previous Trading Day,Ranking,Name of FF Member /OSBPs,Long Position,Change from Previous Trading Day,Ranking,Name of FF Member /OSBPs,Short Position,Change from Previous Trading Day
Contract Code：sp2609,,,,,,,,,,2026-09-14,
1,0004(brokerage business),128,116,1,0004(brokerage business),2356,0,1,0059(brokerage business),1470,0
2,0148(brokerage business),122,-28,2,0081(brokerage business),1152,0,2,0125(brokerage business),1322,0
3,0003(brokerage business),48,-96,3,0103(brokerage business),1002,0,3,0004(brokerage business),1116,-88
4,0082(brokerage business),22,22,4,0082(brokerage business),774,-22,4,0177(brokerage business),538,-20
5,0177(brokerage business),20,20,5,0148(brokerage business),558,-74,5,0163(brokerage business),452,0
6,0268(brokerage business),12,12,6,0123(brokerage business),360,0,6,0148(brokerage business),422,-48
7,,,,7,0029(brokerage business),304,0,7,0299(brokerage business),400,0
8,,,,8,0003(brokerage business),300,0,8,0081(brokerage business),322,0
9,,,,9,0159(brokerage business),300,0,9,0327(brokerage business),300,0
10,,,,10,0169(brokerage business),300,0,10,0019(brokerage business),288,0
11,,,,11,0009(brokerage business),216,0,11,0082(brokerage business),250,0
12,,,,12,0034(brokerage business),200,0,12,0138(brokerage business),238,0
13,,,,13,0349(brokerage business),200,0,13,0268(brokerage business),232,2
14,,,,14,0019(brokerage business),142,0,14,0159(brokerage business),218,0
15,,,,15,0139(brokerage business),120,0,15,0096(brokerage business),200,0
16,,,,16,0177(brokerage business),120,0,16,0418(brokerage business),200,0
17,,,,17,0272(brokerage business),100,0,17,0003(brokerage business),192,48
18,,,,18,0385(brokerage business),84,0,18,0272(brokerage business),178,0
19,,,,19,0138(brokerage business),80,0,19,0321(brokerage business),170,0
20,,,,20,0259(brokerage business),4,0,20,0153(brokerage business),100,0
Total,,352,46,Total,,8672,-96,Total,,8608,-106
Ranking,Name of FF Member /OSBPs,Volume,Change from Previous Trading Day,Ranking,Name of FF Member /OSBPs,Long Position,Change from Previous Trading Day,Ranking,Name of FF Member /OSBPs,Short Position,Change from Previous Trading Day
Contract Code：sp2611,,,,,,,,,,2026-09-14,
1,0004(brokerage business),157168,397,1,0004(brokerage business),22423,391,1,0004(brokerage business),24405,-27
2,0163(brokerage business),96558,-5311,2,0148(brokerage business),17717,1511,2,0148(brokerage business),20688,-324
3,0148(brokerage business),65573,3527,3,0272(brokerage business),12577,356,3,0163(brokerage business),19202,-1315
4,0253(brokerage business),40073,6283,4,0268(brokerage business),8003,-54,4,0239(brokerage business),11721,166
5,0275(brokerage business),38778,10397,5,0163(brokerage business),6964,-341,5,0272(brokerage business),10236,-76
6,0272(brokerage business),30036,2668,6,0103(brokerage business),6588,1367,6,0103(brokerage business),7925,979
7,0259(brokerage business),26939,3766,7,0096(brokerage business),6010,1140,7,0253(brokerage business),7418,-607
8,0240(brokerage business),21539,1672,8,0240(brokerage business),5777,62,8,0335(brokerage business),7112,109
9,0081(brokerage business),19121,-2489,9,0253(brokerage business),5719,870,9,0177(brokerage business),5721,-4
10,0123(brokerage business),18096,4617,10,0275(brokerage business),4161,37,10,0123(brokerage business),5323,-54
11,0103(brokerage business),13128,1392,11,0081(brokerage business),3951,-712,11,0081(brokerage business),5304,203
12,0096(brokerage business),9352,1510,12,0034(brokerage business),3586,59,12,0059(brokerage business),4652,-573
13,0186(brokerage business),7078,-256,13,0298(brokerage business),3472,39,13,0058(brokerage business),3530,-33
14,0268(brokerage business),6948,-708,14,0077(brokerage business),3324,-941,14,0043(brokerage business),3395,106
15,0059(brokerage business),6674,-500,15,0043(brokerage business),3290,-90,15,0125(brokerage business),3109,-483
16,0308(brokerage business),5778,-708,16,0169(brokerage business),3058,-52,16,0308(brokerage business),3050,-255
17,0298(brokerage business),5573,-88,17,0238(brokerage business),3049,213,17,0084(brokerage business),3016,4
18,0034(brokerage business),5434,-470,18,0069(brokerage business),3010,-22,18,0034(brokerage business),2908,-1
19,0069(brokerage business),4603,-97,19,0058(brokerage business),2991,-14,19,0321(brokerage business),2797,98
20,0077(brokerage business),3533,1380,20,0042(brokerage business),2960,41,20,0082(brokerage business),2784,51
Total,,581982,26982,Total,,128630,3860,Total,,154296,-2036
Ranking,Name of FF Member /OSBPs,Volume,Change from Previous Trading Day,Ranking,Name of FF Member /OSBPs,Long Position,Change from Previous Trading Day,Ranking,Name of FF Member /OSBPs,Short Position,Change from Previous Trading Day
Contract Code：sp2701,,,,,,,,,,2026-09-14,
1,0148(brokerage business),29288,-503,1,0123(brokerage business),10442,378,1,0004(brokerage business),17072,552
2,0123(brokerage business),17950,9285,2,0004(brokerage business),9065,-374,2,0148(brokerage business),15975,-131
3,0004(brokerage business),16926,1199,3,0163(brokerage business),8489,289,3,0418(brokerage business),5298,9
4,0163(brokerage business),16275,-431,4,0272(brokerage business),7236,321,4,0169(brokerage business),4926,2
5,0253(brokerage business),10710,1598,5,0177(brokerage business),5603,4,5,0163(brokerage business),4553,-556
6,0275(brokerage business),6079,242,6,0042(brokerage business),5095,57,6,0081(brokerage business),4511,283
7,0240(brokerage business),2934,-292,7,0103(brokerage business),4637,1220,7,0009(brokerage business),4485,-8
8,0103(brokerage business),2041,1381,8,0043(brokerage business),4287,-113,8,0103(brokerage business),4255,101
9,0081(brokerage business),1866,25,9,0148(brokerage business),4234,465,9,0253(brokerage business),4156,17
10,0059(brokerage business),1793,527,10,0077(brokerage business),2949,-29,10,0177(brokerage business),4108,-3
11,0069(brokerage business),1770,966,11,0034(brokerage business),2933,294,11,0272(brokerage business),3840,202
12,0272(brokerage business),1769,-312,12,0018(brokerage business),2815,40,12,0335(brokerage business),3812,124
13,0096(brokerage business),1518,1024,13,0253(brokerage business),2427,5,13,0125(brokerage business),3746,-73
14,0077(brokerage business),1467,265,14,0275(brokerage business),2408,-50,14,0029(brokerage business),3716,231
15,0259(brokerage business),1377,-453,15,0288(brokerage business),2056,8,15,0096(brokerage business),3426,945
16,0034(brokerage business),1350,-477,16,0096(brokerage business),1890,63,16,0003(brokerage business),2780,-5
17,0274(brokerage business),1275,-51,17,0186(brokerage business),1831,-187,17,0077(brokerage business),2653,380
18,0312(brokerage business),1110,68,18,0136(brokerage business),1750,-18,18,0139(brokerage business),2503,-106
19,0186(brokerage business),1057,-353,19,0262(brokerage business),1728,-7,19,0059(brokerage business),2440,-870
20,0268(brokerage business),922,192,20,0069(brokerage business),1672,11,20,0274(brokerage business),2189,580
Total,,119477,13900,Total,,83547,2377,Total,,100444,1674
Member/OSP Type,Total Volume,Change from Previous Trading Day,Member/OSP Type,Total Long Position,Change from Previous Trading Day,Member/OSP Type,Total Short Position,Change from Previous Trading Day,,,
Contract Code：opall,,,,,,,2026-09-14,,,,
Name of FF Member/OSBP,31730,-7680,Name of FF Member/OSBP,26508,37,Name of FF Member/OSBP,26508,37,,,
Name of Non-FF Member/OSNBP,0,0,Name of Non-FF Member/OSNBP,0,0,Name of Non-FF Member/OSNBP,0,0,,,
Ranking,Name of FF Member /OSBPs,Volume,Change from Previous Trading Day,Ranking,Name of FF Member /OSBPs,Long Position,Change from Previous Trading Day,Ranking,Name of FF Member /OSBPs,Short Position,Change from Previous Trading Day
Contract Code：op2609,,,,,,,,,,2026-09-14,
1,,,,1,0004(brokerage business),30,0,1,0321(brokerage business),28,0
2,,,,2,,,,2,0082(brokerage business),2,0
Total,,,,Total,,30,0,Total,,30,0
Ranking,Name of FF Member /OSBPs,Volume,Change from Previous Trading Day,Ranking,Name of FF Member /OSBPs,Long Position,Change from Previous Trading Day,Ranking,Name of FF Member /OSBPs,Short Position,Change from Previous Trading Day
Contract Code：op2610,,,,,,,,,,2026-09-14,
1,0268(brokerage business),919,-219,1,0268(brokerage business),957,-14,1,0268(brokerage business),905,-5
2,0257(brokerage business),841,338,2,0082(brokerage business),546,-21,2,0004(brokerage business),779,-19
3,0275(brokerage business),429,-41,3,0148(brokerage business),523,12,3,0148(brokerage business),513,9
4,0163(brokerage business),424,-136,4,0004(brokerage business),504,-1,4,0008(brokerage business),494,0
5,0123(brokerage business),302,-638,5,0008(brokerage business),494,-1,5,0257(brokerage business),492,-6
6,0004(brokerage business),276,-167,6,0257(brokerage business),494,-1,6,0123(brokerage business),486,0
7,0148(brokerage business),233,-288,7,0123(brokerage business),486,0,7,0082(brokerage business),484,-6
8,0082(brokerage business),27,-15,8,0275(brokerage business),467,-15,8,0275(brokerage business),456,0
9,0008(brokerage business),23,-26,9,0013(brokerage business),157,0,9,0018(brokerage business),49,0
10,0103(brokerage business),13,4,10,0137(brokerage business),35,0,10,0163(brokerage business),40,-13
11,0059(brokerage business),10,-22,11,0069(brokerage business),31,1,11,0319(brokerage business),38,0
12,0069(brokerage business),7,-8,12,0067(brokerage business),30,0,12,0125(brokerage business),30,-2
13,0058(brokerage business),6,-9,13,0048(brokerage business),22,0,13,0137(brokerage business),20,-1
14,0086(brokerage business),6,2,14,0059(brokerage business),22,2,14,0389(brokerage business),20,0
15,0288(brokerage business),5,5,15,0182(brokerage business),19,0,15,0103(brokerage business),19,-3
16,0089(brokerage business),4,3,16,0163(brokerage business),13,-3,16,0136(brokerage business),15,0
17,0299(brokerage business),4,-4,17,0240(brokerage business),11,0,17,0001(brokerage business),8,0
18,0298(brokerage business),3,2,18,0311(brokerage business),10,0,18,0151(brokerage business),7,0
19,0049(brokerage business),2,-2,19,0139(brokerage business),9,0,19,0272(brokerage business),5,0
20,0125(brokerage business),2,2,20,0323(brokerage business),9,0,20,0277(brokerage business),5,0
Total,,3536,-1219,Total,,4839,-41,Total,,4865,-46
Ranking,Name of FF Member /OSBPs,Volume,Change from Previous Trading Day,Ranking,Name of FF Member /OSBPs,Long Position,Change from Previous Trading Day,Ranking,Name of FF Member /OSBPs,Short Position,Change from Previous Trading Day
Contract Code：op2611,,,,,,,,,,2026-09-14,
1,0163(brokerage business),4355,-1102,1,0268(brokerage business),3778,-14,1,0268(brokerage business),3775,-7
2,0268(brokerage business),3613,-90,2,0004(brokerage business),3040,-89,2,0123(brokerage business),2871,1
3,0004(brokerage business),3348,-117,3,0148(brokerage business),2785,6,3,0004(brokerage business),2684,81
4,0123(brokerage business),2181,46,4,0123(brokerage business),2431,14,4,0148(brokerage business),2575,34
5,0257(brokerage business),1945,-293,5,0008(brokerage business),2006,1,5,0008(brokerage business),2009,10
6,0008(brokerage business),1905,67,6,0082(brokerage business),1621,44,6,0082(brokerage business),1514,-30
7,0148(brokerage business),1840,-1116,7,0275(brokerage business),1454,0,7,0275(brokerage business),1411,-5
8,0275(brokerage business),1481,357,8,0257(brokerage business),1303,-6,8,0257(brokerage business),1301,-1
9,0081(brokerage business),715,-408,9,0321(brokerage business),288,125,9,0163(brokerage business),601,-17
10,0019(brokerage business),198,-82,10,0313(brokerage business),167,160,10,0103(brokerage business),496,-1
11,0313(brokerage business),160,113,11,0163(brokerage business),150,-92,11,0253(brokerage business),349,47
12,0253(brokerage business),152,77,12,0059(brokerage business),107,23,12,0001(brokerage business),160,-5
13,0238(brokerage business),137,85,13,0272(brokerage business),96,-26,13,0137(brokerage business),113,-5
14,0321(brokerage business),127,-38,14,0048(brokerage business),88,56,14,0019(brokerage business),112,2
15,0309(brokerage business),109,8,15,0034(brokerage business),83,0,15,0274(brokerage business),110,88
16,0274(brokerage business),104,71,16,0029(brokerage business),80,40,16,0030(brokerage business),82,0
17,0048(brokerage business),96,-59,17,0298(brokerage business),72,13,17,0042(brokerage business),80,3
18,0086(brokerage business),87,-1,18,0103(brokerage business),71,1,18,0048(brokerage business),70,-2
19,0186(brokerage business),85,-141,19,0186(brokerage business),71,-28,19,0086(brokerage business),47,-57
20,0082(brokerage business),80,-13,20,0319(brokerage business),69,-5,20,0153(brokerage business),38,-6
Total,,22718,-2636,Total,,19760,223,Total,,20398,130
