"SHFE Member/OSP Volume, Open Interest Rankings",,,,,,,,,,,
,,,,,,,,,,,
Date: 2026-09-10,,,,,,,,,,,
"Note: FF Member/OSBP may not engage in trading of its own futures, the above volume and positions ranking data of FF Member/OSBP Clearing Members refers to he participation of all clients who are engaging in brokerage business during the statistical period. FF Member/OSBP engaging in brokerage business shall accept entrustment by its clients to conduct futures trading in its own name on behalf of the client.",,,,,,,,,,,
Member/OSP Type,Total Volume,Change from Previous Trading Day,Member/OSP Type,Total Long Position,Change from Previous Trading Day,Member/OSP Type,Total Short Position,Change from Previous Trading Day,,,
Contract Code：cuall,,,,,,,2026-09-10,,,,
Name of FF Member/OSBP,394752,756,Name of FF Member/OSBP,596917,8770,Name of FF Member/OSBP,583627,7970,,,
Name of Non-FF Member/OSNBP,3908,684,Name of Non-FF Member/OSNBP,3686,181,Name of Non-FF Member/OSNBP,16976,981,,,
Ranking,Name of FF Member /OSBPs,Volume,Change from Previous Trading Day,Ranking,Name of FF Member /OSBPs,Long Position,Change from Previous Trading Day,Ranking,Name of FF Member /OSBPs,Short Position,Change from Previous Trading Day
Contract Code：cu2609,,,,,,,,,,2026-09-10,
1,0049(brokerage business),3575,-65,1,0004(brokerage business),4195,-315,1,0049(brokerage business),2445,-1455
2,0163(brokerage business),3055,560,2,0148(brokerage business),3315,-560,2,0315(brokerage business),2280,-380
3,0272(brokerage business),2455,-150,3,0049(brokerage business),3200,-880,3,0025(brokerage business),1910,-130
4,0139(brokerage business),1915,295,4,0139(brokerage business),2390,-1015,4,0139(brokerage business),1470,-380
5,0148(brokerage business),1730,-575,5,0006(brokerage business),1265,-240,5,0009(brokerage business),1335,30
6,0025(brokerage business),1475,725,6,0321(brokerage business),1080,-480,6,0272(brokerage business),1140,-80
7,0004(brokerage business),1445,-295,7,0003(brokerage business),960,-30,7,0169(brokerage business),960,-75
8,0315(brokerage business),1255,-865,8,0025(brokerage business),880,-115,8,0096(brokerage business),910,70
9,0321(brokerage business),1085,605,9,0096(brokerage business),770,-20,9,0004(brokerage business),870,-850
10,0082(brokerage business),795,390,10,0163(brokerage business),645,-450,10,0042(brokerage business),860,55
11,0006(brokerage business),625,230,11,0272(brokerage business),645,-415,11,0268(brokerage business),815,-245
12,0009(brokerage business),565,-145,12,0082(brokerage business),620,-185,12,0321(brokerage business),815,25
13,0311(brokerage business),540,245,13,0288(brokerage business),510,0,13,0069(brokerage business),765,-455
14,0043(brokerage business),525,460,14,0137(brokerage business),470,0,14,0058(brokerage business),720,-105
15,0240(brokerage business),505,-80,15,0048(brokerage business),455,25,15,0253(brokerage business),715,-330
16,0003(brokerage business),495,-270,16,0081(brokerage business),450,15,16,0081(brokerage business),620,45
17,0069(brokerage business),460,185,17,0077(brokerage business),380,-105,17,0148(brokerage business),505,-350
18,0048(brokerage business),420,35,18,0240(brokerage business),355,-35,18,0003(brokerage business),475,-155
19,0253(brokerage business),420,150,19,0103(brokerage business),350,5,19,0163(brokerage business),445,-55
20,0096(brokerage business),400,-120,20,0009(brokerage business),290,-405,20,0077(brokerage business),395,-30
Total,,23740,1315,Total,,23225,-5205,Total,,20450,-4850
Ranking,Name of FF Member /OSBPs,Volume,Change from Previous Trading Day,Ranking,Name of FF Member /OSBPs,Long Position,Change from Previous Trading Day,Ranking,Name of FF Member /OSBPs,Short Position,Change from Previous Trading Day
Contract Code：cu2610,,,,,,,,,,2026-09-10,
1,0148(brokerage business),31083,633,1,0148(brokerage business),28692,994,1,0148(brokerage business),19338,125
2,0163(brokerage business),24198,1967,2,0004(brokerage business),25322,37,2,0049(brokerage business),17105,544
3,0004(brokerage business),17742,862,3,0163(brokerage business),12202,287,3,0163(brokerage business),13342,-11
4,0275(brokerage business),8087,3445,4,0272(brokerage business),11952,954,4,0004(brokerage business),12132,-903
5,0049(brokerage business),7301,1477,5,0103(brokerage business),8089,125,5,0139(brokerage business),10670,-993
6,0096(brokerage business),6881,1288,6,0049(brokerage business),7368,1129,6,0009(brokerage business),9623,-716
7,0308(brokerage business),6750,814,7,0253(brokerage business),7086,384,7,0058(brokerage business),7080,307
8,0272(brokerage business),6319,1366,8,0077(brokerage business),5740,-168,8,0321(brokerage business),6634,-102
9,0034(brokerage business),5760,1523,9,0240(brokerage business),5452,329,9,0082(brokerage business),5438,-122
10,0253(brokerage business),5670,655,10,0034(brokerage business),4414,-147,10,0272(brokerage business),5330,333
11,0123(brokerage business),4120,-405,11,0335(brokerage business),4322,-90,11,0034(brokerage business),5245,681
12,0081(brokerage business),4119,264,12,0268(brokerage business),3865,45,12,0240(brokerage business),5087,225
13,0268(brokerage business),2819,-1086,13,0082(brokerage business),3537,344,13,0042(brokerage business),4576,-376
14,0103(brokerage business),2818,145,14,0323(brokerage business),3249,-41,14,0253(brokerage business),4420,402
15,0009(brokerage business),2795,154,15,0042(brokerage business),3225,71,15,0025(brokerage business),4380,-245
16,0240(brokerage business),2740,-248,16,0096(brokerage business),3107,8,16,0018(brokerage business),3900,20
17,0042(brokerage business),2577,650,17,0161(brokerage business),3086,16,17,0125(brokerage business),3817,36
18,0043(brokerage business),2554,278,18,0308(brokerage business),3072,178,18,0006(brokerage business),3796,-165
19,0151(brokerage business),2444,361,19,0125(brokerage business),3066,282,19,0081(brokerage business),3498,233
20,0323(brokerage business),2305,205,20,0059(brokerage business),3002,-103,20,0096(brokerage business),3430,-96
Total,,149082,14348,Total,,149848,4634,Total,,148841,-823
Ranking,Name of FF Member /OSBPs,Volume,Change from Previous Trading Day,Ranking,Name of FF Member /OSBPs,Long Position,Change from Previous Trading Day,Ranking,Name of FF Member /OSBPs,Short Position,Change from Previous Trading Day
Contract Code：cu2611,,,,,,,,,,2026-09-10,
1,0004(brokerage business),12650,2014,1,0148(brokerage business),25235,2728,1,0004(brokerage business),13079,725
2,0148(brokerage business),11758,482,2,0239(brokerage business),10595,247,2,0148(brokerage business),12651,228
3,0163(brokerage business),8730,-570,3,0004(brokerage business),10060,79,3,0049(brokerage business),10615,1305
4,0096(brokerage business),3535,1452,4,0272(brokerage business),7913,87,4,0315(brokerage business),6461,44
5,0308(brokerage business),3306,71,5,0163(brokerage business),6952,351,5,0163(brokerage business),5524,-87
6,0275(brokerage business),2797,620,6,0268(brokerage business),5277,-104,6,0372(brokerage business),5106,-182
7,0253(brokerage business),1869,177,7,0103(brokerage business),4046,620,7,0009(brokerage business),4611,269
8,0272(brokerage business),1856,289,8,0049(brokerage business),2978,-15,8,0042(brokerage business),4464,198
9,0049(brokerage business),1660,-304,9,0335(brokerage business),2892,-349,9,0034(brokerage business),4244,65
10,0333(brokerage business),1631,763,10,0034(brokerage business),2603,-41,10,0069(brokerage business),3476,404
11,0125(brokerage business),1489,980,11,0274(brokerage business),2519,67,11,0253(brokerage business),3423,251
12,0240(brokerage business),1476,653,12,0323(brokerage business),2201,45,12,0139(brokerage business),3294,69
13,0239(brokerage business),1423,700,13,0125(brokerage business),2192,-39,13,0321(brokerage business),3286,243
14,0259(brokerage business),1421,720,14,0240(brokerage business),2171,532,14,0272(brokerage business),2781,235
15,0103(brokerage business),1153,214,15,0178(brokerage business),2156,96,15,0169(brokerage business),2668,3
16,0069(brokerage business),1129,131,16,0385(brokerage business),2080,49,16,0025(brokerage business),2614,95
17,0019(brokerage business),1094,69,17,0308(brokerage business),2006,265,17,0067(brokerage business),2448,51
18,0268(brokerage business),1071,30,18,0253(brokerage business),1935,132,18,0082(brokerage business),2303,67
19,0059(brokerage business),1029,318,19,0123(brokerage business),1883,52,19,0177(brokerage business),2103,10
20,0295(brokerage business),1012,-69,20,0077(brokerage business),1465,103,20,0138(brokerage business),1850,-2
Total,,62089,8740,Total,,99159,4905,Total,,97001,3991
Ranking,Name of FF Member /OSBPs,Volume,Change from Previous Trading Day,Ranking,Name of FF Member /OSBPs,Long Position,Change from Previous Trading Day,Ranking,Name of FF Member /OSBPs,Short Position,Change from Previous Trading Day
Contract Code：cu2612,,,,,,,,,,2026-09-10,
1,0163(brokerage business),3735,195,1,0148(brokerage business),6909,95,1,0148(brokerage business),10419,-206
2,0004(brokerage business),2926,573,2,0004(brokerage business),5218,436,2,0049(brokerage business),9146,109
3,0148(brokerage business),2317,-73,3,0136(brokerage business),4012,-7,3,0004(brokerage business),8826,110
4,0272(brokerage business),1658,-470,4,0272(brokerage business),3830,557,4,0272(brokerage business),4692,-15
5,0275(brokerage business),1600,232,5,0049(brokerage business),3151,50,5,0096(brokerage business),3709,17
6,0308(brokerage business),1576,-269,6,0274(brokerage business),3147,4,6,0125(brokerage business),3393,-55
7,0333(brokerage business),1063,-179,7,0103(brokerage business),3114,16,7,0034(brokerage business),3046,46
8,0123(brokerage business),696,-765,8,0042(brokerage business),2291,-7,8,0169(brokerage business),2950,-15
9,0253(brokerage business),667,10,9,0323(brokerage business),2125,1,9,0082(brokerage business),2475,12
10,0268(brokerage business),611,140,10,0081(brokerage business),2090,48,10,0372(brokerage business),2144,125
11,0069(brokerage business),606,158,11,0178(brokerage business),2083,-61,11,0067(brokerage business),2089,-40
12,0025(brokerage business),583,472,12,0031(brokerage business),2058,-1,12,0042(brokerage business),1979,135
13,0335(brokerage business),570,445,13,0163(brokerage business),2050,78,13,0163(brokerage business),1979,-277
14,0259(brokerage business),502,313,14,0077(brokerage business),2010,7,14,0253(brokerage business),1726,34
15,0096(brokerage business),471,-66,15,0025(brokerage business),1908,320,15,0025(brokerage business),1547,-127
16,0081(brokerage business),460,125,16,0034(brokerage business),1751,-19,16,0069(brokerage business),1452,129
17,0323(brokerage business),433,170,17,0069(brokerage business),1614,-31,17,0240(brokerage business),1342,20
18,0151(brokerage business),424,300,18,0268(brokerage business),1512,293,18,0139(brokerage business),1197,5
19,0019(brokerage business),422,60,19,0253(brokerage business),1491,-131,19,0003(brokerage business),1071,-1
20,0043(brokerage business),404,277,20,0007(brokerage business),1473,-14,20,0138(brokerage business),1040,0
Total,,21724,1648,Total,,53837,1634,Total,,66222,6
Ranking,Name of FF Member /OSBPs,Volume,Change from Previous Trading Day,Ranking,Name of FF Member /OSBPs,Long Position,Change from Previous Trading Day,Ranking,Name of FF Member /OSBPs,Short Position,Change from Previous Trading Day
Contract Code：cu2701,,,,,,,,,,2026-09-10,
1,0163(brokerage business),1751,-694,1,0148(brokerage business),3593,95,1,0148(brokerage business),11793,49
2,0096(brokerage business),1017,99,2,0004(brokerage business),2782,-47,2,0049(brokerage business),5262,-2
3,0333(brokerage business),796,-268,3,0049(brokerage business),2691,-2,3,0272(brokerage business),4748,-1
4,0148(brokerage business),708,11,4,0136(brokerage business),2124,-4,4,0184(brokerage business),1500,0
5,0125(brokerage business),701,519,5,0034(brokerage business),1753,10,5,0067(brokerage business),1424,-2
6,0004(brokerage business),542,-227,6,0069(brokerage business),1750,-96,6,0034(brokerage business),1287,148
7,0272(brokerage business),513,-395,7,0323(brokerage business),1556,25,7,0103(brokerage business),1152,27
8,0178(brokerage business),481,-97,8,0333(brokerage business),1426,290,8,0042(brokerage business),1023,2
9,0275(brokerage business),460,-102,9,0031(brokerage business),1274,0,9,0169(brokerage business),976,98
10,0253(brokerage business),355,2,10,0103(brokerage business),1142,4,10,0372(brokerage business),955,-17
11,0069(brokerage business),292,-163,11,0272(brokerage business),1085,138,11,0163(brokerage business),770,-158
12,0240(brokerage business),285,-705,12,0163(brokerage business),1012,-101,12,0077(brokerage business),582,0
13,0123(brokerage business),258,-85,13,0239(brokerage business),883,0,13,0082(brokerage business),557,1
14,0034(brokerage business),204,-678,14,0274(brokerage business),882,3,14,0096(brokerage business),548,72
15,0161(brokerage business),201,47,15,0177(brokerage business),853,0,15,0025(brokerage business),519,3
16,0186(brokerage business),168,28,16,0178(brokerage business),847,-86,16,0333(brokerage business),515,-128
17,0009(brokerage business),128,-231,17,0077(brokerage business),732,-5,17,0240(brokerage business),475,-46
18,0103(brokerage business),125,-34,18,0339(brokerage business),685,0,18,0018(brokerage business),465,1
19,0169(brokerage business),125,5,19,0042(brokerage business),668,-8,19,0004(brokerage business),386,-15
20,0006(brokerage business),105,102,20,0268(brokerage business),616,15,20,0253(brokerage business),349,-38
Total,,9215,-2866,Total,,28354,231,Total,,35286,-6
Ranking,Name of FF Member /OSBPs,Volume,Change from Previous Trading Day,Ranking,Name of FF Member /OSBPs,Long Position,Change from Previous Trading Day,Ranking,Name of FF Member /OSBPs,Short Position,Change from Previous Trading Day
Contract Code：cu2702,,,,,,,,,,2026-09-10,
1,0272(brokerage business),409,286,1,0004(brokerage business),2554,-210,1,0148(brokerage business),6621,-21
2,0004(brokerage business),381,-5,2,0272(brokerage business),2191,169,2,0004(brokerage business),2267,-31
3,0333(brokerage business),235,-5,3,0148(brokerage business),1819,9,3,0025(brokerage business),1953,0
4,0163(brokerage business),225,-331,4,0069(brokerage business),1250,1,4,0333(brokerage business),1071,-4
5,0240(brokerage business),205,55,5,0049(brokerage business),949,12,5,0103(brokerage business),1054,2
6,0186(brokerage business),129,124,6,0323(brokerage business),931,-16,6,0042(brokerage business),827,4
7,0049(brokerage business),87,56,7,0031(brokerage business),855,0,7,0163(brokerage business),682,-64
8,0081(brokerage business),86,38,8,0139(brokerage business),698,0,8,0067(brokerage business),677,0
9,0271(brokerage business),77,70,9,0178(brokerage business),658,6,9,0077(brokerage business),441,-6
10,0148(brokerage business),72,-137,10,0081(brokerage business),487,38,10,0049(brokerage business),283,-7
11,0034(brokerage business),59,23,11,0034(brokerage business),483,-3,11,0096(brokerage business),221,0
12,0253(brokerage business),51,5,12,0268(brokerage business),366,9,12,0253(brokerage business),180,2
13,0169(brokerage business),45,-16,13,0003(brokerage business),362,1,13,0059(brokerage business),148,0
14,0323(brokerage business),37,-29,14,0161(brokerage business),355,-2,14,0123(brokerage business),145,28
15,0178(brokerage business),36,-110,15,0103(brokerage business),308,-4,15,0323(brokerage business),139,11
16,0308(brokerage business),36,-2,16,0008(brokerage business),286,9,16,0034(brokerage business),132,2
17,0123(brokerage business),34,-29,17,0253(brokerage business),272,-15,17,0008(brokerage business),131,0
18,0244(brokerage business),28,15,18,0042(brokerage business),254,0,18,0240(brokerage business),118,22
19,0088(brokerage business),27,10,19,0333(brokerage business),246,11,19,0088(brokerage business),116,20
20,0275(brokerage business),23,12,20,0186(brokerage business),244,97,20,0161(brokerage business),115,0
Total,,2282,30,Total,,15568,112,Total,,17321,-42
Ranking,Name of FF Member /OSBPs,Volume,Change from Previous Trading Day,Ranking,Name of FF Member /OSBPs,Long Position,Change from Previous Trading Day,Ranking,Name of FF Member /OSBPs,Short Position,Change from Previous Trading Day
Contract Code：cu2703,,,,,,,,,,2026-09-10,
1,0163(brokerage business),555,36,1,0323(brokerage business),2145,11,1,0148(brokerage business),10337,16
2,0333(brokerage business),402,101,2,0272(brokerage business),1831,9,2,0049(brokerage business),2439,-1
3,0272(brokerage business),331,-38,3,0148(brokerage business),1809,-67,3,0004(brokerage business),2369,-18
4,0004(brokerage business),270,48,4,0049(brokerage business),1656,-27,4,0077(brokerage business),2086,-3
5,0148(brokerage business),213,18,5,0069(brokerage business),1510,-28,5,0422(brokerage business),1040,0
6,0186(brokerage business),108,94,6,0333(brokerage business),1182,16,6,0323(brokerage business),1019,0
7,0081(brokerage business),84,-8,7,0136(brokerage business),1128,0,7,0067(brokerage business),1004,0
8,0240(brokerage business),83,-146,8,0339(brokerage business),1087,0,8,0103(brokerage business),862,1
9,0308(brokerage business),80,20,9,0004(brokerage business),1024,70,9,0042(brokerage business),627,1
10,0096(brokerage business),64,-32,10,0003(brokerage business),976,0,10,0163(brokerage business),563,74
11,0275(brokerage business),60,11,11,0034(brokerage business),870,5,11,0333(brokerage business),283,54
12,0006(brokerage business),53,36,12,0031(brokerage business),852,0,12,0269(brokerage business),235,1
13,0077(brokerage business),52,13,13,0338(brokerage business),782,0,13,0272(brokerage business),183,-26
14,0069(brokerage business),47,16,14,0268(brokerage business),700,13,14,0123(brokerage business),163,23
15,0123(brokerage business),43,-18,15,0163(brokerage business),609,15,15,0240(brokerage business),143,-24
16,0277(brokerage business),41,41,16,0253(brokerage business),590,13,16,0096(brokerage business),113,-9
17,0049(brokerage business),36,-3,17,0372(brokerage business),550,6,17,0008(brokerage business),103,0
18,0034(brokerage business),34,-11,18,0042(brokerage business),441,-3,18,0253(brokerage business),100,6
19,0238(brokerage business),31,-5,19,0169(brokerage business),304,-1,19,0274(brokerage business),95,2
20,0313(brokerage business),30,0,20,0161(brokerage business),294,2,20,0268(brokerage business),86,2
Total,,2617,173,Total,,20340,34,Total,,23850,99
Ranking,Name of FF Member /OSBPs,Volume,Change from Previous Trading Day,Ranking,Name of FF Member /OSBPs,Long Position,Change from Previous Trading Day,Ranking,Name of FF Member /OSBPs,Short Position,Change from Previous Trading Day
Contract Code：bc2609,,,,,,,,,,2026-09-10,
1,8148(brokerage business),10,10,1,8240(brokerage business),490,-35,1,8009(brokerage business),330,-40
2,8240(brokerage business),5,5,2,8049(brokerage business),135,0,2,8274(brokerage business),215,0
3,8311(brokerage business),5,5,3,8253(brokerage business),135,0,3,8096(brokerage business),190,0
4,,,,4,8148(brokerage business),115,-5,4,8240(brokerage business),140,0
5,,,,5,8161(brokerage business),90,0,5,8049(brokerage business),80,0
6,,,,6,8051(brokerage business),5,0,6,8253(brokerage business),15,0
Total,,20,20,Total,,970,-40,Total,,970,-40
Ranking,Name of FF Member /OSBPs,Volume,Change from Previous Trading Day,Ranking,Name of FF Member /OSBPs,Long Position,Change from Previous Trading Day,Ranking,Name of FF Member /OSBPs,Short Position,Change from Previous Trading Day
Contract Code：bc2610,,,,,,,,,,2026-09-10,
1,8163(brokerage business),4382,161,1,8004(brokerage business),3460,54,1,8148(brokerage business),3718,89
2,8148(brokerage business),1922,-85,2,8148(brokerage business),2524,61,2,8004(brokerage business),3528,36
3,8253(brokerage business),1904,-54,3,8239(brokerage business),1581,0,3,8025(brokerage business),1328,230
4,8123(brokerage business),1599,-706,4,8184(brokerage business),1076,89,4,8240(brokerage business),790,29
5,8004(brokerage business),1164,-105,5,8163(brokerage business),883,63,5,8081(brokerage business),759,-56
6,8275(brokerage business),811,346,6,8081(brokerage business),868,-55,6,8161(brokerage business),743,-31
7,8308(brokerage business),585,267,7,8103(brokerage business),769,-24,7,8163(brokerage business),698,31
8,8082(brokerage business),536,40,8,8161(brokerage business),722,4,8,8103(brokerage business),695,-35
9,8081(brokerage business),493,-116,9,8082(brokerage business),585,25,9,8049(brokerage business),622,12
10,8048(brokerage business),401,161,10,8253(brokerage business),441,36,10,8082(brokerage business),537,-1
11,8096(brokerage business),399,-17,11,8323(brokerage business),427,-65,11,8323(brokerage business),402,-102
12,8239(brokerage business),344,117,12,8048(brokerage business),324,-7,12,8009(brokerage business),341,9
13,8161(brokerage business),297,-187,13,8272(brokerage business),249,18,13,8048(brokerage business),305,-6
14,8323(brokerage business),247,117,14,8333(brokerage business),183,6,14,8051(brokerage business),304,0
15,8025(brokerage business),230,209,15,8001(brokerage business),157,5,15,8308(brokerage business),253,43
16,8009(brokerage business),217,51,16,8311(brokerage business),137,23,16,8123(brokerage business),226,10
17,8272(brokerage business),213,-271,17,8157(brokerage business),119,1,17,8253(brokerage business),214,4
18,8103(brokerage business),181,-37,18,8288(brokerage business),100,10,18,8034(brokerage business),200,-1
19,8084(brokerage business),163,63,19,8335(brokerage business),96,3,19,8003(brokerage business),143,-1
20,8153(brokerage business),152,77,20,8259(brokerage business),90,1,20,8288(brokerage business),103,7
Total,,16240,31,Total,,14791,248,Total,,15909,267
Member/OSP Type,Total Volume,Change from Previous Trading Day,Member/OSP Type,Total Long Position,Change from Previous Trading Day,Member/OSP Type,Total Short Position,Change from Previous Trading Day,,,
Contract Code：alall,,,,,,,2026-09-10,,,,
Name of FF Member/OSBP,530950,-193522,Name of FF Member/OSBP,623067,-3406,Name of FF Member/OSBP,616491,-2050,,,
Name of Non-FF Member/OSNBP,2436,636,Name of Non-FF Member/OSNBP,0,0,Name of Non-FF Member/OSNBP,6576,-1356,,,
Ranking,Name of FF Member /OSBPs,Volume,Change from Previous Trading Day,Ranking,Name of FF Member /OSBPs,Long Position,Change from Previous Trading Day,Ranking,Name of FF Member /OSBPs,Short Position,Change from Previous Trading Day
Contract Code：al2609,,,,,,,,,,2026-09-10,
1,0163(brokerage business),1415,295,1,0148(brokerage business),4980,-465,1,0004(brokerage business),3735,-760
2,0004(brokerage business),1105,90,2,0004(brokerage business),2050,-115,2,0139(brokerage business),1130,-235
3,0139(brokerage business),1005,10,3,0058(brokerage business),1350,0,3,0240(brokerage business),1060,-85
4,0148(brokerage business),670,-415,4,0049(brokerage business),1000,100,4,0043(brokerage business),790,0
5,0034(brokerage business),470,195,5,0034(brokerage business),740,-390,5,0148(brokerage business),750,-155
6,0238(brokerage business),380,290,6,0139(brokerage business),655,-530,6,0268(brokerage business),740,-130
7,0049(brokerage business),375,-35,7,0125(brokerage business),600,-35,7,0321(brokerage business),600,70
8,0043(brokerage business),300,300,8,0043(brokerage business),570,300,8,0042(brokerage business),535,-5
9,0003(brokerage business),235,-470,9,0137(brokerage business),535,-55,9,0123(brokerage business),535,0
10,0031(brokerage business),200,185,10,0272(brokerage business),375,0,10,0308(brokerage business),440,0
11,0272(brokerage business),200,25,11,0031(brokerage business),265,-200,11,0163(brokerage business),425,-100
12,0123(brokerage business),195,-115,12,0253(brokerage business),240,-5,12,0019(brokerage business),415,0
13,0047(brokerage business),180,100,13,0007(brokerage business),220,-40,13,0299(brokerage business),385,0
14,0125(brokerage business),150,-15,14,0003(brokerage business),200,-40,14,0048(brokerage business),340,0
15,0323(brokerage business),135,40,15,0059(brokerage business),185,0,15,0069(brokerage business),325,0
16,0268(brokerage business),130,75,16,0103(brokerage business),165,0,16,0007(brokerage business),320,0
17,0299(brokerage business),120,120,17,0262(brokerage business),160,0,17,0323(brokerage business),270,45
18,0332(brokerage business),100,40,18,0018(brokerage business),105,-50,18,0052(brokerage business),245,0
19,0275(brokerage business),90,35,19,0096(brokerage business),90,0,19,0018(brokerage business),230,0
20,0240(brokerage business),85,35,20,0178(brokerage business),70,0,20,0253(brokerage business),220,-10
Total,,7540,785,Total,,14555,-1525,Total,,13490,-1365
Ranking,Name of FF Member /OSBPs,Volume,Change from Previous Trading Day,Ranking,Name of FF Member /OSBPs,Long Position,Change from Previous Trading Day,Ranking,Name of FF Member /OSBPs,Short Position,Change from Previous Trading Day
Contract Code：al2610,,,,,,,,,,2026-09-10,
1,0148(brokerage business),42115,-7254,1,0148(brokerage business),28600,-937,1,0148(brokerage business),38756,-134
2,0004(brokerage business),37526,-3864,2,0004(brokerage business),27843,-2004,2,0004(brokerage business),27125,824
3,0275(brokerage business),36991,-2987,3,0163(brokerage business),14835,-253,3,0123(brokerage business),15562,-4021
4,0163(brokerage business),32056,-13300,4,0253(brokerage business),8170,-529,4,0272(brokerage business),12018,5
5,0253(brokerage business),14589,705,5,0272(brokerage business),7967,-462,5,0253(brokerage business),9620,-998
6,0272(brokerage business),13825,4661,6,0034(brokerage business),7045,-33,6,0163(brokerage business),9031,-843
7,0123(brokerage business),7103,515,7,0103(brokerage business),6659,-701,7,0275(brokerage business),8877,-308
8,0081(brokerage business),6830,-10508,8,0335(brokerage business),6598,-510,8,0034(brokerage business),7146,-159
9,0240(brokerage business),6614,-962,9,0323(brokerage business),5230,-571,9,0268(brokerage business),7105,-231
10,0259(brokerage business),5995,1427,10,0139(brokerage business),4966,456,10,0240(brokerage business),6595,-1
11,0323(brokerage business),3893,-1019,11,0161(brokerage business),4917,-271,11,0139(brokerage business),5656,117
12,0268(brokerage business),3670,454,12,0268(brokerage business),4811,117,12,0323(brokerage business),5269,-432
13,0096(brokerage business),2897,-1272,13,0069(brokerage business),4731,-231,13,0058(brokerage business),4991,-108
14,0308(brokerage business),2730,-46,14,0123(brokerage business),4506,184,14,0049(brokerage business),3970,310
15,0034(brokerage business),2630,-1146,15,0288(brokerage business),4144,40,15,0103(brokerage business),3929,-53
16,0161(brokerage business),2600,-982,16,0240(brokerage business),3856,-187,16,0018(brokerage business),3174,63
17,0103(brokerage business),2326,759,17,0003(brokerage business),3749,-59,17,0002(brokerage business),2530,-12
18,0059(brokerage business),2319,37,18,0082(brokerage business),3606,-371,18,0161(brokerage business),2520,55
19,0018(brokerage business),2240,243,19,0096(brokerage business),3383,-72,19,0077(brokerage business),2188,48
20,0298(brokerage business),2113,-439,20,0077(brokerage business),3249,-113,20,0096(brokerage business),2144,-589
Total,,231062,-34978,Total,,158865,-6507,Total,,178206,-6467
Ranking,Name of FF Member /OSBPs,Volume,Change from Previous Trading Day,Ranking,Name of FF Member /OSBPs,Long Position,Change from Previous Trading Day,Ranking,Name of FF Member /OSBPs,Short Position,Change from Previous Trading Day
Contract Code：al2611,,,,,,,,,,2026-09-10,
1,0004(brokerage business),38968,-8499,1,0148(brokerage business),28796,625,1,0148(brokerage business),22915,40
2,0148(brokerage business),16189,-8741,2,0239(brokerage business),24000,1451,2,0123(brokerage business),22123,4831
3,0163(brokerage business),15883,-6522,3,0004(brokerage business),17712,352,3,0004(brokerage business),21871,540
4,0275(brokerage business),7733,-5676,4,0163(brokerage business),12870,263,4,0058(brokerage business),13147,318
5,0123(brokerage business),6927,-4499,5,0272(brokerage business),10038,614,5,0272(brokerage business),9565,397
6,0253(brokerage business),6920,678,6,0335(brokerage business),9171,721,6,0103(brokerage business),8244,1218
7,0239(brokerage business),3266,-458,7,0268(brokerage business),8832,-79,7,0139(brokerage business),7141,155
8,0259(brokerage business),2695,-1548,8,0034(brokerage business),7135,3,8,0096(brokerage business),5940,171
9,0081(brokerage business),2633,-1547,9,0069(brokerage business),4602,599,9,0240(brokerage business),5093,-105
10,0240(brokerage business),2587,-1111,10,0077(brokerage business),4598,-219,10,0308(brokerage business),4721,-957
11,0103(brokerage business),2384,-1044,11,0323(brokerage business),4381,363,11,0163(brokerage business),4538,6
12,0323(brokerage business),2065,-864,12,0084(brokerage business),4142,0,12,0002(brokerage business),4176,0
13,0069(brokerage business),1987,-2035,13,0253(brokerage business),3609,529,13,0372(brokerage business),3932,-15
14,0272(brokerage business),1931,-2396,14,0103(brokerage business),3016,392,14,0253(brokerage business),3799,1
15,0268(brokerage business),1453,-626,15,0240(brokerage business),2967,178,15,0275(brokerage business),3715,101
16,0308(brokerage business),1416,-120,16,0042(brokerage business),2691,209,16,0003(brokerage business),3632,55
17,0059(brokerage business),1383,53,17,0008(brokerage business),2318,99,17,0268(brokerage business),3489,262
18,0299(brokerage business),1328,670,18,0096(brokerage business),2290,206,18,0161(brokerage business),2988,194
19,0335(brokerage business),1311,204,19,0049(brokerage business),2265,35,19,0029(brokerage business),2980,171
20,0034(brokerage business),1210,-252,20,0184(brokerage business),2164,349,20,0034(brokerage business),2868,223
Total,,120269,-44333,Total,,157597,6690,Total,,156877,7606
Ranking,Name of FF Member /OSBPs,Volume,Change from Previous Trading Day,Ranking,Name of FF Member /OSBPs,Long Position,Change from Previous Trading Day,Ranking,Name of FF Member /OSBPs,Short Position,Change from Previous Trading Day
Contract Code：al2612,,,,,,,,,,2026-09-10,
1,0163(brokerage business),6719,-5093,1,0148(brokerage business),10647,-63,1,0148(brokerage business),10626,491
2,0148(brokerage business),5388,-3859,2,0004(brokerage business),7162,160,2,0123(brokerage business),7099,87
3,0004(brokerage business),4021,-6107,3,0272(brokerage business),5736,52,3,0004(brokerage business),6518,-355
4,0253(brokerage business),2743,649,4,0323(brokerage business),3695,114,4,0034(brokerage business),3438,199
5,0323(brokerage business),2310,-955,5,0034(brokerage business),3352,108,5,0103(brokerage business),3342,-119
6,0275(brokerage business),2150,-2991,6,0268(brokerage business),3054,270,6,0042(brokerage business),3194,-6
7,0308(brokerage business),1215,-255,7,0163(brokerage business),2825,709,7,0249(brokerage business),3000,0
8,0069(brokerage business),792,-752,8,0069(brokerage business),2549,-4,8,0139(brokerage business),2929,-8
9,0268(brokerage business),719,-126,9,0315(brokerage business),1827,0,9,0239(brokerage business),2871,249
10,0123(brokerage business),701,-3955,10,0096(brokerage business),1622,-86,10,0308(brokerage business),2545,277
11,0081(brokerage business),664,-374,11,0059(brokerage business),1569,147,11,0003(brokerage business),2341,0
12,0059(brokerage business),518,-109,12,0042(brokerage business),1508,9,12,0082(brokerage business),1856,-138
13,0295(brokerage business),495,-26,13,0007(brokerage business),1476,-3,13,0275(brokerage business),1618,-41
14,0240(brokerage business),493,-592,14,0308(brokerage business),1450,-350,14,0272(brokerage business),1605,71
15,0372(brokerage business),432,292,15,0239(brokerage business),1431,-4,15,0323(brokerage business),1563,-1332
16,0034(brokerage business),429,56,16,0139(brokerage business),1337,6,16,0268(brokerage business),1478,45
17,0320(brokerage business),427,262,17,0103(brokerage business),1264,-24,17,0261(brokerage business),969,0
18,0239(brokerage business),391,-119,18,0123(brokerage business),1225,-116,18,0253(brokerage business),902,-141
19,0272(brokerage business),349,-369,19,0274(brokerage business),1208,6,19,0163(brokerage business),821,-242
20,0019(brokerage business),317,-182,20,0240(brokerage business),1106,6,20,0240(brokerage business),812,33
Total,,31273,-24605,Total,,56043,937,Total,,59527,-930
Ranking,Name of FF Member /OSBPs,Volume,Change from Previous Trading Day,Ranking,Name of FF Member /OSBPs,Long Position,Change from Previous Trading Day,Ranking,Name of FF Member /OSBPs,Short Position,Change from Previous Trading Day
Contract Code：al2701,,,,,,,,,,2026-09-10,
1,0163(brokerage business),4976,-532,1,0034(brokerage business),5262,-6,1,0148(brokerage business),10042,409
2,0004(brokerage business),3218,-908,2,0148(brokerage business),3719,317,2,0004(brokerage business),2898,-2038
3,0148(brokerage business),2676,261,3,0004(brokerage business),3627,10,3,0249(brokerage business),2420,300
4,0323(brokerage business),2573,-36,4,0323(brokerage business),3242,-1627,4,0042(brokerage business),2027,2
5,0253(brokerage business),2296,1753,5,0049(brokerage business),2631,-4,5,0103(brokerage business),1860,-101
6,0081(brokerage business),808,-206,6,0268(brokerage business),1858,-15,6,0275(brokerage business),1380,43
7,0275(brokerage business),807,-221,7,0069(brokerage business),1834,-61,7,0240(brokerage business),1037,51
8,0308(brokerage business),802,-701,8,0163(brokerage business),1119,6,8,0277(brokerage business),934,-352
9,0137(brokerage business),524,125,9,0272(brokerage business),841,-16,9,0029(brokerage business),910,0
10,0018(brokerage business),502,-62,10,0042(brokerage business),834,-25,10,0274(brokerage business),862,-59
11,0240(brokerage business),475,-293,11,0254(brokerage business),778,0,11,0268(brokerage business),833,-35
12,0001(brokerage business),417,129,12,0007(brokerage business),744,0,12,0272(brokerage business),700,19
13,0123(brokerage business),395,142,13,0139(brokerage business),693,1,13,0163(brokerage business),669,44
14,0277(brokerage business),364,360,14,0081(brokerage business),669,5,14,0139(brokerage business),631,-10
15,0069(brokerage business),360,-1055,15,0240(brokerage business),641,-14,15,0137(brokerage business),580,321
16,0059(brokerage business),325,260,16,0169(brokerage business),633,-2,16,0003(brokerage business),560,100
17,0249(brokerage business),300,-300,17,0253(brokerage business),588,-17,17,0153(brokerage business),559,-101
18,0295(brokerage business),272,205,18,0008(brokerage business),523,-2,18,0082(brokerage business),556,-23
19,0268(brokerage business),264,217,19,0123(brokerage business),473,-4,19,0295(brokerage business),548,230
20,0049(brokerage business),248,89,20,0137(brokerage business),460,-85,20,0311(brokerage business),505,-188
Total,,22602,-773,Total,,31169,-1539,Total,,30511,-1388
Ranking,Name of FF Member /OSBPs,Volume,Change from Previous Trading Day,Ranking,Name of FF Member /OSBPs,Long Position,Change from Previous Trading Day,Ranking,Name of FF Member /OSBPs,Short Position,Change from Previous Trading Day
Contract Code：al2702,,,,,,,,,,2026-09-10,
1,0163(brokerage business),2579,-531,1,0034(brokerage business),2023,243,1,0148(brokerage business),3207,1503
2,0148(brokerage business),2106,1134,2,0049(brokerage business),1649,6,2,0103(brokerage business),1914,377
3,0004(brokerage business),1473,-535,3,0004(brokerage business),1566,122,3,0004(brokerage business),1870,-927
4,0323(brokerage business),1306,-291,4,0148(brokerage business),1457,23,4,0349(brokerage business),1141,0
5,0253(brokerage business),1072,581,5,0069(brokerage business),981,-26,5,0277(brokerage business),1074,553
6,0081(brokerage business),833,634,6,0268(brokerage business),914,4,6,0268(brokerage business),979,0
7,0103(brokerage business),766,-14,7,0272(brokerage business),820,16,7,0323(brokerage business),943,-606
8,0048(brokerage business),576,310,8,0007(brokerage business),701,0,8,0082(brokerage business),867,294
9,0277(brokerage business),555,179,9,0042(brokerage business),701,1,9,0163(brokerage business),707,254
10,0271(brokerage business),454,-1568,10,0323(brokerage business),678,20,10,0261(brokerage business),700,0
11,0308(brokerage business),449,-222,11,0254(brokerage business),622,0,11,0077(brokerage business),508,-102
12,0018(brokerage business),377,-122,12,0315(brokerage business),420,0,12,0153(brokerage business),446,0
13,0275(brokerage business),370,-317,13,0372(brokerage business),415,14,13,0029(brokerage business),403,0
14,0311(brokerage business),368,42,14,0009(brokerage business),384,-19,14,0335(brokerage business),311,76
15,0123(brokerage business),347,120,15,0082(brokerage business),382,-2,15,0069(brokerage business),251,-16
16,0034(brokerage business),315,-18,16,0048(brokerage business),330,0,16,0338(brokerage business),230,75
17,0082(brokerage business),300,153,17,0253(brokerage business),311,-29,17,0295(brokerage business),209,0
18,0137(brokerage business),282,-161,18,0008(brokerage business),300,0,18,0272(brokerage business),175,1
19,0069(brokerage business),280,-204,19,0169(brokerage business),286,0,19,0161(brokerage business),174,-176
20,0161(brokerage business),250,-379,20,0123(brokerage business),277,-1,20,0274(brokerage business),173,-44
Total,,15058,-1209,Total,,15217,372,Total,,16282,1262
Member/OSP Type,Total Volume,Change from Previous Trading Day,Member/OSP Type,Total Long Position,Change from Previous Trading Day,Member/OSP Type,Total Short Position,Change from Previous Trading Day,,,
Contract Code：znall,,,,,,,2026-09-10,,,,
Name of FF Member/OSBP,615242,89706,Name of FF Member/OSBP,342488,-9225,Name of FF Member/OSBP,342488,-9225,,,
Name of Non-FF Member/OSNBP,0,0,Name of Non-FF Member/OSNBP,0,0,Name of Non-FF Member/OSNBP,0,0,,,
Ranking,Name of FF Member /OSBPs,Volume,Change from Previous Trading Day,Ranking,Name of FF Member /OSBPs,Long Position,Change from Previous Trading Day,Ranking,Name of FF Member /OSBPs,Short Position,Change from Previous Trading Day
Contract Code：zn2609,,,,,,,,,,2026-09-10,
1,0004(brokerage business),1135,520,1,0272(brokerage business),1600,0,1,0139(brokerage business),1070,-255
2,0163(brokerage business),950,470,2,0004(brokerage business),1100,-315,2,0272(brokerage business),835,-40
3,0103(brokerage business),470,470,3,0058(brokerage business),980,0,3,0077(brokerage business),605,-80
4,0311(brokerage business),420,420,4,0148(brokerage business),455,-40,4,0311(brokerage business),390,390
5,0123(brokerage business),410,360,5,0059(brokerage business),430,-55,5,0103(brokerage business),385,-310
6,0121(brokerage business),400,400,6,0048(brokerage business),300,0,6,0315(brokerage business),360,15
7,0139(brokerage business),275,-65,7,0082(brokerage business),255,0,7,0148(brokerage business),330,0
8,0253(brokerage business),245,80,8,0069(brokerage business),200,0,8,0069(brokerage business),255,205
9,0069(brokerage business),205,205,9,0052(brokerage business),140,0,9,0052(brokerage business),245,15
10,0272(brokerage business),100,-145,10,0081(brokerage business),110,-90,10,0025(brokerage business),240,0
11,0081(brokerage business),90,-305,11,0275(brokerage business),105,0,11,0253(brokerage business),215,-150
12,0082(brokerage business),90,90,12,0051(brokerage business),85,0,12,0004(brokerage business),195,-20
13,0077(brokerage business),80,65,13,0299(brokerage business),85,0,13,0059(brokerage business),175,-20
14,0059(brokerage business),75,75,14,0003(brokerage business),45,0,14,0049(brokerage business),145,0
15,0047(brokerage business),70,65,15,0163(brokerage business),35,-80,15,0047(brokerage business),105,-30
16,0073(brokerage business),50,-45,16,0240(brokerage business),35,-5,16,0240(brokerage business),100,0
17,0308(brokerage business),50,15,17,0134(brokerage business),20,-10,17,0009(brokerage business),70,0
18,0019(brokerage business),40,0,18,,,,18,0081(brokerage business),70,0
19,0148(brokerage business),40,-15,19,,,,19,0108(brokerage business),60,0
20,0321(brokerage business),20,20,20,,,,20,0321(brokerage business),45,-20
Total,,5215,2680,Total,,5980,-595,Total,,5895,-300
Ranking,Name of FF Member /OSBPs,Volume,Change from Previous Trading Day,Ranking,Name of FF Member /OSBPs,Long Position,Change from Previous Trading Day,Ranking,Name of FF Member /OSBPs,Short Position,Change from Previous Trading Day
Contract Code：zn2610,,,,,,,,,,2026-09-10,
1,0163(brokerage business),62682,7018,1,0148(brokerage business),17050,-571,1,0148(brokerage business),12723,-1438
2,0148(brokerage business),45634,-4691,2,0004(brokerage business),14163,-1817,2,0139(brokerage business),10601,7
3,0004(brokerage business),42093,6665,3,0163(brokerage business),11868,-1378,3,0004(brokerage business),7186,-134
4,0275(brokerage business),30142,2088,4,0253(brokerage business),5070,932,4,0272(brokerage business),6531,65
5,0253(brokerage business),17692,4744,5,0272(brokerage business),4475,-483,5,0163(brokerage business),5229,-1726
6,0272(brokerage business),14016,7533,6,0239(brokerage business),4405,-748,6,0049(brokerage business),5009,210
7,0081(brokerage business),12627,3991,7,0240(brokerage business),3922,-65,7,0058(brokerage business),4911,42
8,0096(brokerage business),8107,53,8,0019(brokerage business),3417,-218,8,0315(brokerage business),3974,-146
9,0298(brokerage business),7367,1167,9,0275(brokerage business),3353,257,9,0003(brokerage business),3855,-356
10,0259(brokerage business),7159,1752,10,0308(brokerage business),3332,-523,10,0059(brokerage business),3530,-499
11,0240(brokerage business),4424,815,11,0335(brokerage business),3208,-727,11,0096(brokerage business),3250,26
12,0034(brokerage business),4411,1312,12,0003(brokerage business),2983,-171,12,0042(brokerage business),3214,-302
13,0123(brokerage business),4090,1212,13,0268(brokerage business),2946,286,13,0034(brokerage business),3196,-186
14,0069(brokerage business),3819,608,14,0139(brokerage business),2943,38,14,0069(brokerage business),3139,-300
15,0059(brokerage business),3571,1020,15,0059(brokerage business),2857,-124,15,0253(brokerage business),3135,-718
16,0268(brokerage business),3269,1108,16,0323(brokerage business),2504,-310,16,0240(brokerage business),3096,-333
17,0308(brokerage business),3210,467,17,0103(brokerage business),2311,-160,17,0277(brokerage business),3038,-179
18,0323(brokerage business),2927,720,18,0274(brokerage business),2294,-257,18,0103(brokerage business),2820,91
19,0161(brokerage business),2727,539,19,0123(brokerage business),2149,-54,19,0275(brokerage business),2732,-57
20,0103(brokerage business),2619,1212,20,0009(brokerage business),2138,-224,20,0052(brokerage business),2644,-121
Total,,282586,39333,Total,,97388,-6317,Total,,93813,-6054
Ranking,Name of FF Member /OSBPs,Volume,Change from Previous Trading Day,Ranking,Name of FF Member /OSBPs,Long Position,Change from Previous Trading Day,Ranking,Name of FF Member /OSBPs,Short Position,Change from Previous Trading Day
Contract Code：zn2611,,,,,,,,,,2026-09-10,
1,0275(brokerage business),28497,3072,1,0239(brokerage business),19839,-2229,1,0148(brokerage business),9647,-323
2,0148(brokerage business),27508,-2485,2,0148(brokerage business),19165,971,2,0004(brokerage business),7134,-21
3,0163(brokerage business),21302,2232,3,0004(brokerage business),11504,171,3,0058(brokerage business),7014,703
4,0004(brokerage business),18654,-1389,4,0272(brokerage business),10862,603,4,0308(brokerage business),5916,286
5,0253(brokerage business),9793,5480,5,0163(brokerage business),9274,1481,5,0272(brokerage business),5870,-156
6,0081(brokerage business),9670,3043,6,0335(brokerage business),5853,-529,6,0069(brokerage business),5222,-322
7,0308(brokerage business),3625,2017,7,0123(brokerage business),4994,-57,7,0059(brokerage business),4042,-200
8,0272(brokerage business),3265,168,8,0103(brokerage business),3667,-1240,8,0315(brokerage business),3932,159
9,0156(brokerage business),3024,1263,9,0240(brokerage business),3161,91,9,0077(brokerage business),3706,164
10,0125(brokerage business),2908,2467,10,0184(brokerage business),2832,0,10,0253(brokerage business),3578,27
11,0259(brokerage business),2904,2538,11,0268(brokerage business),2710,-207,11,0139(brokerage business),3278,379
12,0239(brokerage business),2820,1845,12,0084(brokerage business),2399,-49,12,0003(brokerage business),2943,33
13,0123(brokerage business),2656,-503,13,0139(brokerage business),2132,1,13,0025(brokerage business),2837,-13
14,0069(brokerage business),2392,521,14,0308(brokerage business),2051,603,14,0321(brokerage business),2788,-6
15,0103(brokerage business),2205,1443,15,0253(brokerage business),2001,436,15,0277(brokerage business),2747,140
16,0240(brokerage business),2188,669,16,0274(brokerage business),1959,-14,16,0275(brokerage business),2574,-74
17,0042(brokerage business),2162,1810,17,0049(brokerage business),1606,233,17,0323(brokerage business),2524,510
18,0006(brokerage business),1762,570,18,0081(brokerage business),1398,105,18,0163(brokerage business),2480,153
19,0025(brokerage business),1635,550,19,0323(brokerage business),1238,90,19,0049(brokerage business),2182,-97
20,0323(brokerage business),1630,1016,20,0059(brokerage business),1235,442,20,0034(brokerage business),2144,-38
Total,,150600,26327,Total,,109880,902,Total,,82558,1304
Ranking,Name of FF Member /OSBPs,Volume,Change from Previous Trading Day,Ranking,Name of FF Member /OSBPs,Long Position,Change from Previous Trading Day,Ranking,Name of FF Member /OSBPs,Short Position,Change from Previous Trading Day
Contract Code：zn2612,,,,,,,,,,2026-09-10,
1,0163(brokerage business),7780,1167,1,0239(brokerage business),9376,498,1,0321(brokerage business),6963,-100
2,0004(brokerage business),6612,281,2,0148(brokerage business),6109,342,2,0272(brokerage business),2977,-94
3,0148(brokerage business),5806,-885,3,0004(brokerage business),3374,-52,3,0009(brokerage business),1913,32
4,0275(brokerage business),4977,1260,4,0308(brokerage business),2747,77,4,0148(brokerage business),1877,-10
5,0081(brokerage business),4616,913,5,0059(brokerage business),1957,406,5,0049(brokerage business),1779,106
6,0253(brokerage business),4384,719,6,0163(brokerage business),1911,-54,6,0025(brokerage business),1528,-4
7,0034(brokerage business),1468,-355,7,0123(brokerage business),1477,-109,7,0004(brokerage business),1495,-122
8,0123(brokerage business),1296,374,8,0058(brokerage business),1425,-5,8,0082(brokerage business),1405,418
9,0073(brokerage business),1146,1136,9,0042(brokerage business),1304,1,9,0069(brokerage business),1301,-188
10,0259(brokerage business),1107,911,10,0272(brokerage business),1135,15,10,0034(brokerage business),1149,-134
11,0308(brokerage business),966,-39,11,0268(brokerage business),1105,223,11,0169(brokerage business),1103,-8
12,0059(brokerage business),939,362,12,0323(brokerage business),896,-2,12,0253(brokerage business),966,8
13,0240(brokerage business),813,-138,13,0240(brokerage business),878,-120,13,0315(brokerage business),954,0
14,0239(brokerage business),719,396,14,0077(brokerage business),804,3,14,0058(brokerage business),922,117
15,0272(brokerage business),643,151,15,0003(brokerage business),748,1,15,0077(brokerage business),794,20
16,0069(brokerage business),640,183,16,0295(brokerage business),670,2,16,0103(brokerage business),790,-8
17,0268(brokerage business),621,222,17,0253(brokerage business),600,16,17,0059(brokerage business),753,99
18,0049(brokerage business),541,-31,18,0137(brokerage business),582,67,18,0239(brokerage business),752,-7
19,0095(brokerage business),497,490,19,0321(brokerage business),430,-3,19,0163(brokerage business),618,142
20,0082(brokerage business),472,431,20,0311(brokerage business),425,1,20,0042(brokerage business),571,12
Total,,46043,7548,Total,,37953,1307,Total,,30610,279
Member/OSP Type,Total Volume,Change from Previous Trading Day,Member/OSP Type,Total Long Position,Change from Previous Trading Day,Member/OSP Type,Total Short Position,Change from Previous Trading Day,,,
Contract Code：pball,,,,,,,2026-09-10,,,,
Name of FF Member/OSBP,175228,46392,Name of FF Member/OSBP,125648,2049,Name of FF Member/OSBP,125648,2049,,,
Name of Non-FF Member/OSNBP,0,0,Name of Non-FF Member/OSNBP,0,0,Name of Non-FF Member/OSNBP,0,0,,,
Ranking,Name of FF Member /OSBPs,Volume,Change from Previous Trading Day,Ranking,Name of FF Member /OSBPs,Long Position,Change from Previous Trading Day,Ranking,Name of FF Member /OSBPs,Short Position,Change from Previous Trading Day
Contract Code：pb2609,,,,,,,,,,2026-09-10,
1,0069(brokerage business),200,200,1,0049(brokerage business),1860,0,1,0148(brokerage business),1425,0
2,0275(brokerage business),180,180,2,0139(brokerage business),940,0,2,0049(brokerage business),690,20
3,0177(brokerage business),95,95,3,0069(brokerage business),310,0,3,0007(brokerage business),500,0
4,0059(brokerage business),90,90,4,0272(brokerage business),310,0,4,0029(brokerage business),330,0
5,0320(brokerage business),40,40,5,0320(brokerage business),300,40,5,0069(brokerage business),285,200
6,0049(brokerage business),20,15,6,0059(brokerage business),150,-90,6,0004(brokerage business),210,0
7,0272(brokerage business),15,15,7,0081(brokerage business),90,-5,7,0308(brokerage business),190,0
8,0295(brokerage business),15,15,8,0308(brokerage business),40,0,8,0272(brokerage business),150,-15
9,0004(brokerage business),10,10,9,0004(brokerage business),30,0,9,0052(brokerage business),85,0
10,0034(brokerage business),10,10,10,0295(brokerage business),20,-15,10,0077(brokerage business),55,0
11,0006(brokerage business),5,5,11,0006(brokerage business),5,5,11,0051(brokerage business),30,0
12,0081(brokerage business),5,5,12,0096(brokerage business),5,0,12,0059(brokerage business),30,0
13,0163(brokerage business),5,5,13,0177(brokerage business),5,5,13,0161(brokerage business),25,0
14,,,,14,,,,14,0253(brokerage business),20,0
15,,,,15,,,,15,0275(brokerage business),15,-180
16,,,,16,,,,16,0034(brokerage business),10,10
17,,,,17,,,,17,0320(brokerage business),10,0
18,,,,18,,,,18,0177(brokerage business),5,-90
Total,,690,685,Total,,4065,-60,Total,,4065,-55
Ranking,Name of FF Member /OSBPs,Volume,Change from Previous Trading Day,Ranking,Name of FF Member /OSBPs,Long Position,Change from Previous Trading Day,Ranking,Name of FF Member /OSBPs,Short Position,Change from Previous Trading Day
Contract Code：pb2610,,,,,,,,,,2026-09-10,
1,0004(brokerage business),21722,4061,1,0004(brokerage business),6931,365,1,0148(brokerage business),7921,-130
2,0163(brokerage business),20376,5766,2,0148(brokerage business),4777,-472,2,0004(brokerage business),5701,-241
3,0148(brokerage business),11248,885,3,0163(brokerage business),4030,14,3,0163(brokerage business),5513,798
4,0253(brokerage business),8977,2508,4,0308(brokerage business),3979,-215,4,0006(brokerage business),3220,-224
5,0259(brokerage business),6991,2580,5,0103(brokerage business),3692,169,5,0081(brokerage business),2353,275
6,0275(brokerage business),5568,1106,6,0049(brokerage business),3656,118,6,0153(brokerage business),2181,52
7,0272(brokerage business),4380,753,7,0272(brokerage business),3621,1338,7,0272(brokerage business),2132,98
8,0081(brokerage business),3834,1482,8,0288(brokerage business),2569,70,8,0103(brokerage business),2076,-24
9,0123(brokerage business),2994,994,9,0275(brokerage business),2528,24,9,0253(brokerage business),1746,100
10,0034(brokerage business),2874,1885,10,0139(brokerage business),2519,28,10,0335(brokerage business),1680,423
11,0335(brokerage business),2234,1018,11,0253(brokerage business),1707,231,11,0069(brokerage business),1586,-14
12,0103(brokerage business),1783,932,12,0274(brokerage business),1292,-15,12,0034(brokerage business),1400,760
13,0240(brokerage business),1626,-103,13,0082(brokerage business),1214,-6,13,0268(brokerage business),1363,-76
14,0069(brokerage business),1264,704,14,0034(brokerage business),1051,202,14,0184(brokerage business),1175,68
15,0268(brokerage business),1160,-62,15,0161(brokerage business),1016,86,15,0009(brokerage business),1171,-17
16,0389(brokerage business),1116,477,16,0178(brokerage business),814,197,16,0049(brokerage business),1148,-144
17,0320(brokerage business),973,627,17,0268(brokerage business),808,138,17,0059(brokerage business),1090,79
18,0019(brokerage business),944,-155,18,0019(brokerage business),702,-44,18,0137(brokerage business),943,-70
19,0308(brokerage business),825,326,19,0252(brokerage business),646,-3,19,0315(brokerage business),913,-39
20,0006(brokerage business),821,487,20,0123(brokerage business),630,-22,20,0088(brokerage business),892,4
Total,,101710,26271,Total,,48182,2203,Total,,46204,1678
Ranking,Name of FF Member /OSBPs,Volume,Change from Previous Trading Day,Ranking,Name of FF Member /OSBPs,Long Position,Change from Previous Trading Day,Ranking,Name of FF Member /OSBPs,Short Position,Change from Previous Trading Day
Contract Code：pb2611,,,,,,,,,,2026-09-10,
1,0148(brokerage business),7427,43,1,0272(brokerage business),8893,55,1,0239(brokerage business),5904,-172
2,0163(brokerage business),6963,3104,2,0148(brokerage business),5886,27,2,0148(brokerage business),5171,492
3,0004(brokerage business),6271,1454,3,0288(brokerage business),5290,108,3,0004(brokerage business),4008,66
4,0253(brokerage business),5731,2657,4,0004(brokerage business),4655,117,4,0103(brokerage business),3871,-88
5,0081(brokerage business),2378,670,5,0163(brokerage business),2412,433,5,0163(brokerage business),3248,94
6,0259(brokerage business),2150,1562,6,0268(brokerage business),2262,-206,6,0123(brokerage business),3079,-17
7,0275(brokerage business),1661,927,7,0069(brokerage business),1992,23,7,0335(brokerage business),1967,148
8,0272(brokerage business),1594,401,8,0034(brokerage business),1896,220,8,0081(brokerage business),1819,171
9,0240(brokerage business),1166,338,9,0184(brokerage business),1630,14,9,0082(brokerage business),1818,-103
10,0335(brokerage business),876,407,10,0081(brokerage business),1491,21,10,0084(brokerage business),1397,-173
11,0239(brokerage business),829,606,11,0253(brokerage business),1214,83,11,0139(brokerage business),1343,53
12,0082(brokerage business),824,461,12,0339(brokerage business),1160,-36,12,0308(brokerage business),1322,26
13,0069(brokerage business),680,473,13,0239(brokerage business),1125,-11,13,0320(brokerage business),1292,568
14,0320(brokerage business),674,399,14,0335(brokerage business),941,-130,14,0253(brokerage business),1283,76
15,0268(brokerage business),668,570,15,0077(brokerage business),869,14,15,0274(brokerage business),1203,-70
16,0049(brokerage business),641,446,16,0323(brokerage business),675,346,16,0042(brokerage business),1077,10
17,0308(brokerage business),593,216,17,0006(brokerage business),519,41,17,0272(brokerage business),820,-69
18,0034(brokerage business),553,281,18,0153(brokerage business),443,42,18,0177(brokerage business),768,40
19,0323(brokerage business),491,323,19,0274(brokerage business),415,96,19,0315(brokerage business),753,26
20,0274(brokerage business),466,68,20,0067(brokerage business),338,1,20,0009(brokerage business),675,33
Total,,42636,15406,Total,,44106,1258,Total,,42818,1111
Member/OSP Type,Total Volume,Change from Previous Trading Day,Member/OSP Type,Total Long Position,Change from Previous Trading Day,Member/OSP Type,Total Short Position,Change from Previous Trading Day,,,
Contract Code：niall,,,,,,,2026-09-10,,,,
Name of FF Member/OSBP,499802,56267,Name of FF Member/OSBP,318909,-21154,Name of FF Member/OSBP,315728,-21290,,,
Name of Non-FF Member/OSNBP,138,107,Name of Non-FF Member/OSNBP,30,0,Name of Non-FF Member/OSNBP,3211,136,,,
Ranking,Name of FF Member /OSBPs,Volume,Change from Previous Trading Day,Ranking,Name of FF Member /OSBPs,Long Position,Change from Previous Trading Day,Ranking,Name of FF Member /OSBPs,Short Position,Change from Previous Trading Day
Contract Code：ni2609,,,,,,,,,,2026-09-10,
1,0163(brokerage business),180,180,1,0148(brokerage business),1992,0,1,0004(brokerage business),2514,0
2,0169(brokerage business),156,156,2,0004(brokerage business),1968,-12,2,0148(brokerage business),1950,0
3,0096(brokerage business),138,138,3,0253(brokerage business),1446,-120,3,0272(brokerage business),1440,-6
4,0253(brokerage business),120,114,4,0139(brokerage business),1200,0,4,0169(brokerage business),750,-156
5,0272(brokerage business),114,108,5,0275(brokerage business),1074,0,5,0305(brokerage business),750,0
6,0123(brokerage business),90,90,6,0272(brokerage business),606,0,6,0059(brokerage business),690,0
7,0003(brokerage business),84,84,7,0082(brokerage business),600,0,7,0316(brokerage business),600,0
8,0004(brokerage business),72,66,8,0003(brokerage business),522,84,8,0323(brokerage business),510,0
9,0013(brokerage business),60,60,9,0240(brokerage business),450,54,9,0007(brokerage business),450,6
10,0311(brokerage business),60,-18,10,0096(brokerage business),378,-138,10,0418(brokerage business),450,0
11,0069(brokerage business),54,48,11,0059(brokerage business),360,0,11,0058(brokerage business),336,0
12,0240(brokerage business),54,54,12,0311(brokerage business),348,0,12,0275(brokerage business),294,0
13,0277(brokerage business),48,48,13,0049(brokerage business),330,0,13,0052(brokerage business),288,-12
14,0103(brokerage business),42,-180,14,0103(brokerage business),324,18,14,0153(brokerage business),288,0
15,0148(brokerage business),36,18,15,0322(brokerage business),300,0,15,0081(brokerage business),282,0
16,0308(brokerage business),36,36,16,0136(brokerage business),252,0,16,0240(brokerage business),276,0
17,0019(brokerage business),24,24,17,0058(brokerage business),228,0,17,0277(brokerage business),252,48
18,0034(brokerage business),24,12,18,0069(brokerage business),216,0,18,0308(brokerage business),192,-12
19,0067(brokerage business),24,24,19,0323(brokerage business),150,0,19,0389(brokerage business),180,24
20,0389(brokerage business),24,24,20,0320(brokerage business),102,0,20,0161(brokerage business),156,0
Total,,1440,1086,Total,,12846,-114,Total,,12648,-108
Ranking,Name of FF Member /OSBPs,Volume,Change from Previous Trading Day,Ranking,Name of FF Member /OSBPs,Long Position,Change from Previous Trading Day,Ranking,Name of FF Member /OSBPs,Short Position,Change from Previous Trading Day
Contract Code：ni2610,,,,,,,,,,2026-09-10,
1,0004(brokerage business),56669,7513,1,0004(brokerage business),9740,137,1,0004(brokerage business),16620,-1058
2,0163(brokerage business),32983,1731,2,0148(brokerage business),6168,-628,2,0148(brokerage business),13404,-2073
3,0148(brokerage business),28553,219,3,0253(brokerage business),5434,-519,3,0082(brokerage business),9730,14
4,0123(brokerage business),18797,7998,4,0163(brokerage business),5292,-1546,4,0253(brokerage business),4762,-469
5,0081(brokerage business),11251,1916,5,0103(brokerage business),5279,-515,5,0059(brokerage business),3956,-385
6,0253(brokerage business),11016,2183,6,0272(brokerage business),4207,215,6,0240(brokerage business),3735,-166
7,0275(brokerage business),9759,-329,7,0096(brokerage business),3173,-346,7,0139(brokerage business),3447,-205
8,0272(brokerage business),9691,1595,8,0077(brokerage business),2923,-394,8,0272(brokerage business),3115,-1906
9,0240(brokerage business),9684,1851,9,0042(brokerage business),2833,-418,9,0163(brokerage business),3030,-857
10,0034(brokerage business),6421,981,10,0240(brokerage business),2632,-1022,10,0335(brokerage business),2638,-478
11,0308(brokerage business),6418,2067,11,0034(brokerage business),2561,-785,11,0003(brokerage business),2383,874
12,0059(brokerage business),5720,-507,12,0003(brokerage business),2433,-736,12,0323(brokerage business),2282,-42
13,0268(brokerage business),5692,284,13,0275(brokerage business),2403,164,13,0268(brokerage business),2041,-31
14,0186(brokerage business),5022,595,14,0049(brokerage business),2077,-166,14,0288(brokerage business),1871,-432
15,0298(brokerage business),4765,-460,15,0081(brokerage business),2004,-287,15,0275(brokerage business),1864,-741
16,0069(brokerage business),4619,2188,16,0268(brokerage business),1937,-631,16,0169(brokerage business),1786,57
17,0009(brokerage business),3857,189,17,0161(brokerage business),1876,78,17,0043(brokerage business),1722,-81
18,0103(brokerage business),3173,-256,18,0316(brokerage business),1856,2,18,0161(brokerage business),1613,-437
19,0288(brokerage business),3028,-384,19,0018(brokerage business),1693,76,19,0259(brokerage business),1605,180
20,0096(brokerage business),2862,1015,20,0067(brokerage business),1691,-36,20,0069(brokerage business),1505,41
Total,,239980,30389,Total,,68212,-7357,Total,,83109,-8195
Ranking,Name of FF Member /OSBPs,Volume,Change from Previous Trading Day,Ranking,Name of FF Member /OSBPs,Long Position,Change from Previous Trading Day,Ranking,Name of FF Member /OSBPs,Short Position,Change from Previous Trading Day
Contract Code：ni2611,,,,,,,,,,2026-09-10,
1,0004(brokerage business),25236,6374,1,0103(brokerage business),15262,-298,1,0004(brokerage business),18610,-142
2,0148(brokerage business),14835,-1201,2,0148(brokerage business),11301,-396,2,0184(brokerage business),12176,-328
3,0163(brokerage business),9422,-69,3,0004(brokerage business),11241,222,3,0148(brokerage business),12073,-1377
4,0123(brokerage business),6072,2265,4,0096(brokerage business),7091,-64,4,0272(brokerage business),5916,8
5,0275(brokerage business),4363,572,5,0077(brokerage business),6131,-1,5,0009(brokerage business),4738,229
6,0253(brokerage business),4142,933,6,0272(brokerage business),3303,-385,6,0239(brokerage business),4485,-999
7,0081(brokerage business),3834,702,7,0163(brokerage business),2650,-199,7,0082(brokerage business),4003,-130
8,0272(brokerage business),2957,-119,8,0268(brokerage business),2365,-339,8,0042(brokerage business),3412,30
9,0009(brokerage business),2499,301,9,0059(brokerage business),2312,-121,9,0163(brokerage business),3199,-401
10,0018(brokerage business),2332,756,10,0003(brokerage business),2227,-263,10,0335(brokerage business),3102,-319
11,0308(brokerage business),2164,771,11,0082(brokerage business),2074,-52,11,0003(brokerage business),2817,-19
12,0240(brokerage business),2006,348,12,0316(brokerage business),1930,3,12,0123(brokerage business),2460,-97
13,0103(brokerage business),1526,541,13,0240(brokerage business),1781,-133,13,0253(brokerage business),1960,-229
14,0059(brokerage business),1469,-1295,14,0178(brokerage business),1747,-232,14,0275(brokerage business),1728,157
15,0335(brokerage business),1327,597,15,0335(brokerage business),1711,32,15,0022(brokerage business),1640,-78
16,0069(brokerage business),1316,637,16,0253(brokerage business),1374,-31,16,0029(brokerage business),1607,-28
17,0298(brokerage business),1265,166,17,0161(brokerage business),1196,26,17,0323(brokerage business),1532,206
18,0034(brokerage business),1179,267,18,0081(brokerage business),1163,-51,18,0240(brokerage business),1418,-261
19,0268(brokerage business),1083,255,19,0308(brokerage business),1100,-104,19,0103(brokerage business),1279,-194
20,0239(brokerage business),1024,50,20,0034(brokerage business),1069,-212,20,0308(brokerage business),1195,-78
Total,,90051,12851,Total,,79028,-2598,Total,,89350,-4050
Ranking,Name of FF Member /OSBPs,Volume,Change from Previous Trading Day,Ranking,Name of FF Member /OSBPs,Long Position,Change from Previous Trading Day,Ranking,Name of FF Member /OSBPs,Short Position,Change from Previous Trading Day
Contract Code：ni2612,,,,,,,,,,2026-09-10,
1,0004(brokerage business),4210,1181,1,0148(brokerage business),13310,82,1,0004(brokerage business),21279,176
2,0148(brokerage business),4006,950,2,0103(brokerage business),7558,-54,2,0272(brokerage business),4754,20
3,0163(brokerage business),1748,660,3,0096(brokerage business),5210,-73,3,0253(brokerage business),4741,132
4,0253(brokerage business),1381,159,4,0316(brokerage business),2199,1,4,0148(brokerage business),4387,-656
5,0081(brokerage business),1379,397,5,0003(brokerage business),1737,-10,5,0123(brokerage business),2609,9
6,0275(brokerage business),1073,34,6,0272(brokerage business),1714,-8,6,0139(brokerage business),2290,-2
7,0240(brokerage business),987,421,7,0178(brokerage business),1453,-33,7,0042(brokerage business),2172,1
8,0123(brokerage business),848,363,8,0004(brokerage business),1352,12,8,0240(brokerage business),1420,-143
9,0308(brokerage business),738,294,9,0163(brokerage business),1300,-11,9,0009(brokerage business),1148,150
10,0059(brokerage business),537,-290,10,0268(brokerage business),1115,275,10,0022(brokerage business),1114,-1
11,0268(brokerage business),485,366,11,0240(brokerage business),888,-10,11,0007(brokerage business),774,3
12,0096(brokerage business),435,269,12,0311(brokerage business),882,1,12,0077(brokerage business),667,-49
13,0103(brokerage business),383,123,13,0253(brokerage business),870,-31,13,0308(brokerage business),626,-255
14,0009(brokerage business),376,197,14,0263(brokerage business),748,-1,14,0153(brokerage business),563,30
15,0259(brokerage business),296,160,15,0034(brokerage business),701,-80,15,0295(brokerage business),409,0
16,0089(brokerage business),283,277,16,0308(brokerage business),683,-51,16,0239(brokerage business),393,-9
17,0327(brokerage business),257,-36,17,0059(brokerage business),624,-125,17,0163(brokerage business),384,-41
18,0018(brokerage business),255,143,18,0123(brokerage business),538,-21,18,0103(brokerage business),372,-57
19,0069(brokerage business),241,73,19,0288(brokerage business),502,-4,19,0331(brokerage business),367,0
20,0272(brokerage business),236,-170,20,0038(brokerage business),445,-3,20,0052(brokerage business),323,0
Total,,20154,5571,Total,,43829,-144,Total,,50792,-692
Ranking,Name of FF Member /OSBPs,Volume,Change from Previous Trading Day,Ranking,Name of FF Member /OSBPs,Long Position,Change from Previous Trading Day,Ranking,Name of FF Member /OSBPs,Short Position,Change from Previous Trading Day
Contract Code：ni2701,,,,,,,,,,2026-09-10,
1,0275(brokerage business),2056,55,1,0096(brokerage business),3844,-4,1,0148(brokerage business),4209,91
2,0163(brokerage business),1674,241,2,0103(brokerage business),2586,-434,2,0272(brokerage business),4179,-45
3,0004(brokerage business),1615,228,3,0148(brokerage business),1851,1,3,0004(brokerage business),2424,-313
4,0081(brokerage business),1308,337,4,0004(brokerage business),972,-10,4,0042(brokerage business),2365,-30
5,0148(brokerage business),1142,-33,5,0253(brokerage business),899,379,5,0253(brokerage business),2343,-164
6,0253(brokerage business),735,227,6,0025(brokerage business),643,-2,6,0240(brokerage business),1546,-87
7,0103(brokerage business),566,337,7,0069(brokerage business),552,15,7,0311(brokerage business),1164,-1
8,0123(brokerage business),504,163,8,0123(brokerage business),533,-2,8,0320(brokerage business),736,-153
9,0059(brokerage business),405,-124,9,0163(brokerage business),531,68,9,0022(brokerage business),712,1
10,0332(brokerage business),343,284,10,0323(brokerage business),380,-115,10,0103(brokerage business),619,4
11,0319(brokerage business),321,160,11,0272(brokerage business),378,-44,11,0288(brokerage business),410,14
12,0238(brokerage business),305,39,12,0240(brokerage business),341,-28,12,0058(brokerage business),385,0
13,0308(brokerage business),295,138,13,0277(brokerage business),339,-2,13,0163(brokerage business),358,-48
14,0058(brokerage business),274,92,14,0038(brokerage business),333,9,14,0268(brokerage business),338,5
15,0186(brokerage business),274,-74,15,0268(brokerage business),315,-16,15,0331(brokerage business),123,1
16,0272(brokerage business),269,44,16,0125(brokerage business),305,0,16,0019(brokerage business),109,0
17,0240(brokerage business),259,46,17,0003(brokerage business),283,0,17,0096(brokerage business),98,-3
18,0320(brokerage business),250,153,18,0308(brokerage business),283,33,18,0048(brokerage business),73,1
19,0342(brokerage business),203,59,19,0018(brokerage business),278,-54,19,0151(brokerage business),62,0
20,0323(brokerage business),196,157,20,0275(brokerage business),267,24,20,0275(brokerage business),62,-20
Total,,12994,2529,Total,,15913,-182,Total,,22315,-747
Member/OSP Type,Total Volume,Change from Previous Trading Day,Member/OSP Type,Total Long Position,Change from Previous Trading Day,Member/OSP Type,Total Short Position,Change from Previous Trading Day,,,
Contract Code：snall,,,,,,,2026-09-10,,,,
Name of FF Member/OSBP,344598,92730,Name of FF Member/OSBP,72287,5641,Name of FF Member/OSBP,72287,5641,,,
Name of Non-FF Member/OSNBP,0,0,Name of Non-FF Member/OSNBP,0,0,Name of Non-FF Member/OSNBP,0,0,,,
Ranking,Name of FF Member /OSBPs,Volume,Change from Previous Trading Day,Ranking,Name of FF Member /OSBPs,Long Position,Change from Previous Trading Day,Ranking,Name of FF Member /OSBPs,Short Position,Change from Previous Trading Day
Contract Code：sn2609,,,,,,,,,,2026-09-10,
1,0163(brokerage business),34,22,1,0148(brokerage business),480,4,1,0272(brokerage business),1282,-2
2,0148(brokerage business),28,24,2,0004(brokerage business),416,0,2,0042(brokerage business),658,0
3,0299(brokerage business),18,12,3,0049(brokerage business),206,14,3,0349(brokerage business),120,0
4,0308(brokerage business),18,8,4,0034(brokerage business),200,-2,4,0007(brokerage business),72,0
5,0009(brokerage business),16,16,5,0058(brokerage business),170,0,5,0103(brokerage business),64,0
6,0049(brokerage business),14,12,6,0048(brokerage business),160,0,6,0311(brokerage business),44,-2
7,0004(brokerage business),12,8,7,0268(brokerage business),142,0,7,0268(brokerage business),42,0
8,0103(brokerage business),10,2,8,0009(brokerage business),120,0,8,0069(brokerage business),34,0
9,0034(brokerage business),6,-4,9,0316(brokerage business),100,0,9,0009(brokerage business),22,16
10,0272(brokerage business),6,6,10,0069(brokerage business),76,0,10,0163(brokerage business),8,-12
11,0311(brokerage business),2,2,11,0042(brokerage business),50,0,11,0052(brokerage business),6,0
12,,,,12,0082(brokerage business),48,0,12,0153(brokerage business),6,0
13,,,,13,0163(brokerage business),42,14,13,0004(brokerage business),4,0
14,,,,14,0338(brokerage business),40,0,14,0059(brokerage business),4,0
15,,,,15,0240(brokerage business),38,0,15,0148(brokerage business),2,0
16,,,,16,0308(brokerage business),20,-2,16,,,
17,,,,17,0275(brokerage business),16,0,17,,,
18,,,,18,0077(brokerage business),14,0,18,,,
19,,,,19,0305(brokerage business),10,0,19,,,
20,,,,20,0067(brokerage business),4,0,20,,,
Total,,164,108,Total,,2352,28,Total,,2368,0
Ranking,Name of FF Member /OSBPs,Volume,Change from Previous Trading Day,Ranking,Name of FF Member /OSBPs,Long Position,Change from Previous Trading Day,Ranking,Name of FF Member /OSBPs,Short Position,Change from Previous Trading Day
Contract Code：sn2610,,,,,,,,,,2026-09-10,
1,0004(brokerage business),42390,10790,1,0148(brokerage business),4008,624,1,0004(brokerage business),4385,233
2,0148(brokerage business),30557,7214,2,0004(brokerage business),3629,123,2,0240(brokerage business),3415,176
3,0163(brokerage business),20173,5414,3,0163(brokerage business),2984,875,3,0148(brokerage business),2360,-131
4,0275(brokerage business),12102,1369,4,0059(brokerage business),1613,549,4,0272(brokerage business),1867,146
5,0253(brokerage business),10522,2069,5,0268(brokerage business),1397,-534,5,0163(brokerage business),1591,276
6,0240(brokerage business),8109,1813,6,0272(brokerage business),1173,230,6,0034(brokerage business),1312,29
7,0081(brokerage business),7337,1745,7,0082(brokerage business),1018,142,7,0042(brokerage business),1280,14
8,0272(brokerage business),6392,701,8,0253(brokerage business),891,222,8,0275(brokerage business),860,341
9,0268(brokerage business),5987,1057,9,0081(brokerage business),872,79,9,0059(brokerage business),856,210
10,0298(brokerage business),5167,37,10,0240(brokerage business),774,23,10,0007(brokerage business),824,173
11,0186(brokerage business),4881,386,11,0275(brokerage business),758,89,11,0323(brokerage business),796,-19
12,0308(brokerage business),4386,1287,12,0096(brokerage business),708,-61,12,0253(brokerage business),791,102
13,0059(brokerage business),4321,-478,13,0103(brokerage business),634,127,13,0139(brokerage business),790,11
14,0259(brokerage business),3958,1023,14,0009(brokerage business),605,159,14,0082(brokerage business),789,279
15,0009(brokerage business),3930,1896,15,0034(brokerage business),559,-103,15,0268(brokerage business),783,167
16,0034(brokerage business),3580,754,16,0042(brokerage business),559,104,16,0103(brokerage business),778,-4
17,0103(brokerage business),3195,538,17,0288(brokerage business),543,-23,17,0096(brokerage business),764,-4
18,0123(brokerage business),3080,-2830,18,0335(brokerage business),539,125,18,0153(brokerage business),760,-29
19,0082(brokerage business),2483,1089,19,0007(brokerage business),537,-80,19,0049(brokerage business),656,57
20,0323(brokerage business),2418,743,20,0018(brokerage business),537,203,20,0018(brokerage business),612,24
Total,,184968,36617,Total,,24338,2873,Total,,26269,2051
Ranking,Name of FF Member /OSBPs,Volume,Change from Previous Trading Day,Ranking,Name of FF Member /OSBPs,Long Position,Change from Previous Trading Day,Ranking,Name of FF Member /OSBPs,Short Position,Change from Previous Trading Day
Contract Code：sn2611,,,,,,,,,,2026-09-10,
1,0004(brokerage business),11611,5161,1,0004(brokerage business),2523,462,1,0272(brokerage business),2012,114
2,0148(brokerage business),10126,4668,2,0148(brokerage business),1969,172,2,0148(brokerage business),1503,30
3,0275(brokerage business),5728,1464,3,0239(brokerage business),1290,22,3,0004(brokerage business),1487,-127
4,0163(brokerage business),5332,1957,4,0084(brokerage business),1135,0,4,0323(brokerage business),1424,38
5,0253(brokerage business),2971,1221,5,0163(brokerage business),1008,46,5,0034(brokerage business),920,227
6,0081(brokerage business),2122,789,6,0268(brokerage business),819,-190,6,0042(brokerage business),879,-45
7,0240(brokerage business),1718,720,7,0096(brokerage business),731,-49,7,0163(brokerage business),870,-42
8,0009(brokerage business),1617,1344,8,0123(brokerage business),717,33,8,0096(brokerage business),841,146
9,0059(brokerage business),1412,-32,9,0274(brokerage business),610,108,9,0007(brokerage business),765,-54
10,0268(brokerage business),1232,556,10,0009(brokerage business),479,146,10,0077(brokerage business),503,99
11,0123(brokerage business),1157,183,11,0103(brokerage business),471,54,11,0178(brokerage business),458,84
12,0272(brokerage business),1154,370,12,0052(brokerage business),441,-99,12,0268(brokerage business),458,188
13,0034(brokerage business),1122,709,13,0272(brokerage business),416,4,13,0059(brokerage business),424,139
14,0259(brokerage business),930,609,14,0240(brokerage business),366,109,14,0139(brokerage business),389,8
15,0096(brokerage business),901,289,15,0253(brokerage business),336,14,15,0003(brokerage business),370,9
16,0082(brokerage business),841,419,16,0059(brokerage business),317,145,16,0240(brokerage business),333,25
17,0137(brokerage business),660,370,17,0067(brokerage business),292,246,17,0045(brokerage business),247,-17
18,0161(brokerage business),600,462,18,0335(brokerage business),282,189,18,0299(brokerage business),206,0
19,0186(brokerage business),596,260,19,0049(brokerage business),269,-228,19,0103(brokerage business),192,22
20,0271(brokerage business),485,74,20,0323(brokerage business),225,77,20,0018(brokerage business),188,93
Total,,52315,21593,Total,,14696,1261,Total,,14469,937
Member/OSP Type,Total Volume,Change from Previous Trading Day,Member/OSP Type,Total Long Position,Change from Previous Trading Day,Member/OSP Type,Total Short Position,Change from Previous Trading Day,,,
Contract Code：aoall,,,,,,,2026-09-10,,,,
Name of FF Member/OSBP,487584,-232174,Name of FF Member/OSBP,441597,-1830,Name of FF Member/OSBP,438547,-1830,,,
Name of Non-FF Member/OSNBP,0,-200,Name of Non-FF Member/OSNBP,0,0,Name of Non-FF Member/OSNBP,3050,0,,,
Ranking,Name of FF Member /OSBPs,Volume,Change from Previous Trading Day,Ranking,Name of FF Member /OSBPs,Long Position,Change from Previous Trading Day,Ranking,Name of FF Member /OSBPs,Short Position,Change from Previous Trading Day
Contract Code：ao2609,,,,,,,,,,2026-09-10,
1,0019(brokerage business),90,90,1,0018(brokerage business),1050,0,1,0148(brokerage business),870,-45
2,0136(brokerage business),90,-90,2,0327(brokerage business),990,0,2,0004(brokerage business),855,0
3,0277(brokerage business),90,90,3,0034(brokerage business),900,0,3,0096(brokerage business),570,0
4,0275(brokerage business),75,60,4,0136(brokerage business),300,0,4,0139(brokerage business),405,0
5,0148(brokerage business),45,-45,5,0103(brokerage business),240,0,5,0272(brokerage business),210,0
6,0151(brokerage business),30,-120,6,0148(brokerage business),150,0,6,0136(brokerage business),135,-90
7,0268(brokerage business),30,30,7,0268(brokerage business),30,30,7,0320(brokerage business),90,0
8,,,,8,,,,8,0123(brokerage business),45,0
9,,,,9,,,,9,0268(brokerage business),30,0
Total,,450,15,Total,,3660,30,Total,,3210,-135
Ranking,Name of FF Member /OSBPs,Volume,Change from Previous Trading Day,Ranking,Name of FF Member /OSBPs,Long Position,Change from Previous Trading Day,Ranking,Name of FF Member /OSBPs,Short Position,Change from Previous Trading Day
Contract Code：ao2610,,,,,,,,,,2026-09-10,
1,0163(brokerage business),12821,-10308,1,0004(brokerage business),3936,-600,1,0148(brokerage business),8513,-1154
2,0004(brokerage business),8886,-15128,2,0082(brokerage business),3188,-57,2,0004(brokerage business),7171,-646
3,0148(brokerage business),6575,-12058,3,0096(brokerage business),2489,-74,3,0103(brokerage business),3465,-125
4,0275(brokerage business),5440,-3125,4,0253(brokerage business),2353,-681,4,0323(brokerage business),2298,181
5,0253(brokerage business),3996,-2175,5,0323(brokerage business),2178,-146,5,0151(brokerage business),2222,-225
6,0240(brokerage business),2117,-2481,6,0148(brokerage business),2167,-601,6,0268(brokerage business),1827,-98
7,0298(brokerage business),1969,-1797,7,0163(brokerage business),1869,-1453,7,0019(brokerage business),1717,-333
8,0081(brokerage business),1944,-3578,8,0272(brokerage business),1633,-127,8,0059(brokerage business),1587,-350
9,0123(brokerage business),1636,-813,9,0298(brokerage business),1606,-213,9,0163(brokerage business),1563,-330
10,0272(brokerage business),1409,-5034,10,0034(brokerage business),1601,-331,10,0253(brokerage business),1202,-99
11,0268(brokerage business),1397,-2881,11,0288(brokerage business),1457,-229,11,0321(brokerage business),1133,-10
12,0288(brokerage business),1366,-1377,12,0103(brokerage business),1269,-275,12,0139(brokerage business),1127,-26
13,0034(brokerage business),1181,-968,13,0003(brokerage business),1161,-11,13,0274(brokerage business),1053,-444
14,0186(brokerage business),1171,-1173,14,0137(brokerage business),1134,-287,14,0240(brokerage business),1033,-255
15,0059(brokerage business),1125,-1495,15,0151(brokerage business),1121,-169,15,0081(brokerage business),1005,-260
16,0151(brokerage business),946,-1097,16,0275(brokerage business),1080,-64,16,0259(brokerage business),993,-13
17,0069(brokerage business),923,-464,17,0327(brokerage business),1074,-9,17,0029(brokerage business),976,118
18,0308(brokerage business),869,-1533,18,0018(brokerage business),1072,-332,18,0272(brokerage business),967,-340
19,0137(brokerage business),849,-1128,19,0058(brokerage business),1020,-92,19,0288(brokerage business),897,-385
20,0029(brokerage business),756,-422,20,0081(brokerage business),923,-102,20,0275(brokerage business),862,-582
Total,,57376,-69035,Total,,34331,-5853,Total,,41611,-5376
Ranking,Name of FF Member /OSBPs,Volume,Change from Previous Trading Day,Ranking,Name of FF Member /OSBPs,Long Position,Change from Previous Trading Day,Ranking,Name of FF Member /OSBPs,Short Position,Change from Previous Trading Day
Contract Code：ao2611,,,,,,,,,,2026-09-10,
1,0163(brokerage business),11402,-1266,1,0272(brokerage business),15975,-336,1,0004(brokerage business),8540,-20
2,0148(brokerage business),4700,-1075,2,0082(brokerage business),10716,2,2,0323(brokerage business),8522,22
3,0049(brokerage business),3846,885,3,0323(brokerage business),10211,1034,3,0151(brokerage business),7802,33
4,0004(brokerage business),2339,-5495,4,0151(brokerage business),6930,-6,4,0148(brokerage business),7627,-1769
5,0253(brokerage business),2080,-1183,5,0240(brokerage business),6639,139,5,0240(brokerage business),7294,-68
6,0275(brokerage business),1980,-6804,6,0004(brokerage business),6303,-15,6,0163(brokerage business),6480,-774
7,0268(brokerage business),1859,-956,7,0253(brokerage business),6239,-236,7,0178(brokerage business),5906,667
8,0178(brokerage business),1849,219,8,0178(brokerage business),5932,776,8,0161(brokerage business),5151,7
9,0323(brokerage business),1662,1362,9,0161(brokerage business),4593,1,9,0268(brokerage business),4910,-372
10,0161(brokerage business),1570,-1399,10,0163(brokerage business),3605,-222,10,0253(brokerage business),4892,-26
11,0274(brokerage business),1475,1182,11,0077(brokerage business),2949,5,11,0103(brokerage business),4128,-24
12,0081(brokerage business),1362,-911,12,0268(brokerage business),2124,-761,12,0019(brokerage business),3622,49
13,0240(brokerage business),1289,-726,13,0048(brokerage business),2060,-304,13,0335(brokerage business),2715,44
14,0009(brokerage business),1224,-1065,14,0308(brokerage business),1607,33,14,0048(brokerage business),2058,-56
15,0059(brokerage business),1002,-896,15,0034(brokerage business),1472,-8,15,0275(brokerage business),1294,217
16,0123(brokerage business),951,-4428,16,0103(brokerage business),867,118,16,0274(brokerage business),1158,1044
17,0048(brokerage business),718,-104,17,0123(brokerage business),779,-33,17,0123(brokerage business),1098,-50
18,0272(brokerage business),630,-687,18,0139(brokerage business),737,-17,18,0082(brokerage business),1011,70
19,0151(brokerage business),611,-1224,19,0009(brokerage business),731,-32,19,0288(brokerage business),975,-32
20,0067(brokerage business),502,151,20,0137(brokerage business),730,-241,20,0081(brokerage business),838,150
Total,,43051,-24420,Total,,91199,-103,Total,,86021,-888
Ranking,Name of FF Member /OSBPs,Volume,Change from Previous Trading Day,Ranking,Name of FF Member /OSBPs,Long Position,Change from Previous Trading Day,Ranking,Name of FF Member /OSBPs,Short Position,Change from Previous Trading Day
Contract Code：ao2612,,,,,,,,,,2026-09-10,
1,0163(brokerage business),3223,638,1,0323(brokerage business),8008,-1,1,0323(brokerage business),8244,0
2,0148(brokerage business),3212,2379,2,0151(brokerage business),6050,-7,2,0151(brokerage business),6247,0
3,0272(brokerage business),1857,842,3,0240(brokerage business),4878,103,3,0240(brokerage business),5383,122
4,0161(brokerage business),965,-424,4,0161(brokerage business),4535,20,4,0161(brokerage business),4587,-21
5,0268(brokerage business),907,216,5,0268(brokerage business),4182,19,5,0268(brokerage business),4122,-18
6,0103(brokerage business),828,-183,6,0163(brokerage business),3765,-229,6,0004(brokerage business),3795,87
7,0009(brokerage business),716,-228,7,0178(brokerage business),3337,318,7,0163(brokerage business),3711,144
8,0178(brokerage business),635,-263,8,0004(brokerage business),3286,-95,8,0178(brokerage business),3387,317
9,0253(brokerage business),634,150,9,0272(brokerage business),2974,-18,9,0253(brokerage business),2996,18
10,0240(brokerage business),595,12,10,0253(brokerage business),2638,0,10,0059(brokerage business),1966,-63
11,0081(brokerage business),591,-371,11,0059(brokerage business),1947,-75,11,0048(brokerage business),1904,-65
12,0323(brokerage business),567,190,12,0048(brokerage business),1788,-65,12,0103(brokerage business),1901,822
13,0004(brokerage business),546,-367,13,0082(brokerage business),1650,0,13,0148(brokerage business),1826,-2236
14,0123(brokerage business),543,-352,14,0034(brokerage business),1621,9,14,0335(brokerage business),1611,291
15,0151(brokerage business),525,-36,15,0139(brokerage business),1359,6,15,0123(brokerage business),762,31
16,0003(brokerage business),450,-42,16,0009(brokerage business),916,-314,16,0288(brokerage business),419,22
17,0059(brokerage business),354,-21,17,0288(brokerage business),815,16,17,0003(brokerage business),393,150
18,0141(brokerage business),319,25,18,0029(brokerage business),599,244,18,0043(brokerage business),392,4
19,0335(brokerage business),291,-80,19,0095(brokerage business),570,-1,19,0153(brokerage business),338,0
20,0238(brokerage business),265,39,20,0148(brokerage business),381,-30,20,0272(brokerage business),327,75
Total,,18023,2124,Total,,55299,-100,Total,,54311,-320
Ranking,Name of FF Member /OSBPs,Volume,Change from Previous Trading Day,Ranking,Name of FF Member /OSBPs,Long Position,Change from Previous Trading Day,Ranking,Name of FF Member /OSBPs,Short Position,Change from Previous Trading Day
Contract Code：ao2701,,,,,,,,,,2026-09-10,
1,0004(brokerage business),68251,-18765,1,0004(brokerage business),18341,-756,1,0004(brokerage business),22283,1523
2,0163(brokerage business),30315,-9489,2,0034(brokerage business),13114,26,2,0148(brokerage business),20617,1291
3,0148(brokerage business),24370,-6800,3,0148(brokerage business),11602,319,3,0103(brokerage business),16736,148
4,0275(brokerage business),15643,-1517,4,0082(brokerage business),10726,-38,4,0335(brokerage business),11133,751
5,0253(brokerage business),9575,-1076,5,0077(brokerage business),7228,-26,5,0163(brokerage business),8023,680
6,0059(brokerage business),9118,1099,6,0163(brokerage business),6793,1525,6,0272(brokerage business),7628,-758
7,0240(brokerage business),8778,-2330,7,0123(brokerage business),6502,1061,7,0253(brokerage business),7342,341
8,0272(brokerage business),8579,-2635,8,0103(brokerage business),4968,306,8,0059(brokerage business),7077,1986
9,0186(brokerage business),6566,-387,9,0253(brokerage business),4911,-200,9,0003(brokerage business),5781,-396
10,0298(brokerage business),5938,562,10,0116(brokerage business),4711,26,10,0268(brokerage business),5678,-39
11,0081(brokerage business),4932,-2623,11,0288(brokerage business),4684,361,11,0082(brokerage business),4284,173
12,0268(brokerage business),4864,-4490,12,0323(brokerage business),4437,-24,12,0058(brokerage business),3855,210
13,0103(brokerage business),4306,-2604,13,0272(brokerage business),4081,-801,13,0288(brokerage business),3255,45
14,0123(brokerage business),4106,-92,14,0003(brokerage business),3597,286,14,0034(brokerage business),3236,171
15,0274(brokerage business),3775,344,15,0096(brokerage business),2950,87,15,0151(brokerage business),3235,164
16,0034(brokerage business),3391,-1643,16,0268(brokerage business),2721,71,16,0123(brokerage business),3057,-51
17,0069(brokerage business),3336,-372,17,0161(brokerage business),2657,-260,17,0240(brokerage business),2997,-63
18,0308(brokerage business),3251,-273,18,0275(brokerage business),2549,298,18,0069(brokerage business),2741,306
19,0323(brokerage business),3031,-196,19,0186(brokerage business),2410,154,19,0274(brokerage business),2429,-639
20,0019(brokerage business),2977,-372,20,0240(brokerage business),2391,93,20,0275(brokerage business),2197,33
Total,,225102,-53659,Total,,121373,2508,Total,,143584,5876
Member/OSP Type,Total Volume,Change from Previous Trading Day,Member/OSP Type,Total Long Position,Change from Previous Trading Day,Member/OSP Type,Total Short Position,Change from Previous Trading Day,,,
Contract Code：adall,,,,,,,2026-09-10,,,,
Name of FF Member/OSBP,22376,-7088,Name of FF Member/OSBP,25071,-38,Name of FF Member/OSBP,25071,-38,,,
Name of Non-FF Member/OSNBP,0,0,Name of Non-FF Member/OSNBP,0,0,Name of Non-FF Member/OSNBP,0,0,,,
Ranking,Name of FF Member /OSBPs,Volume,Change from Previous Trading Day,Ranking,Name of FF Member /OSBPs,Long Position,Change from Previous Trading Day,Ranking,Name of FF Member /OSBPs,Short Position,Change from Previous Trading Day
Contract Code：ad2609,,,,,,,,,,2026-09-10,
1,0320(brokerage business),63,63,1,0018(brokerage business),180,0,1,0275(brokerage business),186,0
2,0148(brokerage business),45,42,2,0148(brokerage business),135,45,2,0004(brokerage business),99,0
3,0004(brokerage business),21,21,3,0320(brokerage business),123,-63,3,0123(brokerage business),81,0
4,0019(brokerage business),6,6,4,0004(brokerage business),33,15,4,0103(brokerage business),63,0
5,0311(brokerage business),3,3,5,0272(brokerage business),33,0,5,0169(brokerage business),33,0
6,,,,6,0163(brokerage business),9,0,6,0277(brokerage business),27,0
7,,,,7,0125(brokerage business),6,0,7,0153(brokerage business),18,0
8,,,,8,,,,8,0139(brokerage business),12,0
Total,,138,135,Total,,519,-3,Total,,519,0
Ranking,Name of FF Member /OSBPs,Volume,Change from Previous Trading Day,Ranking,Name of FF Member /OSBPs,Long Position,Change from Previous Trading Day,Ranking,Name of FF Member /OSBPs,Short Position,Change from Previous Trading Day
Contract Code：ad2610,,,,,,,,,,2026-09-10,
1,0163(brokerage business),424,-313,1,0004(brokerage business),594,-65,1,0123(brokerage business),474,-4
2,0004(brokerage business),242,-32,2,0123(brokerage business),396,17,2,0139(brokerage business),382,0
3,0320(brokerage business),200,27,3,0323(brokerage business),349,-1,3,0253(brokerage business),382,35
4,0148(brokerage business),127,-466,4,0253(brokerage business),335,7,4,0275(brokerage business),369,16
5,0268(brokerage business),116,60,5,0139(brokerage business),319,0,5,0009(brokerage business),342,0
6,0257(brokerage business),93,-154,6,0257(brokerage business),298,-12,6,0323(brokerage business),319,0
7,0275(brokerage business),85,-40,7,0009(brokerage business),295,0,7,0048(brokerage business),304,-2
8,0253(brokerage business),82,-25,8,0008(brokerage business),290,1,8,0257(brokerage business),294,3
9,0272(brokerage business),78,-155,9,0048(brokerage business),285,-2,9,0008(brokerage business),290,1
10,0137(brokerage business),77,-113,10,0275(brokerage business),284,1,10,0096(brokerage business),276,1
11,0349(brokerage business),76,0,11,0137(brokerage business),278,-7,11,0137(brokerage business),258,8
12,0096(brokerage business),74,-66,12,0096(brokerage business),270,1,12,0004(brokerage business),245,-35
13,0018(brokerage business),59,-38,13,0034(brokerage business),262,-27,13,0163(brokerage business),151,4
14,0059(brokerage business),47,1,14,0163(brokerage business),118,-10,14,0349(brokerage business),142,-16
15,0058(brokerage business),39,-26,15,0272(brokerage business),101,69,15,0272(brokerage business),136,-3
16,0138(brokerage business),35,35,16,0148(brokerage business),100,-19,16,0103(brokerage business),103,-11
17,0048(brokerage business),34,-65,17,0043(brokerage business),45,0,17,0148(brokerage business),88,-2
18,0123(brokerage business),33,-135,18,0299(brokerage business),44,-1,18,0268(brokerage business),62,35
19,0008(brokerage business),30,-18,19,0069(brokerage business),30,30,19,0335(brokerage business),52,0
20,0069(brokerage business),30,-29,20,0277(brokerage business),24,-2,20,0277(brokerage business),30,0
Total,,1981,-1552,Total,,4717,-20,Total,,4699,30
Ranking,Name of FF Member /OSBPs,Volume,Change from Previous Trading Day,Ranking,Name of FF Member /OSBPs,Long Position,Change from Previous Trading Day,Ranking,Name of FF Member /OSBPs,Short Position,Change from Previous Trading Day
Contract Code：ad2611,,,,,,,,,,2026-09-10,
1,0163(brokerage business),2270,96,1,0323(brokerage business),1944,5,1,0323(brokerage business),1899,4
2,0004(brokerage business),1530,66,2,0123(brokerage business),1833,-53,2,0123(brokerage business),1698,-46
3,0081(brokerage business),1338,6,3,0139(brokerage business),1412,8,3,0139(brokerage business),1675,0
4,0008(brokerage business),1290,277,4,0148(brokerage business),1266,-63,4,0004(brokerage business),1464,29
5,0123(brokerage business),1125,-1394,5,0253(brokerage business),1191,31,5,0253(brokerage business),1305,-2
6,0253(brokerage business),1053,-128,6,0257(brokerage business),1191,25,6,0257(brokerage business),1212,3
7,0275(brokerage business),898,-139,7,0048(brokerage business),1137,-28,7,0048(brokerage business),1123,-28
8,0257(brokerage business),836,-754,8,0163(brokerage business),1077,60,8,0137(brokerage business),1025,6
9,0048(brokerage business),812,132,9,0137(brokerage business),1036,-15,9,0096(brokerage business),1013,3
10,0139(brokerage business),606,23,10,0096(brokerage business),1005,2,10,0009(brokerage business),920,29
11,0148(brokerage business),553,111,11,0009(brokerage business),932,28,11,0008(brokerage business),899,1
12,0096(brokerage business),483,54,12,0275(brokerage business),909,22,12,0275(brokerage business),886,0
13,0272(brokerage business),421,-343,13,0008(brokerage business),899,1,13,0272(brokerage business),852,-122
14,0069(brokerage business),274,85,14,0034(brokerage business),432,24,14,0268(brokerage business),501,-23
15,0067(brokerage business),213,23,15,0004(brokerage business),404,27,15,0148(brokerage business),457,-28
16,0042(brokerage business),149,93,16,0082(brokerage business),247,-26,16,0069(brokerage business),374,230
17,0058(brokerage business),142,-79,17,0272(brokerage business),132,61,17,0067(brokerage business),300,-3
18,0323(brokerage business),137,20,18,0288(brokerage business),126,-32,18,0163(brokerage business),263,28
19,0077(brokerage business),136,131,19,0259(brokerage business),89,8,19,0018(brokerage business),201,28
20,0268(brokerage business),130,-36,20,0086(brokerage business),83,-2,20,0151(brokerage business),166,-1
Total,,14396,-1756,Total,,17345,83,Total,,18233,108
Member/OSP Type,Total Volume,Change from Previous Trading Day,Member/OSP Type,Total Long Position,Change from Previous Trading Day,Member/OSP Type,Total Short Position,Change from Previous Trading Day,,,
Contract Code：auall,,,,,,,2026-09-10,,,,
Name of FF Member/OSBP,759561,229162,Name of FF Member/OSBP,323938,5143,Name of FF Member/OSBP,70482,-1294,,,
Name of Non-FF Member/OSNBP,21885,4018,Name of Non-FF Member/OSNBP,79300,3582,Name of Non-FF Member/OSNBP,332756,10019,,,
Ranking,Name of FF Member /OSBPs,Volume,Change from Previous Trading Day,Ranking,Name of FF Member /OSBPs,Long Position,Change from Previous Trading Day,Ranking,Name of FF Member /OSBPs,Short Position,Change from Previous Trading Day
Contract Code：au2609,,,,,,,,,,2026-09-10,
1,,,,1,0004(brokerage business),207,0,1,0186(brokerage business),69,0
2,,,,2,0277(brokerage business),12,0,2,0253(brokerage business),33,0
3,,,,3,0008(brokerage business),9,0,3,,,
4,,,,4,0272(brokerage business),9,0,4,,,
5,,,,5,0049(brokerage business),3,0,5,,,
6,,,,6,0123(brokerage business),3,0,6,,,
Total,,,,Total,,243,0,Total,,102,0
Ranking,Name of FF Member /OSBPs,Volume,Change from Previous Trading Day,Ranking,Name of FF Member /OSBPs,Long Position,Change from Previous Trading Day,Ranking,Name of FF Member /OSBPs,Short Position,Change from Previous Trading Day
Contract Code：au2610,,,,,,,,,,2026-09-10,
1,0004(brokerage business),91047,21636,1,0004(brokerage business),18842,-1443,1,0004(brokerage business),8925,-28
2,0148(brokerage business),67513,17357,2,0148(brokerage business),12069,348,2,0240(brokerage business),2110,-19
3,0163(brokerage business),48332,13183,3,0163(brokerage business),7387,147,3,0163(brokerage business),1840,-161
4,0308(brokerage business),28522,7922,4,0272(brokerage business),7093,-27,4,0148(brokerage business),1766,-523
5,0272(brokerage business),28325,7813,5,0288(brokerage business),4947,0,5,0253(brokerage business),1684,246
6,0253(brokerage business),25752,5054,6,0253(brokerage business),4879,20,6,0272(brokerage business),1338,14
7,0275(brokerage business),16795,4430,7,0082(brokerage business),4672,-248,7,0268(brokerage business),1127,-67
8,0096(brokerage business),12566,6101,8,0034(brokerage business),4549,-119,8,0001(brokerage business),985,52
9,0081(brokerage business),12378,6381,9,0240(brokerage business),4099,43,9,0009(brokerage business),868,25
10,0009(brokerage business),11434,2716,10,0103(brokerage business),4036,-5,10,0049(brokerage business),761,7
11,0240(brokerage business),11006,2737,11,0268(brokerage business),3386,-157,11,0288(brokerage business),758,-40
12,0161(brokerage business),9666,3002,12,0042(brokerage business),3176,-126,12,0059(brokerage business),704,-1
13,0123(brokerage business),9480,2878,13,0275(brokerage business),2812,-46,13,0137(brokerage business),702,-24
14,0034(brokerage business),9270,2005,14,0169(brokerage business),2774,-98,14,0275(brokerage business),683,-7
15,0268(brokerage business),9144,1501,15,0335(brokerage business),2358,17,15,0096(brokerage business),675,-79
16,0372(brokerage business),7780,555,16,0161(brokerage business),2352,24,16,0034(brokerage business),593,25
17,0298(brokerage business),7440,1373,17,0081(brokerage business),1942,-26,17,0095(brokerage business),552,3
18,0274(brokerage business),6496,1703,18,0274(brokerage business),1925,-66,18,0042(brokerage business),507,-23
19,0069(brokerage business),6454,4210,19,0323(brokerage business),1874,17,19,0023(brokerage business),460,1
20,0077(brokerage business),6072,1502,20,0308(brokerage business),1717,49,20,0372(brokerage business),452,-488
Total,,425472,114059,Total,,96889,-1696,Total,,27490,-1087
Ranking,Name of FF Member /OSBPs,Volume,Change from Previous Trading Day,Ranking,Name of FF Member /OSBPs,Long Position,Change from Previous Trading Day,Ranking,Name of FF Member /OSBPs,Short Position,Change from Previous Trading Day
Contract Code：au2612,,,,,,,,,,2026-09-10,
1,0004(brokerage business),25793,12414,1,0004(brokerage business),23066,1039,1,0148(brokerage business),3324,15
2,0272(brokerage business),16009,5030,2,0148(brokerage business),15601,4,2,0004(brokerage business),2121,234
3,0148(brokerage business),15823,6065,3,0163(brokerage business),7779,-103,3,0025(brokerage business),1802,1
4,0253(brokerage business),9372,2764,4,0253(brokerage business),5597,-71,4,0268(brokerage business),1607,63
5,0163(brokerage business),8683,1330,5,0103(brokerage business),5021,7,5,0082(brokerage business),1329,112
6,0009(brokerage business),4879,232,6,0067(brokerage business),4608,2002,6,0001(brokerage business),1286,54
7,0096(brokerage business),4587,2752,7,0272(brokerage business),4569,160,7,0049(brokerage business),1195,92
8,0274(brokerage business),4491,1279,8,0240(brokerage business),3751,84,8,0089(brokerage business),970,9
9,0308(brokerage business),4069,1328,9,0003(brokerage business),2566,58,9,0272(brokerage business),864,127
10,0001(brokerage business),3624,1327,10,0268(brokerage business),2516,154,10,0052(brokerage business),805,0
11,0067(brokerage business),3591,3144,11,0082(brokerage business),2369,-26,11,0096(brokerage business),640,17
12,0275(brokerage business),3577,1783,12,0123(brokerage business),2311,-76,12,0253(brokerage business),623,69
13,0069(brokerage business),3349,3031,13,0288(brokerage business),2176,-23,13,0009(brokerage business),600,-2
14,0240(brokerage business),2958,638,14,0239(brokerage business),2094,198,14,0034(brokerage business),564,-5
15,0161(brokerage business),2701,573,15,0069(brokerage business),1981,76,15,0042(brokerage business),435,-1
16,0019(brokerage business),2472,1097,16,0096(brokerage business),1769,64,16,0372(brokerage business),427,1
17,0311(brokerage business),2346,1318,17,0034(brokerage business),1724,-77,17,0007(brokerage business),392,17
18,0081(brokerage business),2113,707,18,0042(brokerage business),1683,28,18,0288(brokerage business),358,232
19,0123(brokerage business),1767,666,19,0323(brokerage business),1667,34,19,0161(brokerage business),344,42
20,0103(brokerage business),1638,175,20,0349(brokerage business),1650,9,20,0163(brokerage business),268,-16
Total,,123842,47653,Total,,94498,3541,Total,,19954,1061
Ranking,Name of FF Member /OSBPs,Volume,Change from Previous Trading Day,Ranking,Name of FF Member /OSBPs,Long Position,Change from Previous Trading Day,Ranking,Name of FF Member /OSBPs,Short Position,Change from Previous Trading Day
Contract Code：au2702,,,,,,,,,,2026-09-10,
1,0148(brokerage business),5973,3254,1,0067(brokerage business),2930,900,1,0323(brokerage business),1037,10
2,0004(brokerage business),5207,2614,2,0272(brokerage business),2754,114,2,0004(brokerage business),760,-250
3,0272(brokerage business),4449,1251,3,0148(brokerage business),2746,44,3,0025(brokerage business),360,60
4,0161(brokerage business),4381,1879,4,0004(brokerage business),2146,81,4,0275(brokerage business),284,-8
5,0308(brokerage business),3839,1856,5,0323(brokerage business),1172,12,5,0148(brokerage business),262,-235
6,0253(brokerage business),3271,1956,6,0288(brokerage business),933,104,6,0169(brokerage business),234,-1
7,0096(brokerage business),2227,2043,7,0163(brokerage business),920,-49,7,0042(brokerage business),177,-63
8,0163(brokerage business),2087,1100,8,0253(brokerage business),680,290,8,0272(brokerage business),136,-9
9,0009(brokerage business),1286,747,9,0103(brokerage business),648,17,9,0058(brokerage business),98,-18
10,0067(brokerage business),967,920,10,0123(brokerage business),580,6,10,0268(brokerage business),80,-1
11,0274(brokerage business),921,-121,11,0025(brokerage business),499,0,11,0034(brokerage business),73,3
12,0069(brokerage business),839,753,12,0009(brokerage business),466,3,12,0163(brokerage business),73,-28
13,0081(brokerage business),706,219,13,0308(brokerage business),437,112,13,0239(brokerage business),66,0
14,0240(brokerage business),685,391,14,0311(brokerage business),420,6,14,0308(brokerage business),65,-17
15,0137(brokerage business),510,206,15,0274(brokerage business),375,9,15,0240(brokerage business),60,-38
16,0288(brokerage business),506,-185,16,0268(brokerage business),342,-55,16,0009(brokerage business),54,-5
17,0059(brokerage business),454,167,17,0161(brokerage business),288,25,17,0007(brokerage business),47,5
18,0268(brokerage business),428,-46,18,0008(brokerage business),287,0,18,0253(brokerage business),44,-197
19,0156(brokerage business),259,194,19,0240(brokerage business),270,-1,19,0137(brokerage business),42,-18
20,0275(brokerage business),255,-324,20,0081(brokerage business),241,-3,20,0081(brokerage business),39,-5
Total,,39250,18874,Total,,19134,1615,Total,,3991,-815
Ranking,Name of FF Member /OSBPs,Volume,Change from Previous Trading Day,Ranking,Name of FF Member /OSBPs,Long Position,Change from Previous Trading Day,Ranking,Name of FF Member /OSBPs,Short Position,Change from Previous Trading Day
Contract Code：au2704,,,,,,,,,,2026-09-10,
1,0308(brokerage business),1355,564,1,0148(brokerage business),2461,0,1,0323(brokerage business),1000,-1
2,0161(brokerage business),1285,680,2,0067(brokerage business),1325,12,2,0004(brokerage business),187,-22
3,0163(brokerage business),1025,172,3,0004(brokerage business),1234,25,3,0272(brokerage business),74,-7
4,0004(brokerage business),867,512,4,0323(brokerage business),1062,12,4,0009(brokerage business),39,3
5,0148(brokerage business),756,439,5,0123(brokerage business),565,-2,5,0096(brokerage business),37,30
6,0253(brokerage business),551,389,6,0275(brokerage business),353,0,6,0163(brokerage business),35,7
7,0137(brokerage business),366,116,7,0272(brokerage business),315,95,7,0049(brokerage business),33,6
8,0069(brokerage business),287,270,8,0327(brokerage business),193,0,8,0042(brokerage business),28,2
9,0272(brokerage business),236,139,9,0163(brokerage business),179,-18,9,0244(brokerage business),28,-1
10,0268(brokerage business),198,72,10,0253(brokerage business),179,-100,10,0268(brokerage business),26,1
11,0081(brokerage business),194,56,11,0288(brokerage business),173,2,11,0253(brokerage business),23,7
12,0009(brokerage business),145,105,12,0156(brokerage business),161,0,12,0308(brokerage business),23,13
13,0240(brokerage business),99,77,13,0001(brokerage business),125,4,13,0151(brokerage business),22,15
14,0271(brokerage business),92,3,14,0268(brokerage business),106,1,14,0332(brokerage business),22,0
15,0001(brokerage business),76,62,15,0308(brokerage business),95,18,15,0333(brokerage business),22,0
16,0096(brokerage business),45,43,16,0240(brokerage business),78,5,16,0148(brokerage business),19,-4
17,0103(brokerage business),43,42,17,0003(brokerage business),66,0,17,0081(brokerage business),16,1
18,0151(brokerage business),41,30,18,0311(brokerage business),64,1,18,0137(brokerage business),14,-2
19,0121(brokerage business),40,40,19,0018(brokerage business),56,-5,19,0153(brokerage business),14,0
20,0123(brokerage business),35,15,20,0048(brokerage business),50,-10,20,0161(brokerage business),14,4
Total,,7736,3826,Total,,8840,40,Total,,1676,52
Member/OSP Type,Total Volume,Change from Previous Trading Day,Member/OSP Type,Total Long Position,Change from Previous Trading Day,Member/OSP Type,Total Short Position,Change from Previous Trading Day,,,
Contract Code：agall,,,,,,,2026-09-10,,,,
Name of FF Member/OSBP,2270046,929659,Name of FF Member/OSBP,491286,-378,Name of FF Member/OSBP,337387,-1894,,,
Name of Non-FF Member/OSNBP,13902,8161,Name of Non-FF Member/OSNBP,56649,1002,Name of Non-FF Member/OSNBP,210548,2518,,,
Ranking,Name of FF Member /OSBPs,Volume,Change from Previous Trading Day,Ranking,Name of FF Member /OSBPs,Long Position,Change from Previous Trading Day,Ranking,Name of FF Member /OSBPs,Short Position,Change from Previous Trading Day
Contract Code：ag2609,,,,,,,,,,2026-09-10,
1,0268(brokerage business),80,-16,1,0004(brokerage business),1132,48,1,0001(brokerage business),526,0
2,0103(brokerage business),62,62,2,0148(brokerage business),296,-6,2,0049(brokerage business),472,0
3,0004(brokerage business),48,36,3,0321(brokerage business),268,0,3,0311(brokerage business),438,-36
4,0272(brokerage business),48,16,4,0058(brokerage business),170,0,4,0275(brokerage business),220,18
5,0299(brokerage business),40,40,5,0272(brokerage business),166,-16,5,0004(brokerage business),212,0
6,0338(brokerage business),40,40,6,0308(brokerage business),144,0,6,0052(brokerage business),96,0
7,0163(brokerage business),36,18,7,0025(brokerage business),100,0,7,0034(brokerage business),82,0
8,0311(brokerage business),36,36,8,0276(brokerage business),100,0,8,0306(brokerage business),54,30
9,0306(brokerage business),30,28,9,0103(brokerage business),82,62,9,0153(brokerage business),32,0
10,0321(brokerage business),28,28,10,0240(brokerage business),82,0,10,0321(brokerage business),30,-28
11,0069(brokerage business),22,-18,11,0069(brokerage business),72,22,11,0043(brokerage business),16,2
12,0275(brokerage business),18,16,12,0253(brokerage business),70,0,12,0051(brokerage business),16,0
13,0123(brokerage business),16,16,13,0171(brokerage business),60,0,13,0067(brokerage business),4,0
14,0151(brokerage business),10,-2,14,0322(brokerage business),60,0,14,0177(brokerage business),4,0
15,0148(brokerage business),6,0,15,0268(brokerage business),50,-80,15,0123(brokerage business),2,0
16,0034(brokerage business),4,-16,16,0299(brokerage business),44,-40,16,0161(brokerage business),2,0
17,0240(brokerage business),4,0,17,0077(brokerage business),40,0,17,,,
18,0043(brokerage business),2,-4,18,0338(brokerage business),40,40,18,,,
19,,,,19,0096(brokerage business),36,0,19,,,
20,,,,20,0042(brokerage business),20,0,20,,,
Total,,530,280,Total,,3032,30,Total,,2206,-14
Ranking,Name of FF Member /OSBPs,Volume,Change from Previous Trading Day,Ranking,Name of FF Member /OSBPs,Long Position,Change from Previous Trading Day,Ranking,Name of FF Member /OSBPs,Short Position,Change from Previous Trading Day
Contract Code：ag2610,,,,,,,,,,2026-09-10,
1,0004(brokerage business),190278,79955,1,0004(brokerage business),14848,-97,1,0004(brokerage business),17702,500
2,0148(brokerage business),117049,39835,2,0148(brokerage business),12861,-940,2,0148(brokerage business),14615,-1023
3,0163(brokerage business),79534,28009,3,0163(brokerage business),10232,241,3,0049(brokerage business),6956,-88
4,0275(brokerage business),53153,23509,4,0272(brokerage business),7403,16,4,0163(brokerage business),6189,-139
5,0240(brokerage business),52875,21097,5,0034(brokerage business),6641,-173,5,0137(brokerage business),5584,-3042
6,0253(brokerage business),45671,22416,6,0288(brokerage business),5777,126,6,0253(brokerage business),4547,-74
7,0272(brokerage business),41725,14792,7,0253(brokerage business),5334,-1029,7,0272(brokerage business),4499,-547
8,0308(brokerage business),39933,17503,8,0240(brokerage business),5145,-107,8,0001(brokerage business),3736,-33
9,0034(brokerage business),33069,13102,9,0268(brokerage business),4207,-213,9,0240(brokerage business),3276,-311
10,0268(brokerage business),29530,11613,10,0275(brokerage business),3857,-1156,10,0034(brokerage business),2861,-8
11,0081(brokerage business),28017,12535,11,0049(brokerage business),3792,-388,11,0139(brokerage business),2571,136
12,0298(brokerage business),27495,10980,12,0009(brokerage business),3511,-870,12,0082(brokerage business),2568,529
13,0186(brokerage business),21932,7594,13,0103(brokerage business),3449,373,13,0042(brokerage business),2540,-99
14,0137(brokerage business),16309,4890,14,0059(brokerage business),3401,33,14,0275(brokerage business),2095,-309
15,0103(brokerage business),15489,4238,15,0323(brokerage business),3352,-193,15,0288(brokerage business),2078,-536
16,0288(brokerage business),15358,5554,16,0081(brokerage business),3266,56,16,0315(brokerage business),1872,22
17,0123(brokerage business),14967,2833,17,0042(brokerage business),3206,-144,17,0006(brokerage business),1795,40
18,0323(brokerage business),14519,5933,18,0082(brokerage business),3173,-623,18,0308(brokerage business),1781,152
19,0009(brokerage business),13259,6211,19,0069(brokerage business),2830,-183,19,0059(brokerage business),1776,-604
20,0161(brokerage business),12998,5082,20,0003(brokerage business),2811,-52,20,0025(brokerage business),1752,-12
Total,,863160,337681,Total,,109096,-5323,Total,,90793,-5446
Ranking,Name of FF Member /OSBPs,Volume,Change from Previous Trading Day,Ranking,Name of FF Member /OSBPs,Long Position,Change from Previous Trading Day,Ranking,Name of FF Member /OSBPs,Short Position,Change from Previous Trading Day
Contract Code：ag2612,,,,,,,,,,2026-09-10,
1,0004(brokerage business),42878,24236,1,0272(brokerage business),14206,63,1,0148(brokerage business),24198,-1178
2,0148(brokerage business),26788,12621,2,0082(brokerage business),11706,122,2,0004(brokerage business),14307,1396
3,0275(brokerage business),26485,10345,3,0004(brokerage business),11698,910,3,0163(brokerage business),6539,136
4,0163(brokerage business),20510,8777,4,0163(brokerage business),9727,-566,4,0272(brokerage business),5414,1513
5,0240(brokerage business),14838,7401,5,0049(brokerage business),8572,-294,5,0049(brokerage business),5196,309
6,0253(brokerage business),14245,9799,6,0148(brokerage business),6904,-542,6,0103(brokerage business),4363,-874
7,0272(brokerage business),11122,4494,7,0067(brokerage business),6857,818,7,0025(brokerage business),3070,-4
8,0081(brokerage business),9874,5151,8,0103(brokerage business),6295,83,8,0034(brokerage business),3023,-19
9,0123(brokerage business),9393,3426,9,0288(brokerage business),5851,-131,9,0123(brokerage business),2710,-7
10,0308(brokerage business),7771,3869,10,0253(brokerage business),5282,207,10,0042(brokerage business),2505,-759
11,0103(brokerage business),7605,4093,11,0268(brokerage business),5115,-146,11,0139(brokerage business),2449,90
12,0034(brokerage business),7040,3293,12,0025(brokerage business),4334,-13,12,0315(brokerage business),2438,91
13,0009(brokerage business),5219,2648,13,0042(brokerage business),4156,-32,13,0240(brokerage business),2284,-68
14,0268(brokerage business),4592,2042,14,0043(brokerage business),4107,10,14,0372(brokerage business),2172,-81
15,0137(brokerage business),4392,2508,15,0240(brokerage business),4065,14,15,0082(brokerage business),2025,25
16,0161(brokerage business),4352,2906,16,0034(brokerage business),3807,-175,16,0274(brokerage business),1992,0
17,0049(brokerage business),3817,2283,17,0161(brokerage business),2381,-91,17,0009(brokerage business),1967,119
18,0096(brokerage business),3471,209,18,0275(brokerage business),2280,-235,18,0096(brokerage business),1957,85
19,0298(brokerage business),3287,1361,19,0123(brokerage business),2271,34,19,0137(brokerage business),1892,-38
20,0069(brokerage business),3165,1633,20,0003(brokerage business),2152,-4,20,0006(brokerage business),1681,-225
Total,,230844,113095,Total,,121766,32,Total,,92182,511
Ranking,Name of FF Member /OSBPs,Volume,Change from Previous Trading Day,Ranking,Name of FF Member /OSBPs,Long Position,Change from Previous Trading Day,Ranking,Name of FF Member /OSBPs,Short Position,Change from Previous Trading Day
Contract Code：ag2702,,,,,,,,,,2026-09-10,
1,0004(brokerage business),74522,34973,1,0148(brokerage business),5707,-1076,1,0004(brokerage business),9310,-310
2,0163(brokerage business),59430,26236,2,0082(brokerage business),3929,54,2,0148(brokerage business),8969,-656
3,0148(brokerage business),46418,18125,3,0272(brokerage business),3372,54,3,0372(brokerage business),6645,-8
4,0275(brokerage business),30380,10844,4,0043(brokerage business),3322,4,4,0163(brokerage business),5334,127
5,0240(brokerage business),22973,8148,5,0163(brokerage business),3148,159,5,0272(brokerage business),3463,-4
6,0253(brokerage business),20184,10629,6,0004(brokerage business),3022,595,6,0049(brokerage business),3147,6
7,0009(brokerage business),18710,6921,7,0067(brokerage business),2345,599,7,0042(brokerage business),1836,31
8,0081(brokerage business),16088,9089,8,0253(brokerage business),2225,-683,8,0123(brokerage business),1461,-34
9,0067(brokerage business),14726,14292,9,0009(brokerage business),1927,490,9,0069(brokerage business),1424,301
10,0308(brokerage business),13793,3625,10,0049(brokerage business),1882,5,10,0034(brokerage business),1033,17
11,0123(brokerage business),13692,3824,11,0003(brokerage business),1399,11,11,0315(brokerage business),684,0
12,0272(brokerage business),12408,4538,12,0123(brokerage business),1193,-60,12,0253(brokerage business),616,149
13,0298(brokerage business),8859,3010,13,0240(brokerage business),952,92,13,0288(brokerage business),498,336
14,0038(brokerage business),8841,4716,14,0268(brokerage business),922,24,14,0240(brokerage business),448,-285
15,0186(brokerage business),7673,1831,15,0151(brokerage business),908,18,15,0009(brokerage business),417,-8
16,0268(brokerage business),6676,1276,16,0333(brokerage business),769,-23,16,0096(brokerage business),332,111
17,0096(brokerage business),6387,2645,17,0034(brokerage business),692,15,17,0311(brokerage business),294,1
18,0137(brokerage business),5873,2158,18,0103(brokerage business),671,-244,18,0298(brokerage business),288,14
19,0161(brokerage business),5751,3352,19,0059(brokerage business),667,12,19,0275(brokerage business),264,-183
20,0034(brokerage business),4586,1171,20,0298(brokerage business),633,45,20,0052(brokerage business),256,7
Total,,397970,171403,Total,,39685,91,Total,,46719,-388
Member/OSP Type,Total Volume,Change from Previous Trading Day,Member/OSP Type,Total Long Position,Change from Previous Trading Day,Member/OSP Type,Total Short Position,Change from Previous Trading Day,,,
Contract Code：rball,,,,,,,2026-09-10,,,,
Name of FF Member/OSBP,1870786,288558,Name of FF Member/OSBP,2770901,38712,Name of FF Member/OSBP,2770901,38712,,,
Name of Non-FF Member/OSNBP,0,0,Name of Non-FF Member/OSNBP,0,0,Name of Non-FF Member/OSNBP,0,0,,,
Ranking,Name of FF Member /OSBPs,Volume,Change from Previous Trading Day,Ranking,Name of FF Member /OSBPs,Long Position,Change from Previous Trading Day,Ranking,Name of FF Member /OSBPs,Short Position,Change from Previous Trading Day
Contract Code：rb2609,,,,,,,,,,2026-09-10,
1,0240(brokerage business),300,300,1,0008(brokerage business),870,120,1,0007(brokerage business),630,0
2,0008(brokerage business),120,90,2,0163(brokerage business),600,0,2,0004(brokerage business),480,0
3,0159(brokerage business),120,120,3,0067(brokerage business),150,0,3,0277(brokerage business),330,0
4,0151(brokerage business),60,0,4,0159(brokerage business),120,120,4,0253(brokerage business),240,-30
5,0275(brokerage business),60,60,5,0240(brokerage business),30,-300,5,0272(brokerage business),30,0
6,0253(brokerage business),30,30,6,0268(brokerage business),30,0,6,0274(brokerage business),30,-30
7,0274(brokerage business),30,30,7,,,,7,0275(brokerage business),30,-60
8,,,,8,,,,8,0323(brokerage business),30,0
Total,,720,630,Total,,1800,-60,Total,,1800,-120
Ranking,Name of FF Member /OSBPs,Volume,Change from Previous Trading Day,Ranking,Name of FF Member /OSBPs,Long Position,Change from Previous Trading Day,Ranking,Name of FF Member /OSBPs,Short Position,Change from Previous Trading Day
Contract Code：rb2610,,,,,,,,,,2026-09-10,
1,0163(brokerage business),38083,16456,1,0004(brokerage business),51151,-6468,1,0004(brokerage business),58872,-4161
2,0004(brokerage business),37057,6455,2,0163(brokerage business),25444,4542,2,0163(brokerage business),36112,-3496
3,0148(brokerage business),20501,-3252,3,0148(brokerage business),24728,451,3,0103(brokerage business),31319,-4503
4,0253(brokerage business),18784,9085,4,0103(brokerage business),15791,-355,4,0148(brokerage business),28815,-1846
5,0275(brokerage business),15463,2231,5,0272(brokerage business),14431,-866,5,0034(brokerage business),24199,-2762
6,0240(brokerage business),7897,5074,6,0009(brokerage business),11515,-289,6,0275(brokerage business),16925,-1054
7,0103(brokerage business),7084,751,7,0275(brokerage business),11286,-166,7,0096(brokerage business),15570,-1023
8,0259(brokerage business),6997,5171,8,0058(brokerage business),10571,403,8,0253(brokerage business),14852,5158
9,0081(brokerage business),6617,663,9,0125(brokerage business),10551,-1301,9,0123(brokerage business),12774,-530
10,0052(brokerage business),5131,4556,10,0178(brokerage business),10215,-866,10,0272(brokerage business),12040,-114
11,0159(brokerage business),4526,4240,11,0253(brokerage business),9806,-4218,11,0059(brokerage business),10164,-1109
12,0034(brokerage business),4490,-9811,12,0082(brokerage business),9295,311,12,0058(brokerage business),9393,1144
13,0272(brokerage business),4252,-500,13,0123(brokerage business),9235,-833,13,0042(brokerage business),9292,-329
14,0042(brokerage business),3401,-344,14,0069(brokerage business),8590,-51,14,0274(brokerage business),8562,2
15,0137(brokerage business),3353,2179,15,0034(brokerage business),7730,-798,15,0259(brokerage business),7625,118
16,0268(brokerage business),2956,659,16,0059(brokerage business),7730,48,16,0178(brokerage business),7339,-629
17,0059(brokerage business),2839,-1661,17,0137(brokerage business),7116,-1200,17,0306(brokerage business),7207,-902
18,0186(brokerage business),2663,75,18,0323(brokerage business),6815,-493,18,0418(brokerage business),7137,-2
19,0082(brokerage business),2601,1435,19,0186(brokerage business),6166,-1304,19,0238(brokerage business),7000,-248
20,0058(brokerage business),2425,669,20,0240(brokerage business),5989,-100,20,0082(brokerage business),6632,-884
Total,,197120,44131,Total,,264155,-13553,Total,,331829,-17170
Ranking,Name of FF Member /OSBPs,Volume,Change from Previous Trading Day,Ranking,Name of FF Member /OSBPs,Long Position,Change from Previous Trading Day,Ranking,Name of FF Member /OSBPs,Short Position,Change from Previous Trading Day
Contract Code：rb2611,,,,,,,,,,2026-09-10,
1,0163(brokerage business),7259,1302,1,0323(brokerage business),54351,39,1,0323(brokerage business),52684,96
2,0253(brokerage business),4621,1939,2,0004(brokerage business),34820,920,2,0148(brokerage business),33733,-479
3,0004(brokerage business),4263,640,3,0148(brokerage business),30839,49,3,0004(brokerage business),30319,983
4,0259(brokerage business),3616,3295,4,0253(brokerage business),30491,-233,4,0151(brokerage business),28805,453
5,0082(brokerage business),3447,1028,5,0163(brokerage business),29422,-562,5,0253(brokerage business),28161,-4
6,0034(brokerage business),3130,1830,6,0151(brokerage business),26273,361,6,0163(brokerage business),27185,-669
7,0081(brokerage business),2551,1354,7,0268(brokerage business),18428,-289,7,0082(brokerage business),18095,4
8,0096(brokerage business),2078,897,8,0081(brokerage business),18325,-389,8,0081(brokerage business),18077,-554
9,0148(brokerage business),2068,-408,9,0082(brokerage business),18024,1,9,0272(brokerage business),17929,462
10,0139(brokerage business),1488,435,10,0272(brokerage business),17685,259,10,0268(brokerage business),17150,-273
11,0048(brokerage business),1334,1214,11,0069(brokerage business),15710,26,11,0069(brokerage business),16020,83
12,0272(brokerage business),1189,-37,12,0139(brokerage business),13021,-92,12,0139(brokerage business),13022,-58
13,0275(brokerage business),1186,-1431,13,0103(brokerage business),9349,-561,13,0096(brokerage business),10435,695
14,0103(brokerage business),1134,-75,14,0096(brokerage business),6775,157,14,0103(brokerage business),9572,-415
15,0151(brokerage business),1056,26,15,0244(brokerage business),6602,50,15,0034(brokerage business),9245,2838
16,0268(brokerage business),1038,93,16,0372(brokerage business),5881,-31,16,0275(brokerage business),8646,1
17,0069(brokerage business),1011,688,17,0019(brokerage business),5869,-27,17,0244(brokerage business),6422,-17
18,0178(brokerage business),862,739,18,0259(brokerage business),3542,3404,18,0019(brokerage business),3938,-4
19,0161(brokerage business),561,453,19,0263(brokerage business),2634,0,19,0042(brokerage business),3741,7
20,0009(brokerage business),512,318,20,0159(brokerage business),2045,0,20,0077(brokerage business),3701,-13
Total,,44404,14300,Total,,350086,3082,Total,,356880,3136
Ranking,Name of FF Member /OSBPs,Volume,Change from Previous Trading Day,Ranking,Name of FF Member /OSBPs,Long Position,Change from Previous Trading Day,Ranking,Name of FF Member /OSBPs,Short Position,Change from Previous Trading Day
Contract Code：rb2701,,,,,,,,,,2026-09-10,
1,0148(brokerage business),201898,-11522,1,0148(brokerage business),230191,10411,1,0004(brokerage business),173979,23417
2,0004(brokerage business),180843,26281,2,0004(brokerage business),138605,2172,2,0148(brokerage business),107373,4331
3,0163(brokerage business),128234,-11105,3,0272(brokerage business),83514,3904,3,0103(brokerage business),96628,6616
4,0253(brokerage business),97908,43553,4,0103(brokerage business),77004,144,4,0239(brokerage business),94051,-3803
5,0272(brokerage business),69724,20079,5,0163(brokerage business),75546,1024,5,0163(brokerage business),80190,5934
6,0275(brokerage business),48171,-9105,6,0034(brokerage business),66879,-1600,6,0082(brokerage business),54969,987
7,0103(brokerage business),38024,9872,7,0253(brokerage business),63990,11442,7,0007(brokerage business),48708,239
8,0059(brokerage business),33237,3283,8,0323(brokerage business),41059,959,8,0272(brokerage business),45067,-656
9,0034(brokerage business),30869,-13541,9,0268(brokerage business),37042,1493,9,0058(brokerage business),42619,-154
10,0259(brokerage business),27002,2881,10,0274(brokerage business),33215,2129,10,0253(brokerage business),38208,3774
11,0186(brokerage business),25833,10143,11,0059(brokerage business),33034,2572,11,0059(brokerage business),35997,6647
12,0081(brokerage business),25665,11816,12,0042(brokerage business),31134,-308,12,0084(brokerage business),35416,-1481
13,0274(brokerage business),24029,9397,13,0240(brokerage business),27944,139,13,0274(brokerage business),34932,-1258
14,0268(brokerage business),22793,2407,14,0096(brokerage business),24330,1550,14,0277(brokerage business),33971,-745
15,0240(brokerage business),19933,2705,15,0058(brokerage business),22137,3840,15,0123(brokerage business),28615,-26
16,0009(brokerage business),17412,10986,16,0009(brokerage business),21728,-1377,16,0275(brokerage business),28287,-574
17,0123(brokerage business),16204,3468,17,0069(brokerage business),21240,-2215,17,0003(brokerage business),26175,-721
18,0019(brokerage business),14344,6725,18,0153(brokerage business),20202,-1091,18,0125(brokerage business),25769,-149
19,0161(brokerage business),13892,8324,19,0123(brokerage business),19136,890,19,0034(brokerage business),25494,-4571
20,0096(brokerage business),13297,5859,20,0238(brokerage business),18535,88,20,0067(brokerage business),25341,2240
Total,,1049312,132506,Total,,1086465,36166,Total,,1081789,40047
Ranking,Name of FF Member /OSBPs,Volume,Change from Previous Trading Day,Ranking,Name of FF Member /OSBPs,Long Position,Change from Previous Trading Day,Ranking,Name of FF Member /OSBPs,Short Position,Change from Previous Trading Day
Contract Code：rb2703,,,,,,,,,,2026-09-10,
1,0163(brokerage business),17165,5998,1,0323(brokerage business),39835,14,1,0323(brokerage business),39596,126
2,0004(brokerage business),7343,6198,2,0253(brokerage business),23072,1194,2,0253(brokerage business),22799,1073
3,0148(brokerage business),6387,3365,3,0274(brokerage business),20187,0,3,0274(brokerage business),20787,0
4,0096(brokerage business),5164,423,4,0082(brokerage business),18032,46,4,0082(brokerage business),18063,-15
5,0138(brokerage business),4018,-9,5,0163(brokerage business),15823,640,5,0163(brokerage business),15600,665
6,0253(brokerage business),3929,372,6,0151(brokerage business),15753,686,6,0004(brokerage business),15587,1209
7,0082(brokerage business),3707,730,7,0103(brokerage business),15320,10,7,0151(brokerage business),15528,679
8,0151(brokerage business),2309,32,8,0004(brokerage business),14870,2424,8,0103(brokerage business),15433,31
9,0081(brokerage business),2261,-447,9,0268(brokerage business),14649,523,9,0268(brokerage business),14672,486
10,0272(brokerage business),1812,549,10,0081(brokerage business),12955,890,10,0081(brokerage business),12931,921
11,0311(brokerage business),1474,-110,11,0139(brokerage business),12581,452,11,0139(brokerage business),12541,447
12,0268(brokerage business),1145,219,12,0272(brokerage business),11569,887,12,0272(brokerage business),11335,835
13,0275(brokerage business),947,-81,13,0148(brokerage business),10366,-40,13,0148(brokerage business),10846,925
14,0385(brokerage business),924,694,14,0096(brokerage business),8459,53,14,0096(brokerage business),8436,-51
15,0139(brokerage business),903,299,15,0069(brokerage business),7393,311,15,0069(brokerage business),7329,267
16,0069(brokerage business),856,403,16,0238(brokerage business),5635,8,16,0238(brokerage business),5604,-2
17,0103(brokerage business),831,-78,17,0138(brokerage business),4217,1995,17,0138(brokerage business),4004,2001
18,0323(brokerage business),822,157,18,0254(brokerage business),2930,0,18,0254(brokerage business),2931,0
19,0161(brokerage business),557,483,19,0019(brokerage business),2842,290,19,0019(brokerage business),2798,149
20,0019(brokerage business),543,204,20,0259(brokerage business),2645,12,20,0259(brokerage business),2618,3
Total,,63097,19401,Total,,259133,10395,Total,,259438,9749
Member/OSP Type,Total Volume,Change from Previous Trading Day,Member/OSP Type,Total Long Position,Change from Previous Trading Day,Member/OSP Type,Total Short Position,Change from Previous Trading Day,,,
Contract Code：hcall,,,,,,,2026-09-10,,,,
Name of FF Member/OSBP,833288,82084,Name of FF Member/OSBP,2146060,-33097,Name of FF Member/OSBP,2146060,-33097,,,
Name of Non-FF Member/OSNBP,0,0,Name of Non-FF Member/OSNBP,0,0,Name of Non-FF Member/OSNBP,0,0,,,
Ranking,Name of FF Member /OSBPs,Volume,Change from Previous Trading Day,Ranking,Name of FF Member /OSBPs,Long Position,Change from Previous Trading Day,Ranking,Name of FF Member /OSBPs,Short Position,Change from Previous Trading Day
Contract Code：hc2609,,,,,,,,,,2026-09-10,
1,,,,1,0004(brokerage business),930,0,1,0004(brokerage business),1590,0
2,,,,2,0151(brokerage business),720,0,2,0008(brokerage business),870,0
3,,,,3,0076(brokerage business),660,0,3,0159(brokerage business),480,0
4,,,,4,0125(brokerage business),540,0,4,0171(brokerage business),210,0
5,,,,5,0067(brokerage business),360,0,5,0067(brokerage business),180,0
6,,,,6,0148(brokerage business),210,0,6,0125(brokerage business),150,0
7,,,,7,0277(brokerage business),120,0,7,0042(brokerage business),120,0
8,,,,8,0103(brokerage business),60,0,8,0019(brokerage business),60,0
9,,,,9,0163(brokerage business),30,0,9,,,
10,,,,10,0272(brokerage business),30,0,10,,,
Total,,,,Total,,3660,0,Total,,3660,0
Ranking,Name of FF Member /OSBPs,Volume,Change from Previous Trading Day,Ranking,Name of FF Member /OSBPs,Long Position,Change from Previous Trading Day,Ranking,Name of FF Member /OSBPs,Short Position,Change from Previous Trading Day
Contract Code：hc2610,,,,,,,,,,2026-09-10,
1,0004(brokerage business),17207,2178,1,0004(brokerage business),60437,-5493,1,0004(brokerage business),37668,-324
2,0163(brokerage business),16428,450,2,0103(brokerage business),26461,-87,2,0275(brokerage business),24344,-279
3,0148(brokerage business),8700,1032,3,0009(brokerage business),16986,-837,3,0272(brokerage business),20663,-841
4,0253(brokerage business),4366,-2957,4,0163(brokerage business),15750,-330,4,0058(brokerage business),19554,-1840
5,0009(brokerage business),3823,2723,5,0253(brokerage business),14060,79,5,0163(brokerage business),15882,-482
6,0272(brokerage business),2884,419,6,0272(brokerage business),12580,-861,6,0103(brokerage business),14834,-437
7,0275(brokerage business),2838,-2599,7,0042(brokerage business),12481,-143,7,0148(brokerage business),13923,-1624
8,0081(brokerage business),2643,-922,8,0148(brokerage business),10214,-672,8,0042(brokerage business),10691,-208
9,0058(brokerage business),2372,1376,9,0059(brokerage business),10140,-105,9,0253(brokerage business),9466,-1065
10,0019(brokerage business),2045,473,10,0082(brokerage business),7451,-546,10,0153(brokerage business),8335,-172
11,0240(brokerage business),2028,966,11,0125(brokerage business),7412,-410,11,0009(brokerage business),7726,-1180
12,0177(brokerage business),1880,1208,12,0275(brokerage business),7140,-213,12,0259(brokerage business),7231,72
13,0103(brokerage business),1396,537,13,0095(brokerage business),5118,-4,13,0137(brokerage business),6984,-53
14,0096(brokerage business),1110,-156,14,0288(brokerage business),5101,-647,14,0123(brokerage business),6565,-738
15,0123(brokerage business),980,-675,15,0240(brokerage business),4998,154,15,0002(brokerage business),6380,-150
16,0125(brokerage business),903,185,16,0058(brokerage business),4997,208,16,0003(brokerage business),5829,-320
17,0178(brokerage business),847,741,17,0123(brokerage business),4763,-76,17,0125(brokerage business),5782,-187
18,0288(brokerage business),839,309,18,0034(brokerage business),4538,28,18,0007(brokerage business),5201,-20
19,0268(brokerage business),832,-152,19,0019(brokerage business),3869,-1181,19,0096(brokerage business),5160,-494
20,0034(brokerage business),809,194,20,0081(brokerage business),3715,-225,20,0059(brokerage business),4713,215
Total,,74930,5330,Total,,238211,-11361,Total,,236931,-10127
Ranking,Name of FF Member /OSBPs,Volume,Change from Previous Trading Day,Ranking,Name of FF Member /OSBPs,Long Position,Change from Previous Trading Day,Ranking,Name of FF Member /OSBPs,Short Position,Change from Previous Trading Day
Contract Code：hc2611,,,,,,,,,,2026-09-10,
1,0103(brokerage business),4774,-2587,1,0148(brokerage business),48650,-16,1,0323(brokerage business),44804,-985
2,0148(brokerage business),4389,95,2,0323(brokerage business),44363,-985,2,0240(brokerage business),37607,241
3,0034(brokerage business),4055,929,3,0240(brokerage business),34469,344,3,0148(brokerage business),31140,3
4,0163(brokerage business),4035,-547,4,0268(brokerage business),27753,-1050,4,0004(brokerage business),28848,-95
5,0253(brokerage business),3037,-553,5,0004(brokerage business),26139,-47,5,0268(brokerage business),27611,-1070
6,0096(brokerage business),2929,-421,6,0081(brokerage business),24053,-446,6,0081(brokerage business),24078,-417
7,0268(brokerage business),2580,-751,7,0178(brokerage business),23008,-939,7,0178(brokerage business),22516,-213
8,0004(brokerage business),2182,-483,8,0161(brokerage business),22089,-1,8,0161(brokerage business),22003,8
9,0323(brokerage business),2142,1397,9,0253(brokerage business),18412,-377,9,0048(brokerage business),18127,-282
10,0240(brokerage business),2019,-122,10,0048(brokerage business),18092,-287,10,0253(brokerage business),18015,-488
11,0372(brokerage business),1593,1408,11,0137(brokerage business),14668,-19,11,0137(brokerage business),14417,56
12,0161(brokerage business),1555,164,12,0139(brokerage business),14236,-52,12,0139(brokerage business),13120,-52
13,0178(brokerage business),1154,-1880,13,0019(brokerage business),6402,-243,13,0019(brokerage business),6413,-209
14,0081(brokerage business),1015,-400,14,0103(brokerage business),5159,3,14,0103(brokerage business),5488,-397
15,0139(brokerage business),966,158,15,0034(brokerage business),2234,-2003,15,0042(brokerage business),4920,3
16,0137(brokerage business),789,201,16,0275(brokerage business),2011,2,16,0034(brokerage business),3128,-1988
17,0171(brokerage business),607,-358,17,0115(brokerage business),1750,0,17,0372(brokerage business),2967,-882
18,0048(brokerage business),583,56,18,0186(brokerage business),1520,3,18,0275(brokerage business),2449,0
19,0019(brokerage business),560,120,19,0151(brokerage business),1433,1,19,0008(brokerage business),2272,-366
20,0274(brokerage business),472,472,20,0271(brokerage business),1166,1,20,0259(brokerage business),1988,-4
Total,,41436,-3102,Total,,337607,-6111,Total,,331911,-7137
Ranking,Name of FF Member /OSBPs,Volume,Change from Previous Trading Day,Ranking,Name of FF Member /OSBPs,Long Position,Change from Previous Trading Day,Ranking,Name of FF Member /OSBPs,Short Position,Change from Previous Trading Day
Contract Code：hc2701,,,,,,,,,,2026-09-10,
1,0163(brokerage business),85415,-2370,1,0004(brokerage business),215974,-714,1,0004(brokerage business),270899,-361
2,0004(brokerage business),81269,9198,2,0148(brokerage business),138947,-1823,2,0272(brokerage business),90606,-1430
3,0148(brokerage business),64586,5894,3,0042(brokerage business),128559,-1834,3,0058(brokerage business),89790,260
4,0253(brokerage business),37486,14363,4,0163(brokerage business),82956,-3336,4,0148(brokerage business),89167,2067
5,0275(brokerage business),27925,4920,5,0272(brokerage business),53415,2230,5,0163(brokerage business),83161,535
6,0272(brokerage business),26630,-3133,6,0009(brokerage business),52325,1150,6,0103(brokerage business),51876,305
7,0034(brokerage business),14445,1329,7,0323(brokerage business),42288,-1182,7,0275(brokerage business),35008,-1970
8,0103(brokerage business),13984,2684,8,0103(brokerage business),39439,303,8,0125(brokerage business),30093,-135
9,0259(brokerage business),13222,6437,9,0034(brokerage business),38204,26,9,0253(brokerage business),29786,967
10,0239(brokerage business),12687,9384,10,0058(brokerage business),35898,-34,10,0259(brokerage business),28767,-537
11,0081(brokerage business),12569,720,11,0253(brokerage business),30283,583,11,0003(brokerage business),28427,91
12,0096(brokerage business),11545,991,12,0268(brokerage business),26132,1659,12,0059(brokerage business),28259,1622
13,0323(brokerage business),10931,3629,13,0275(brokerage business),25721,1397,13,0096(brokerage business),25870,-515
14,0268(brokerage business),10340,1708,14,0139(brokerage business),20890,-40,14,0009(brokerage business),24017,-637
15,0059(brokerage business),10261,5041,15,0123(brokerage business),20859,-22,15,0034(brokerage business),23176,-2325
16,0007(brokerage business),8673,-6959,16,0335(brokerage business),18607,-143,16,0042(brokerage business),22079,-1155
17,0137(brokerage business),8267,2743,17,0081(brokerage business),17883,-34,17,0123(brokerage business),21102,-1651
18,0042(brokerage business),7979,3764,18,0082(brokerage business),17076,-663,18,0019(brokerage business),18469,486
19,0240(brokerage business),7400,-826,19,0277(brokerage business),16383,378,19,0277(brokerage business),17306,-394
20,0067(brokerage business),6622,3421,20,0239(brokerage business),16279,-10518,20,0311(brokerage business),17158,1939
Total,,472236,62938,Total,,1038118,-12617,Total,,1025016,-2838
Ranking,Name of FF Member /OSBPs,Volume,Change from Previous Trading Day,Ranking,Name of FF Member /OSBPs,Long Position,Change from Previous Trading Day,Ranking,Name of FF Member /OSBPs,Short Position,Change from Previous Trading Day
Contract Code：hc2703,,,,,,,,,,2026-09-10,
1,0163(brokerage business),8303,-604,1,0323(brokerage business),13904,1392,1,0323(brokerage business),13915,1389
2,0148(brokerage business),4700,-4416,2,0081(brokerage business),10002,813,2,0081(brokerage business),10052,795
3,0253(brokerage business),3389,-1476,3,0253(brokerage business),9250,1061,3,0268(brokerage business),9420,417
4,0323(brokerage business),2807,-121,4,0268(brokerage business),9247,405,4,0253(brokerage business),9147,1062
5,0081(brokerage business),1752,-934,5,0004(brokerage business),8851,329,5,0004(brokerage business),8467,565
6,0275(brokerage business),1278,-1215,6,0161(brokerage business),7588,4,6,0103(brokerage business),7542,340
7,0268(brokerage business),1232,-1415,7,0103(brokerage business),7570,342,7,0161(brokerage business),7502,-19
8,0004(brokerage business),1214,-711,8,0148(brokerage business),6325,109,8,0240(brokerage business),5197,233
9,0240(brokerage business),957,-344,9,0240(brokerage business),5364,262,9,0139(brokerage business),5160,198
10,0161(brokerage business),921,-8,10,0139(brokerage business),5123,218,10,0148(brokerage business),4502,151
11,0103(brokerage business),694,-143,11,0178(brokerage business),4175,181,11,0137(brokerage business),3679,222
12,0178(brokerage business),554,-1157,12,0137(brokerage business),3607,225,12,0178(brokerage business),3213,13
13,0312(brokerage business),553,-29,13,0048(brokerage business),3028,136,13,0048(brokerage business),3028,136
14,0139(brokerage business),486,-187,14,0019(brokerage business),1594,160,14,0019(brokerage business),1528,112
15,0082(brokerage business),484,479,15,0275(brokerage business),904,8,15,0171(brokerage business),966,252
16,0137(brokerage business),459,17,16,0254(brokerage business),901,0,16,0275(brokerage business),964,8
17,0151(brokerage business),429,393,17,0288(brokerage business),809,-18,17,0288(brokerage business),964,-98
18,0311(brokerage business),378,87,18,0271(brokerage business),608,1,18,0254(brokerage business),896,0
19,0042(brokerage business),327,192,19,0259(brokerage business),582,-8,19,0008(brokerage business),702,0
20,0019(brokerage business),300,50,20,0082(brokerage business),536,480,20,0271(brokerage business),605,0
Total,,31217,-11542,Total,,99968,6100,Total,,97449,5776
Member/OSP Type,Total Volume,Change from Previous Trading Day,Member/OSP Type,Total Long Position,Change from Previous Trading Day,Member/OSP Type,Total Short Position,Change from Previous Trading Day,,,
Contract Code：ssall,,,,,,,2026-09-10,,,,
Name of FF Member/OSBP,461484,4444,Name of FF Member/OSBP,188481,-5344,Name of FF Member/OSBP,188481,-5344,,,
Name of Non-FF Member/OSNBP,0,0,Name of Non-FF Member/OSNBP,0,0,Name of Non-FF Member/OSNBP,0,0,,,
Ranking,Name of FF Member /OSBPs,Volume,Change from Previous Trading Day,Ranking,Name of FF Member /OSBPs,Long Position,Change from Previous Trading Day,Ranking,Name of FF Member /OSBPs,Short Position,Change from Previous Trading Day
Contract Code：ss2609,,,,,,,,,,2026-09-10,
1,0076(brokerage business),12,12,1,0004(brokerage business),1632,0,1,0148(brokerage business),1272,12
2,0148(brokerage business),12,12,2,0148(brokerage business),1488,0,2,0253(brokerage business),972,0
3,0151(brokerage business),12,0,3,0003(brokerage business),480,0,3,0004(brokerage business),516,0
4,0163(brokerage business),12,-48,4,0069(brokerage business),276,0,4,0151(brokerage business),468,-12
5,0277(brokerage business),12,-12,5,0277(brokerage business),252,12,5,0349(brokerage business),444,12
6,0349(brokerage business),12,12,6,0125(brokerage business),180,0,6,0163(brokerage business),360,0
7,,,,7,0163(brokerage business),156,-12,7,0038(brokerage business),300,0
8,,,,8,0253(brokerage business),132,0,8,0240(brokerage business),156,0
9,,,,9,0018(brokerage business),48,0,9,0372(brokerage business),60,0
10,,,,10,0076(brokerage business),48,12,10,0096(brokerage business),48,0
11,,,,11,0268(brokerage business),24,0,11,0009(brokerage business),36,0
12,,,,12,,,,12,0338(brokerage business),36,0
13,,,,13,,,,13,0103(brokerage business),24,0
14,,,,14,,,,14,0316(brokerage business),24,0
Total,,72,-24,Total,,4716,12,Total,,4716,12
Ranking,Name of FF Member /OSBPs,Volume,Change from Previous Trading Day,Ranking,Name of FF Member /OSBPs,Long Position,Change from Previous Trading Day,Ranking,Name of FF Member /OSBPs,Short Position,Change from Previous Trading Day
Contract Code：ss2610,,,,,,,,,,2026-09-10,
1,0163(brokerage business),55163,2634,1,0004(brokerage business),9973,-434,1,0148(brokerage business),15124,490
2,0004(brokerage business),54188,-348,2,0148(brokerage business),9053,-373,2,0004(brokerage business),9570,-800
3,0148(brokerage business),38139,-2980,3,0253(brokerage business),5279,-523,3,0253(brokerage business),5812,633
4,0123(brokerage business),22297,-5110,4,0163(brokerage business),5130,924,4,0163(brokerage business),4005,-1713
5,0253(brokerage business),11386,2630,5,0240(brokerage business),3370,-439,5,0335(brokerage business),2699,-692
6,0259(brokerage business),10930,2118,6,0272(brokerage business),3012,-689,6,0272(brokerage business),2598,-307
7,0240(brokerage business),9078,1288,7,0288(brokerage business),2853,-444,7,0161(brokerage business),2511,-311
8,0275(brokerage business),8640,-1425,8,0103(brokerage business),2578,-124,8,0240(brokerage business),2371,-423
9,0081(brokerage business),6370,248,9,0082(brokerage business),2469,-823,9,0003(brokerage business),2259,-487
10,0272(brokerage business),5146,298,10,0018(brokerage business),2408,-357,10,0059(brokerage business),1965,-381
11,0298(brokerage business),3499,-447,11,0161(brokerage business),2177,-60,11,0058(brokerage business),1748,1056
12,0069(brokerage business),3211,949,12,0268(brokerage business),2078,-361,12,0288(brokerage business),1529,-87
13,0288(brokerage business),2719,-154,13,0096(brokerage business),2013,-29,13,0103(brokerage business),1499,18
14,0059(brokerage business),2050,379,14,0298(brokerage business),1913,-256,14,0082(brokerage business),1496,-115
15,0034(brokerage business),2045,-538,15,0081(brokerage business),1858,-261,15,0137(brokerage business),1330,-224
16,0018(brokerage business),1967,41,16,0003(brokerage business),1847,658,16,0049(brokerage business),1288,-43
17,0082(brokerage business),1676,-368,17,0008(brokerage business),1767,-66,17,0259(brokerage business),1265,-90
18,0308(brokerage business),1559,-406,18,0125(brokerage business),1733,-59,18,0081(brokerage business),1184,-749
19,0003(brokerage business),1389,1007,19,0275(brokerage business),1720,-650,19,0042(brokerage business),1130,-157
20,0042(brokerage business),1359,475,20,0069(brokerage business),1638,123,20,0019(brokerage business),1049,-182
Total,,242811,291,Total,,64869,-4243,Total,,62432,-4564
Ranking,Name of FF Member /OSBPs,Volume,Change from Previous Trading Day,Ranking,Name of FF Member /OSBPs,Long Position,Change from Previous Trading Day,Ranking,Name of FF Member /OSBPs,Short Position,Change from Previous Trading Day
Contract Code：ss2611,,,,,,,,,,2026-09-10,
1,0163(brokerage business),30302,-125,1,0004(brokerage business),8538,1192,1,0239(brokerage business),7504,0
2,0004(brokerage business),20327,3693,2,0148(brokerage business),6381,700,2,0163(brokerage business),7326,-146
3,0253(brokerage business),14561,2035,3,0239(brokerage business),5596,1431,3,0148(brokerage business),7318,-890
4,0123(brokerage business),14147,7776,4,0253(brokerage business),4747,-343,4,0004(brokerage business),6775,381
5,0148(brokerage business),11024,-3963,5,0163(brokerage business),4448,-200,5,0335(brokerage business),4745,-295
6,0081(brokerage business),7448,-3726,6,0272(brokerage business),4029,-200,6,0139(brokerage business),4522,50
7,0240(brokerage business),6152,-672,7,0018(brokerage business),3799,-423,7,0084(brokerage business),3565,93
8,0275(brokerage business),5362,-516,8,0082(brokerage business),3276,179,8,0272(brokerage business),3417,-690
9,0272(brokerage business),5330,479,9,0240(brokerage business),2487,-156,9,0253(brokerage business),2812,-270
10,0103(brokerage business),3984,1106,10,0125(brokerage business),2152,2,10,0161(brokerage business),2644,55
11,0259(brokerage business),2716,453,11,0034(brokerage business),1610,-94,11,0034(brokerage business),2460,1384
12,0298(brokerage business),2507,-216,12,0310(brokerage business),1554,-2,12,0240(brokerage business),2451,236
13,0034(brokerage business),2376,-1145,13,0008(brokerage business),1469,84,13,0123(brokerage business),1930,906
14,0018(brokerage business),2274,-1190,14,0058(brokerage business),1390,983,14,0082(brokerage business),1251,491
15,0029(brokerage business),1595,1456,15,0184(brokerage business),1254,0,15,0308(brokerage business),1211,17
16,0069(brokerage business),1526,-752,16,0244(brokerage business),1186,235,16,0274(brokerage business),1184,-87
17,0082(brokerage business),1456,-675,17,0338(brokerage business),1124,-88,17,0137(brokerage business),1164,25
18,0239(brokerage business),1431,-555,18,0323(brokerage business),1078,161,18,0103(brokerage business),1096,235
19,0244(brokerage business),1387,746,19,0298(brokerage business),1073,-28,19,0069(brokerage business),1073,198
20,0059(brokerage business),1291,-35,20,0009(brokerage business),1000,115,20,0018(brokerage business),686,367
Total,,137196,4174,Total,,58191,3548,Total,,65134,2060
Ranking,Name of FF Member /OSBPs,Volume,Change from Previous Trading Day,Ranking,Name of FF Member /OSBPs,Long Position,Change from Previous Trading Day,Ranking,Name of FF Member /OSBPs,Short Position,Change from Previous Trading Day
Contract Code：lu2610,,,,,,,,,,2026-09-10,
1,8275(brokerage business),10054,-707,1,8163(brokerage business),1992,-226,1,8372(brokerage business),5515,-604
2,8253(brokerage business),8809,-1421,2,8004(brokerage business),1880,-73,2,8103(brokerage business),1867,-13
3,8148(brokerage business),7841,193,3,8148(brokerage business),1014,-211,3,8163(brokerage business),1865,209
4,8004(brokerage business),5658,-2885,4,8096(brokerage business),689,-242,4,8004(brokerage business),1738,-49
5,8163(brokerage business),5525,-5563,5,8240(brokerage business),689,133,5,8148(brokerage business),1267,144
6,8123(brokerage business),3641,-569,6,8272(brokerage business),684,124,6,8333(brokerage business),1138,0
7,8272(brokerage business),1454,-37,7,8075(brokerage business),500,0,7,8253(brokerage business),755,-135
8,8103(brokerage business),1095,-1289,8,8151(brokerage business),481,-18,8,8096(brokerage business),392,299
9,8007(brokerage business),876,38,9,8141(brokerage business),398,2,9,8272(brokerage business),338,2
10,8240(brokerage business),734,-481,10,8274(brokerage business),382,-16,10,8319(brokerage business),317,100
11,8372(brokerage business),695,-532,11,8389(brokerage business),380,22,11,8123(brokerage business),307,1
12,8271(brokerage business),682,-840,12,8308(brokerage business),356,-60,12,8067(brokerage business),231,0
13,8069(brokerage business),637,-14,13,8335(brokerage business),356,-27,13,8298(brokerage business),212,-47
14,8342(brokerage business),621,-279,14,8081(brokerage business),353,66,14,8169(brokerage business),204,-2
15,8319(brokerage business),618,248,15,8103(brokerage business),337,-192,15,8034(brokerage business),196,1
16,8308(brokerage business),598,-154,16,8153(brokerage business),316,56,16,8137(brokerage business),178,-68
17,8058(brokerage business),571,280,17,8288(brokerage business),288,-333,17,8186(brokerage business),161,-45
18,8096(brokerage business),565,-118,18,8137(brokerage business),286,-13,18,8288(brokerage business),140,-47
19,8059(brokerage business),548,-302,19,8177(brokerage business),269,50,19,8178(brokerage business),137,1
20,8009(brokerage business),546,36,20,8034(brokerage business),262,79,20,8018(brokerage business),117,-29
Total,,51768,-14396,Total,,11912,-879,Total,,17075,-282
Ranking,Name of FF Member /OSBPs,Volume,Change from Previous Trading Day,Ranking,Name of FF Member /OSBPs,Long Position,Change from Previous Trading Day,Ranking,Name of FF Member /OSBPs,Short Position,Change from Previous Trading Day
Contract Code：lu2611,,,,,,,,,,2026-09-10,
1,8148(brokerage business),38347,3116,1,8004(brokerage business),8270,576,1,8004(brokerage business),8823,558
2,8163(brokerage business),31987,-5445,2,8163(brokerage business),6826,1744,2,8103(brokerage business),7641,914
3,8004(brokerage business),24704,-6858,3,8148(brokerage business),6723,-11,3,8163(brokerage business),7560,261
4,8275(brokerage business),17013,167,4,8272(brokerage business),2760,171,4,8148(brokerage business),5908,342
5,8123(brokerage business),14757,2323,5,8082(brokerage business),2576,830,5,8372(brokerage business),5414,13
6,8253(brokerage business),14643,2528,6,8372(brokerage business),2434,1847,6,8239(brokerage business),2102,-12
7,8081(brokerage business),9011,2400,7,8103(brokerage business),2314,814,7,8272(brokerage business),2052,409
8,8272(brokerage business),7432,1329,8,8335(brokerage business),2216,207,8,8319(brokerage business),1912,325
9,8103(brokerage business),5346,953,9,8333(brokerage business),2054,14,9,8253(brokerage business),1831,229
10,8342(brokerage business),4679,310,10,8268(brokerage business),1944,-52,10,8177(brokerage business),1597,14
11,8308(brokerage business),4259,-9,11,8288(brokerage business),1870,-305,11,8096(brokerage business),1440,-67
12,8069(brokerage business),4224,350,12,8253(brokerage business),1801,-146,12,8333(brokerage business),1313,-28
13,8298(brokerage business),3726,1233,13,8086(brokerage business),1666,32,13,8311(brokerage business),1121,233
14,8186(brokerage business),3231,664,14,8274(brokerage business),1637,69,14,8042(brokerage business),1051,67
15,8034(brokerage business),3042,99,15,8018(brokerage business),1475,-91,15,8018(brokerage business),1004,111
16,8240(brokerage business),2836,-962,16,8240(brokerage business),1357,-128,16,8088(brokerage business),962,-1
17,8335(brokerage business),2356,-915,17,8161(brokerage business),1234,38,17,8141(brokerage business),883,31
18,8288(brokerage business),2314,-524,18,8084(brokerage business),1224,-155,18,8137(brokerage business),843,152
19,8372(brokerage business),2206,274,19,8081(brokerage business),1194,-201,19,8240(brokerage business),842,114
20,8082(brokerage business),2192,611,20,8239(brokerage business),1120,8,20,8059(brokerage business),819,12
Total,,198305,1644,Total,,52695,5261,Total,,55118,3677
Ranking,Name of FF Member /OSBPs,Volume,Change from Previous Trading Day,Ranking,Name of FF Member /OSBPs,Long Position,Change from Previous Trading Day,Ranking,Name of FF Member /OSBPs,Short Position,Change from Previous Trading Day
Contract Code：lu2612,,,,,,,,,,2026-09-10,
1,8163(brokerage business),9618,1159,1,8184(brokerage business),11916,-29,1,8372(brokerage business),8302,2400
2,8253(brokerage business),7500,35,2,8081(brokerage business),5998,-4,2,8004(brokerage business),7489,679
3,8004(brokerage business),6731,532,3,8239(brokerage business),5613,140,3,7002(brokerage business),6887,0
4,8096(brokerage business),5829,-715,4,8148(brokerage business),4111,123,4,8163(brokerage business),3932,-63
5,8148(brokerage business),5119,-296,5,8004(brokerage business),3257,262,5,8103(brokerage business),3918,592
6,8275(brokerage business),4505,-239,6,8335(brokerage business),2935,218,6,8239(brokerage business),3326,-376
7,8372(brokerage business),2909,2615,7,8163(brokerage business),2790,849,7,8096(brokerage business),3254,637
8,8123(brokerage business),2771,-641,8,8084(brokerage business),2414,46,8,8148(brokerage business),1986,112
9,8059(brokerage business),2078,658,9,8253(brokerage business),1175,347,9,8059(brokerage business),1735,95
10,8103(brokerage business),1804,-2429,10,8274(brokerage business),1130,4,10,8272(brokerage business),1473,145
11,8308(brokerage business),1691,92,11,8268(brokerage business),950,37,11,8253(brokerage business),1094,63
12,8034(brokerage business),1512,-14,12,8034(brokerage business),834,173,12,8275(brokerage business),1065,14
13,8288(brokerage business),1391,-189,13,8240(brokerage business),743,-35,13,8034(brokerage business),980,-15
14,8271(brokerage business),1126,-334,14,8018(brokerage business),691,222,14,8268(brokerage business),776,-22
15,8081(brokerage business),1098,255,15,8372(brokerage business),526,499,15,8259(brokerage business),730,-136
16,8239(brokerage business),992,-432,16,8288(brokerage business),510,-50,16,8335(brokerage business),657,-24
17,8240(brokerage business),915,38,17,8082(brokerage business),469,11,17,8240(brokerage business),572,114
18,8333(brokerage business),852,40,18,8103(brokerage business),447,20,18,8018(brokerage business),565,11
19,8342(brokerage business),850,-294,19,8141(brokerage business),416,1,19,8082(brokerage business),475,-3
20,8009(brokerage business),841,154,20,8308(brokerage business),403,81,20,8077(brokerage business),466,-2
Total,,60132,-5,Total,,47328,2915,Total,,49682,4221
Member/OSP Type,Total Volume,Change from Previous Trading Day,Member/OSP Type,Total Long Position,Change from Previous Trading Day,Member/OSP Type,Total Short Position,Change from Previous Trading Day,,,
Contract Code：fuall,,,,,,,2026-09-10,,,,
Name of FF Member/OSBP,2636230,391026,Name of FF Member/OSBP,480443,11572,Name of FF Member/OSBP,480441,11572,,,
Name of Non-FF Member/OSNBP,0,0,Name of Non-FF Member/OSNBP,0,0,Name of Non-FF Member/OSNBP,2,0,,,
Ranking,Name of FF Member /OSBPs,Volume,Change from Previous Trading Day,Ranking,Name of FF Member /OSBPs,Long Position,Change from Previous Trading Day,Ranking,Name of FF Member /OSBPs,Short Position,Change from Previous Trading Day
Contract Code：fu2610,,,,,,,,,,2026-09-10,
1,0163(brokerage business),22889,4041,1,0163(brokerage business),2183,-37,1,0004(brokerage business),1791,-29
2,0148(brokerage business),17089,1224,2,0103(brokerage business),1910,279,2,0148(brokerage business),1515,221
3,0004(brokerage business),16260,2001,3,0004(brokerage business),1885,203,3,0163(brokerage business),1303,139
4,0275(brokerage business),14910,1311,4,0148(brokerage business),1673,-392,4,0240(brokerage business),1190,133
5,0123(brokerage business),12780,833,5,0153(brokerage business),857,480,5,0298(brokerage business),876,-104
6,0103(brokerage business),4216,701,6,0275(brokerage business),757,183,6,0268(brokerage business),819,73
7,0268(brokerage business),4118,-854,7,0082(brokerage business),674,281,7,0253(brokerage business),763,225
8,0081(brokerage business),4039,1686,8,0077(brokerage business),659,148,8,0081(brokerage business),733,-2
9,0240(brokerage business),4031,129,9,0253(brokerage business),652,-90,9,0034(brokerage business),706,87
10,0253(brokerage business),4025,1395,10,0319(brokerage business),618,209,10,0161(brokerage business),629,64
11,0272(brokerage business),4009,-561,11,0308(brokerage business),589,421,11,0319(brokerage business),525,-5
12,0259(brokerage business),3803,175,12,0272(brokerage business),475,20,12,0288(brokerage business),497,-28
13,0295(brokerage business),3790,1721,13,0034(brokerage business),351,-218,13,0043(brokerage business),486,0
14,0034(brokerage business),3445,1439,14,0288(brokerage business),340,-23,14,0275(brokerage business),480,43
15,0161(brokerage business),2932,1004,15,0277(brokerage business),329,248,15,0272(brokerage business),436,-59
16,0298(brokerage business),2902,-1012,16,0169(brokerage business),318,300,16,0042(brokerage business),403,-14
17,0069(brokerage business),2578,-67,17,0323(brokerage business),312,-140,17,0096(brokerage business),383,89
18,0342(brokerage business),2359,110,18,0298(brokerage business),306,-130,18,0067(brokerage business),378,13
19,0059(brokerage business),2292,-141,19,0151(brokerage business),304,-26,19,0018(brokerage business),332,16
20,0288(brokerage business),1525,-491,20,0107(brokerage business),300,117,20,0082(brokerage business),304,-17
Total,,133992,14644,Total,,15492,1833,Total,,14549,845
Ranking,Name of FF Member /OSBPs,Volume,Change from Previous Trading Day,Ranking,Name of FF Member /OSBPs,Long Position,Change from Previous Trading Day,Ranking,Name of FF Member /OSBPs,Short Position,Change from Previous Trading Day
Contract Code：fu2611,,,,,,,,,,2026-09-10,
1,0004(brokerage business),307295,32083,1,0004(brokerage business),22443,1588,1,0004(brokerage business),34620,2291
2,0163(brokerage business),213215,23811,2,0148(brokerage business),18380,1051,2,0148(brokerage business),15399,-485
3,0148(brokerage business),182860,15747,3,0163(brokerage business),13527,-3970,3,0103(brokerage business),14581,-968
4,0275(brokerage business),138499,66973,4,0103(brokerage business),9109,-688,4,0163(brokerage business),11521,1713
5,0240(brokerage business),68930,8672,5,0272(brokerage business),7882,-869,5,0372(brokerage business),7364,-1053
6,0253(brokerage business),64843,25908,6,0059(brokerage business),7350,1761,6,0253(brokerage business),6608,-1166
7,0272(brokerage business),59377,11189,7,0253(brokerage business),7131,-1327,7,0298(brokerage business),6059,298
8,0081(brokerage business),55555,4144,8,0268(brokerage business),6548,796,8,0268(brokerage business),5396,-228
9,0268(brokerage business),46582,3463,9,0335(brokerage business),5455,252,9,0009(brokerage business),4689,1649
10,0123(brokerage business),43117,570,10,0240(brokerage business),5315,-378,10,0123(brokerage business),4666,218
11,0298(brokerage business),35275,5320,11,0081(brokerage business),4681,167,11,0272(brokerage business),4559,340
12,0308(brokerage business),31830,3792,12,0288(brokerage business),3799,285,12,0240(brokerage business),4537,-174
13,0034(brokerage business),31222,5272,13,0082(brokerage business),3619,583,13,0288(brokerage business),4392,-260
14,0259(brokerage business),28609,9244,14,0034(brokerage business),3543,337,14,0034(brokerage business),4187,-267
15,0186(brokerage business),26451,1737,15,0161(brokerage business),3445,635,15,0018(brokerage business),4069,104
16,0019(brokerage business),23585,6310,16,0308(brokerage business),3397,596,16,0319(brokerage business),4021,276
17,0009(brokerage business),23150,-1679,17,0275(brokerage business),3182,89,17,0082(brokerage business),2539,102
18,0059(brokerage business),21285,-303,18,0018(brokerage business),3116,-369,18,0081(brokerage business),2536,362
19,0299(brokerage business),20594,6110,19,0298(brokerage business),2639,557,19,0275(brokerage business),2392,84
20,0103(brokerage business),16616,1159,20,0274(brokerage business),2628,1433,20,0059(brokerage business),2360,268
Total,,1438890,229522,Total,,137189,2529,Total,,146495,3104
Ranking,Name of FF Member /OSBPs,Volume,Change from Previous Trading Day,Ranking,Name of FF Member /OSBPs,Long Position,Change from Previous Trading Day,Ranking,Name of FF Member /OSBPs,Short Position,Change from Previous Trading Day
Contract Code：fu2612,,,,,,,,,,2026-09-10,
1,0163(brokerage business),20885,4291,1,0004(brokerage business),8913,1115,1,0004(brokerage business),13562,-114
2,0275(brokerage business),15335,1016,2,0163(brokerage business),8443,-1695,2,0163(brokerage business),8979,-1328
3,0148(brokerage business),12640,-473,3,0034(brokerage business),6523,-26,3,0253(brokerage business),5943,-109
4,0004(brokerage business),7933,1039,4,0008(brokerage business),5899,-108,4,0008(brokerage business),5892,-108
5,0161(brokerage business),6950,2218,5,0161(brokerage business),5617,0,5,0161(brokerage business),5795,28
6,0069(brokerage business),6857,3803,6,0253(brokerage business),5470,-78,6,0034(brokerage business),5734,-56
7,0123(brokerage business),6365,-3490,7,0123(brokerage business),5076,-205,7,0137(brokerage business),4972,302
8,0253(brokerage business),4281,2414,8,0137(brokerage business),5014,204,8,0123(brokerage business),4912,-214
9,0240(brokerage business),3534,-863,9,0275(brokerage business),4250,5,9,0069(brokerage business),4571,158
10,0308(brokerage business),3286,1183,10,0069(brokerage business),4162,39,10,0275(brokerage business),4259,32
11,0342(brokerage business),3092,1698,11,0178(brokerage business),4033,1,11,0178(brokerage business),4100,-12
12,0272(brokerage business),2971,434,12,0148(brokerage business),2498,250,12,0148(brokerage business),1774,664
13,0008(brokerage business),2310,1016,13,0335(brokerage business),2139,272,13,0372(brokerage business),1231,39
14,0178(brokerage business),2167,-979,14,0103(brokerage business),1977,158,14,0268(brokerage business),598,20
15,0034(brokerage business),1584,-238,15,0272(brokerage business),1238,-302,15,0308(brokerage business),492,107
16,0298(brokerage business),1544,-212,16,0240(brokerage business),646,-99,16,0288(brokerage business),485,61
17,0137(brokerage business),1446,64,17,0058(brokerage business),598,25,17,0081(brokerage business),480,68
18,0288(brokerage business),1178,359,18,0081(brokerage business),498,16,18,0240(brokerage business),445,-9
19,0295(brokerage business),1154,1050,19,0319(brokerage business),476,-2,19,0272(brokerage business),412,99
20,0103(brokerage business),1054,428,20,0308(brokerage business),426,61,20,0169(brokerage business),400,135
Total,,106566,14758,Total,,73896,-369,Total,,75036,-237
Ranking,Name of FF Member /OSBPs,Volume,Change from Previous Trading Day,Ranking,Name of FF Member /OSBPs,Long Position,Change from Previous Trading Day,Ranking,Name of FF Member /OSBPs,Short Position,Change from Previous Trading Day
Contract Code：fu2701,,,,,,,,,,2026-09-10,
1,0163(brokerage business),55990,11137,1,0148(brokerage business),13032,2531,1,0004(brokerage business),16365,-619
2,0004(brokerage business),42612,15755,2,0004(brokerage business),10352,1425,2,0148(brokerage business),13147,377
3,0148(brokerage business),41662,7673,3,0272(brokerage business),8852,595,3,0272(brokerage business),11137,-95
4,0275(brokerage business),36763,11418,4,0163(brokerage business),6147,1851,4,0163(brokerage business),6957,1429
5,0272(brokerage business),11388,3957,5,0239(brokerage business),5923,832,5,0103(brokerage business),6007,1206
6,0081(brokerage business),8406,1915,6,0335(brokerage business),5858,-148,6,0240(brokerage business),3763,301
7,0009(brokerage business),7490,1685,7,0319(brokerage business),5427,2883,7,0372(brokerage business),3614,1013
8,0240(brokerage business),6451,84,8,0084(brokerage business),5000,0,8,0059(brokerage business),3549,2222
9,0123(brokerage business),6375,-2559,9,0253(brokerage business),4849,-143,9,0253(brokerage business),3210,475
10,0253(brokerage business),5820,559,10,0123(brokerage business),4527,-94,10,0151(brokerage business),2849,755
11,0103(brokerage business),5066,1593,11,0103(brokerage business),2965,-842,11,0082(brokerage business),2280,60
12,0338(brokerage business),4900,1003,12,0018(brokerage business),2480,607,12,0275(brokerage business),2133,304
13,0096(brokerage business),4799,551,13,0240(brokerage business),1821,-568,13,0298(brokerage business),1967,34
14,0319(brokerage business),4535,2151,14,0081(brokerage business),1647,265,14,0252(brokerage business),1597,0
15,0059(brokerage business),3601,1456,15,0338(brokerage business),1608,514,15,0137(brokerage business),1567,498
16,0034(brokerage business),3332,-462,16,0034(brokerage business),1569,128,16,0268(brokerage business),1347,-305
17,0268(brokerage business),3308,578,17,0274(brokerage business),1521,-35,17,0186(brokerage business),1321,119
18,0259(brokerage business),3293,32,18,0096(brokerage business),1425,-1095,18,0018(brokerage business),1313,304
19,0069(brokerage business),3112,87,19,0042(brokerage business),1342,138,19,0034(brokerage business),1234,-36
20,0342(brokerage business),3007,775,20,0069(brokerage business),1322,240,20,0335(brokerage business),1233,58
Total,,261910,59388,Total,,87667,9084,Total,,86590,8100
Member/OSP Type,Total Volume,Change from Previous Trading Day,Member/OSP Type,Total Long Position,Change from Previous Trading Day,Member/OSP Type,Total Short Position,Change from Previous Trading Day,,,
Contract Code：buall,,,,,,,2026-09-10,,,,
Name of FF Member/OSBP,1711838,-916,Name of FF Member/OSBP,667748,-15594,Name of FF Member/OSBP,667748,-15594,,,
Name of Non-FF Member/OSNBP,0,0,Name of Non-FF Member/OSNBP,0,0,Name of Non-FF Member/OSNBP,0,0,,,
Ranking,Name of FF Member /OSBPs,Volume,Change from Previous Trading Day,Ranking,Name of FF Member /OSBPs,Long Position,Change from Previous Trading Day,Ranking,Name of FF Member /OSBPs,Short Position,Change from Previous Trading Day
Contract Code：bu2609,,,,,,,,,,2026-09-10,
1,0019(brokerage business),26,-52,1,0123(brokerage business),994,0,1,0103(brokerage business),3100,0
2,0163(brokerage business),22,-46,2,0103(brokerage business),955,0,2,0272(brokerage business),2246,-1
3,0275(brokerage business),17,-34,3,0004(brokerage business),929,0,3,0299(brokerage business),1190,0
4,0272(brokerage business),16,-1,4,0148(brokerage business),548,15,4,0123(brokerage business),298,0
5,0148(brokerage business),15,7,5,0299(brokerage business),505,-10,5,0148(brokerage business),65,0
6,0299(brokerage business),10,10,6,0096(brokerage business),500,0,6,,,
7,0321(brokerage business),8,8,7,0385(brokerage business),500,0,7,,,
8,0137(brokerage business),7,7,8,0275(brokerage business),499,17,8,,,
9,0389(brokerage business),7,4,9,0095(brokerage business),448,4,9,,,
10,0095(brokerage business),4,-17,10,0277(brokerage business),350,0,10,,,
11,,,,11,0272(brokerage business),236,-1,11,,,
12,,,,12,0177(brokerage business),118,0,12,,,
13,,,,13,0163(brokerage business),101,-12,13,,,
14,,,,14,0034(brokerage business),100,0,14,,,
15,,,,15,0082(brokerage business),100,0,15,,,
16,,,,16,0321(brokerage business),8,-8,16,,,
17,,,,17,0081(brokerage business),5,0,17,,,
18,,,,18,0137(brokerage business),3,-7,18,,,
Total,,132,-114,Total,,6899,-2,Total,,6899,-1
Ranking,Name of FF Member /OSBPs,Volume,Change from Previous Trading Day,Ranking,Name of FF Member /OSBPs,Long Position,Change from Previous Trading Day,Ranking,Name of FF Member /OSBPs,Short Position,Change from Previous Trading Day
Contract Code：bu2610,,,,,,,,,,2026-09-10,
1,0163(brokerage business),179489,4,1,0004(brokerage business),22545,-1123,1,0148(brokerage business),13222,-561
2,0004(brokerage business),121907,17361,2,0148(brokerage business),13099,-638,2,0272(brokerage business),10705,-619
3,0148(brokerage business),77291,-7968,3,0103(brokerage business),10362,3093,3,0275(brokerage business),10287,139
4,0275(brokerage business),70813,1720,4,0163(brokerage business),8466,-2314,4,0004(brokerage business),9364,-262
5,0123(brokerage business),44611,-8636,5,0059(brokerage business),5775,-310,5,0139(brokerage business),7018,-118
6,0081(brokerage business),42312,20338,6,0272(brokerage business),5717,-1030,6,0240(brokerage business),6164,-45
7,0272(brokerage business),29405,-5274,7,0253(brokerage business),5200,-173,7,0123(brokerage business),5296,-536
8,0253(brokerage business),27149,2497,8,0240(brokerage business),4043,-41,8,0163(brokerage business),4651,247
9,0240(brokerage business),24640,-1925,9,0151(brokerage business),3947,298,9,0253(brokerage business),4549,-298
10,0308(brokerage business),15283,2152,10,0082(brokerage business),3601,-1131,10,0081(brokerage business),4204,-406
11,0034(brokerage business),14033,265,11,0288(brokerage business),3304,-240,11,0298(brokerage business),4152,-160
12,0268(brokerage business),13832,-1007,12,0275(brokerage business),3092,284,12,0121(brokerage business),3950,-66
13,0186(brokerage business),13545,365,13,0096(brokerage business),3079,61,13,0288(brokerage business),3852,82
14,0103(brokerage business),12708,-1793,14,0333(brokerage business),2976,-43,14,0103(brokerage business),3584,-333
15,0059(brokerage business),12683,-3582,15,0018(brokerage business),2910,-365,15,0034(brokerage business),3266,-557
16,0298(brokerage business),12326,-622,16,0299(brokerage business),2902,539,16,0268(brokerage business),3243,-320
17,0043(brokerage business),11364,156,17,0323(brokerage business),2881,-193,17,0186(brokerage business),2960,46
18,0069(brokerage business),9561,-1498,18,0335(brokerage business),2574,-267,18,0029(brokerage business),2562,11
19,0323(brokerage business),8575,-2810,19,0137(brokerage business),2530,-385,19,0161(brokerage business),2545,-1528
20,0082(brokerage business),8163,-573,20,0268(brokerage business),2430,-178,20,0042(brokerage business),2478,-94
Total,,749690,9170,Total,,111433,-4156,Total,,108052,-5378
Ranking,Name of FF Member /OSBPs,Volume,Change from Previous Trading Day,Ranking,Name of FF Member /OSBPs,Long Position,Change from Previous Trading Day,Ranking,Name of FF Member /OSBPs,Short Position,Change from Previous Trading Day
Contract Code：bu2611,,,,,,,,,,2026-09-10,
1,0004(brokerage business),61308,5569,1,0148(brokerage business),36217,1174,1,0272(brokerage business),18076,-54
2,0163(brokerage business),61284,8210,2,0272(brokerage business),20385,573,2,0148(brokerage business),14817,-2346
3,0148(brokerage business),54546,-583,3,0004(brokerage business),18420,3124,3,0004(brokerage business),14532,-390
4,0123(brokerage business),27230,-845,4,0239(brokerage business),11814,-401,4,0082(brokerage business),12444,594
5,0275(brokerage business),25966,-2973,5,0163(brokerage business),11112,-1827,5,0009(brokerage business),12316,-1605
6,0253(brokerage business),17147,2725,6,0103(brokerage business),10977,170,6,0275(brokerage business),10913,61
7,0116(brokerage business),13903,13455,7,0082(brokerage business),9817,1138,7,0103(brokerage business),9278,1246
8,0069(brokerage business),12790,5499,8,0123(brokerage business),9798,-411,8,0123(brokerage business),8628,457
9,0081(brokerage business),11434,-1682,9,0268(brokerage business),8870,334,9,0059(brokerage business),7835,192
10,0240(brokerage business),8328,-4798,10,0161(brokerage business),7690,-383,10,0081(brokerage business),7538,441
11,0272(brokerage business),7339,-3916,11,0253(brokerage business),7150,208,11,0253(brokerage business),7521,-143
12,0268(brokerage business),7202,-1949,12,0137(brokerage business),6827,397,12,0137(brokerage business),6983,-43
13,0082(brokerage business),6972,1725,13,0335(brokerage business),6555,55,13,0177(brokerage business),6483,844
14,0059(brokerage business),6683,-6387,14,0081(brokerage business),6389,83,14,0069(brokerage business),6461,-984
15,0009(brokerage business),5851,190,15,0059(brokerage business),6284,-1061,15,0163(brokerage business),6316,1091
16,0137(brokerage business),5468,96,16,0009(brokerage business),5299,20,16,0139(brokerage business),6071,-252
17,0034(brokerage business),5169,1170,17,0069(brokerage business),5167,-5188,17,0161(brokerage business),5932,-499
18,0308(brokerage business),5072,698,18,0275(brokerage business),5072,175,18,0268(brokerage business),5798,-12
19,0338(brokerage business),4939,38,19,0139(brokerage business),4932,-28,19,0333(brokerage business),4184,-380
20,0342(brokerage business),4591,572,20,0238(brokerage business),4648,1,20,0288(brokerage business),4043,-65
Total,,353222,16814,Total,,203423,-1847,Total,,176169,-1847
Ranking,Name of FF Member /OSBPs,Volume,Change from Previous Trading Day,Ranking,Name of FF Member /OSBPs,Long Position,Change from Previous Trading Day,Ranking,Name of FF Member /OSBPs,Short Position,Change from Previous Trading Day
Contract Code：bu2612,,,,,,,,,,2026-09-10,
1,0163(brokerage business),28835,1351,1,0004(brokerage business),16044,-170,1,0103(brokerage business),12788,-1201
2,0004(brokerage business),16296,1197,2,0148(brokerage business),15645,-562,2,0272(brokerage business),9398,-676
3,0148(brokerage business),15987,-3084,3,0335(brokerage business),9915,8,3,0123(brokerage business),8696,-370
4,0275(brokerage business),13481,-85,4,0239(brokerage business),9442,102,4,0004(brokerage business),7883,-1216
5,0123(brokerage business),11936,1673,5,0103(brokerage business),6812,444,5,0244(brokerage business),6733,491
6,0308(brokerage business),6594,617,6,0009(brokerage business),6731,-200,6,0253(brokerage business),6730,-189
7,0253(brokerage business),4867,164,7,0177(brokerage business),5214,-14,7,0333(brokerage business),6717,-647
8,0272(brokerage business),4052,203,8,0163(brokerage business),4088,-285,8,0082(brokerage business),5251,211
9,0103(brokerage business),4041,1705,9,0272(brokerage business),3901,-248,9,0238(brokerage business),5020,79
10,0333(brokerage business),4003,-714,10,0253(brokerage business),3354,-348,10,0275(brokerage business),4563,-456
11,0069(brokerage business),3818,952,11,0275(brokerage business),3286,-169,11,0148(brokerage business),4080,-101
12,0240(brokerage business),3652,154,12,0084(brokerage business),3000,0,12,0096(brokerage business),4066,-220
13,0059(brokerage business),3030,-1022,13,0059(brokerage business),2772,-434,13,0240(brokerage business),3434,0
14,0268(brokerage business),2613,793,14,0277(brokerage business),2444,-128,14,0069(brokerage business),3216,31
15,0137(brokerage business),2260,313,15,0389(brokerage business),2443,-36,15,0018(brokerage business),3002,61
16,0009(brokerage business),2107,1002,16,0308(brokerage business),2158,-200,16,0163(brokerage business),2390,374
17,0342(brokerage business),1839,-568,17,0034(brokerage business),1973,-190,17,0268(brokerage business),2245,60
18,0096(brokerage business),1833,487,18,0082(brokerage business),1689,-595,18,0335(brokerage business),1988,-91
19,0095(brokerage business),1748,-1269,19,0259(brokerage business),1471,-83,19,0153(brokerage business),1968,-374
20,0186(brokerage business),1684,-120,20,0240(brokerage business),1299,-460,20,0068(brokerage business),1886,59
Total,,134676,3749,Total,,103681,-3568,Total,,102054,-4175
Ranking,Name of FF Member /OSBPs,Volume,Change from Previous Trading Day,Ranking,Name of FF Member /OSBPs,Long Position,Change from Previous Trading Day,Ranking,Name of FF Member /OSBPs,Short Position,Change from Previous Trading Day
Contract Code：bu2701,,,,,,,,,,2026-09-10,
1,0163(brokerage business),12634,1783,1,0272(brokerage business),8447,124,1,0272(brokerage business),8810,184
2,0148(brokerage business),6194,281,2,0148(brokerage business),7805,185,2,0275(brokerage business),5733,20
3,0275(brokerage business),2664,-30,3,0137(brokerage business),5107,14,3,0137(brokerage business),5407,-2
4,0253(brokerage business),2599,587,4,0081(brokerage business),3998,-211,4,0123(brokerage business),4039,-9
5,0123(brokerage business),2518,-710,5,0059(brokerage business),3597,1,5,0148(brokerage business),3979,-111
6,0272(brokerage business),2464,-782,6,0275(brokerage business),3423,34,6,0059(brokerage business),3795,-30
7,0059(brokerage business),2393,-306,7,0161(brokerage business),3397,21,7,0082(brokerage business),3398,318
8,0004(brokerage business),2087,-1275,8,0082(brokerage business),3268,353,8,0069(brokerage business),3207,19
9,0333(brokerage business),1844,922,9,0123(brokerage business),3222,-49,9,0161(brokerage business),3095,32
10,0268(brokerage business),1590,-34,10,0139(brokerage business),3043,318,10,0139(brokerage business),3092,313
11,0069(brokerage business),1318,-86,11,0069(brokerage business),2859,203,11,0081(brokerage business),2933,-201
12,0240(brokerage business),1299,-657,12,0009(brokerage business),2595,-2,12,0009(brokerage business),2456,-5
13,0137(brokerage business),1212,282,13,0004(brokerage business),1921,80,13,0103(brokerage business),2264,73
14,0161(brokerage business),1133,-64,14,0268(brokerage business),1829,23,14,0238(brokerage business),2175,308
15,0139(brokerage business),921,61,15,0335(brokerage business),1789,70,15,0268(brokerage business),2067,45
16,0009(brokerage business),885,27,16,0163(brokerage business),1694,205,16,0004(brokerage business),1514,-5
17,0342(brokerage business),850,-305,17,0253(brokerage business),1221,48,17,0333(brokerage business),1453,-188
18,0082(brokerage business),817,-564,18,0308(brokerage business),1087,46,18,0163(brokerage business),1095,5
19,0308(brokerage business),796,300,19,0042(brokerage business),1015,-54,19,0018(brokerage business),1063,107
20,0274(brokerage business),761,404,20,0240(brokerage business),963,199,20,0299(brokerage business),1000,184
Total,,46979,-166,Total,,62280,1608,Total,,62575,1057
Member/OSP Type,Total Volume,Change from Previous Trading Day,Member/OSP Type,Total Long Position,Change from Previous Trading Day,Member/OSP Type,Total Short Position,Change from Previous Trading Day,,,
Contract Code：brall,,,,,,,2026-09-10,,,,
Name of FF Member/OSBP,759688,226186,Name of FF Member/OSBP,156189,-7709,Name of FF Member/OSBP,156189,-7709,,,
Name of Non-FF Member/OSNBP,0,0,Name of Non-FF Member/OSNBP,0,0,Name of Non-FF Member/OSNBP,0,0,,,
Ranking,Name of FF Member /OSBPs,Volume,Change from Previous Trading Day,Ranking,Name of FF Member /OSBPs,Long Position,Change from Previous Trading Day,Ranking,Name of FF Member /OSBPs,Short Position,Change from Previous Trading Day
Contract Code：br2609,,,,,,,,,,2026-09-10,
1,0029(brokerage business),8,4,1,0004(brokerage business),390,0,1,0123(brokerage business),276,-2
2,0308(brokerage business),8,8,2,0029(brokerage business),148,-8,2,0004(brokerage business),86,0
3,0123(brokerage business),4,2,3,0059(brokerage business),60,0,3,0253(brokerage business),60,0
4,0151(brokerage business),4,-16,4,0163(brokerage business),60,0,4,0125(brokerage business),56,0
5,0272(brokerage business),4,-6,5,0018(brokerage business),36,0,5,0148(brokerage business),52,0
6,,,,6,0007(brokerage business),24,0,6,0003(brokerage business),44,0
7,,,,7,0123(brokerage business),2,2,7,0058(brokerage business),40,0
8,,,,8,0272(brokerage business),2,2,8,0082(brokerage business),24,0
9,,,,9,,,,9,0311(brokerage business),24,0
10,,,,10,,,,10,0096(brokerage business),18,0
11,,,,11,,,,11,0103(brokerage business),18,0
12,,,,12,,,,12,0069(brokerage business),12,0
13,,,,13,,,,13,0177(brokerage business),10,0
14,,,,14,,,,14,0163(brokerage business),2,0
Total,,28,-8,Total,,722,-4,Total,,722,-2
Ranking,Name of FF Member /OSBPs,Volume,Change from Previous Trading Day,Ranking,Name of FF Member /OSBPs,Long Position,Change from Previous Trading Day,Ranking,Name of FF Member /OSBPs,Short Position,Change from Previous Trading Day
Contract Code：br2610,,,,,,,,,,2026-09-10,
1,0148(brokerage business),62593,14337,1,0004(brokerage business),5149,135,1,0004(brokerage business),6433,-291
2,0004(brokerage business),48728,16164,2,0148(brokerage business),3023,-235,2,0163(brokerage business),3930,942
3,0275(brokerage business),42755,9263,3,0103(brokerage business),1832,-143,3,0148(brokerage business),2323,10
4,0163(brokerage business),39655,10705,4,0253(brokerage business),1437,15,4,0275(brokerage business),1427,179
5,0081(brokerage business),23044,10038,5,0059(brokerage business),1097,-205,5,0123(brokerage business),1267,-28
6,0253(brokerage business),21836,8723,6,0268(brokerage business),986,-9,6,0253(brokerage business),1222,-301
7,0123(brokerage business),17420,6222,7,0311(brokerage business),958,212,7,0103(brokerage business),1074,-191
8,0240(brokerage business),12429,1814,8,0163(brokerage business),929,-345,8,0272(brokerage business),816,-621
9,0259(brokerage business),12105,4086,9,0272(brokerage business),876,-136,9,0058(brokerage business),812,-457
10,0272(brokerage business),11267,3532,10,0081(brokerage business),850,82,10,0186(brokerage business),779,-106
11,0298(brokerage business),10092,1403,11,0321(brokerage business),849,-20,11,0082(brokerage business),771,-184
12,0186(brokerage business),6308,1395,12,0288(brokerage business),774,-41,12,0298(brokerage business),659,-149
13,0034(brokerage business),6085,623,13,0001(brokerage business),758,56,13,0240(brokerage business),616,-56
14,0268(brokerage business),5482,1125,14,0043(brokerage business),707,1,14,0177(brokerage business),595,-83
15,0323(brokerage business),5067,2436,15,0058(brokerage business),686,100,15,0151(brokerage business),588,70
16,0288(brokerage business),4720,2170,16,0153(brokerage business),672,-60,16,0268(brokerage business),582,-65
17,0019(brokerage business),4571,-1033,17,0240(brokerage business),636,-89,17,0018(brokerage business),575,6
18,0009(brokerage business),4406,2179,18,0308(brokerage business),605,-13,18,0096(brokerage business),565,22
19,0308(brokerage business),4336,-88,19,0034(brokerage business),604,34,19,0418(brokerage business),556,-24
20,0069(brokerage business),3951,957,20,0389(brokerage business),567,-6,20,0069(brokerage business),546,0
Total,,346850,96051,Total,,23995,-667,Total,,26136,-1327
Ranking,Name of FF Member /OSBPs,Volume,Change from Previous Trading Day,Ranking,Name of FF Member /OSBPs,Long Position,Change from Previous Trading Day,Ranking,Name of FF Member /OSBPs,Short Position,Change from Previous Trading Day
Contract Code：br2611,,,,,,,,,,2026-09-10,
1,0004(brokerage business),40532,12690,1,0004(brokerage business),9314,362,1,0004(brokerage business),19153,-1770
2,0148(brokerage business),29414,10844,2,0148(brokerage business),9173,-196,2,0323(brokerage business),8178,-213
3,0163(brokerage business),22073,11799,3,0323(brokerage business),8426,-366,3,0148(brokerage business),7321,-176
4,0275(brokerage business),20725,4959,4,0268(brokerage business),7486,-896,4,0268(brokerage business),7133,-278
5,0081(brokerage business),16399,4708,5,0163(brokerage business),4944,-317,5,0272(brokerage business),5382,-1
6,0123(brokerage business),14428,8099,6,0103(brokerage business),4706,-323,6,0103(brokerage business),4511,-131
7,0253(brokerage business),10344,3290,7,0253(brokerage business),4675,255,7,0163(brokerage business),4357,18
8,0240(brokerage business),6898,1056,8,0123(brokerage business),4543,-62,8,0123(brokerage business),3883,236
9,0268(brokerage business),5126,1254,9,0048(brokerage business),2732,25,9,0253(brokerage business),3223,-49
10,0272(brokerage business),3977,900,10,0335(brokerage business),2427,-165,10,0029(brokerage business),2252,-231
11,0308(brokerage business),3285,1357,11,0043(brokerage business),2286,-126,11,0043(brokerage business),2111,-29
12,0103(brokerage business),3220,2105,12,0275(brokerage business),2283,-66,12,0096(brokerage business),2047,-60
13,0009(brokerage business),2910,1033,13,0096(brokerage business),2239,75,13,0275(brokerage business),2027,11
14,0058(brokerage business),2705,743,14,0272(brokerage business),2196,-58,14,0082(brokerage business),1886,-85
15,0274(brokerage business),2385,998,15,0311(brokerage business),1264,10,15,0081(brokerage business),1576,-298
16,0059(brokerage business),2340,-595,16,0007(brokerage business),1081,123,16,0048(brokerage business),1329,3
17,0277(brokerage business),2147,2009,17,0240(brokerage business),1028,-573,17,0254(brokerage business),942,2
18,0342(brokerage business),2114,654,18,0161(brokerage business),979,22,18,0107(brokerage business),710,-5
19,0177(brokerage business),1839,1397,19,0059(brokerage business),732,-182,19,0177(brokerage business),687,-43
20,0169(brokerage business),1761,249,20,0288(brokerage business),718,-6,20,0059(brokerage business),635,-54
Total,,194622,69549,Total,,73232,-2464,Total,,79343,-3153
Member/OSP Type,Total Volume,Change from Previous Trading Day,Member/OSP Type,Total Long Position,Change from Previous Trading Day,Member/OSP Type,Total Short Position,Change from Previous Trading Day,,,
Contract Code：ruall,,,,,,,2026-09-10,,,,
Name of FF Member/OSBP,928532,95036,Name of FF Member/OSBP,204788,-9282,Name of FF Member/OSBP,204608,-9282,,,
Name of Non-FF Member/OSNBP,0,0,Name of Non-FF Member/OSNBP,50,0,Name of Non-FF Member/OSNBP,230,0,,,
Ranking,Name of FF Member /OSBPs,Volume,Change from Previous Trading Day,Ranking,Name of FF Member /OSBPs,Long Position,Change from Previous Trading Day,Ranking,Name of FF Member /OSBPs,Short Position,Change from Previous Trading Day
Contract Code：ru2609,,,,,,,,,,2026-09-10,
1,0163(brokerage business),159,117,1,0004(brokerage business),498,-17,1,0151(brokerage business),1760,52
2,0151(brokerage business),52,-22,2,0096(brokerage business),349,2,2,0240(brokerage business),309,0
3,0103(brokerage business),48,48,3,0082(brokerage business),322,-1,3,0177(brokerage business),210,0
4,0272(brokerage business),48,4,4,0177(brokerage business),274,-3,4,0123(brokerage business),200,0
5,0019(brokerage business),30,30,5,0148(brokerage business),259,0,5,0004(brokerage business),180,0
6,0067(brokerage business),21,20,6,0163(brokerage business),253,-44,6,0148(brokerage business),100,0
7,0322(brokerage business),21,21,7,0058(brokerage business),220,0,7,0125(brokerage business),47,-3
8,0004(brokerage business),17,-86,8,0103(brokerage business),155,-48,8,0067(brokerage business),30,-19
9,0308(brokerage business),4,4,9,0125(brokerage business),123,0,9,0139(brokerage business),27,-3
10,0321(brokerage business),4,4,10,0385(brokerage business),66,0,10,0322(brokerage business),25,-15
11,0389(brokerage business),4,4,11,0059(brokerage business),50,0,11,0321(brokerage business),7,-2
12,0125(brokerage business),3,3,12,0121(brokerage business),50,0,12,0315(brokerage business),2,0
13,0139(brokerage business),3,3,13,0272(brokerage business),50,0,13,0272(brokerage business),1,-32
14,0177(brokerage business),3,-18,14,0276(brokerage business),50,0,14,,,
15,0096(brokerage business),2,-203,15,0254(brokerage business),34,0,15,,,
16,0082(brokerage business),1,-8,16,0275(brokerage business),30,0,16,,,
17,,,,17,0322(brokerage business),26,-4,17,,,
18,,,,18,0048(brokerage business),15,0,18,,,
19,,,,19,0067(brokerage business),14,-2,19,,,
20,,,,20,0123(brokerage business),10,0,20,,,
Total,,420,-79,Total,,2848,-117,Total,,2898,-22
Ranking,Name of FF Member /OSBPs,Volume,Change from Previous Trading Day,Ranking,Name of FF Member /OSBPs,Long Position,Change from Previous Trading Day,Ranking,Name of FF Member /OSBPs,Short Position,Change from Previous Trading Day
Contract Code：ru2611,,,,,,,,,,2026-09-10,
1,0253(brokerage business),1248,228,1,0004(brokerage business),609,-20,1,0240(brokerage business),903,-4
2,0163(brokerage business),832,-60,2,0151(brokerage business),495,3,2,0004(brokerage business),669,-45
3,0161(brokerage business),682,30,3,0058(brokerage business),462,-2,3,0151(brokerage business),599,-9
4,0148(brokerage business),658,70,4,0177(brokerage business),405,-8,4,0163(brokerage business),403,26
5,0004(brokerage business),625,-197,5,0148(brokerage business),373,20,5,0349(brokerage business),327,0
6,0308(brokerage business),441,181,6,0123(brokerage business),371,0,6,0077(brokerage business),302,-5
7,0272(brokerage business),386,13,7,0163(brokerage business),356,-24,7,0148(brokerage business),287,-48
8,0137(brokerage business),284,87,8,0240(brokerage business),188,-100,8,0253(brokerage business),232,-2
9,0009(brokerage business),158,71,9,0096(brokerage business),173,0,9,0081(brokerage business),200,0
10,0240(brokerage business),148,33,10,0253(brokerage business),155,6,10,0096(brokerage business),137,49
11,0082(brokerage business),145,13,11,0272(brokerage business),154,-30,11,0069(brokerage business),108,1
12,0121(brokerage business),104,13,12,0082(brokerage business),133,4,12,0335(brokerage business),108,0
13,0034(brokerage business),100,8,13,0323(brokerage business),96,-7,13,0123(brokerage business),103,3
14,0275(brokerage business),100,10,14,0312(brokerage business),91,-1,14,0047(brokerage business),90,-1
15,0069(brokerage business),97,39,15,0009(brokerage business),88,-110,15,0268(brokerage business),87,-5
16,0096(brokerage business),95,72,16,0103(brokerage business),86,0,16,0059(brokerage business),76,18
17,0123(brokerage business),95,-152,17,0335(brokerage business),83,5,17,0082(brokerage business),76,-3
18,0268(brokerage business),81,-27,18,0034(brokerage business),71,-1,18,0272(brokerage business),76,20
19,0323(brokerage business),76,33,19,0042(brokerage business),68,2,19,0105(brokerage business),71,10
20,0081(brokerage business),69,-12,20,0137(brokerage business),66,4,20,0177(brokerage business),64,-2
Total,,6424,453,Total,,4523,-259,Total,,4918,3
Ranking,Name of FF Member /OSBPs,Volume,Change from Previous Trading Day,Ranking,Name of FF Member /OSBPs,Long Position,Change from Previous Trading Day,Ranking,Name of FF Member /OSBPs,Short Position,Change from Previous Trading Day
Contract Code：ru2701,,,,,,,,,,2026-09-10,
1,0004(brokerage business),175201,-2080,1,0148(brokerage business),12187,-662,1,0004(brokerage business),18479,822
2,0163(brokerage business),108235,16837,2,0004(brokerage business),12005,-1587,2,0123(brokerage business),10851,-974
3,0275(brokerage business),76368,9170,3,0103(brokerage business),7660,33,3,0148(brokerage business),10621,-112
4,0148(brokerage business),72528,7429,4,0163(brokerage business),7334,-2967,4,0272(brokerage business),6445,-310
5,0123(brokerage business),29447,3150,5,0272(brokerage business),7010,-395,5,0163(brokerage business),5365,-186
6,0253(brokerage business),25720,515,6,0253(brokerage business),5730,77,6,0372(brokerage business),4720,-807
7,0240(brokerage business),25452,13382,7,0082(brokerage business),3737,-68,7,0253(brokerage business),4501,165
8,0259(brokerage business),22945,11487,8,0240(brokerage business),3724,-410,8,0275(brokerage business),4469,374
9,0272(brokerage business),22143,9814,9,0077(brokerage business),3556,-390,9,0151(brokerage business),4311,-188
10,0081(brokerage business),14225,2817,10,0323(brokerage business),3415,-636,10,0103(brokerage business),4205,554
11,0323(brokerage business),13598,-3349,11,0274(brokerage business),3081,-223,11,0096(brokerage business),3819,-132
12,0096(brokerage business),11066,1171,12,0268(brokerage business),2846,-590,12,0240(brokerage business),3724,-192
13,0069(brokerage business),10036,3012,13,0018(brokerage business),2585,-130,13,0125(brokerage business),3539,4
14,0034(brokerage business),9511,2842,14,0275(brokerage business),2535,62,14,0077(brokerage business),3334,-143
15,0186(brokerage business),8017,1656,15,0239(brokerage business),2457,13,15,0082(brokerage business),3179,-84
16,0009(brokerage business),7499,1509,16,0034(brokerage business),2401,-3,16,0177(brokerage business),3032,-152
17,0268(brokerage business),6769,-256,17,0096(brokerage business),2179,1120,17,0058(brokerage business),2995,-382
18,0103(brokerage business),6567,697,18,0335(brokerage business),2154,259,18,0069(brokerage business),2667,288
19,0018(brokerage business),5931,301,19,0288(brokerage business),2097,-74,19,0034(brokerage business),2523,-420
20,0059(brokerage business),5833,-2611,20,0059(brokerage business),2071,-95,20,0186(brokerage business),2160,-302
Total,,657091,77493,Total,,90764,-6666,Total,,104939,-2177
Ranking,Name of FF Member /OSBPs,Volume,Change from Previous Trading Day,Ranking,Name of FF Member /OSBPs,Long Position,Change from Previous Trading Day,Ranking,Name of FF Member /OSBPs,Short Position,Change from Previous Trading Day
Contract Code：ru2705,,,,,,,,,,2026-09-10,
1,0163(brokerage business),13768,-60,1,0004(brokerage business),2335,16,1,0082(brokerage business),11201,-6
2,0148(brokerage business),10992,1934,2,0148(brokerage business),2166,231,2,0004(brokerage business),2038,427
3,0253(brokerage business),10398,1608,3,0163(brokerage business),2037,-295,3,0272(brokerage business),2034,97
4,0004(brokerage business),8641,3331,4,0103(brokerage business),1645,294,4,0372(brokerage business),1371,547
5,0275(brokerage business),7039,-679,5,0277(brokerage business),1598,16,5,0125(brokerage business),1342,-1
6,0081(brokerage business),2745,218,6,0272(brokerage business),1573,12,6,0275(brokerage business),1261,-35
7,0009(brokerage business),2572,369,7,0295(brokerage business),1222,-4,7,0148(brokerage business),974,-167
8,0240(brokerage business),2036,251,8,0240(brokerage business),1207,39,8,0338(brokerage business),971,12
9,0272(brokerage business),1413,-387,9,0253(brokerage business),786,-52,9,0137(brokerage business),755,1
10,0069(brokerage business),1038,629,10,0274(brokerage business),755,-32,10,0123(brokerage business),568,0
11,0059(brokerage business),945,-1127,11,0069(brokerage business),746,81,11,0240(brokerage business),536,-15
12,0178(brokerage business),730,107,12,0323(brokerage business),647,-200,12,0096(brokerage business),526,-19
13,0103(brokerage business),663,105,13,0007(brokerage business),522,204,13,0139(brokerage business),526,-4
14,0372(brokerage business),639,411,14,0139(brokerage business),522,-41,14,0058(brokerage business),517,293
15,0123(brokerage business),592,-285,15,0067(brokerage business),443,-11,15,0103(brokerage business),463,-67
16,0274(brokerage business),546,-120,16,0335(brokerage business),409,128,16,0019(brokerage business),413,0
17,0007(brokerage business),516,-125,17,0161(brokerage business),401,-8,17,0163(brokerage business),395,-7
18,0161(brokerage business),512,326,18,0034(brokerage business),393,-75,18,0121(brokerage business),384,9
19,0323(brokerage business),494,-452,19,0107(brokerage business),390,-47,19,0151(brokerage business),368,46
20,0308(brokerage business),491,-35,20,0018(brokerage business),382,14,20,0136(brokerage business),265,-11
Total,,66770,6019,Total,,20179,270,Total,,26908,1100
Ranking,Name of FF Member /OSBPs,Volume,Change from Previous Trading Day,Ranking,Name of FF Member /OSBPs,Long Position,Change from Previous Trading Day,Ranking,Name of FF Member /OSBPs,Short Position,Change from Previous Trading Day
Contract Code：nr2609,,,,,,,,,,2026-09-10,
1,8240(brokerage business),40,40,1,8253(brokerage business),140,0,1,8096(brokerage business),80,10
2,8096(brokerage business),30,20,2,8148(brokerage business),80,0,2,8253(brokerage business),80,0
3,8151(brokerage business),30,30,3,8077(brokerage business),20,0,3,8004(brokerage business),40,0
4,8069(brokerage business),20,20,4,8096(brokerage business),20,20,4,8148(brokerage business),40,0
5,8103(brokerage business),20,20,5,8103(brokerage business),20,20,5,8240(brokerage business),40,40
6,8123(brokerage business),20,20,6,8323(brokerage business),20,20,6,8321(brokerage business),20,0
7,8323(brokerage business),20,20,7,8004(brokerage business),10,0,7,8323(brokerage business),10,0
Total,,180,170,Total,,310,60,Total,,310,50
Ranking,Name of FF Member /OSBPs,Volume,Change from Previous Trading Day,Ranking,Name of FF Member /OSBPs,Long Position,Change from Previous Trading Day,Ranking,Name of FF Member /OSBPs,Short Position,Change from Previous Trading Day
Contract Code：nr2610,,,,,,,,,,2026-09-10,
1,8163(brokerage business),2932,-89,1,8004(brokerage business),4011,-119,1,8004(brokerage business),2959,-183
2,8253(brokerage business),1812,-507,2,8148(brokerage business),2174,-165,2,8148(brokerage business),2364,-131
3,8004(brokerage business),1402,-826,3,8096(brokerage business),1594,-2,3,8272(brokerage business),1568,-142
4,8275(brokerage business),998,-551,4,8253(brokerage business),1043,-85,4,8163(brokerage business),1474,8
5,8148(brokerage business),924,-138,5,8058(brokerage business),859,-4,5,8177(brokerage business),1391,-1
6,8123(brokerage business),487,-76,6,8077(brokerage business),721,-17,6,8103(brokerage business),1043,-60
7,8272(brokerage business),473,77,7,8059(brokerage business),617,-15,7,8275(brokerage business),1037,2
8,8059(brokerage business),469,133,8,8389(brokerage business),464,20,8,8240(brokerage business),714,17
9,8268(brokerage business),454,181,9,8272(brokerage business),457,-87,9,8019(brokerage business),679,5
10,8240(brokerage business),380,147,10,8001(brokerage business),418,-10,10,8139(brokerage business),617,0
11,8069(brokerage business),347,126,11,8151(brokerage business),396,-59,11,8349(brokerage business),600,0
12,8009(brokerage business),278,95,12,8103(brokerage business),378,-14,12,8123(brokerage business),476,26
13,8081(brokerage business),210,13,13,8163(brokerage business),359,-122,13,8253(brokerage business),453,1
14,8007(brokerage business),195,-337,14,8003(brokerage business),353,0,14,8077(brokerage business),425,-4
15,8271(brokerage business),146,-393,15,8095(brokerage business),343,-1,15,8305(brokerage business),400,0
16,8096(brokerage business),140,86,16,8153(brokerage business),334,-9,16,8058(brokerage business),352,-29
17,8274(brokerage business),134,27,17,8171(brokerage business),332,0,17,8125(brokerage business),251,-15
18,8151(brokerage business),131,90,18,8161(brokerage business),324,3,18,8418(brokerage business),200,0
19,8308(brokerage business),123,-68,19,8274(brokerage business),303,-1,19,8069(brokerage business),159,-286
20,8238(brokerage business),94,7,20,8082(brokerage business),267,-4,20,8389(brokerage business),150,-1
Total,,12129,-2003,Total,,15747,-691,Total,,17312,-793
Ranking,Name of FF Member /OSBPs,Volume,Change from Previous Trading Day,Ranking,Name of FF Member /OSBPs,Long Position,Change from Previous Trading Day,Ranking,Name of FF Member /OSBPs,Short Position,Change from Previous Trading Day
Contract Code：nr2611,,,,,,,,,,2026-09-10,
1,8163(brokerage business),42659,-94,1,8004(brokerage business),6516,-325,1,8004(brokerage business),11459,-87
2,8253(brokerage business),20503,3089,2,8103(brokerage business),6484,480,2,8148(brokerage business),6408,-272
3,8004(brokerage business),18408,2413,3,8148(brokerage business),6174,213,3,8163(brokerage business),4111,-400
4,8275(brokerage business),18192,191,4,8239(brokerage business),6113,-49,4,8096(brokerage business),3982,191
5,8148(brokerage business),16273,2451,5,8184(brokerage business),5186,-82,5,8272(brokerage business),3932,-43
6,8081(brokerage business),7981,1982,6,8163(brokerage business),4693,-875,6,8253(brokerage business),3678,-12
7,8123(brokerage business),6539,1529,7,8084(brokerage business),2655,6,7,8123(brokerage business),3399,10
8,8103(brokerage business),4018,1589,8,8274(brokerage business),2255,-56,8,8240(brokerage business),3306,-100
9,8272(brokerage business),3844,-1281,9,8240(brokerage business),2251,378,9,8082(brokerage business),2632,-17
10,8096(brokerage business),2724,-114,10,8272(brokerage business),2104,11,10,8103(brokerage business),2504,-194
11,8240(brokerage business),2612,99,11,8253(brokerage business),2085,-19,11,8125(brokerage business),2462,-213
12,8308(brokerage business),2479,-615,12,8349(brokerage business),1930,-255,12,8275(brokerage business),2260,-183
13,8298(brokerage business),2419,90,13,8277(brokerage business),1820,-9,13,8009(brokerage business),2217,-71
14,8186(brokerage business),2011,-710,14,8335(brokerage business),1770,47,14,8058(brokerage business),2167,74
15,8043(brokerage business),1996,168,15,8268(brokerage business),1755,-64,15,8059(brokerage business),1774,-51
16,8069(brokerage business),1902,63,16,8288(brokerage business),1272,6,16,8077(brokerage business),1661,-130
17,8268(brokerage business),1750,-542,17,8007(brokerage business),1133,319,17,8177(brokerage business),1449,-23
18,8323(brokerage business),1646,-96,18,8077(brokerage business),1126,-20,18,8069(brokerage business),1375,163
19,8034(brokerage business),1602,49,19,8177(brokerage business),1125,-140,19,8308(brokerage business),1336,-45
20,8007(brokerage business),1552,142,20,8082(brokerage business),1057,-66,20,8153(brokerage business),1058,39
Total,,161110,10403,Total,,59504,-500,Total,,63170,-1364
Ranking,Name of FF Member /OSBPs,Volume,Change from Previous Trading Day,Ranking,Name of FF Member /OSBPs,Long Position,Change from Previous Trading Day,Ranking,Name of FF Member /OSBPs,Short Position,Change from Previous Trading Day
Contract Code：nr2612,,,,,,,,,,2026-09-10,
1,8163(brokerage business),18703,3012,1,8004(brokerage business),6825,-119,1,8004(brokerage business),8886,1456
2,8004(brokerage business),11447,4626,2,8148(brokerage business),4915,318,2,8148(brokerage business),3301,-298
3,8253(brokerage business),9841,-247,3,8103(brokerage business),2988,334,3,8372(brokerage business),3201,-3
4,8148(brokerage business),8816,2227,4,8163(brokerage business),2863,-24,4,8253(brokerage business),3074,42
5,8275(brokerage business),6559,1406,5,8323(brokerage business),2795,-283,5,8268(brokerage business),2715,47
6,8081(brokerage business),4739,1037,6,8268(brokerage business),2530,236,6,8103(brokerage business),2559,-231
7,8123(brokerage business),3518,1456,7,8034(brokerage business),2080,-30,7,8163(brokerage business),2464,-47
8,8096(brokerage business),2742,-521,8,8082(brokerage business),1947,17,8,8240(brokerage business),2208,-6
9,8272(brokerage business),1920,1399,9,8274(brokerage business),1885,-9,9,8082(brokerage business),2196,8
10,8268(brokerage business),1317,38,10,8253(brokerage business),1881,27,10,8123(brokerage business),2112,8
11,8103(brokerage business),1107,312,11,8161(brokerage business),1643,-4,11,8323(brokerage business),2090,-5
12,8240(brokerage business),1025,13,12,8295(brokerage business),1606,5,12,8058(brokerage business),1921,18
13,8418(brokerage business),951,749,13,8009(brokerage business),1532,153,13,8034(brokerage business),1866,-58
14,8323(brokerage business),928,36,14,8372(brokerage business),1350,5,14,8275(brokerage business),1551,-23
15,8069(brokerage business),835,112,15,8277(brokerage business),1232,1,15,8272(brokerage business),1514,1457
16,8067(brokerage business),810,457,16,8139(brokerage business),1154,-1,16,8161(brokerage business),1512,-12
17,8274(brokerage business),806,-188,17,8096(brokerage business),802,271,17,8277(brokerage business),1202,0
18,8077(brokerage business),688,521,18,8308(brokerage business),746,-13,18,8096(brokerage business),1153,-19
19,8308(brokerage business),644,-26,19,8077(brokerage business),745,408,19,8177(brokerage business),886,37
20,8007(brokerage business),621,-442,20,8123(brokerage business),727,104,20,8308(brokerage business),425,43
Total,,78017,15977,Total,,42246,1396,Total,,46836,2414
Ranking,Name of FF Member /OSBPs,Volume,Change from Previous Trading Day,Ranking,Name of FF Member /OSBPs,Long Position,Change from Previous Trading Day,Ranking,Name of FF Member /OSBPs,Short Position,Change from Previous Trading Day
Contract Code：nr2701,,,,,,,,,,2026-09-10,
1,8163(brokerage business),8360,2329,1,8004(brokerage business),4486,-47,1,8004(brokerage business),5812,292
2,8004(brokerage business),4727,1607,2,8148(brokerage business),2918,-20,2,8148(brokerage business),3759,-230
3,8253(brokerage business),4032,1706,3,8103(brokerage business),1776,3,3,8275(brokerage business),1960,-16
4,8275(brokerage business),3794,-200,4,8139(brokerage business),1620,46,4,8123(brokerage business),1867,-128
5,8148(brokerage business),2954,513,5,8272(brokerage business),1566,127,5,8349(brokerage business),1745,-140
6,8123(brokerage business),1670,623,6,8295(brokerage business),1477,-6,6,8272(brokerage business),1452,990
7,8272(brokerage business),1581,1214,7,8323(brokerage business),1476,28,7,8163(brokerage business),1273,291
8,8271(brokerage business),1139,47,8,8163(brokerage business),1325,37,8,8254(brokerage business),1250,12
9,8069(brokerage business),770,304,9,8253(brokerage business),1236,-10,9,8059(brokerage business),1038,6
10,8308(brokerage business),743,-207,10,8335(brokerage business),1190,-5,10,8253(brokerage business),970,-54
11,8009(brokerage business),725,-1683,11,8274(brokerage business),1073,3,11,8058(brokerage business),954,-98
12,8059(brokerage business),635,-268,12,8059(brokerage business),877,-33,12,8081(brokerage business),938,-37
13,8305(brokerage business),599,599,13,8077(brokerage business),812,-8,13,8321(brokerage business),903,-3
14,8240(brokerage business),560,229,14,8121(brokerage business),777,39,14,8019(brokerage business),840,1
15,8103(brokerage business),489,126,15,8288(brokerage business),750,-2,15,8103(brokerage business),835,-402
16,8274(brokerage business),478,-6,16,8137(brokerage business),737,-19,16,8082(brokerage business),831,-16
17,8138(brokerage business),436,-5,17,8009(brokerage business),718,-52,17,8385(brokerage business),774,0
18,8007(brokerage business),386,-415,18,8240(brokerage business),641,-192,18,8372(brokerage business),761,0
19,8349(brokerage business),358,291,19,8107(brokerage business),585,-5,19,8034(brokerage business),724,-24
20,8043(brokerage business),332,118,20,8067(brokerage business),549,11,20,8305(brokerage business),616,-599
Total,,34768,6922,Total,,26589,-105,Total,,29302,-155
Member/OSP Type,Total Volume,Change from Previous Trading Day,Member/OSP Type,Total Long Position,Change from Previous Trading Day,Member/OSP Type,Total Short Position,Change from Previous Trading Day,,,
Contract Code：spall,,,,,,,2026-09-10,,,,
Name of FF Member/OSBP,916436,-250772,Name of FF Member/OSBP,412814,8159,Name of FF Member/OSBP,412814,8159,,,
Name of Non-FF Member/OSNBP,0,0,Name of Non-FF Member/OSNBP,0,0,Name of Non-FF Member/OSNBP,0,0,,,
Ranking,Name of FF Member /OSBPs,Volume,Change from Previous Trading Day,Ranking,Name of FF Member /OSBPs,Long Position,Change from Previous Trading Day,Ranking,Name of FF Member /OSBPs,Short Position,Change from Previous Trading Day
Contract Code：sp2609,,,,,,,,,,2026-09-10,
1,0003(brokerage business),132,132,1,0004(brokerage business),2356,0,1,0059(brokerage business),1470,0
2,0163(brokerage business),120,14,2,0081(brokerage business),1152,0,2,0125(brokerage business),1324,0
3,0272(brokerage business),112,102,3,0103(brokerage business),1002,0,3,0004(brokerage business),1192,0
4,0123(brokerage business),24,18,4,0082(brokerage business),796,0,4,0148(brokerage business),614,0
5,0321(brokerage business),16,16,5,0148(brokerage business),638,0,5,0177(brokerage business),558,0
6,,,,6,0123(brokerage business),360,0,6,0163(brokerage business),454,-30
7,,,,7,0029(brokerage business),304,0,7,0299(brokerage business),400,0
8,,,,8,0003(brokerage business),300,0,8,0081(brokerage business),322,0
9,,,,9,0159(brokerage business),300,0,9,0327(brokerage business),300,0
10,,,,10,0169(brokerage business),300,0,10,0019(brokerage business),288,0
11,,,,11,0009(brokerage business),216,0,11,0082(brokerage business),250,0
12,,,,12,0034(brokerage business),200,0,12,0138(brokerage business),238,0
13,,,,13,0349(brokerage business),200,0,13,0268(brokerage business),230,0
14,,,,14,0019(brokerage business),142,0,14,0159(brokerage business),218,0
15,,,,15,0139(brokerage business),120,0,15,0096(brokerage business),200,0
16,,,,16,0177(brokerage business),120,0,16,0418(brokerage business),200,0
17,,,,17,0272(brokerage business),100,-10,17,0272(brokerage business),192,14
18,,,,18,0385(brokerage business),84,0,18,0321(brokerage business),170,-8
19,,,,19,0138(brokerage business),80,0,19,0153(brokerage business),100,0
20,,,,20,0268(brokerage business),10,0,20,0103(brokerage business),56,0
Total,,404,282,Total,,8780,-10,Total,,8776,-24
Ranking,Name of FF Member /OSBPs,Volume,Change from Previous Trading Day,Ranking,Name of FF Member /OSBPs,Long Position,Change from Previous Trading Day,Ranking,Name of FF Member /OSBPs,Short Position,Change from Previous Trading Day
Contract Code：sp2611,,,,,,,,,,2026-09-10,
1,0004(brokerage business),157664,-44932,1,0004(brokerage business),22204,-245,1,0004(brokerage business),25175,803
2,0163(brokerage business),112004,-13094,2,0148(brokerage business),16085,1062,2,0163(brokerage business),22654,2368
3,0148(brokerage business),68437,-16654,3,0272(brokerage business),12183,1092,3,0148(brokerage business),20597,573
4,0275(brokerage business),51931,-22027,4,0268(brokerage business),8454,228,4,0239(brokerage business),11468,611
5,0081(brokerage business),32396,-21029,5,0163(brokerage business),7963,1056,5,0272(brokerage business),10474,-623
6,0272(brokerage business),26019,6039,6,0240(brokerage business),5966,-612,6,0253(brokerage business),7929,182
7,0253(brokerage business),23815,-6816,7,0253(brokerage business),5075,141,7,0059(brokerage business),7879,1590
8,0259(brokerage business),21201,3471,8,0096(brokerage business),4993,493,8,0335(brokerage business),7554,765
9,0240(brokerage business),20351,151,9,0081(brokerage business),4495,207,9,0103(brokerage business),7186,-6
10,0123(brokerage business),17132,-1706,10,0077(brokerage business),4445,103,10,0081(brokerage business),6005,-415
11,0103(brokerage business),10143,-2365,11,0103(brokerage business),4433,609,11,0177(brokerage business),5827,-89
12,0096(brokerage business),9933,-2723,12,0034(brokerage business),4206,541,12,0123(brokerage business),5546,-30
13,0059(brokerage business),6968,-2876,13,0275(brokerage business),4155,736,13,0125(brokerage business),4052,-56
14,0268(brokerage business),6643,-2258,14,0043(brokerage business),3707,-159,14,0034(brokerage business),3786,254
15,0069(brokerage business),6304,-1008,15,0298(brokerage business),3694,368,15,0058(brokerage business),3621,-133
16,0186(brokerage business),6294,-4021,16,0042(brokerage business),3383,766,16,0043(brokerage business),3374,47
17,0308(brokerage business),5100,-2814,17,0186(brokerage business),3374,-170,17,0082(brokerage business),3119,8
18,0034(brokerage business),5099,-3525,18,0299(brokerage business),3230,291,18,0308(brokerage business),3041,6
19,0298(brokerage business),4724,-1616,19,0058(brokerage business),3206,424,19,0084(brokerage business),3006,5
20,0042(brokerage business),4483,-190,20,0069(brokerage business),3132,277,20,0321(brokerage business),2659,1
Total,,596641,-139993,Total,,128383,7208,Total,,164952,5861
Ranking,Name of FF Member /OSBPs,Volume,Change from Previous Trading Day,Ranking,Name of FF Member /OSBPs,Long Position,Change from Previous Trading Day,Ranking,Name of FF Member /OSBPs,Short Position,Change from Previous Trading Day
Contract Code：sp2701,,,,,,,,,,2026-09-10,
1,0148(brokerage business),36201,-186,1,0123(brokerage business),10034,287,1,0148(brokerage business),16907,217
2,0163(brokerage business),21256,-4871,2,0004(brokerage business),9716,-609,2,0004(brokerage business),16792,-261
3,0004(brokerage business),19382,-2123,3,0163(brokerage business),8013,-629,3,0163(brokerage business),5568,-145
4,0123(brokerage business),16712,3285,4,0272(brokerage business),7052,148,4,0418(brokerage business),5344,-205
5,0253(brokerage business),8979,2136,5,0177(brokerage business),5658,4,5,0169(brokerage business),4959,41
6,0275(brokerage business),8148,-16152,6,0042(brokerage business),4900,470,6,0009(brokerage business),4554,359
7,0081(brokerage business),5312,-713,7,0043(brokerage business),4521,-74,7,0081(brokerage business),4245,1131
8,0034(brokerage business),5107,242,8,0148(brokerage business),3667,-2,8,0103(brokerage business),4128,365
9,0240(brokerage business),3544,-4625,9,0103(brokerage business),3533,28,9,0253(brokerage business),4121,139
10,0069(brokerage business),2445,1595,10,0077(brokerage business),3097,1118,10,0177(brokerage business),4111,8
11,0259(brokerage business),2339,352,11,0018(brokerage business),2889,-16,11,0335(brokerage business),3939,113
12,0077(brokerage business),1987,226,12,0034(brokerage business),2794,1100,12,0125(brokerage business),3859,-229
13,0186(brokerage business),1965,54,13,0253(brokerage business),2560,-130,13,0059(brokerage business),3760,287
14,0272(brokerage business),1572,-360,14,0275(brokerage business),2468,-28,14,0029(brokerage business),3490,69
15,0007(brokerage business),1496,-384,15,0288(brokerage business),2091,30,15,0003(brokerage business),2863,-2
16,0274(brokerage business),1444,207,16,0186(brokerage business),2049,-164,16,0272(brokerage business),2832,98
17,0096(brokerage business),1352,-96,17,0096(brokerage business),1843,128,17,0139(brokerage business),2630,-30
18,0042(brokerage business),1346,286,18,0136(brokerage business),1785,37,18,0096(brokerage business),2531,-418
19,0268(brokerage business),1191,336,19,0262(brokerage business),1778,-6,19,0082(brokerage business),2516,-70
20,0103(brokerage business),1065,-406,20,0069(brokerage business),1738,-24,20,0275(brokerage business),2128,42
Total,,142843,-21197,Total,,82186,1668,Total,,101277,1509
Member/OSP Type,Total Volume,Change from Previous Trading Day,Member/OSP Type,Total Long Position,Change from Previous Trading Day,Member/OSP Type,Total Short Position,Change from Previous Trading Day,,,
Contract Code：opall,,,,,,,2026-09-10,,,,
Name of FF Member/OSBP,29816,-12064,Name of FF Member/OSBP,26104,412,Name of FF Member/OSBP,26104,412,,,
Name of Non-FF Member/OSNBP,0,0,Name of Non-FF Member/OSNBP,0,0,Name of Non-FF Member/OSNBP,0,0,,,
Ranking,Name of FF Member /OSBPs,Volume,Change from Previous Trading Day,Ranking,Name of FF Member /OSBPs,Long Position,Change from Previous Trading Day,Ranking,Name of FF Member /OSBPs,Short Position,Change from Previous Trading Day
Contract Code：op2609,,,,,,,,,,2026-09-10,
1,,,,1,0004(brokerage business),30,0,1,0321(brokerage business),28,0
2,,,,2,,,,2,0082(brokerage business),2,0
Total,,,,Total,,30,0,Total,,30,0
Ranking,Name of FF Member /OSBPs,Volume,Change from Previous Trading Day,Ranking,Name of FF Member /OSBPs,Long Position,Change from Previous Trading Day,Ranking,Name of FF Member /OSBPs,Short Position,Change from Previous Trading Day
Contract Code：op2610,,,,,,,,,,2026-09-10,
1,0268(brokerage business),748,-468,1,0268(brokerage business),973,3,1,0268(brokerage business),904,1
2,0148(brokerage business),485,-12,2,0082(brokerage business),600,6,2,0004(brokerage business),826,6
3,0004(brokerage business),480,36,3,0148(brokerage business),543,5,3,0148(brokerage business),531,20
4,0123(brokerage business),412,84,4,0004(brokerage business),502,-4,4,0082(brokerage business),499,-3
5,0163(brokerage business),339,-5,5,0257(brokerage business),491,2,5,0257(brokerage business),497,0
6,0275(brokerage business),302,-466,6,0008(brokerage business),488,-6,6,0008(brokerage business),488,-6
7,0257(brokerage business),120,-1116,7,0123(brokerage business),486,1,7,0123(brokerage business),486,1
8,0008(brokerage business),32,2,8,0275(brokerage business),477,4,8,0275(brokerage business),457,0
9,0081(brokerage business),27,-62,9,0013(brokerage business),157,0,9,0018(brokerage business),50,0
10,0059(brokerage business),25,-13,10,0137(brokerage business),35,1,10,0163(brokerage business),49,-5
11,0009(brokerage business),10,8,11,0059(brokerage business),30,-5,11,0319(brokerage business),38,0
12,0082(brokerage business),9,-1,12,0067(brokerage business),30,0,12,0125(brokerage business),32,0
13,0086(brokerage business),8,6,13,0048(brokerage business),24,0,13,0103(brokerage business),27,0
14,0153(brokerage business),8,6,14,0034(brokerage business),21,-2,14,0136(brokerage business),20,0
15,0178(brokerage business),6,6,15,0182(brokerage business),19,0,15,0389(brokerage business),20,0
16,0272(brokerage business),6,6,16,0163(brokerage business),18,8,16,0081(brokerage business),19,17
17,0139(brokerage business),5,5,17,0069(brokerage business),17,2,17,0151(brokerage business),15,0
18,0058(brokerage business),4,-4,18,0240(brokerage business),13,0,18,0137(brokerage business),11,0
19,0096(brokerage business),4,4,19,0049(brokerage business),11,-1,19,0299(brokerage business),8,-1
20,0136(brokerage business),4,4,20,0103(brokerage business),11,0,20,0001(brokerage business),7,0
Total,,3034,-1980,Total,,4946,14,Total,,4984,30
Ranking,Name of FF Member /OSBPs,Volume,Change from Previous Trading Day,Ranking,Name of FF Member /OSBPs,Long Position,Change from Previous Trading Day,Ranking,Name of FF Member /OSBPs,Short Position,Change from Previous Trading Day
Contract Code：op2611,,,,,,,,,,2026-09-10,
1,0268(brokerage business),3460,151,1,0268(brokerage business),3793,3,1,0268(brokerage business),3788,-23
2,0163(brokerage business),3294,107,2,0004(brokerage business),3061,61,2,0123(brokerage business),2867,1
3,0004(brokerage business),3137,-611,3,0148(brokerage business),2684,49,3,0004(brokerage business),2536,28
4,0123(brokerage business),2504,513,4,0123(brokerage business),2407,-1,4,0148(brokerage business),2536,-56
5,0148(brokerage business),1609,152,5,0008(brokerage business),2001,0,5,0008(brokerage business),1999,2
6,0008(brokerage business),1592,690,6,0257(brokerage business),1803,0,6,0257(brokerage business),1798,0
7,0275(brokerage business),1143,-474,7,0082(brokerage business),1557,-8,7,0082(brokerage business),1539,41
8,0257(brokerage business),752,-1706,8,0275(brokerage business),1430,10,8,0275(brokerage business),1408,3
9,0081(brokerage business),573,328,9,0163(brokerage business),200,24,9,0103(brokerage business),494,-1
10,0019(brokerage business),244,-33,10,0059(brokerage business),72,9,10,0163(brokerage business),483,12
11,0058(brokerage business),114,23,11,0034(brokerage business),69,7,11,0253(brokerage business),298,7
12,0186(brokerage business),109,30,12,0238(brokerage business),68,37,12,0042(brokerage business),73,47
13,0086(brokerage business),83,65,13,0308(brokerage business),58,7,13,0030(brokerage business),52,52
14,0029(brokerage business),80,57,14,0298(brokerage business),57,30,14,0019(brokerage business),51,47
15,0298(brokerage business),68,-5,15,0018(brokerage business),56,3,15,0081(brokerage business),42,34
16,0034(brokerage business),66,16,16,0103(brokerage business),51,20,16,0137(brokerage business),37,11
17,0082(brokerage business),63,54,17,0137(brokerage business),50,-1,17,0151(brokerage business),30,30
18,0030(brokerage business),57,56,18,0319(brokerage business),48,3,18,0186(brokerage business),28,1
19,0042(brokerage business),57,48,19,0058(brokerage business),44,43,19,0069(brokerage business),27,26
20,0272(brokerage business),57,29,20,0043(brokerage business),42,12,20,0252(brokerage business),25,1
Total,,19062,-510,Total,,19551,308,Total,,20111,263
