"SHFE Member/OSP Volume, Open Interest Rankings",,,,,,,,,,,
,,,,,,,,,,,
Date: 2026-08-18,,,,,,,,,,,
"Note: FF Member/OSBP may not engage in trading of its own futures, the above volume and positions ranking data of FF Member/OSBP Clearing Members refers to he participation of all clients who are engaging in brokerage business during the statistical period. FF Member/OSBP engaging in brokerage business shall accept entrustment by its clients to conduct futures trading in its own name on behalf of the client.",,,,,,,,,,,
Member/OSP Type,Total Volume,Change from Previous Trading Day,Member/OSP Type,Total Long Position,Change from Previous Trading Day,Member/OSP Type,Total Short Position,Change from Previous Trading Day,,,
Contract Code：cuall,,,,,,,2026-08-18,,,,
Name of FF Member/OSBP,459051,26641,Name of FF Member/OSBP,566196,-29596,Name of FF Member/OSBP,556581,-28573,,,
Name of Non-FF Member/OSNBP,3199,1445,Name of Non-FF Member/OSNBP,2610,221,Name of Non-FF Member/OSNBP,12225,-802,,,
Ranking,Name of FF Member /OSBPs,Volume,Change from Previous Trading Day,Ranking,Name of FF Member /OSBPs,Long Position,Change from Previous Trading Day,Ranking,Name of FF Member /OSBPs,Short Position,Change from Previous Trading Day
Contract Code：cu2609,,,,,,,,,,2026-08-18,
1,0148(brokerage business),24995,4235,1,0004(brokerage business),23548,-2665,1,0148(brokerage business),17923,-816
2,0163(brokerage business),24128,-4912,2,0148(brokerage business),22066,-2345,2,0049(brokerage business),16238,-1379
3,0004(brokerage business),17137,1068,3,0049(brokerage business),11178,1904,3,0163(brokerage business),9892,-11
4,0272(brokerage business),7920,1809,4,0163(brokerage business),8102,-1393,4,0004(brokerage business),8472,-990
5,0049(brokerage business),7675,-782,5,0272(brokerage business),6919,-530,5,0058(brokerage business),6152,-1165
6,0275(brokerage business),7102,2427,6,0103(brokerage business),6480,-348,6,0253(brokerage business),5451,-745
7,0096(brokerage business),5785,1023,7,0139(brokerage business),5282,-137,7,0272(brokerage business),5386,-1442
8,0123(brokerage business),5309,1564,8,0025(brokerage business),5062,37,8,0009(brokerage business),5382,-150
9,0253(brokerage business),5224,423,9,0077(brokerage business),4583,19,9,0042(brokerage business),5150,-1138
10,0308(brokerage business),5016,-1017,10,0253(brokerage business),4243,-1133,10,0321(brokerage business),4902,-237
11,0081(brokerage business),4900,540,11,0240(brokerage business),3923,-830,11,0315(brokerage business),4896,533
12,0034(brokerage business),4187,1559,12,0321(brokerage business),3418,486,12,0003(brokerage business),4348,-70
13,0240(brokerage business),3462,-203,13,0009(brokerage business),3071,152,13,0139(brokerage business),4054,-32
14,0268(brokerage business),3438,-527,14,0275(brokerage business),2996,-314,14,0169(brokerage business),4021,-248
15,0009(brokerage business),2800,668,15,0335(brokerage business),2887,-601,15,0034(brokerage business),3735,-961
16,0058(brokerage business),2745,323,16,0268(brokerage business),2645,-269,16,0240(brokerage business),3643,-218
17,0323(brokerage business),2648,1104,17,0082(brokerage business),2567,-177,17,0082(brokerage business),3634,243
18,0042(brokerage business),2564,82,18,0042(brokerage business),2530,-146,18,0096(brokerage business),3519,-203
19,0315(brokerage business),2470,258,19,0096(brokerage business),2212,-262,19,0025(brokerage business),3287,-825
20,0069(brokerage business),2197,-755,20,0059(brokerage business),2155,-540,20,0081(brokerage business),2923,200
Total,,141702,8887,Total,,125867,-9092,Total,,123008,-9654
Ranking,Name of FF Member /OSBPs,Volume,Change from Previous Trading Day,Ranking,Name of FF Member /OSBPs,Long Position,Change from Previous Trading Day,Ranking,Name of FF Member /OSBPs,Short Position,Change from Previous Trading Day
Contract Code：cu2610,,,,,,,,,,2026-08-18,
1,0004(brokerage business),18834,2479,1,0148(brokerage business),30501,-1035,1,0004(brokerage business),17557,-190
2,0163(brokerage business),18643,-162,2,0004(brokerage business),16322,-2552,2,0148(brokerage business),17049,-1796
3,0148(brokerage business),16511,3553,3,0239(brokerage business),10137,-2382,3,0049(brokerage business),12193,304
4,0308(brokerage business),5414,821,4,0272(brokerage business),9049,429,4,0139(brokerage business),10475,-181
5,0275(brokerage business),5382,1680,5,0103(brokerage business),7273,-565,5,0009(brokerage business),8964,-270
6,0272(brokerage business),3662,924,6,0163(brokerage business),6344,-365,6,0042(brokerage business),8557,-291
7,0123(brokerage business),3653,1268,7,0049(brokerage business),4353,526,7,0163(brokerage business),8547,748
8,0240(brokerage business),3467,913,8,0335(brokerage business),3761,-565,8,0315(brokerage business),4893,-255
9,0253(brokerage business),3376,-656,9,0268(brokerage business),3706,-49,9,0069(brokerage business),4319,-788
10,0081(brokerage business),3317,462,10,0125(brokerage business),3304,106,10,0034(brokerage business),4009,55
11,0239(brokerage business),3082,1217,11,0253(brokerage business),2954,-96,11,0372(brokerage business),3633,-1339
12,0259(brokerage business),3062,715,12,0077(brokerage business),2677,193,12,0082(brokerage business),3476,-27
13,0049(brokerage business),2636,-1424,13,0308(brokerage business),2325,1211,13,0321(brokerage business),3036,-189
14,0372(brokerage business),2519,1364,14,0275(brokerage business),2301,576,14,0096(brokerage business),2946,-174
15,0096(brokerage business),2376,-80,15,0274(brokerage business),2278,-386,15,0169(brokerage business),2920,81
16,0034(brokerage business),2360,681,16,0259(brokerage business),2267,1256,16,0272(brokerage business),2555,-171
17,0042(brokerage business),2016,150,17,0178(brokerage business),2238,-53,17,0138(brokerage business),2526,431
18,0103(brokerage business),2008,-442,18,0240(brokerage business),2235,-933,18,0025(brokerage business),2401,71
19,0059(brokerage business),1603,-405,19,0082(brokerage business),2218,352,19,0081(brokerage business),2401,57
20,0009(brokerage business),1547,52,20,0042(brokerage business),2216,-153,20,0240(brokerage business),2392,-260
Total,,105468,13110,Total,,118459,-4485,Total,,124849,-4184
Ranking,Name of FF Member /OSBPs,Volume,Change from Previous Trading Day,Ranking,Name of FF Member /OSBPs,Long Position,Change from Previous Trading Day,Ranking,Name of FF Member /OSBPs,Short Position,Change from Previous Trading Day
Contract Code：cu2611,,,,,,,,,,2026-08-18,
1,0004(brokerage business),5592,1019,1,0148(brokerage business),5360,427,1,0148(brokerage business),8514,162
2,0163(brokerage business),4477,-1150,2,0004(brokerage business),4121,1283,2,0004(brokerage business),6261,377
3,0308(brokerage business),3911,955,3,0268(brokerage business),3095,8,3,0163(brokerage business),3096,48
4,0148(brokerage business),3549,-397,4,0049(brokerage business),2688,-2,4,0372(brokerage business),3016,1194
5,0259(brokerage business),2549,482,5,0034(brokerage business),2617,120,5,0042(brokerage business),2993,36
6,0372(brokerage business),2224,500,6,0025(brokerage business),2154,24,6,0253(brokerage business),2605,-87
7,0123(brokerage business),1861,1385,7,0163(brokerage business),2099,-259,7,0272(brokerage business),2358,-500
8,0275(brokerage business),1851,705,8,0178(brokerage business),2030,306,8,0049(brokerage business),2339,-209
9,0069(brokerage business),884,555,9,0239(brokerage business),1980,153,9,0034(brokerage business),1917,432
10,0272(brokerage business),883,327,10,0323(brokerage business),1580,346,10,0125(brokerage business),1636,-12
11,0253(brokerage business),857,6,11,0272(brokerage business),1470,7,11,0169(brokerage business),1452,-95
12,0034(brokerage business),794,409,12,0274(brokerage business),1329,-7,12,0259(brokerage business),1335,816
13,0137(brokerage business),752,636,13,0096(brokerage business),1280,18,13,0308(brokerage business),1243,810
14,0240(brokerage business),709,-23,14,0125(brokerage business),1242,-187,14,0315(brokerage business),1130,-1
15,0001(brokerage business),621,126,15,0103(brokerage business),1231,17,15,0240(brokerage business),1113,-278
16,0323(brokerage business),594,232,16,0137(brokerage business),1093,594,16,0096(brokerage business),836,-70
17,0239(brokerage business),580,90,17,0253(brokerage business),1059,446,17,0069(brokerage business),818,600
18,0081(brokerage business),544,-31,18,0308(brokerage business),974,-469,18,0009(brokerage business),746,68
19,0029(brokerage business),498,437,19,0031(brokerage business),965,0,19,0082(brokerage business),739,-16
20,0019(brokerage business),485,50,20,0338(brokerage business),946,55,20,0003(brokerage business),720,-3
Total,,34215,6313,Total,,39313,2880,Total,,44867,3272
Ranking,Name of FF Member /OSBPs,Volume,Change from Previous Trading Day,Ranking,Name of FF Member /OSBPs,Long Position,Change from Previous Trading Day,Ranking,Name of FF Member /OSBPs,Short Position,Change from Previous Trading Day
Contract Code：cu2612,,,,,,,,,,2026-08-18,
1,0163(brokerage business),2938,-1028,1,0148(brokerage business),5591,303,1,0148(brokerage business),11223,12
2,0004(brokerage business),2513,1282,2,0136(brokerage business),4002,3,2,0049(brokerage business),8318,215
3,0148(brokerage business),2025,383,3,0004(brokerage business),3123,369,3,0004(brokerage business),7070,120
4,0272(brokerage business),1610,636,4,0049(brokerage business),2989,59,4,0272(brokerage business),4205,323
5,0333(brokerage business),1428,152,5,0274(brokerage business),2724,84,5,0125(brokerage business),3110,-4
6,0275(brokerage business),1226,261,6,0003(brokerage business),2235,39,6,0082(brokerage business),2160,-35
7,0308(brokerage business),983,-68,7,0069(brokerage business),2067,-20,7,0169(brokerage business),2118,80
8,0240(brokerage business),752,91,8,0034(brokerage business),2008,202,8,0163(brokerage business),1833,-22
9,0123(brokerage business),708,205,9,0031(brokerage business),1992,0,9,0096(brokerage business),1735,-109
10,0029(brokerage business),681,616,10,0178(brokerage business),1930,161,10,0372(brokerage business),1398,378
11,0372(brokerage business),673,-465,11,0272(brokerage business),1801,-23,11,0253(brokerage business),1378,32
12,0271(brokerage business),608,350,12,0042(brokerage business),1792,205,12,0025(brokerage business),1333,-62
13,0096(brokerage business),505,-348,13,0081(brokerage business),1746,17,13,0139(brokerage business),1178,29
14,0268(brokerage business),489,318,14,0025(brokerage business),1660,6,14,0240(brokerage business),1144,31
15,0316(brokerage business),486,363,15,0338(brokerage business),1589,50,15,0067(brokerage business),1095,190
16,0081(brokerage business),484,186,16,0077(brokerage business),1399,31,16,0103(brokerage business),1065,124
17,0259(brokerage business),480,-24,17,0323(brokerage business),1356,29,17,0333(brokerage business),922,193
18,0125(brokerage business),478,-164,18,0253(brokerage business),1341,72,18,0042(brokerage business),892,-7
19,0244(brokerage business),478,240,19,0163(brokerage business),1327,-308,19,0081(brokerage business),860,23
20,0253(brokerage business),456,295,20,0141(brokerage business),1084,368,20,0077(brokerage business),855,7
Total,,20001,3281,Total,,43756,1647,Total,,53892,1518
Ranking,Name of FF Member /OSBPs,Volume,Change from Previous Trading Day,Ranking,Name of FF Member /OSBPs,Long Position,Change from Previous Trading Day,Ranking,Name of FF Member /OSBPs,Short Position,Change from Previous Trading Day
Contract Code：cu2701,,,,,,,,,,2026-08-18,
1,0163(brokerage business),1730,382,1,0148(brokerage business),2902,235,1,0148(brokerage business),8578,77
2,0148(brokerage business),962,452,2,0049(brokerage business),2393,19,2,0049(brokerage business),5162,15
3,0004(brokerage business),874,527,3,0136(brokerage business),2145,9,3,0272(brokerage business),3602,50
4,0333(brokerage business),592,204,4,0004(brokerage business),2042,-233,4,0103(brokerage business),1492,51
5,0275(brokerage business),517,96,5,0069(brokerage business),1692,-35,5,0004(brokerage business),1474,229
6,0272(brokerage business),503,-82,6,0034(brokerage business),1668,5,6,0042(brokerage business),1015,-6
7,0276(brokerage business),481,272,7,0031(brokerage business),1234,0,7,0372(brokerage business),936,51
8,0308(brokerage business),438,85,8,0272(brokerage business),1157,-7,8,0067(brokerage business),912,-4
9,0240(brokerage business),342,53,9,0323(brokerage business),1101,30,9,0163(brokerage business),855,309
10,0019(brokerage business),230,8,10,0103(brokerage business),1019,109,10,0077(brokerage business),817,4
11,0141(brokerage business),226,-29,11,0177(brokerage business),855,1,11,0240(brokerage business),680,44
12,0123(brokerage business),192,50,12,0163(brokerage business),816,443,12,0082(brokerage business),550,1
13,0034(brokerage business),183,30,13,0339(brokerage business),689,0,13,0018(brokerage business),454,0
14,0323(brokerage business),177,76,14,0058(brokerage business),557,-22,14,0009(brokerage business),416,0
15,0103(brokerage business),176,4,15,0139(brokerage business),542,11,15,0333(brokerage business),331,83
16,0330(brokerage business),171,101,16,0338(brokerage business),506,2,16,0069(brokerage business),270,-5
17,0081(brokerage business),159,55,17,0268(brokerage business),489,2,17,0288(brokerage business),258,-1
18,0244(brokerage business),149,82,18,0253(brokerage business),485,-3,18,0095(brokerage business),239,10
19,0271(brokerage business),115,30,19,0274(brokerage business),462,45,19,0169(brokerage business),212,0
20,0007(brokerage business),108,-12,20,0003(brokerage business),454,16,20,0253(brokerage business),184,-6
Total,,8325,2384,Total,,23208,627,Total,,28437,902
Ranking,Name of FF Member /OSBPs,Volume,Change from Previous Trading Day,Ranking,Name of FF Member /OSBPs,Long Position,Change from Previous Trading Day,Ranking,Name of FF Member /OSBPs,Short Position,Change from Previous Trading Day
Contract Code：cu2703,,,,,,,,,,2026-08-18,
1,0163(brokerage business),177,-24,1,0148(brokerage business),1749,16,1,0148(brokerage business),8551,5
2,0272(brokerage business),166,-29,2,0069(brokerage business),1507,1,2,0004(brokerage business),1386,10
3,0333(brokerage business),139,-106,3,0049(brokerage business),1151,19,3,0049(brokerage business),1364,11
4,0240(brokerage business),89,-2,4,0136(brokerage business),1126,50,4,0422(brokerage business),1040,0
5,0004(brokerage business),72,-1,5,0323(brokerage business),1024,-3,5,0163(brokerage business),1003,44
6,0123(brokerage business),64,8,6,0003(brokerage business),976,0,6,0103(brokerage business),852,-2
7,0259(brokerage business),60,2,7,0338(brokerage business),782,0,7,0077(brokerage business),622,3
8,0148(brokerage business),57,28,8,0031(brokerage business),758,-1,8,0333(brokerage business),535,3
9,0136(brokerage business),50,50,9,0019(brokerage business),690,0,9,0042(brokerage business),361,0
10,0049(brokerage business),38,29,10,0034(brokerage business),687,0,10,0269(brokerage business),248,0
11,0238(brokerage business),26,-1,11,0272(brokerage business),665,6,11,0272(brokerage business),244,22
12,0095(brokerage business),24,-8,12,0268(brokerage business),619,5,12,0186(brokerage business),177,0
13,0077(brokerage business),20,16,13,0082(brokerage business),542,0,13,0123(brokerage business),131,-31
14,0003(brokerage business),17,17,14,0253(brokerage business),540,-3,14,0240(brokerage business),123,4
15,0137(brokerage business),16,-7,15,0331(brokerage business),415,-1,15,0008(brokerage business),103,0
16,0244(brokerage business),15,15,16,0042(brokerage business),384,6,16,0268(brokerage business),96,-4
17,0081(brokerage business),14,4,17,0163(brokerage business),346,7,17,0239(brokerage business),93,0
18,0009(brokerage business),13,-2,18,0096(brokerage business),340,1,18,0323(brokerage business),84,0
19,0088(brokerage business),13,9,19,0372(brokerage business),317,-1,19,0096(brokerage business),71,0
20,0042(brokerage business),12,-5,20,0004(brokerage business),305,6,20,0088(brokerage business),64,2
Total,,1082,-7,Total,,14923,108,Total,,17148,67
Ranking,Name of FF Member /OSBPs,Volume,Change from Previous Trading Day,Ranking,Name of FF Member /OSBPs,Long Position,Change from Previous Trading Day,Ranking,Name of FF Member /OSBPs,Short Position,Change from Previous Trading Day
Contract Code：bc2609,,,,,,,,,,2026-08-18,
1,8163(brokerage business),5034,138,1,8148(brokerage business),2788,24,1,8148(brokerage business),2955,-67
2,8253(brokerage business),2674,-148,2,8004(brokerage business),2629,-166,2,8004(brokerage business),2660,-22
3,8148(brokerage business),2297,-540,3,8081(brokerage business),797,-4,3,8009(brokerage business),1345,0
4,8004(brokerage business),1464,-8,4,8184(brokerage business),734,-90,4,8081(brokerage business),948,1
5,8123(brokerage business),1062,396,5,8009(brokerage business),645,1,5,8025(brokerage business),700,0
6,8275(brokerage business),664,560,6,8082(brokerage business),627,-17,6,8323(brokerage business),631,7
7,8081(brokerage business),621,-116,7,8323(brokerage business),615,-46,7,8082(brokerage business),549,-3
8,8272(brokerage business),619,131,8,8103(brokerage business),583,-67,8,8161(brokerage business),508,-66
9,8003(brokerage business),512,3,9,8161(brokerage business),515,-74,9,8103(brokerage business),486,-61
10,8308(brokerage business),491,32,10,8163(brokerage business),489,-283,10,8163(brokerage business),445,21
11,8096(brokerage business),472,18,11,8048(brokerage business),383,63,11,8049(brokerage business),400,0
12,8082(brokerage business),432,-49,12,8253(brokerage business),331,-45,12,8240(brokerage business),399,-50
13,8161(brokerage business),408,87,13,8239(brokerage business),265,-32,13,8096(brokerage business),385,-38
14,8051(brokerage business),302,273,14,8272(brokerage business),198,25,14,8048(brokerage business),369,67
15,8009(brokerage business),299,-22,15,8001(brokerage business),159,-4,15,8274(brokerage business),161,1
16,8048(brokerage business),262,-8,16,8084(brokerage business),130,-59,16,8308(brokerage business),106,-75
17,8153(brokerage business),213,-25,17,8311(brokerage business),117,-21,17,8013(brokerage business),80,-3
18,8184(brokerage business),200,18,18,8038(brokerage business),107,-28,18,8184(brokerage business),80,60
19,8103(brokerage business),174,-20,19,8335(brokerage business),98,-12,19,8253(brokerage business),32,-83
20,8069(brokerage business),171,-2,20,8153(brokerage business),91,3,20,8034(brokerage business),31,-14
Total,,18371,718,Total,,12301,-832,Total,,13270,-325
Member/OSP Type,Total Volume,Change from Previous Trading Day,Member/OSP Type,Total Long Position,Change from Previous Trading Day,Member/OSP Type,Total Short Position,Change from Previous Trading Day,,,
Contract Code：alall,,,,,,,2026-08-18,,,,
Name of FF Member/OSBP,549242,-98591,Name of FF Member/OSBP,626762,-19179,Name of FF Member/OSBP,624359,-19041,,,
Name of Non-FF Member/OSNBP,598,593,Name of Non-FF Member/OSNBP,0,0,Name of Non-FF Member/OSNBP,2403,-138,,,
Ranking,Name of FF Member /OSBPs,Volume,Change from Previous Trading Day,Ranking,Name of FF Member /OSBPs,Long Position,Change from Previous Trading Day,Ranking,Name of FF Member /OSBPs,Short Position,Change from Previous Trading Day
Contract Code：al2609,,,,,,,,,,2026-08-18,
1,0148(brokerage business),35522,-8092,1,0148(brokerage business),24331,-2335,1,0004(brokerage business),21468,-1260
2,0004(brokerage business),30042,-11819,2,0004(brokerage business),22156,-2497,2,0148(brokerage business),18564,-4051
3,0163(brokerage business),25640,-4153,3,0163(brokerage business),8035,-1032,3,0275(brokerage business),7784,-487
4,0253(brokerage business),15839,-4011,4,0139(brokerage business),7908,568,4,0253(brokerage business),7235,2
5,0275(brokerage business),10115,-2510,5,0161(brokerage business),6221,-381,5,0139(brokerage business),6525,-950
6,0123(brokerage business),6539,2841,6,0253(brokerage business),5330,-100,6,0034(brokerage business),6074,-221
7,0272(brokerage business),4879,-2605,7,0123(brokerage business),5223,-247,7,0272(brokerage business),5861,-406
8,0081(brokerage business),4358,-3725,8,0323(brokerage business),4677,-937,8,0240(brokerage business),5727,-104
9,0323(brokerage business),4289,471,9,0034(brokerage business),4322,-975,9,0268(brokerage business),5563,-400
10,0259(brokerage business),4183,-1081,10,0272(brokerage business),4303,-888,10,0049(brokerage business),4528,159
11,0240(brokerage business),3072,-1820,11,0069(brokerage business),4273,-719,11,0163(brokerage business),4017,-2280
12,0268(brokerage business),2658,-830,12,0003(brokerage business),3778,-45,12,0103(brokerage business),3594,-278
13,0034(brokerage business),2538,-2678,13,0103(brokerage business),3469,-730,13,0123(brokerage business),3395,-590
14,0139(brokerage business),2324,429,14,0335(brokerage business),3000,-958,14,0161(brokerage business),3280,458
15,0069(brokerage business),2097,-1554,15,0096(brokerage business),2817,-480,15,0082(brokerage business),3013,-261
16,0018(brokerage business),1973,246,16,0049(brokerage business),2686,-28,16,0002(brokerage business),2858,-292
17,0042(brokerage business),1798,-434,17,0240(brokerage business),2653,-484,17,0019(brokerage business),2816,-147
18,0161(brokerage business),1761,-735,18,0275(brokerage business),2503,-136,18,0069(brokerage business),2556,-68
19,0151(brokerage business),1675,873,19,0268(brokerage business),2346,-436,19,0018(brokerage business),2497,-41
20,0043(brokerage business),1608,-460,20,0153(brokerage business),2256,-206,20,0042(brokerage business),2288,-31
Total,,162910,-41647,Total,,122287,-13046,Total,,119643,-11248
Ranking,Name of FF Member /OSBPs,Volume,Change from Previous Trading Day,Ranking,Name of FF Member /OSBPs,Long Position,Change from Previous Trading Day,Ranking,Name of FF Member /OSBPs,Short Position,Change from Previous Trading Day
Contract Code：al2610,,,,,,,,,,2026-08-18,
1,0004(brokerage business),43658,154,1,0148(brokerage business),37108,1255,1,0004(brokerage business),37328,3622
2,0148(brokerage business),34209,-3056,2,0004(brokerage business),22274,1306,2,0148(brokerage business),32132,2274
3,0163(brokerage business),28563,-1309,3,0163(brokerage business),17191,1135,3,0123(brokerage business),17590,164
4,0253(brokerage business),16723,-2475,4,0239(brokerage business),17063,-2035,4,0163(brokerage business),13248,876
5,0275(brokerage business),13919,-2738,5,0335(brokerage business),11304,378,5,0058(brokerage business),9660,72
6,0081(brokerage business),7631,-861,6,0272(brokerage business),9585,907,6,0103(brokerage business),8782,576
7,0323(brokerage business),7407,2131,7,0034(brokerage business),8978,1018,7,0272(brokerage business),8062,-199
8,0239(brokerage business),4905,667,8,0268(brokerage business),6976,65,8,0239(brokerage business),7056,-1062
9,0268(brokerage business),4660,971,9,0103(brokerage business),6125,34,9,0253(brokerage business),6660,-503
10,0272(brokerage business),4624,-223,10,0253(brokerage business),5539,286,10,0323(brokerage business),6371,648
11,0240(brokerage business),4305,-2834,11,0049(brokerage business),5389,32,11,0139(brokerage business),6289,506
12,0123(brokerage business),4258,-3473,12,0323(brokerage business),5223,407,12,0240(brokerage business),5838,257
13,0034(brokerage business),3508,-799,13,0084(brokerage business),5059,-104,13,0096(brokerage business),4125,-6
14,0069(brokerage business),2915,-897,14,0042(brokerage business),5021,202,14,0008(brokerage business),3866,231
15,0096(brokerage business),2505,1440,15,0069(brokerage business),4344,172,15,0082(brokerage business),3806,251
16,0103(brokerage business),2382,-2220,16,0275(brokerage business),4085,542,16,0059(brokerage business),3805,8
17,0161(brokerage business),2214,771,17,0240(brokerage business),3919,216,17,0275(brokerage business),3783,-13
18,0153(brokerage business),2079,1246,18,0077(brokerage business),3664,-24,18,0009(brokerage business),3527,91
19,0308(brokerage business),2006,-539,19,0184(brokerage business),3304,0,19,0372(brokerage business),3436,31
20,0067(brokerage business),1859,-84,20,0123(brokerage business),3270,358,20,0034(brokerage business),3331,-92
Total,,194330,-14128,Total,,185421,6150,Total,,188695,7732
Ranking,Name of FF Member /OSBPs,Volume,Change from Previous Trading Day,Ranking,Name of FF Member /OSBPs,Long Position,Change from Previous Trading Day,Ranking,Name of FF Member /OSBPs,Short Position,Change from Previous Trading Day
Contract Code：al2611,,,,,,,,,,2026-08-18,
1,0148(brokerage business),11246,-513,1,0004(brokerage business),9728,731,1,0004(brokerage business),12085,1107
2,0163(brokerage business),7149,339,2,0148(brokerage business),9024,281,2,0123(brokerage business),9626,340
3,0004(brokerage business),5678,-2996,3,0268(brokerage business),6066,1773,3,0148(brokerage business),9216,-1061
4,0253(brokerage business),3557,-750,4,0272(brokerage business),4220,5,4,0103(brokerage business),4153,51
5,0323(brokerage business),2864,395,5,0034(brokerage business),3693,293,5,0139(brokerage business),3889,2
6,0275(brokerage business),1982,-535,6,0323(brokerage business),3502,-2067,6,0163(brokerage business),3747,55
7,0268(brokerage business),1943,1159,7,0069(brokerage business),2779,-245,7,0058(brokerage business),3693,10
8,0308(brokerage business),890,-680,8,0163(brokerage business),2676,-40,8,0308(brokerage business),3223,19
9,0240(brokerage business),878,-434,9,0049(brokerage business),2476,5,9,0048(brokerage business),2102,372
10,0069(brokerage business),740,-653,10,0239(brokerage business),2472,156,10,0096(brokerage business),1786,3
11,0059(brokerage business),730,-38,11,0077(brokerage business),2296,209,11,0002(brokerage business),1770,124
12,0081(brokerage business),711,-694,12,0153(brokerage business),1438,-30,12,0268(brokerage business),1551,30
13,0123(brokerage business),666,63,13,0253(brokerage business),1406,129,13,0311(brokerage business),1414,308
14,0272(brokerage business),663,-53,14,0123(brokerage business),1304,142,14,0003(brokerage business),1398,22
15,0077(brokerage business),495,-160,15,0275(brokerage business),1186,53,15,0275(brokerage business),1120,-63
16,0034(brokerage business),494,349,16,0059(brokerage business),1165,10,16,0272(brokerage business),1109,220
17,0161(brokerage business),494,277,17,0372(brokerage business),1090,3,17,0323(brokerage business),1011,387
18,0125(brokerage business),482,444,18,0139(brokerage business),981,-3,18,0253(brokerage business),919,-102
19,0186(brokerage business),476,214,19,0240(brokerage business),916,-61,19,0240(brokerage business),881,23
20,0274(brokerage business),432,-678,20,0042(brokerage business),865,112,20,0008(brokerage business),879,108
Total,,42570,-4944,Total,,59283,1456,Total,,65572,1955
Ranking,Name of FF Member /OSBPs,Volume,Change from Previous Trading Day,Ranking,Name of FF Member /OSBPs,Long Position,Change from Previous Trading Day,Ranking,Name of FF Member /OSBPs,Short Position,Change from Previous Trading Day
Contract Code：al2612,,,,,,,,,,2026-08-18,
1,0163(brokerage business),3013,1222,1,0148(brokerage business),8158,-51,1,0148(brokerage business),9330,13
2,0004(brokerage business),1906,639,2,0004(brokerage business),6201,884,2,0004(brokerage business),6699,-104
3,0148(brokerage business),1440,-235,3,0272(brokerage business),4635,46,3,0139(brokerage business),6078,650
4,0323(brokerage business),1402,-311,4,0034(brokerage business),3084,11,4,0123(brokerage business),5853,-1
5,0240(brokerage business),1364,984,5,0268(brokerage business),2281,10,5,0239(brokerage business),3521,555
6,0308(brokerage business),1199,409,6,0096(brokerage business),2151,23,6,0103(brokerage business),3517,58
7,0081(brokerage business),982,258,7,0323(brokerage business),2066,350,7,0042(brokerage business),2928,1
8,0272(brokerage business),848,564,8,0315(brokerage business),1827,0,8,0268(brokerage business),1567,7
9,0339(brokerage business),793,334,9,0103(brokerage business),1507,5,9,0272(brokerage business),1483,550
10,0139(brokerage business),750,739,10,0123(brokerage business),1462,10,10,0082(brokerage business),1338,-5
11,0151(brokerage business),750,748,11,0042(brokerage business),1407,0,11,0163(brokerage business),1100,378
12,0069(brokerage business),694,97,12,0069(brokerage business),1335,69,12,0275(brokerage business),903,-1
13,0271(brokerage business),683,566,13,0007(brokerage business),1301,1,13,0323(brokerage business),835,-576
14,0239(brokerage business),579,531,14,0274(brokerage business),1224,-61,14,0240(brokerage business),814,12
15,0253(brokerage business),529,-378,15,0240(brokerage business),986,22,15,0308(brokerage business),775,-92
16,0274(brokerage business),311,70,16,0321(brokerage business),976,38,16,0125(brokerage business),759,-1
17,0275(brokerage business),274,129,17,0003(brokerage business),943,61,17,0151(brokerage business),752,750
18,0123(brokerage business),251,-48,18,0139(brokerage business),838,0,18,0253(brokerage business),520,-177
19,0137(brokerage business),211,138,19,0254(brokerage business),824,0,19,0274(brokerage business),503,30
20,0268(brokerage business),171,-12,20,0049(brokerage business),775,8,20,0262(brokerage business),450,15
Total,,18150,6444,Total,,43981,1426,Total,,49725,2062
Ranking,Name of FF Member /OSBPs,Volume,Change from Previous Trading Day,Ranking,Name of FF Member /OSBPs,Long Position,Change from Previous Trading Day,Ranking,Name of FF Member /OSBPs,Short Position,Change from Previous Trading Day
Contract Code：al2701,,,,,,,,,,2026-08-18,
1,0163(brokerage business),2781,460,1,0034(brokerage business),5143,463,1,0148(brokerage business),7820,-43
2,0148(brokerage business),1814,-352,2,0148(brokerage business),4154,33,2,0004(brokerage business),3507,452
3,0323(brokerage business),1197,-192,3,0049(brokerage business),2631,429,3,0042(brokerage business),2021,-134
4,0004(brokerage business),1120,-105,4,0004(brokerage business),2318,84,4,0249(brokerage business),1590,0
5,0049(brokerage business),826,96,5,0323(brokerage business),2079,444,5,0103(brokerage business),1509,9
6,0034(brokerage business),590,-1396,6,0069(brokerage business),1921,9,6,0277(brokerage business),1018,215
7,0253(brokerage business),556,-774,7,0268(brokerage business),1760,-7,7,0253(brokerage business),918,-139
8,0081(brokerage business),528,-249,8,0272(brokerage business),1380,-48,8,0274(brokerage business),918,-33
9,0275(brokerage business),445,-152,9,0163(brokerage business),782,44,9,0275(brokerage business),900,-7
10,0240(brokerage business),438,102,10,0042(brokerage business),756,3,10,0029(brokerage business),898,-2
11,0259(brokerage business),362,-32,11,0007(brokerage business),742,30,11,0153(brokerage business),797,0
12,0069(brokerage business),320,-341,12,0169(brokerage business),629,-26,12,0139(brokerage business),756,0
13,0186(brokerage business),317,286,13,0240(brokerage business),592,22,13,0268(brokerage business),747,8
14,0009(brokerage business),301,196,14,0139(brokerage business),588,20,14,0240(brokerage business),724,178
15,0274(brokerage business),278,26,15,0254(brokerage business),582,0,15,0049(brokerage business),665,97
16,0277(brokerage business),269,217,16,0137(brokerage business),496,-167,16,0163(brokerage business),575,53
17,0137(brokerage business),236,133,17,0253(brokerage business),496,19,17,0308(brokerage business),441,4
18,0308(brokerage business),210,-117,18,0008(brokerage business),442,0,18,0272(brokerage business),438,0
19,0077(brokerage business),203,98,19,0009(brokerage business),423,301,19,0134(brokerage business),435,0
20,0018(brokerage business),197,-69,20,0315(brokerage business),419,0,20,0311(brokerage business),396,113
Total,,12988,-2165,Total,,28333,1653,Total,,27073,771
Member/OSP Type,Total Volume,Change from Previous Trading Day,Member/OSP Type,Total Long Position,Change from Previous Trading Day,Member/OSP Type,Total Short Position,Change from Previous Trading Day,,,
Contract Code：znall,,,,,,,2026-08-18,,,,
Name of FF Member/OSBP,496952,-1414,Name of FF Member/OSBP,280225,-12729,Name of FF Member/OSBP,280225,-12729,,,
Name of Non-FF Member/OSNBP,0,0,Name of Non-FF Member/OSNBP,0,0,Name of Non-FF Member/OSNBP,0,0,,,
Ranking,Name of FF Member /OSBPs,Volume,Change from Previous Trading Day,Ranking,Name of FF Member /OSBPs,Long Position,Change from Previous Trading Day,Ranking,Name of FF Member /OSBPs,Short Position,Change from Previous Trading Day
Contract Code：zn2609,,,,,,,,,,2026-08-18,
1,0148(brokerage business),27804,-8425,1,0148(brokerage business),10291,-1210,1,0139(brokerage business),5845,-85
2,0163(brokerage business),22430,-9562,2,0163(brokerage business),6469,-1481,2,0148(brokerage business),4612,-1378
3,0275(brokerage business),21504,-619,3,0004(brokerage business),6423,-1737,3,0004(brokerage business),4555,-1097
4,0004(brokerage business),17402,-9530,4,0272(brokerage business),5152,-83,4,0058(brokerage business),3841,-877
5,0253(brokerage business),12033,-3882,5,0139(brokerage business),3263,-16,5,0272(brokerage business),3464,-1084
6,0081(brokerage business),6429,-375,6,0003(brokerage business),2856,-15,6,0163(brokerage business),3287,-547
7,0059(brokerage business),4013,951,7,0333(brokerage business),2356,-99,7,0049(brokerage business),3070,-350
8,0272(brokerage business),2923,-1440,8,0240(brokerage business),2171,-246,8,0315(brokerage business),2693,-551
9,0058(brokerage business),2483,1556,9,0123(brokerage business),2115,-127,9,0253(brokerage business),2511,-817
10,0308(brokerage business),2269,-205,10,0239(brokerage business),2038,-186,10,0096(brokerage business),2305,-292
11,0240(brokerage business),1881,-19,11,0049(brokerage business),1888,78,11,0052(brokerage business),2137,-82
12,0103(brokerage business),1806,-186,12,0253(brokerage business),1565,-804,12,0042(brokerage business),2044,-94
13,0069(brokerage business),1515,-449,13,0069(brokerage business),1449,-45,13,0034(brokerage business),1940,-137
14,0082(brokerage business),1432,-205,14,0308(brokerage business),1394,-469,14,0277(brokerage business),1805,-144
15,0161(brokerage business),1307,-1226,15,0177(brokerage business),1174,-45,15,0082(brokerage business),1714,-731
16,0274(brokerage business),1306,285,16,0096(brokerage business),1164,-563,16,0059(brokerage business),1637,-437
17,0123(brokerage business),1140,-2376,17,0268(brokerage business),1142,-72,17,0268(brokerage business),1302,-209
18,0139(brokerage business),1119,-108,18,0059(brokerage business),1102,-402,18,0125(brokerage business),1268,-66
19,0298(brokerage business),1091,-1045,19,0019(brokerage business),1080,-73,19,0123(brokerage business),1247,-35
20,0073(brokerage business),980,341,20,0323(brokerage business),1046,-501,20,0161(brokerage business),1241,-136
Total,,132867,-36519,Total,,56138,-8096,Total,,52518,-9149
Ranking,Name of FF Member /OSBPs,Volume,Change from Previous Trading Day,Ranking,Name of FF Member /OSBPs,Long Position,Change from Previous Trading Day,Ranking,Name of FF Member /OSBPs,Short Position,Change from Previous Trading Day
Contract Code：zn2610,,,,,,,,,,2026-08-18,
1,0163(brokerage business),38334,10769,1,0148(brokerage business),24803,1297,1,0148(brokerage business),12931,593
2,0148(brokerage business),38226,7320,2,0239(brokerage business),16388,-804,2,0004(brokerage business),11227,1189
3,0275(brokerage business),34513,2811,3,0004(brokerage business),13078,1242,3,0139(brokerage business),8617,-5
4,0004(brokerage business),27073,2661,4,0163(brokerage business),8401,351,4,0272(brokerage business),8500,642
5,0253(brokerage business),21308,3998,5,0272(brokerage business),7457,-244,5,0003(brokerage business),5985,526
6,0081(brokerage business),8684,2420,6,0123(brokerage business),6201,1710,6,0069(brokerage business),5754,267
7,0272(brokerage business),7056,3602,7,0335(brokerage business),5373,-449,7,0058(brokerage business),5518,657
8,0096(brokerage business),6703,3362,8,0253(brokerage business),4751,691,8,0059(brokerage business),4333,821
9,0259(brokerage business),5250,4244,9,0103(brokerage business),3341,816,9,0049(brokerage business),3930,199
10,0059(brokerage business),4219,1414,10,0308(brokerage business),3247,169,10,0163(brokerage business),3612,745
11,0123(brokerage business),4033,-1166,11,0136(brokerage business),2997,-8,11,0081(brokerage business),3337,1089
12,0103(brokerage business),4032,682,12,0240(brokerage business),2844,266,12,0315(brokerage business),3239,-28
13,0308(brokerage business),3653,347,13,0275(brokerage business),2666,-69,13,0103(brokerage business),2990,278
14,0034(brokerage business),3612,878,14,0268(brokerage business),2389,-425,14,0333(brokerage business),2840,-75
15,0042(brokerage business),3541,1827,15,0018(brokerage business),2297,110,15,0253(brokerage business),2761,117
16,0161(brokerage business),3537,2825,16,0274(brokerage business),2294,-23,16,0308(brokerage business),2657,-716
17,0239(brokerage business),3461,1301,17,0084(brokerage business),2098,64,17,0275(brokerage business),2651,-320
18,0069(brokerage business),3186,-510,18,0137(brokerage business),2093,-170,18,0025(brokerage business),2622,-45
19,0274(brokerage business),2634,989,19,0042(brokerage business),1793,-164,19,0240(brokerage business),2418,106
20,0240(brokerage business),2388,-1053,20,0184(brokerage business),1654,402,20,0082(brokerage business),2253,997
Total,,225443,48721,Total,,116165,4762,Total,,98175,7037
Ranking,Name of FF Member /OSBPs,Volume,Change from Previous Trading Day,Ranking,Name of FF Member /OSBPs,Long Position,Change from Previous Trading Day,Ranking,Name of FF Member /OSBPs,Short Position,Change from Previous Trading Day
Contract Code：zn2611,,,,,,,,,,2026-08-18,
1,0148(brokerage business),8436,985,1,0239(brokerage business),6686,151,1,0321(brokerage business),2412,31
2,0163(brokerage business),7678,1044,2,0004(brokerage business),5883,263,2,0025(brokerage business),2230,-10
3,0004(brokerage business),5116,921,3,0148(brokerage business),2436,682,3,0148(brokerage business),1776,-160
4,0253(brokerage business),3308,-506,4,0268(brokerage business),2065,417,4,0272(brokerage business),1688,25
5,0081(brokerage business),2342,338,5,0123(brokerage business),1976,-14,5,0077(brokerage business),1533,170
6,0275(brokerage business),1190,-276,6,0253(brokerage business),1680,196,6,0009(brokerage business),1378,-6
7,0069(brokerage business),1163,746,7,0081(brokerage business),1595,10,7,0253(brokerage business),1266,14
8,0308(brokerage business),898,-240,8,0274(brokerage business),1042,-64,8,0058(brokerage business),1160,241
9,0059(brokerage business),801,-460,9,0163(brokerage business),948,6,9,0069(brokerage business),1157,127
10,0274(brokerage business),732,205,10,0308(brokerage business),785,-313,10,0275(brokerage business),1055,12
11,0272(brokerage business),726,-183,11,0077(brokerage business),752,8,11,0308(brokerage business),953,101
12,0332(brokerage business),606,516,12,0240(brokerage business),681,-20,12,0059(brokerage business),940,-137
13,0268(brokerage business),575,-241,13,0272(brokerage business),521,-257,13,0096(brokerage business),884,-52
14,0240(brokerage business),412,-201,14,0103(brokerage business),493,-4,14,0034(brokerage business),727,7
15,0058(brokerage business),410,158,15,0259(brokerage business),439,-54,15,0123(brokerage business),700,5
16,0003(brokerage business),376,206,16,0333(brokerage business),430,-32,16,0003(brokerage business),592,322
17,0311(brokerage business),354,325,17,0323(brokerage business),369,-133,17,0333(brokerage business),587,-4
18,0323(brokerage business),351,-92,18,0335(brokerage business),280,-33,18,0163(brokerage business),586,66
19,0239(brokerage business),342,-1807,19,0034(brokerage business),268,-43,19,0004(brokerage business),557,-973
20,0151(brokerage business),334,250,20,0009(brokerage business),244,19,20,0323(brokerage business),538,-12
Total,,36150,1688,Total,,29573,785,Total,,22719,-233
Member/OSP Type,Total Volume,Change from Previous Trading Day,Member/OSP Type,Total Long Position,Change from Previous Trading Day,Member/OSP Type,Total Short Position,Change from Previous Trading Day,,,
Contract Code：pball,,,,,,,2026-08-18,,,,
Name of FF Member/OSBP,156630,-33214,Name of FF Member/OSBP,122168,-2451,Name of FF Member/OSBP,122168,-2451,,,
Name of Non-FF Member/OSNBP,0,0,Name of Non-FF Member/OSNBP,0,0,Name of Non-FF Member/OSNBP,0,0,,,
Ranking,Name of FF Member /OSBPs,Volume,Change from Previous Trading Day,Ranking,Name of FF Member /OSBPs,Long Position,Change from Previous Trading Day,Ranking,Name of FF Member /OSBPs,Short Position,Change from Previous Trading Day
Contract Code：pb2609,,,,,,,,,,2026-08-18,
1,0148(brokerage business),8377,-6454,1,0049(brokerage business),3424,-29,1,0148(brokerage business),2821,-226
2,0163(brokerage business),8341,-3383,2,0103(brokerage business),2838,-331,2,0006(brokerage business),2783,84
3,0004(brokerage business),7789,-1656,3,0004(brokerage business),2140,-496,3,0082(brokerage business),1791,221
4,0253(brokerage business),6473,-3012,4,0272(brokerage business),2095,27,4,0163(brokerage business),1787,-1377
5,0081(brokerage business),2997,-1941,5,0288(brokerage business),2038,-544,5,0103(brokerage business),1671,-197
6,0275(brokerage business),2790,-6250,6,0275(brokerage business),1743,34,6,0153(brokerage business),1446,-321
7,0123(brokerage business),1904,719,7,0308(brokerage business),1447,-119,7,0049(brokerage business),1417,-231
8,0274(brokerage business),1069,220,8,0274(brokerage business),1276,-107,8,0272(brokerage business),1092,-197
9,0103(brokerage business),756,110,9,0148(brokerage business),1260,-1339,9,0308(brokerage business),1060,-59
10,0240(brokerage business),663,-752,10,0163(brokerage business),973,-178,10,0081(brokerage business),1007,-44
11,0272(brokerage business),662,9,11,0339(brokerage business),907,-108,11,0335(brokerage business),985,-191
12,0006(brokerage business),650,-321,12,0161(brokerage business),757,91,12,0007(brokerage business),945,2
13,0288(brokerage business),563,149,13,0096(brokerage business),730,-62,13,0320(brokerage business),922,-183
14,0153(brokerage business),543,82,14,0139(brokerage business),679,-132,14,0274(brokerage business),886,54
15,0259(brokerage business),511,-2312,15,0253(brokerage business),499,-132,15,0069(brokerage business),781,87
16,0069(brokerage business),506,-203,16,0058(brokerage business),493,-134,16,0004(brokerage business),690,-987
17,0308(brokerage business),430,-591,17,0331(brokerage business),483,0,17,0029(brokerage business),607,-20
18,0335(brokerage business),395,-55,18,0034(brokerage business),435,-12,18,0253(brokerage business),605,-147
19,0058(brokerage business),394,185,19,0137(brokerage business),376,-14,19,0022(brokerage business),600,0
20,0161(brokerage business),388,-299,20,0077(brokerage business),348,-22,20,0042(brokerage business),416,-55
Total,,46201,-25755,Total,,24941,-3607,Total,,24312,-3787
Ranking,Name of FF Member /OSBPs,Volume,Change from Previous Trading Day,Ranking,Name of FF Member /OSBPs,Long Position,Change from Previous Trading Day,Ranking,Name of FF Member /OSBPs,Short Position,Change from Previous Trading Day
Contract Code：pb2610,,,,,,,,,,2026-08-18,
1,0148(brokerage business),17851,1217,1,0272(brokerage business),10340,426,1,0239(brokerage business),9657,-199
2,0163(brokerage business),11959,-406,2,0148(brokerage business),9599,661,2,0148(brokerage business),9077,120
3,0004(brokerage business),11462,-103,3,0288(brokerage business),5383,187,3,0163(brokerage business),6036,2135
4,0253(brokerage business),9305,-844,4,0004(brokerage business),5295,131,4,0335(brokerage business),5639,-79
5,0081(brokerage business),5464,1436,5,0308(brokerage business),4620,36,5,0004(brokerage business),5490,367
6,0275(brokerage business),4056,-4495,6,0049(brokerage business),4278,31,6,0123(brokerage business),4777,28
7,0272(brokerage business),3303,1401,7,0163(brokerage business),3770,-350,7,0103(brokerage business),4102,41
8,0259(brokerage business),2251,1915,8,0069(brokerage business),2791,207,8,0253(brokerage business),2453,-55
9,0123(brokerage business),2152,-205,9,0123(brokerage business),2556,108,9,0272(brokerage business),2340,-13
10,0274(brokerage business),1333,669,10,0275(brokerage business),2519,13,10,0034(brokerage business),2120,78
11,0082(brokerage business),1261,165,11,0103(brokerage business),2140,168,11,0084(brokerage business),2087,18
12,0268(brokerage business),1233,-421,12,0253(brokerage business),1802,228,12,0042(brokerage business),1875,-26
13,0335(brokerage business),1068,-642,13,0081(brokerage business),1465,357,13,0308(brokerage business),1648,220
14,0034(brokerage business),1006,-586,14,0077(brokerage business),1322,8,14,0009(brokerage business),1117,101
15,0067(brokerage business),909,39,15,0239(brokerage business),1195,-175,15,0315(brokerage business),1094,163
16,0240(brokerage business),881,-981,16,0323(brokerage business),997,62,16,0268(brokerage business),980,185
17,0239(brokerage business),828,226,17,0006(brokerage business),934,416,17,0049(brokerage business),889,13
18,0153(brokerage business),768,552,18,0274(brokerage business),898,327,18,0081(brokerage business),889,77
19,0019(brokerage business),761,-109,19,0339(brokerage business),835,0,19,0274(brokerage business),868,-212
20,0308(brokerage business),694,-1041,20,0022(brokerage business),815,3,20,0151(brokerage business),785,-56
Total,,78545,-2213,Total,,63554,2844,Total,,63923,2906
Member/OSP Type,Total Volume,Change from Previous Trading Day,Member/OSP Type,Total Long Position,Change from Previous Trading Day,Member/OSP Type,Total Short Position,Change from Previous Trading Day,,,
Contract Code：niall,,,,,,,2026-08-18,,,,
Name of FF Member/OSBP,406394,-74087,Name of FF Member/OSBP,333395,-12916,Name of FF Member/OSBP,330973,-12188,,,
Name of Non-FF Member/OSNBP,620,283,Name of Non-FF Member/OSNBP,0,0,Name of Non-FF Member/OSNBP,2422,-728,,,
Ranking,Name of FF Member /OSBPs,Volume,Change from Previous Trading Day,Ranking,Name of FF Member /OSBPs,Long Position,Change from Previous Trading Day,Ranking,Name of FF Member /OSBPs,Short Position,Change from Previous Trading Day
Contract Code：ni2609,,,,,,,,,,2026-08-18,
1,0148(brokerage business),33114,-4084,1,0004(brokerage business),12859,-623,1,0004(brokerage business),22047,-466
2,0004(brokerage business),31769,-9634,2,0148(brokerage business),7849,-669,2,0148(brokerage business),14323,-733
3,0163(brokerage business),22874,-8565,3,0163(brokerage business),5771,-922,3,0082(brokerage business),7248,-1427
4,0253(brokerage business),9948,-2205,4,0240(brokerage business),4557,-122,4,0253(brokerage business),6411,-275
5,0123(brokerage business),9362,987,5,0103(brokerage business),4405,-1280,5,0009(brokerage business),4522,-89
6,0275(brokerage business),8978,-4915,6,0096(brokerage business),4210,-41,6,0163(brokerage business),4058,-202
7,0081(brokerage business),8069,-2367,7,0253(brokerage business),3976,-529,7,0059(brokerage business),3955,-493
8,0240(brokerage business),6569,-1874,8,0082(brokerage business),3323,-24,8,0272(brokerage business),3163,-328
9,0059(brokerage business),5425,-1055,9,0272(brokerage business),3309,-283,9,0139(brokerage business),3099,-31
10,0272(brokerage business),5285,-2783,10,0034(brokerage business),3070,-232,10,0240(brokerage business),2841,-3
11,0186(brokerage business),5222,-980,11,0042(brokerage business),2773,-146,11,0169(brokerage business),2380,7
12,0268(brokerage business),4874,-476,12,0069(brokerage business),2423,-236,12,0335(brokerage business),2079,-260
13,0298(brokerage business),4553,-1216,13,0275(brokerage business),2384,69,13,0320(brokerage business),2031,77
14,0034(brokerage business),4235,-3990,14,0123(brokerage business),2250,-36,14,0268(brokerage business),1935,155
15,0308(brokerage business),3951,-1692,15,0274(brokerage business),2070,27,15,0275(brokerage business),1790,-115
16,0069(brokerage business),3685,-984,16,0268(brokerage business),2015,-29,16,0069(brokerage business),1652,-29
17,0009(brokerage business),3581,-1494,17,0316(brokerage business),1877,0,17,0052(brokerage business),1621,-34
18,0161(brokerage business),3398,-1356,18,0161(brokerage business),1834,-51,18,0103(brokerage business),1367,-208
19,0259(brokerage business),3248,-1251,19,0049(brokerage business),1815,-890,19,0137(brokerage business),1306,-13
20,0103(brokerage business),2852,327,20,0308(brokerage business),1756,60,20,0034(brokerage business),1299,-343
Total,,180992,-49607,Total,,74526,-5957,Total,,89127,-4810
Ranking,Name of FF Member /OSBPs,Volume,Change from Previous Trading Day,Ranking,Name of FF Member /OSBPs,Long Position,Change from Previous Trading Day,Ranking,Name of FF Member /OSBPs,Short Position,Change from Previous Trading Day
Contract Code：ni2610,,,,,,,,,,2026-08-18,
1,0148(brokerage business),15839,860,1,0103(brokerage business),18311,53,1,0004(brokerage business),18672,531
2,0004(brokerage business),11225,-1226,2,0148(brokerage business),10855,271,2,0184(brokerage business),9764,46
3,0163(brokerage business),6655,-3315,3,0096(brokerage business),8167,31,3,0239(brokerage business),8509,-1205
4,0275(brokerage business),5279,-553,4,0004(brokerage business),6694,-420,4,0148(brokerage business),8349,184
5,0253(brokerage business),5092,-1153,5,0082(brokerage business),5773,203,5,0082(brokerage business),7732,1530
6,0123(brokerage business),4235,267,6,0003(brokerage business),4593,16,6,0272(brokerage business),7077,-19
7,0081(brokerage business),3479,-773,7,0253(brokerage business),4361,291,7,0139(brokerage business),5655,4
8,0059(brokerage business),3031,-897,8,0077(brokerage business),3953,-8,8,0042(brokerage business),4782,-242
9,0034(brokerage business),2880,1553,9,0163(brokerage business),3736,42,9,0335(brokerage business),4442,82
10,0082(brokerage business),2223,619,10,0081(brokerage business),2965,-172,10,0103(brokerage business),3245,297
11,0009(brokerage business),2051,-369,11,0272(brokerage business),2537,-93,11,0240(brokerage business),3207,74
12,0240(brokerage business),1943,-882,12,0335(brokerage business),2249,27,12,0163(brokerage business),2965,301
13,0239(brokerage business),1639,26,13,0240(brokerage business),1955,63,13,0123(brokerage business),2704,47
14,0186(brokerage business),1602,-45,14,0316(brokerage business),1879,3,14,0275(brokerage business),2432,25
15,0308(brokerage business),1591,-868,15,0178(brokerage business),1781,168,15,0136(brokerage business),2324,7
16,0103(brokerage business),1312,230,16,0069(brokerage business),1523,79,16,0323(brokerage business),1621,-1
17,0272(brokerage business),1308,-545,17,0009(brokerage business),1472,50,17,0003(brokerage business),1403,-422
18,0069(brokerage business),1295,-645,18,0049(brokerage business),1427,830,18,0253(brokerage business),1366,77
19,0096(brokerage business),1185,274,19,0059(brokerage business),1270,37,19,0059(brokerage business),1174,216
20,0268(brokerage business),1096,-952,20,0320(brokerage business),1269,11,20,0308(brokerage business),1168,137
Total,,74960,-8394,Total,,86770,1482,Total,,98591,1669
Ranking,Name of FF Member /OSBPs,Volume,Change from Previous Trading Day,Ranking,Name of FF Member /OSBPs,Long Position,Change from Previous Trading Day,Ranking,Name of FF Member /OSBPs,Short Position,Change from Previous Trading Day
Contract Code：ni2611,,,,,,,,,,2026-08-18,
1,0148(brokerage business),4349,761,1,0103(brokerage business),8988,535,1,0004(brokerage business),9023,528
2,0004(brokerage business),3696,550,2,0148(brokerage business),8115,355,2,0148(brokerage business),8271,132
3,0275(brokerage business),2833,1081,3,0004(brokerage business),5032,570,3,0272(brokerage business),4173,4
4,0253(brokerage business),2050,-105,4,0096(brokerage business),4253,49,4,0042(brokerage business),2811,3
5,0081(brokerage business),1668,-56,5,0268(brokerage business),2498,5,5,0253(brokerage business),2541,14
6,0163(brokerage business),1532,-49,6,0316(brokerage business),1922,0,6,0022(brokerage business),2085,0
7,0308(brokerage business),1421,309,7,0059(brokerage business),1536,4,7,0029(brokerage business),1773,356
8,0059(brokerage business),1333,-3,8,0178(brokerage business),1401,120,8,0123(brokerage business),1764,30
9,0103(brokerage business),966,646,9,0163(brokerage business),1275,-78,9,0003(brokerage business),1695,420
10,0123(brokerage business),931,165,10,0272(brokerage business),901,18,10,0244(brokerage business),1639,-1
11,0069(brokerage business),486,204,11,0013(brokerage business),841,98,11,0240(brokerage business),1537,20
12,0018(brokerage business),484,-62,12,0034(brokerage business),714,-7,12,0139(brokerage business),980,3
13,0323(brokerage business),452,412,13,0253(brokerage business),642,2,13,0308(brokerage business),956,-400
14,0029(brokerage business),451,212,14,0310(brokerage business),641,0,14,0163(brokerage business),937,4
15,0003(brokerage business),432,428,15,0018(brokerage business),620,47,15,0058(brokerage business),840,108
16,0240(brokerage business),422,-56,16,0003(brokerage business),552,8,16,0009(brokerage business),757,73
17,0280(brokerage business),362,42,17,0069(brokerage business),484,287,17,0082(brokerage business),606,6
18,0161(brokerage business),281,218,18,0139(brokerage business),466,5,18,0059(brokerage business),544,193
19,0096(brokerage business),239,1,19,0081(brokerage business),454,9,19,0311(brokerage business),457,-1
20,0034(brokerage business),229,-13,20,0335(brokerage business),393,-2,20,0323(brokerage business),426,405
Total,,24617,4685,Total,,41728,2025,Total,,43815,1897
Ranking,Name of FF Member /OSBPs,Volume,Change from Previous Trading Day,Ranking,Name of FF Member /OSBPs,Long Position,Change from Previous Trading Day,Ranking,Name of FF Member /OSBPs,Short Position,Change from Previous Trading Day
Contract Code：ni2612,,,,,,,,,,2026-08-18,
1,0148(brokerage business),1406,89,1,0148(brokerage business),6822,20,1,0004(brokerage business),8806,-23
2,0275(brokerage business),868,168,2,0096(brokerage business),2764,18,2,0272(brokerage business),4752,-57
3,0163(brokerage business),800,49,3,0316(brokerage business),2188,0,3,0253(brokerage business),1937,115
4,0081(brokerage business),748,-290,4,0103(brokerage business),1252,292,4,0042(brokerage business),1698,46
5,0004(brokerage business),736,211,5,0272(brokerage business),1019,-7,5,0148(brokerage business),1567,374
6,0103(brokerage business),334,218,6,0244(brokerage business),993,-5,6,0139(brokerage business),1449,201
7,0308(brokerage business),308,183,7,0178(brokerage business),727,0,7,0022(brokerage business),1114,0
8,0253(brokerage business),284,44,8,0004(brokerage business),723,125,8,0240(brokerage business),837,1
9,0123(brokerage business),218,137,9,0263(brokerage business),696,1,9,0007(brokerage business),531,0
10,0238(brokerage business),213,50,10,0059(brokerage business),533,2,10,0077(brokerage business),443,0
11,0310(brokerage business),208,107,11,0003(brokerage business),483,0,11,0331(brokerage business),367,0
12,0139(brokerage business),202,199,12,0163(brokerage business),445,-14,12,0052(brokerage business),288,1
13,0042(brokerage business),184,118,13,0034(brokerage business),398,14,13,0163(brokerage business),271,-42
14,0096(brokerage business),149,133,14,0268(brokerage business),397,3,14,0295(brokerage business),263,25
15,0271(brokerage business),136,84,15,0308(brokerage business),363,-76,15,0096(brokerage business),218,7
16,0239(brokerage business),134,111,16,0123(brokerage business),351,61,16,0058(brokerage business),199,0
17,0272(brokerage business),126,51,17,0038(brokerage business),346,2,17,0268(brokerage business),187,-3
18,0069(brokerage business),88,78,18,0320(brokerage business),321,-3,18,0275(brokerage business),150,-7
19,0034(brokerage business),85,-33,19,0107(brokerage business),305,-1,19,0308(brokerage business),128,112
20,0259(brokerage business),68,40,20,0240(brokerage business),281,6,20,0081(brokerage business),97,13
Total,,7295,1747,Total,,21407,438,Total,,25302,763
Member/OSP Type,Total Volume,Change from Previous Trading Day,Member/OSP Type,Total Long Position,Change from Previous Trading Day,Member/OSP Type,Total Short Position,Change from Previous Trading Day,,,
Contract Code：snall,,,,,,,2026-08-18,,,,
Name of FF Member/OSBP,442290,33952,Name of FF Member/OSBP,87744,-4534,Name of FF Member/OSBP,87748,-4534,,,
Name of Non-FF Member/OSNBP,0,-4,Name of Non-FF Member/OSNBP,4,0,Name of Non-FF Member/OSNBP,0,0,,,
Ranking,Name of FF Member /OSBPs,Volume,Change from Previous Trading Day,Ranking,Name of FF Member /OSBPs,Long Position,Change from Previous Trading Day,Ranking,Name of FF Member /OSBPs,Short Position,Change from Previous Trading Day
Contract Code：sn2609,,,,,,,,,,2026-08-18,
1,0004(brokerage business),46204,-1467,1,0004(brokerage business),3913,-755,1,0004(brokerage business),3456,439
2,0148(brokerage business),35351,2901,2,0148(brokerage business),3285,-710,2,0148(brokerage business),2700,-173
3,0163(brokerage business),19978,2181,3,0163(brokerage business),1949,-93,3,0240(brokerage business),2530,-81
4,0275(brokerage business),14654,1315,4,0103(brokerage business),1816,-86,4,0272(brokerage business),2398,-139
5,0240(brokerage business),12166,39,5,0034(brokerage business),1639,705,5,0163(brokerage business),1886,436
6,0253(brokerage business),11196,690,6,0268(brokerage business),1486,189,6,0103(brokerage business),1417,-12
7,0081(brokerage business),8936,691,7,0272(brokerage business),1388,251,7,0268(brokerage business),1339,-409
8,0272(brokerage business),8760,-28,8,0082(brokerage business),1006,-45,8,0007(brokerage business),1198,-170
9,0308(brokerage business),8254,409,9,0253(brokerage business),950,-221,9,0096(brokerage business),1162,-382
10,0186(brokerage business),7280,507,10,0240(brokerage business),897,-211,10,0042(brokerage business),1091,-81
11,0059(brokerage business),6550,928,11,0275(brokerage business),792,106,11,0059(brokerage business),1030,-124
12,0298(brokerage business),6506,-948,12,0335(brokerage business),768,-230,12,0034(brokerage business),987,-474
13,0268(brokerage business),6248,381,13,0123(brokerage business),757,-8,13,0018(brokerage business),935,142
14,0034(brokerage business),5011,454,14,0059(brokerage business),753,-770,14,0049(brokerage business),925,-103
15,0259(brokerage business),4036,493,15,0009(brokerage business),616,20,15,0153(brokerage business),882,-18
16,0019(brokerage business),3559,994,16,0049(brokerage business),586,28,16,0275(brokerage business),881,-240
17,0271(brokerage business),3182,436,17,0153(brokerage business),564,-98,17,0077(brokerage business),813,-373
18,0323(brokerage business),3104,-129,18,0308(brokerage business),555,-5,18,0253(brokerage business),784,-19
19,0161(brokerage business),2869,-44,19,0288(brokerage business),548,-134,19,0315(brokerage business),555,-11
20,0137(brokerage business),2757,271,20,0274(brokerage business),524,-60,20,0161(brokerage business),492,-97
Total,,216601,10074,Total,,24792,-2127,Total,,27461,-1889
Ranking,Name of FF Member /OSBPs,Volume,Change from Previous Trading Day,Ranking,Name of FF Member /OSBPs,Long Position,Change from Previous Trading Day,Ranking,Name of FF Member /OSBPs,Short Position,Change from Previous Trading Day
Contract Code：sn2610,,,,,,,,,,2026-08-18,
1,0004(brokerage business),18007,-259,1,0004(brokerage business),4498,32,1,0240(brokerage business),3031,28
2,0148(brokerage business),16017,1418,2,0148(brokerage business),3032,19,2,0004(brokerage business),2865,-25
3,0163(brokerage business),7511,1775,3,0239(brokerage business),2760,-619,3,0272(brokerage business),2301,148
4,0275(brokerage business),7477,-317,4,0103(brokerage business),2191,38,4,0148(brokerage business),1826,118
5,0253(brokerage business),5306,605,5,0059(brokerage business),1079,206,5,0034(brokerage business),1680,333
6,0240(brokerage business),3714,3,6,0272(brokerage business),1061,-148,6,0163(brokerage business),1385,275
7,0081(brokerage business),3072,576,7,0335(brokerage business),1017,91,7,0007(brokerage business),1217,-30
8,0272(brokerage business),3006,1205,8,0163(brokerage business),957,-48,8,0042(brokerage business),1173,7
9,0059(brokerage business),2778,-201,9,0084(brokerage business),953,36,9,0096(brokerage business),1091,92
10,0308(brokerage business),2714,484,10,0123(brokerage business),809,26,10,0139(brokerage business),1005,136
11,0034(brokerage business),2273,729,11,0268(brokerage business),759,30,11,0323(brokerage business),862,-34
12,0268(brokerage business),1992,97,12,0253(brokerage business),728,-116,12,0103(brokerage business),779,113
13,0259(brokerage business),1867,-24,13,0096(brokerage business),686,54,13,0003(brokerage business),716,57
14,0186(brokerage business),1501,204,14,0049(brokerage business),598,24,14,0059(brokerage business),684,44
15,0123(brokerage business),1473,-159,15,0274(brokerage business),578,-21,15,0178(brokerage business),425,-11
16,0009(brokerage business),1422,305,16,0333(brokerage business),527,114,16,0019(brokerage business),420,130
17,0298(brokerage business),1356,-261,17,0007(brokerage business),502,104,17,0268(brokerage business),388,-50
18,0271(brokerage business),1312,259,18,0184(brokerage business),403,-6,18,0253(brokerage business),369,50
19,0096(brokerage business),1184,141,19,0240(brokerage business),356,-84,19,0082(brokerage business),365,-56
20,0019(brokerage business),1092,184,20,0043(brokerage business),349,238,20,0349(brokerage business),344,10
Total,,85074,6764,Total,,23843,-30,Total,,22926,1335
Ranking,Name of FF Member /OSBPs,Volume,Change from Previous Trading Day,Ranking,Name of FF Member /OSBPs,Long Position,Change from Previous Trading Day,Ranking,Name of FF Member /OSBPs,Short Position,Change from Previous Trading Day
Contract Code：sn2611,,,,,,,,,,2026-08-18,
1,0148(brokerage business),4774,1643,1,0004(brokerage business),2016,138,1,0272(brokerage business),1670,36
2,0004(brokerage business),3524,127,2,0148(brokerage business),1386,338,2,0148(brokerage business),1378,28
3,0275(brokerage business),2574,362,3,0163(brokerage business),805,-283,3,0323(brokerage business),1345,-7
4,0253(brokerage business),1512,254,4,0268(brokerage business),794,-35,4,0004(brokerage business),1099,4
5,0163(brokerage business),943,481,5,0096(brokerage business),648,54,5,0042(brokerage business),817,8
6,0059(brokerage business),809,26,6,0009(brokerage business),440,23,6,0007(brokerage business),783,-4
7,0240(brokerage business),703,-9,7,0052(brokerage business),430,0,7,0163(brokerage business),582,36
8,0123(brokerage business),684,17,8,0049(brokerage business),389,-29,8,0077(brokerage business),410,-1
9,0308(brokerage business),617,77,9,0272(brokerage business),389,51,9,0096(brokerage business),311,-29
10,0096(brokerage business),605,-71,10,0157(brokerage business),388,201,10,0153(brokerage business),238,33
11,0081(brokerage business),505,11,11,0103(brokerage business),376,-6,11,0268(brokerage business),200,109
12,0272(brokerage business),477,-67,12,0240(brokerage business),298,-72,12,0003(brokerage business),161,84
13,0259(brokerage business),431,97,13,0274(brokerage business),275,8,13,0349(brokerage business),152,-1
14,0268(brokerage business),374,58,14,0323(brokerage business),254,-23,14,0139(brokerage business),138,-5
15,0019(brokerage business),310,163,15,0239(brokerage business),219,44,15,0240(brokerage business),137,1
16,0271(brokerage business),310,126,16,0108(brokerage business),155,-1,16,0019(brokerage business),115,99
17,0007(brokerage business),291,25,17,0253(brokerage business),116,3,17,0034(brokerage business),113,5
18,0082(brokerage business),238,-153,18,0308(brokerage business),116,3,18,0136(brokerage business),104,99
19,0157(brokerage business),219,120,19,0277(brokerage business),105,0,19,0123(brokerage business),103,-6
20,0103(brokerage business),206,96,20,0349(brokerage business),98,49,20,0082(brokerage business),100,14
Total,,20106,3383,Total,,9697,463,Total,,9956,503
Member/OSP Type,Total Volume,Change from Previous Trading Day,Member/OSP Type,Total Long Position,Change from Previous Trading Day,Member/OSP Type,Total Short Position,Change from Previous Trading Day,,,
Contract Code：aoall,,,,,,,2026-08-18,,,,
Name of FF Member/OSBP,615066,174442,Name of FF Member/OSBP,560122,20588,Name of FF Member/OSBP,559222,20588,,,
Name of Non-FF Member/OSNBP,0,0,Name of Non-FF Member/OSNBP,0,0,Name of Non-FF Member/OSNBP,900,0,,,
Ranking,Name of FF Member /OSBPs,Volume,Change from Previous Trading Day,Ranking,Name of FF Member /OSBPs,Long Position,Change from Previous Trading Day,Ranking,Name of FF Member /OSBPs,Short Position,Change from Previous Trading Day
Contract Code：ao2609,,,,,,,,,,2026-08-18,
1,0148(brokerage business),11024,3851,1,0004(brokerage business),5426,-489,1,0148(brokerage business),13644,151
2,0163(brokerage business),10951,1034,2,0148(brokerage business),5012,73,2,0004(brokerage business),7871,-755
3,0004(brokerage business),8706,1321,3,0298(brokerage business),3832,-110,3,0058(brokerage business),4058,257
4,0123(brokerage business),5317,3618,4,0034(brokerage business),3603,120,4,0103(brokerage business),2964,-230
5,0253(brokerage business),3819,138,5,0272(brokerage business),3497,-84,5,0163(brokerage business),2951,-25
6,0275(brokerage business),3291,-1013,6,0163(brokerage business),2987,-252,6,0059(brokerage business),2943,-576
7,0240(brokerage business),2961,1100,7,0082(brokerage business),2620,663,7,0272(brokerage business),2681,-304
8,0081(brokerage business),2645,-526,8,0103(brokerage business),2548,-154,8,0295(brokerage business),2681,37
9,0151(brokerage business),1643,1011,9,0240(brokerage business),2371,66,9,0274(brokerage business),2588,-16
10,0059(brokerage business),1568,208,10,0253(brokerage business),2364,-202,10,0009(brokerage business),2459,511
11,0272(brokerage business),1420,-43,11,0275(brokerage business),2291,57,11,0123(brokerage business),2182,-22
12,0268(brokerage business),1302,160,12,0308(brokerage business),2079,-108,12,0151(brokerage business),2149,-1001
13,0298(brokerage business),1249,-957,13,0323(brokerage business),2040,-64,13,0082(brokerage business),2113,2
14,0103(brokerage business),1232,647,14,0277(brokerage business),1927,14,14,0349(brokerage business),2051,451
15,0009(brokerage business),1080,-666,15,0268(brokerage business),1788,-22,15,0253(brokerage business),1998,205
16,0019(brokerage business),993,-778,16,0096(brokerage business),1688,46,16,0268(brokerage business),1817,16
17,0259(brokerage business),927,127,17,0161(brokerage business),1684,83,17,0096(brokerage business),1676,-1
18,0082(brokerage business),909,499,18,0123(brokerage business),1676,-41,18,0029(brokerage business),1614,11
19,0137(brokerage business),858,493,19,0288(brokerage business),1655,-104,19,0136(brokerage business),1405,-15
20,0034(brokerage business),832,89,20,0081(brokerage business),1599,-7,20,0153(brokerage business),1380,-19
Total,,62727,10313,Total,,52687,-515,Total,,63225,-1323
Ranking,Name of FF Member /OSBPs,Volume,Change from Previous Trading Day,Ranking,Name of FF Member /OSBPs,Long Position,Change from Previous Trading Day,Ranking,Name of FF Member /OSBPs,Short Position,Change from Previous Trading Day
Contract Code：ao2610,,,,,,,,,,2026-08-18,
1,0004(brokerage business),54254,10422,1,0148(brokerage business),22608,1469,1,0004(brokerage business),29831,393
2,0163(brokerage business),45724,13874,2,0272(brokerage business),18927,310,2,0148(brokerage business),28282,3453
3,0148(brokerage business),36388,14708,3,0004(brokerage business),18145,1249,3,0163(brokerage business),17115,2277
4,0275(brokerage business),22972,3290,4,0082(brokerage business),17645,351,4,0253(brokerage business),14335,766
5,0253(brokerage business),22441,6497,5,0163(brokerage business),11769,1647,5,0272(brokerage business),12838,466
6,0123(brokerage business),15536,13279,6,0323(brokerage business),11241,74,6,0103(brokerage business),12806,-5
7,0081(brokerage business),15239,4934,7,0151(brokerage business),9764,-138,7,0335(brokerage business),12505,2102
8,0059(brokerage business),14049,7745,8,0253(brokerage business),9409,1217,8,0059(brokerage business),12169,3010
9,0240(brokerage business),12149,3843,9,0240(brokerage business),8695,497,9,0240(brokerage business),12014,566
10,0272(brokerage business),10434,2163,10,0058(brokerage business),7821,915,10,0323(brokerage business),11102,114
11,0151(brokerage business),9640,3478,11,0268(brokerage business),7662,628,11,0151(brokerage business),9814,-902
12,0298(brokerage business),8133,66,12,0009(brokerage business),7279,1257,12,0268(brokerage business),9659,410
13,0186(brokerage business),7291,607,13,0288(brokerage business),6817,448,13,0288(brokerage business),6774,809
14,0312(brokerage business),7001,4591,14,0123(brokerage business),6746,-175,14,0178(brokerage business),5416,74
15,0268(brokerage business),6876,483,15,0096(brokerage business),6654,286,15,0161(brokerage business),5346,-1162
16,0161(brokerage business),6001,2932,16,0003(brokerage business),6465,321,16,0082(brokerage business),4922,481
17,0034(brokerage business),5624,2157,17,0295(brokerage business),6019,467,17,0034(brokerage business),3720,1398
18,0009(brokerage business),5280,-49,18,0178(brokerage business),5860,301,18,0308(brokerage business),3642,240
19,0323(brokerage business),5140,2070,19,0139(brokerage business),4926,416,19,0043(brokerage business),3427,472
20,0335(brokerage business),4738,1687,20,0103(brokerage business),4877,928,20,0081(brokerage business),3383,1094
Total,,314910,98777,Total,,199329,12468,Total,,219100,16056
Ranking,Name of FF Member /OSBPs,Volume,Change from Previous Trading Day,Ranking,Name of FF Member /OSBPs,Long Position,Change from Previous Trading Day,Ranking,Name of FF Member /OSBPs,Short Position,Change from Previous Trading Day
Contract Code：ao2611,,,,,,,,,,2026-08-18,
1,0163(brokerage business),3242,1553,1,0082(brokerage business),8751,1,1,0148(brokerage business),8600,-10
2,0004(brokerage business),2066,1517,2,0253(brokerage business),6189,373,2,0268(brokerage business),5211,-13
3,0148(brokerage business),1760,888,3,0240(brokerage business),5754,54,3,0240(brokerage business),5148,-2
4,0059(brokerage business),1591,851,4,0268(brokerage business),5256,71,4,0151(brokerage business),4830,615
5,0151(brokerage business),1404,880,5,0323(brokerage business),4698,3,5,0323(brokerage business),4447,0
6,0161(brokerage business),1374,759,6,0151(brokerage business),4632,67,6,0058(brokerage business),4271,557
7,0178(brokerage business),1173,523,7,0272(brokerage business),4593,69,7,0253(brokerage business),3724,15
8,0240(brokerage business),1138,449,8,0161(brokerage business),3767,75,8,0161(brokerage business),3112,45
9,0253(brokerage business),1120,148,9,0123(brokerage business),2320,-2,9,0009(brokerage business),2857,340
10,0082(brokerage business),982,934,10,0163(brokerage business),2114,-9,10,0163(brokerage business),2744,199
11,0268(brokerage business),970,-284,11,0034(brokerage business),1722,31,11,0004(brokerage business),2680,-178
12,0081(brokerage business),829,197,12,0178(brokerage business),1659,46,12,0295(brokerage business),2670,284
13,0058(brokerage business),758,538,13,0004(brokerage business),1635,544,13,0082(brokerage business),2454,889
14,0009(brokerage business),747,502,14,0308(brokerage business),1605,34,14,0178(brokerage business),1503,-1
15,0272(brokerage business),514,409,15,0048(brokerage business),1180,95,15,0272(brokerage business),1266,13
16,0308(brokerage business),468,293,16,0103(brokerage business),819,158,16,0308(brokerage business),1059,50
17,0048(brokerage business),449,93,17,0148(brokerage business),710,260,17,0059(brokerage business),971,31
18,0123(brokerage business),375,162,18,0019(brokerage business),662,7,18,0048(brokerage business),919,16
19,0275(brokerage business),355,167,19,0311(brokerage business),622,-2,19,0086(brokerage business),885,50
20,0295(brokerage business),332,276,20,0003(brokerage business),576,10,20,0029(brokerage business),817,145
Total,,21647,10855,Total,,59264,1885,Total,,60168,3045
Ranking,Name of FF Member /OSBPs,Volume,Change from Previous Trading Day,Ranking,Name of FF Member /OSBPs,Long Position,Change from Previous Trading Day,Ranking,Name of FF Member /OSBPs,Short Position,Change from Previous Trading Day
Contract Code：ao2701,,,,,,,,,,2026-08-18,
1,0163(brokerage business),5009,1713,1,0034(brokerage business),12953,20,1,0148(brokerage business),10553,720
2,0275(brokerage business),4679,1506,2,0372(brokerage business),5549,3,2,0004(brokerage business),9003,693
3,0148(brokerage business),3844,1917,3,0082(brokerage business),4738,22,3,0103(brokerage business),7491,-52
4,0004(brokerage business),3207,1537,4,0116(brokerage business),4656,15,4,0003(brokerage business),4284,-376
5,0253(brokerage business),2935,1261,5,0004(brokerage business),3519,58,5,0123(brokerage business),3639,21
6,0240(brokerage business),1821,-235,6,0148(brokerage business),3150,-8,6,0240(brokerage business),3614,102
7,0123(brokerage business),1628,1192,7,0253(brokerage business),2689,574,7,0335(brokerage business),3536,277
8,0259(brokerage business),1379,760,8,0323(brokerage business),2314,18,8,0163(brokerage business),2840,308
9,0081(brokerage business),1338,597,9,0275(brokerage business),2154,231,9,0253(brokerage business),2675,195
10,0003(brokerage business),1276,936,10,0163(brokerage business),2016,-289,10,0272(brokerage business),2464,-71
11,0059(brokerage business),1049,454,11,0103(brokerage business),1934,76,11,0058(brokerage business),1906,-12
12,0034(brokerage business),913,353,12,0077(brokerage business),1178,56,12,0151(brokerage business),1649,-63
13,0186(brokerage business),860,133,13,0186(brokerage business),1165,286,13,0139(brokerage business),1483,-1
14,0272(brokerage business),741,399,14,0272(brokerage business),1097,100,14,0034(brokerage business),1356,193
15,0311(brokerage business),677,180,15,0268(brokerage business),1033,139,15,0249(brokerage business),1245,39
16,0151(brokerage business),676,236,16,0123(brokerage business),906,29,16,0274(brokerage business),1077,76
17,0137(brokerage business),552,313,17,0298(brokerage business),858,168,17,0275(brokerage business),972,-104
18,0308(brokerage business),539,246,18,0277(brokerage business),851,2,18,0349(brokerage business),953,112
19,0029(brokerage business),523,308,19,0055(brokerage business),837,2,19,0244(brokerage business),831,-16
20,0335(brokerage business),510,287,20,0240(brokerage business),832,65,20,0339(brokerage business),795,11
Total,,34156,14093,Total,,54429,1567,Total,,62366,2052
Member/OSP Type,Total Volume,Change from Previous Trading Day,Member/OSP Type,Total Long Position,Change from Previous Trading Day,Member/OSP Type,Total Short Position,Change from Previous Trading Day,,,
Contract Code：adall,,,,,,,2026-08-18,,,,
Name of FF Member/OSBP,26586,9564,Name of FF Member/OSBP,24913,-173,Name of FF Member/OSBP,24913,-173,,,
Name of Non-FF Member/OSNBP,0,0,Name of Non-FF Member/OSNBP,0,0,Name of Non-FF Member/OSNBP,0,0,,,
Ranking,Name of FF Member /OSBPs,Volume,Change from Previous Trading Day,Ranking,Name of FF Member /OSBPs,Long Position,Change from Previous Trading Day,Ranking,Name of FF Member /OSBPs,Short Position,Change from Previous Trading Day
Contract Code：ad2609,,,,,,,,,,2026-08-18,
1,0004(brokerage business),273,118,1,0323(brokerage business),387,0,1,0123(brokerage business),490,20
2,0163(brokerage business),184,41,2,0004(brokerage business),354,-120,2,0275(brokerage business),418,-2
3,0148(brokerage business),181,71,3,0253(brokerage business),321,1,3,0323(brokerage business),332,0
4,0008(brokerage business),173,103,4,0275(brokerage business),310,4,4,0253(brokerage business),312,-20
5,0253(brokerage business),171,77,5,0008(brokerage business),291,0,5,0048(brokerage business),290,4
6,0268(brokerage business),141,131,6,0048(brokerage business),291,2,6,0257(brokerage business),290,0
7,0257(brokerage business),110,52,7,0257(brokerage business),286,-4,7,0008(brokerage business),287,3
8,0275(brokerage business),84,-151,8,0123(brokerage business),285,0,8,0009(brokerage business),282,-46
9,0320(brokerage business),82,81,9,0009(brokerage business),283,0,9,0139(brokerage business),257,-32
10,0139(brokerage business),74,47,10,0096(brokerage business),248,-20,10,0137(brokerage business),248,-6
11,0009(brokerage business),46,41,11,0137(brokerage business),245,-5,11,0096(brokerage business),247,-23
12,0096(brokerage business),45,9,12,0139(brokerage business),241,-42,12,0004(brokerage business),214,29
13,0048(brokerage business),34,-76,13,0349(brokerage business),193,-7,13,0069(brokerage business),124,-10
14,0123(brokerage business),34,-51,14,0018(brokerage business),180,0,14,0272(brokerage business),93,4
15,0058(brokerage business),31,4,15,0299(brokerage business),161,0,15,0349(brokerage business),93,0
16,0069(brokerage business),31,11,16,0320(brokerage business),148,-32,16,0103(brokerage business),66,-6
17,0240(brokerage business),29,28,17,0034(brokerage business),129,0,17,0277(brokerage business),60,0
18,0259(brokerage business),16,4,18,0163(brokerage business),79,-31,18,0148(brokerage business),58,-5
19,0137(brokerage business),15,-49,19,0148(brokerage business),63,-26,19,0153(brokerage business),58,3
20,0272(brokerage business),14,-35,20,0272(brokerage business),39,0,20,0321(brokerage business),56,0
Total,,1768,456,Total,,4534,-280,Total,,4275,-87
Ranking,Name of FF Member /OSBPs,Volume,Change from Previous Trading Day,Ranking,Name of FF Member /OSBPs,Long Position,Change from Previous Trading Day,Ranking,Name of FF Member /OSBPs,Short Position,Change from Previous Trading Day
Contract Code：ad2610,,,,,,,,,,2026-08-18,
1,0123(brokerage business),3216,2657,1,0323(brokerage business),1821,5,1,0323(brokerage business),1770,8
2,0257(brokerage business),2218,1974,2,0123(brokerage business),1562,-93,2,0008(brokerage business),1497,-2
3,0163(brokerage business),2093,425,3,0008(brokerage business),1500,1,3,0139(brokerage business),1492,-125
4,0081(brokerage business),1901,-305,4,0253(brokerage business),1385,51,4,0123(brokerage business),1385,-67
5,0253(brokerage business),1312,101,5,0148(brokerage business),1313,65,5,0253(brokerage business),1348,53
6,0004(brokerage business),1103,515,6,0139(brokerage business),1161,-115,6,0004(brokerage business),1164,-27
7,0048(brokerage business),1004,482,7,0096(brokerage business),1080,73,7,0096(brokerage business),1095,64
8,0008(brokerage business),815,-117,8,0163(brokerage business),1049,22,8,0009(brokerage business),1047,1
9,0275(brokerage business),625,-350,9,0009(brokerage business),1045,0,9,0272(brokerage business),1040,275
10,0096(brokerage business),537,93,10,0137(brokerage business),914,-8,10,0137(brokerage business),935,0
11,0148(brokerage business),453,102,11,0048(brokerage business),905,47,11,0048(brokerage business),924,47
12,0161(brokerage business),439,274,12,0257(brokerage business),885,1,12,0257(brokerage business),892,1
13,0272(brokerage business),312,171,13,0275(brokerage business),845,-1,13,0275(brokerage business),826,0
14,0139(brokerage business),290,-28,14,0299(brokerage business),487,-2,14,0148(brokerage business),420,32
15,0153(brokerage business),277,177,15,0004(brokerage business),472,140,15,0349(brokerage business),300,8
16,0067(brokerage business),252,106,16,0034(brokerage business),447,2,16,0153(brokerage business),289,240
17,0009(brokerage business),207,-178,17,0103(brokerage business),239,-2,17,0163(brokerage business),287,-35
18,0298(brokerage business),194,104,18,0320(brokerage business),172,105,18,0268(brokerage business),220,60
19,0069(brokerage business),173,153,19,0276(brokerage business),140,130,19,0067(brokerage business),211,-83
20,0276(brokerage business),140,130,20,0067(brokerage business),138,25,20,0103(brokerage business),198,30
Total,,17561,6486,Total,,17560,446,Total,,17340,480
Member/OSP Type,Total Volume,Change from Previous Trading Day,Member/OSP Type,Total Long Position,Change from Previous Trading Day,Member/OSP Type,Total Short Position,Change from Previous Trading Day,,,
Contract Code：auall,,,,,,,2026-08-18,,,,
Name of FF Member/OSBP,577539,44950,Name of FF Member/OSBP,318781,5122,Name of FF Member/OSBP,68011,-82,,,
Name of Non-FF Member/OSNBP,16571,-392,Name of Non-FF Member/OSNBP,33086,-1346,Name of Non-FF Member/OSNBP,283856,3858,,,
Ranking,Name of FF Member /OSBPs,Volume,Change from Previous Trading Day,Ranking,Name of FF Member /OSBPs,Long Position,Change from Previous Trading Day,Ranking,Name of FF Member /OSBPs,Short Position,Change from Previous Trading Day
Contract Code：au2610,,,,,,,,,,2026-08-18,
1,0004(brokerage business),85701,9829,1,0004(brokerage business),31099,1199,1,0004(brokerage business),9092,-238
2,0148(brokerage business),59827,1711,2,0148(brokerage business),14341,-485,2,0148(brokerage business),3221,318
3,0163(brokerage business),36312,-765,3,0272(brokerage business),10270,-34,3,0163(brokerage business),2898,-6
4,0308(brokerage business),24118,1468,4,0103(brokerage business),8414,811,4,0240(brokerage business),2092,28
5,0275(brokerage business),20892,-909,5,0163(brokerage business),7992,158,5,0001(brokerage business),1895,109
6,0253(brokerage business),19514,2935,6,0288(brokerage business),5487,-241,6,0253(brokerage business),1751,-19
7,0009(brokerage business),13587,-1292,7,0082(brokerage business),5368,8,7,0268(brokerage business),1724,-141
8,0272(brokerage business),10651,960,8,0253(brokerage business),5334,209,8,0306(brokerage business),1654,-1
9,0240(brokerage business),9675,540,9,0067(brokerage business),4560,338,9,0275(brokerage business),1309,288
10,0081(brokerage business),9300,1359,10,0240(brokerage business),4526,105,10,0049(brokerage business),1278,-39
11,0268(brokerage business),8997,123,11,0034(brokerage business),4121,-13,11,0272(brokerage business),1266,265
12,0372(brokerage business),8872,1014,12,0042(brokerage business),3755,-55,12,0082(brokerage business),1232,13
13,0034(brokerage business),8382,-237,13,0268(brokerage business),3749,34,13,0034(brokerage business),946,27
14,0077(brokerage business),7603,1004,14,0335(brokerage business),3738,217,14,0009(brokerage business),764,-86
15,0123(brokerage business),7529,3342,15,0274(brokerage business),3424,601,15,0058(brokerage business),678,162
16,0059(brokerage business),6673,481,16,0161(brokerage business),3260,-89,16,0059(brokerage business),639,-85
17,0096(brokerage business),6254,-656,17,0169(brokerage business),3026,-10,17,0288(brokerage business),621,98
18,0298(brokerage business),6216,-1038,18,0096(brokerage business),2904,-334,18,0123(brokerage business),573,-3
19,0244(brokerage business),5747,1346,19,0323(brokerage business),2873,49,19,0308(brokerage business),550,157
20,0103(brokerage business),5476,2360,20,0239(brokerage business),2436,89,20,0096(brokerage business),549,148
Total,,361326,23575,Total,,130677,2557,Total,,34732,995
Ranking,Name of FF Member /OSBPs,Volume,Change from Previous Trading Day,Ranking,Name of FF Member /OSBPs,Long Position,Change from Previous Trading Day,Ranking,Name of FF Member /OSBPs,Short Position,Change from Previous Trading Day
Contract Code：au2612,,,,,,,,,,2026-08-18,
1,0004(brokerage business),11781,-394,1,0004(brokerage business),15190,577,1,0148(brokerage business),2670,-245
2,0148(brokerage business),8824,1526,2,0148(brokerage business),11798,99,2,0025(brokerage business),1450,37
3,0253(brokerage business),7451,2266,3,0163(brokerage business),6401,43,3,0096(brokerage business),1314,-148
4,0275(brokerage business),5372,2240,4,0253(brokerage business),3995,14,4,0268(brokerage business),1108,-161
5,0163(brokerage business),4743,294,5,0240(brokerage business),2918,34,5,0089(brokerage business),739,16
6,0009(brokerage business),4731,494,6,0103(brokerage business),2858,29,6,0004(brokerage business),653,-352
7,0308(brokerage business),4599,959,7,0067(brokerage business),2685,123,7,0009(brokerage business),640,26
8,0059(brokerage business),2695,901,8,0082(brokerage business),2479,235,8,0049(brokerage business),556,14
9,0272(brokerage business),1690,548,9,0003(brokerage business),2409,17,9,0034(brokerage business),513,10
10,0268(brokerage business),1588,221,10,0272(brokerage business),2337,77,10,0001(brokerage business),465,18
11,0096(brokerage business),1346,439,11,0123(brokerage business),1889,11,11,0288(brokerage business),431,10
12,0081(brokerage business),1333,168,12,0274(brokerage business),1824,52,12,0372(brokerage business),429,-5
13,0123(brokerage business),1028,420,13,0268(brokerage business),1754,57,13,0052(brokerage business),416,-1
14,0240(brokerage business),984,278,14,0349(brokerage business),1560,3,14,0042(brokerage business),415,-11
15,0244(brokerage business),637,260,15,0288(brokerage business),1547,-10,15,0272(brokerage business),348,-71
16,0007(brokerage business),633,31,16,0323(brokerage business),1538,26,16,0418(brokerage business),220,0
17,0311(brokerage business),591,330,17,0096(brokerage business),1433,128,17,0276(brokerage business),210,-1
18,0019(brokerage business),552,300,18,0069(brokerage business),1421,2,18,0059(brokerage business),209,-14
19,0161(brokerage business),547,306,19,0025(brokerage business),1385,-18,19,0139(brokerage business),172,-1
20,0082(brokerage business),531,249,20,0308(brokerage business),1337,60,20,0163(brokerage business),154,-30
Total,,61656,11836,Total,,68758,1559,Total,,13112,-909
Ranking,Name of FF Member /OSBPs,Volume,Change from Previous Trading Day,Ranking,Name of FF Member /OSBPs,Long Position,Change from Previous Trading Day,Ranking,Name of FF Member /OSBPs,Short Position,Change from Previous Trading Day
Contract Code：au2702,,,,,,,,,,2026-08-18,
1,0148(brokerage business),4877,568,1,0148(brokerage business),2605,20,1,0004(brokerage business),330,-2
2,0004(brokerage business),3357,766,2,0067(brokerage business),1044,2,2,0042(brokerage business),125,-2
3,0253(brokerage business),1585,277,3,0004(brokerage business),782,5,3,0148(brokerage business),71,-3
4,0163(brokerage business),1476,-228,4,0163(brokerage business),606,27,4,0058(brokerage business),55,9
5,0275(brokerage business),1176,-50,5,0123(brokerage business),513,-15,5,0163(brokerage business),55,-33
6,0081(brokerage business),944,105,6,0268(brokerage business),315,35,6,0272(brokerage business),48,4
7,0009(brokerage business),795,77,7,0253(brokerage business),314,-24,7,0268(brokerage business),38,1
8,0308(brokerage business),760,122,8,0116(brokerage business),291,76,8,0088(brokerage business),35,-2
9,0059(brokerage business),634,-93,9,0288(brokerage business),225,1,9,0169(brokerage business),35,0
10,0240(brokerage business),523,-18,10,0272(brokerage business),219,-28,10,0311(brokerage business),35,0
11,0123(brokerage business),495,217,11,0103(brokerage business),218,11,11,0007(brokerage business),34,1
12,0272(brokerage business),368,-90,12,0240(brokerage business),178,-17,12,0372(brokerage business),31,31
13,0156(brokerage business),247,151,13,0018(brokerage business),175,3,13,0323(brokerage business),30,-2
14,0161(brokerage business),225,-24,14,0161(brokerage business),164,-6,14,0333(brokerage business),26,-5
15,0018(brokerage business),171,143,15,0034(brokerage business),141,6,15,0096(brokerage business),25,0
16,0268(brokerage business),154,-48,16,0323(brokerage business),124,3,16,0253(brokerage business),25,5
17,0007(brokerage business),149,-48,17,0308(brokerage business),115,4,17,0081(brokerage business),21,4
18,0244(brokerage business),146,119,18,0008(brokerage business),108,74,18,0239(brokerage business),21,8
19,0096(brokerage business),137,0,19,0311(brokerage business),98,4,19,0107(brokerage business),19,1
20,0323(brokerage business),115,6,20,0298(brokerage business),97,3,20,0009(brokerage business),17,0
Total,,18334,1952,Total,,8332,184,Total,,1076,15
Member/OSP Type,Total Volume,Change from Previous Trading Day,Member/OSP Type,Total Long Position,Change from Previous Trading Day,Member/OSP Type,Total Short Position,Change from Previous Trading Day,,,
Contract Code：agall,,,,,,,2026-08-18,,,,
Name of FF Member/OSBP,2030047,269907,Name of FF Member/OSBP,521923,-5397,Name of FF Member/OSBP,374052,-7230,,,
Name of Non-FF Member/OSNBP,6743,-691,Name of Non-FF Member/OSNBP,33648,-1091,Name of Non-FF Member/OSNBP,181519,742,,,
Ranking,Name of FF Member /OSBPs,Volume,Change from Previous Trading Day,Ranking,Name of FF Member /OSBPs,Long Position,Change from Previous Trading Day,Ranking,Name of FF Member /OSBPs,Short Position,Change from Previous Trading Day
Contract Code：ag2610,,,,,,,,,,2026-08-18,
1,0004(brokerage business),174343,32497,1,0004(brokerage business),29626,179,1,0148(brokerage business),28426,370
2,0148(brokerage business),119782,20468,2,0148(brokerage business),24039,-378,2,0004(brokerage business),23556,-932
3,0163(brokerage business),69689,2211,3,0272(brokerage business),16458,-267,3,0137(brokerage business),13085,-211
4,0275(brokerage business),64514,9534,4,0163(brokerage business),10859,-402,4,0272(brokerage business),11207,-291
5,0240(brokerage business),60747,3977,5,0082(brokerage business),10296,-638,5,0163(brokerage business),11172,-1295
6,0253(brokerage business),47573,3409,6,0253(brokerage business),9318,95,6,0049(brokerage business),10326,189
7,0272(brokerage business),40684,418,7,0288(brokerage business),8908,173,7,0372(brokerage business),8993,-7
8,0308(brokerage business),39203,5251,8,0240(brokerage business),8897,-884,8,0253(brokerage business),6188,-668
9,0034(brokerage business),35216,6661,9,0034(brokerage business),7293,455,9,0006(brokerage business),5217,88
10,0268(brokerage business),30107,2286,10,0103(brokerage business),7104,-361,10,0123(brokerage business),4898,175
11,0081(brokerage business),28993,4688,11,0067(brokerage business),6497,-78,11,0096(brokerage business),4611,-316
12,0059(brokerage business),27504,3281,12,0323(brokerage business),6443,-571,12,0042(brokerage business),4607,51
13,0298(brokerage business),26890,626,13,0268(brokerage business),6016,-110,13,0001(brokerage business),4499,-92
14,0186(brokerage business),26511,4276,14,0049(brokerage business),5309,35,14,0315(brokerage business),4196,-191
15,0323(brokerage business),19549,3909,15,0042(brokerage business),5032,-372,15,0034(brokerage business),4056,-432
16,0123(brokerage business),18946,3802,16,0161(brokerage business),4422,-90,16,0240(brokerage business),3398,-451
17,0009(brokerage business),16288,1609,17,0009(brokerage business),4331,246,17,0103(brokerage business),3354,42
18,0288(brokerage business),15663,1177,18,0275(brokerage business),4040,360,18,0288(brokerage business),3088,-376
19,0137(brokerage business),14890,1112,19,0069(brokerage business),3994,202,19,0069(brokerage business),2867,105
20,0103(brokerage business),14799,2078,20,0308(brokerage business),3459,79,20,0059(brokerage business),2843,594
Total,,891891,113270,Total,,182341,-2327,Total,,160587,-3648
Ranking,Name of FF Member /OSBPs,Volume,Change from Previous Trading Day,Ranking,Name of FF Member /OSBPs,Long Position,Change from Previous Trading Day,Ranking,Name of FF Member /OSBPs,Short Position,Change from Previous Trading Day
Contract Code：ag2612,,,,,,,,,,2026-08-18,
1,0004(brokerage business),27403,4402,1,0082(brokerage business),9874,1068,1,0148(brokerage business),23809,453
2,0148(brokerage business),20733,2851,2,0004(brokerage business),9677,678,2,0004(brokerage business),5966,369
3,0275(brokerage business),14991,-693,3,0148(brokerage business),9119,1092,3,0049(brokerage business),5139,126
4,0163(brokerage business),11621,918,4,0272(brokerage business),8427,141,4,0163(brokerage business),3996,-533
5,0240(brokerage business),9397,3013,5,0049(brokerage business),7725,-18,5,0025(brokerage business),3627,-69
6,0253(brokerage business),8581,2592,6,0163(brokerage business),6876,-88,6,0034(brokerage business),3523,332
7,0123(brokerage business),7709,1682,7,0025(brokerage business),5096,-101,7,0272(brokerage business),2584,22
8,0308(brokerage business),7379,2621,8,0103(brokerage business),4304,-2,8,0009(brokerage business),2455,-244
9,0059(brokerage business),5751,755,9,0268(brokerage business),4301,-21,9,0139(brokerage business),2158,-6
10,0272(brokerage business),3735,75,10,0043(brokerage business),3918,21,10,0048(brokerage business),2130,451
11,0081(brokerage business),3720,726,11,0323(brokerage business),3755,61,11,0082(brokerage business),2073,6
12,0096(brokerage business),3717,577,12,0253(brokerage business),3621,-26,12,0042(brokerage business),1978,67
13,0001(brokerage business),3541,1957,13,0067(brokerage business),3504,108,13,0103(brokerage business),1916,-19
14,0268(brokerage business),3536,1050,14,0034(brokerage business),3129,75,14,0274(brokerage business),1912,-7
15,0034(brokerage business),3255,154,15,0288(brokerage business),3031,15,15,0240(brokerage business),1592,176
16,0009(brokerage business),2936,-832,16,0240(brokerage business),2621,19,16,0253(brokerage business),1573,-209
17,0161(brokerage business),2763,1660,17,0042(brokerage business),2447,45,17,0315(brokerage business),1484,2
18,0137(brokerage business),2532,455,18,0275(brokerage business),2242,116,18,0059(brokerage business),1440,132
19,0277(brokerage business),2368,2191,19,0096(brokerage business),1695,346,19,0096(brokerage business),1394,-11
20,0069(brokerage business),1956,-20,20,0161(brokerage business),1575,306,20,0320(brokerage business),1211,2
Total,,147624,26134,Total,,96937,3835,Total,,71960,1040
Ranking,Name of FF Member /OSBPs,Volume,Change from Previous Trading Day,Ranking,Name of FF Member /OSBPs,Long Position,Change from Previous Trading Day,Ranking,Name of FF Member /OSBPs,Short Position,Change from Previous Trading Day
Contract Code：ag2702,,,,,,,,,,2026-08-18,
1,0148(brokerage business),38332,8022,1,0043(brokerage business),3320,4,1,0148(brokerage business),8580,665
2,0004(brokerage business),36067,5633,2,0148(brokerage business),2674,885,2,0163(brokerage business),2519,438
3,0163(brokerage business),28466,7739,3,0323(brokerage business),2430,3,3,0272(brokerage business),1886,25
4,0275(brokerage business),18725,5751,4,0004(brokerage business),1534,18,4,0042(brokerage business),1726,-6
5,0240(brokerage business),13511,1274,5,0163(brokerage business),1506,784,5,0049(brokerage business),1569,-4
6,0253(brokerage business),11077,2468,6,0082(brokerage business),1420,-1,6,0253(brokerage business),1060,761
7,0009(brokerage business),9902,-582,7,0067(brokerage business),1378,19,7,0004(brokerage business),1003,-65
8,0123(brokerage business),9696,2554,8,0333(brokerage business),905,-25,8,0069(brokerage business),985,-24
9,0081(brokerage business),8875,2595,9,0137(brokerage business),864,434,9,0009(brokerage business),685,-55
10,0308(brokerage business),7090,209,10,0123(brokerage business),793,1,10,0240(brokerage business),616,234
11,0272(brokerage business),5640,573,11,0088(brokerage business),742,24,11,0137(brokerage business),607,398
12,0298(brokerage business),5156,613,12,0049(brokerage business),720,319,12,0315(brokerage business),575,29
13,0137(brokerage business),4600,1875,13,0240(brokerage business),718,-69,13,0059(brokerage business),517,-26
14,0186(brokerage business),4471,433,14,0253(brokerage business),674,14,14,0034(brokerage business),306,-6
15,0059(brokerage business),3916,106,15,0275(brokerage business),615,-64,15,0136(brokerage business),285,-1
16,0096(brokerage business),3170,839,16,0272(brokerage business),590,-93,16,0288(brokerage business),273,60
17,0268(brokerage business),2690,120,17,0034(brokerage business),587,10,17,0275(brokerage business),248,101
18,0043(brokerage business),2623,-950,18,0268(brokerage business),529,42,18,0121(brokerage business),216,12
19,0299(brokerage business),2520,183,19,0096(brokerage business),398,15,19,0268(brokerage business),187,-30
20,0161(brokerage business),2488,641,20,0298(brokerage business),328,68,20,0103(brokerage business),164,2
Total,,219015,40096,Total,,22725,2388,Total,,24007,2508
Member/OSP Type,Total Volume,Change from Previous Trading Day,Member/OSP Type,Total Long Position,Change from Previous Trading Day,Member/OSP Type,Total Short Position,Change from Previous Trading Day,,,
Contract Code：rball,,,,,,,2026-08-18,,,,
Name of FF Member/OSBP,2012772,163916,Name of FF Member/OSBP,3139753,21389,Name of FF Member/OSBP,3139753,21389,,,
Name of Non-FF Member/OSNBP,0,0,Name of Non-FF Member/OSNBP,0,0,Name of Non-FF Member/OSNBP,0,0,,,
Ranking,Name of FF Member /OSBPs,Volume,Change from Previous Trading Day,Ranking,Name of FF Member /OSBPs,Long Position,Change from Previous Trading Day,Ranking,Name of FF Member /OSBPs,Short Position,Change from Previous Trading Day
Contract Code：rb2609,,,,,,,,,,2026-08-18,
1,0163(brokerage business),3039,-538,1,0148(brokerage business),3604,34,1,0004(brokerage business),3565,-107
2,0253(brokerage business),1443,-2392,2,0240(brokerage business),3531,-29,2,0148(brokerage business),3169,-26
3,0096(brokerage business),589,70,3,0004(brokerage business),2856,-271,3,0059(brokerage business),2960,223
4,0148(brokerage business),508,-1186,4,0349(brokerage business),2317,0,4,0349(brokerage business),2340,0
5,0004(brokerage business),434,-217,5,0275(brokerage business),1354,-53,5,0019(brokerage business),2085,-28
6,0272(brokerage business),430,-157,6,0103(brokerage business),1281,255,6,0163(brokerage business),1392,-7
7,0159(brokerage business),354,-517,7,0163(brokerage business),1169,28,7,0103(brokerage business),1202,-52
8,0103(brokerage business),335,-284,8,0253(brokerage business),882,-44,8,0253(brokerage business),1064,-611
9,0275(brokerage business),328,-136,9,0252(brokerage business),805,0,9,0323(brokerage business),1012,-2
10,0059(brokerage business),311,229,10,0069(brokerage business),766,-58,10,0007(brokerage business),997,-120
11,0075(brokerage business),302,-148,11,0067(brokerage business),704,0,11,0252(brokerage business),814,0
12,0081(brokerage business),274,-171,12,0008(brokerage business),692,-100,12,0277(brokerage business),733,-20
13,0082(brokerage business),261,-749,13,0274(brokerage business),682,0,13,0275(brokerage business),688,-13
14,0139(brokerage business),251,-603,14,0159(brokerage business),614,-354,14,0096(brokerage business),645,49
15,0268(brokerage business),239,-220,15,0022(brokerage business),500,0,15,0069(brokerage business),580,-53
16,0137(brokerage business),231,193,16,0058(brokerage business),469,0,16,0139(brokerage business),475,-69
17,0038(brokerage business),200,198,17,0139(brokerage business),468,-98,17,0034(brokerage business),458,-3
18,0171(brokerage business),150,146,18,0096(brokerage business),412,14,18,0137(brokerage business),400,203
19,0007(brokerage business),130,-350,19,0151(brokerage business),399,11,19,0272(brokerage business),387,-22
20,0069(brokerage business),127,-114,20,0003(brokerage business),371,0,20,0077(brokerage business),350,-4
Total,,9936,-6946,Total,,23876,-665,Total,,25316,-662
Ranking,Name of FF Member /OSBPs,Volume,Change from Previous Trading Day,Ranking,Name of FF Member /OSBPs,Long Position,Change from Previous Trading Day,Ranking,Name of FF Member /OSBPs,Short Position,Change from Previous Trading Day
Contract Code：rb2610,,,,,,,,,,2026-08-18,
1,0148(brokerage business),190966,52024,1,0004(brokerage business),210999,2288,1,0004(brokerage business),183575,-7121
2,0163(brokerage business),190584,29493,2,0148(brokerage business),174915,-1179,2,0148(brokerage business),165121,6785
3,0004(brokerage business),183039,13141,3,0103(brokerage business),100374,-11513,3,0239(brokerage business),163704,-16502
4,0253(brokerage business),85722,2003,4,0034(brokerage business),79057,-4960,4,0163(brokerage business),110647,-838
5,0272(brokerage business),62266,-8921,5,0163(brokerage business),75966,130,5,0272(brokerage business),83670,3842
6,0275(brokerage business),46155,-5345,6,0272(brokerage business),75729,-11042,6,0335(brokerage business),72296,-403
7,0240(brokerage business),36854,2879,7,0253(brokerage business),63349,595,7,0103(brokerage business),72135,-695
8,0103(brokerage business),35830,11808,8,0059(brokerage business),46885,1013,8,0253(brokerage business),71265,-3331
9,0081(brokerage business),33737,5363,9,0268(brokerage business),44746,-2638,9,0084(brokerage business),54383,-180
10,0059(brokerage business),31078,9288,10,0274(brokerage business),41750,385,10,0082(brokerage business),51172,908
11,0239(brokerage business),30193,14593,11,0009(brokerage business),37161,-593,11,0034(brokerage business),50921,2412
12,0349(brokerage business),29262,17318,12,0275(brokerage business),32413,63,12,0042(brokerage business),50495,-467
13,0268(brokerage business),27123,2415,13,0186(brokerage business),32161,-717,13,0059(brokerage business),48606,-1427
14,0034(brokerage business),23074,-6473,14,0058(brokerage business),31251,305,14,0136(brokerage business),40438,26
15,0186(brokerage business),17873,3268,15,0069(brokerage business),30911,267,15,0274(brokerage business),35912,-3156
16,0042(brokerage business),17307,2526,16,0096(brokerage business),30902,-931,16,0275(brokerage business),34961,-2764
17,0274(brokerage business),15105,-7340,17,0277(brokerage business),28115,9,17,0007(brokerage business),29524,117
18,0335(brokerage business),14825,4713,18,0082(brokerage business),27383,634,18,0240(brokerage business),27429,-4171
19,0043(brokerage business),13166,6333,19,0125(brokerage business),26274,611,19,0123(brokerage business),23272,992
20,0096(brokerage business),12967,6198,20,0123(brokerage business),24656,-14,20,0268(brokerage business),23226,2289
Total,,1097126,155284,Total,,1214997,-27287,Total,,1392752,-23684
Ranking,Name of FF Member /OSBPs,Volume,Change from Previous Trading Day,Ranking,Name of FF Member /OSBPs,Long Position,Change from Previous Trading Day,Ranking,Name of FF Member /OSBPs,Short Position,Change from Previous Trading Day
Contract Code：rb2611,,,,,,,,,,2026-08-18,
1,0163(brokerage business),16137,-4562,1,0323(brokerage business),52705,23,1,0323(brokerage business),53157,-8
2,0275(brokerage business),11441,10830,2,0004(brokerage business),32789,436,2,0163(brokerage business),32481,53
3,0253(brokerage business),9436,1676,3,0163(brokerage business),30986,32,3,0004(brokerage business),31095,65
4,0148(brokerage business),7479,-687,4,0148(brokerage business),27658,178,4,0148(brokerage business),29866,629
5,0268(brokerage business),3378,943,5,0253(brokerage business),26172,-426,5,0253(brokerage business),26699,-74
6,0004(brokerage business),2827,817,6,0151(brokerage business),24120,401,6,0151(brokerage business),24375,396
7,0139(brokerage business),2753,1085,7,0081(brokerage business),18051,-32,7,0103(brokerage business),18686,18
8,0272(brokerage business),2355,1228,8,0268(brokerage business),16418,-937,8,0081(brokerage business),18214,21
9,0081(brokerage business),2185,1097,9,0082(brokerage business),16102,0,9,0272(brokerage business),17641,1020
10,0123(brokerage business),2165,-194,10,0103(brokerage business),15869,-4,10,0082(brokerage business),16041,10
11,0151(brokerage business),1749,417,11,0272(brokerage business),15724,1057,11,0069(brokerage business),15578,10
12,0069(brokerage business),1680,541,12,0069(brokerage business),15642,12,12,0268(brokerage business),15406,-989
13,0259(brokerage business),1601,417,13,0139(brokerage business),14721,151,13,0139(brokerage business),14560,-28
14,0103(brokerage business),1438,101,14,0096(brokerage business),4328,-433,14,0096(brokerage business),6049,-431
15,0159(brokerage business),1189,791,15,0244(brokerage business),3997,-11,15,0244(brokerage business),3949,-3
16,0096(brokerage business),1024,290,16,0058(brokerage business),3188,0,16,0178(brokerage business),2982,0
17,0082(brokerage business),734,-314,17,0019(brokerage business),3156,76,17,0161(brokerage business),2824,13
18,0274(brokerage business),604,533,18,0007(brokerage business),2579,2,18,0019(brokerage business),2656,226
19,0323(brokerage business),555,-23,19,0177(brokerage business),2405,-5,19,0077(brokerage business),2650,40
20,0308(brokerage business),503,267,20,0008(brokerage business),2365,-15,20,0275(brokerage business),2648,113
Total,,71233,15253,Total,,328975,505,Total,,337557,1081
Ranking,Name of FF Member /OSBPs,Volume,Change from Previous Trading Day,Ranking,Name of FF Member /OSBPs,Long Position,Change from Previous Trading Day,Ranking,Name of FF Member /OSBPs,Short Position,Change from Previous Trading Day
Contract Code：rb2701,,,,,,,,,,2026-08-18,
1,0148(brokerage business),51473,-7796,1,0148(brokerage business),84079,12292,1,0004(brokerage business),61697,13593
2,0163(brokerage business),49629,674,2,0103(brokerage business),47004,5975,2,0103(brokerage business),44751,1574
3,0004(brokerage business),47109,-5727,3,0004(brokerage business),46106,6816,3,0274(brokerage business),34443,-129
4,0253(brokerage business),27404,4405,4,0034(brokerage business),32373,580,4,0239(brokerage business),24761,8382
5,0275(brokerage business),17834,-2115,5,0163(brokerage business),31206,2823,5,0123(brokerage business),24388,2361
6,0103(brokerage business),15665,2621,6,0253(brokerage business),29353,792,6,0148(brokerage business),24225,-297
7,0259(brokerage business),10428,-1878,7,0274(brokerage business),24393,155,7,0163(brokerage business),22876,3864
8,0239(brokerage business),9132,1498,8,0042(brokerage business),21399,933,8,0084(brokerage business),20762,0
9,0123(brokerage business),8932,-4405,9,0123(brokerage business),20791,721,9,0275(brokerage business),18573,1732
10,0067(brokerage business),8686,6628,10,0238(brokerage business),19379,65,10,0272(brokerage business),17913,652
11,0042(brokerage business),7324,-1322,11,0096(brokerage business),17732,2343,11,0007(brokerage business),17401,-1187
12,0096(brokerage business),6538,648,12,0272(brokerage business),17210,705,12,0277(brokerage business),16730,1388
13,0081(brokerage business),6363,-3911,13,0275(brokerage business),12100,1102,13,0042(brokerage business),15968,-1193
14,0059(brokerage business),5403,-1492,14,0125(brokerage business),11362,33,14,0059(brokerage business),15775,1773
15,0186(brokerage business),5134,-1069,15,0019(brokerage business),10486,111,15,0003(brokerage business),15206,448
16,0240(brokerage business),4998,2301,16,0137(brokerage business),10090,1461,16,0253(brokerage business),14781,3150
17,0272(brokerage business),4413,-11708,17,0306(brokerage business),8750,-545,17,0058(brokerage business),12237,1748
18,0034(brokerage business),4120,-6724,18,0067(brokerage business),8096,6764,18,0034(brokerage business),11823,-62
19,0077(brokerage business),3896,-1230,19,0151(brokerage business),7322,589,19,0069(brokerage business),11629,852
20,0137(brokerage business),3873,-3998,20,0121(brokerage business),7201,-91,20,0137(brokerage business),10667,112
Total,,298354,-34600,Total,,466432,43624,Total,,436606,38761
Ranking,Name of FF Member /OSBPs,Volume,Change from Previous Trading Day,Ranking,Name of FF Member /OSBPs,Long Position,Change from Previous Trading Day,Ranking,Name of FF Member /OSBPs,Short Position,Change from Previous Trading Day
Contract Code：rb2703,,,,,,,,,,2026-08-18,
1,0163(brokerage business),8870,-3001,1,0323(brokerage business),15015,912,1,0323(brokerage business),15002,914
2,0148(brokerage business),1969,-478,2,0163(brokerage business),11830,486,2,0163(brokerage business),11603,276
3,0323(brokerage business),1854,-265,3,0082(brokerage business),7719,195,3,0082(brokerage business),7730,249
4,0253(brokerage business),1398,-422,4,0268(brokerage business),7563,487,4,0268(brokerage business),7366,449
5,0096(brokerage business),1256,204,5,0004(brokerage business),6928,275,5,0004(brokerage business),6897,226
6,0103(brokerage business),1096,-95,6,0103(brokerage business),6538,539,6,0103(brokerage business),6729,543
7,0268(brokerage business),982,-5,7,0253(brokerage business),6533,595,7,0253(brokerage business),6507,601
8,0272(brokerage business),838,-108,8,0148(brokerage business),6083,308,8,0148(brokerage business),6229,345
9,0151(brokerage business),799,-266,9,0151(brokerage business),6056,378,9,0151(brokerage business),6074,345
10,0004(brokerage business),591,-2,10,0096(brokerage business),4821,433,10,0096(brokerage business),4863,433
11,0081(brokerage business),590,-455,11,0081(brokerage business),4800,-11,11,0081(brokerage business),4775,-3
12,0275(brokerage business),564,-248,12,0139(brokerage business),4585,263,12,0139(brokerage business),4535,263
13,0139(brokerage business),526,-76,13,0272(brokerage business),4204,406,13,0272(brokerage business),4091,236
14,0082(brokerage business),448,-633,14,0069(brokerage business),3540,0,14,0069(brokerage business),3505,-1
15,0288(brokerage business),265,210,15,0138(brokerage business),3003,0,15,0138(brokerage business),3000,0
16,0123(brokerage business),257,-1,16,0034(brokerage business),639,0,16,0274(brokerage business),786,0
17,0069(brokerage business),131,-148,17,0275(brokerage business),588,4,17,0263(brokerage business),439,0
18,0240(brokerage business),128,-37,18,0136(brokerage business),122,-25,18,0007(brokerage business),355,3
19,0153(brokerage business),96,-9,19,0339(brokerage business),98,0,19,0186(brokerage business),118,-4
20,0238(brokerage business),58,-27,20,0257(brokerage business),95,-52,20,0238(brokerage business),108,-39
Total,,22716,-5862,Total,,100760,5193,Total,,100712,4836
Member/OSP Type,Total Volume,Change from Previous Trading Day,Member/OSP Type,Total Long Position,Change from Previous Trading Day,Member/OSP Type,Total Short Position,Change from Previous Trading Day,,,
Contract Code：hcall,,,,,,,2026-08-18,,,,
Name of FF Member/OSBP,913740,91206,Name of FF Member/OSBP,2005854,-14690,Name of FF Member/OSBP,2005854,-14690,,,
Name of Non-FF Member/OSNBP,0,0,Name of Non-FF Member/OSNBP,0,0,Name of Non-FF Member/OSNBP,0,0,,,
Ranking,Name of FF Member /OSBPs,Volume,Change from Previous Trading Day,Ranking,Name of FF Member /OSBPs,Long Position,Change from Previous Trading Day,Ranking,Name of FF Member /OSBPs,Short Position,Change from Previous Trading Day
Contract Code：hc2609,,,,,,,,,,2026-08-18,
1,0163(brokerage business),1184,-506,1,0004(brokerage business),1749,-108,1,0004(brokerage business),2401,-69
2,0139(brokerage business),636,-550,2,0274(brokerage business),1513,-2,2,0240(brokerage business),1660,-5
3,0253(brokerage business),480,-1567,3,0163(brokerage business),1210,14,3,0274(brokerage business),1500,0
4,0268(brokerage business),446,-643,4,0272(brokerage business),793,2,4,0008(brokerage business),1375,0
5,0125(brokerage business),408,279,5,0076(brokerage business),750,0,5,0171(brokerage business),660,0
6,0161(brokerage business),402,-390,6,0151(brokerage business),570,3,6,0022(brokerage business),500,0
7,0004(brokerage business),283,-407,7,0125(brokerage business),538,408,7,0077(brokerage business),451,3
8,0148(brokerage business),154,-415,8,0148(brokerage business),456,-34,8,0159(brokerage business),450,150
9,0159(brokerage business),150,-304,9,0137(brokerage business),443,-2,9,0137(brokerage business),419,0
10,0275(brokerage business),96,44,10,0139(brokerage business),325,-318,10,0139(brokerage business),306,-318
11,0096(brokerage business),76,-172,11,0253(brokerage business),277,-177,11,0042(brokerage business),234,0
12,0274(brokerage business),38,28,12,0178(brokerage business),234,-10,12,0148(brokerage business),188,-34
13,0103(brokerage business),29,-711,13,0161(brokerage business),220,26,13,0163(brokerage business),170,-6
14,0238(brokerage business),24,-40,14,0096(brokerage business),209,30,14,0253(brokerage business),151,27
15,0240(brokerage business),22,-219,15,0103(brokerage business),185,-29,15,0096(brokerage business),120,-4
16,0058(brokerage business),21,-11,16,0141(brokerage business),171,-1,16,0103(brokerage business),120,0
17,0151(brokerage business),21,19,17,0081(brokerage business),170,0,17,0067(brokerage business),86,0
18,0178(brokerage business),16,-9,18,0338(brokerage business),156,0,18,0272(brokerage business),71,0
19,0014(brokerage business),15,15,19,0275(brokerage business),115,-9,19,0268(brokerage business),62,4
20,0048(brokerage business),14,-107,20,0043(brokerage business),92,1,20,0019(brokerage business),60,0
Total,,4515,-5666,Total,,10176,-206,Total,,10984,-252
Ranking,Name of FF Member /OSBPs,Volume,Change from Previous Trading Day,Ranking,Name of FF Member /OSBPs,Long Position,Change from Previous Trading Day,Ranking,Name of FF Member /OSBPs,Short Position,Change from Previous Trading Day
Contract Code：hc2610,,,,,,,,,,2026-08-18,
1,0004(brokerage business),101288,22887,1,0004(brokerage business),204662,-17667,1,0004(brokerage business),159162,-5917
2,0163(brokerage business),80237,3794,2,0103(brokerage business),75099,-542,2,0148(brokerage business),150880,-7854
3,0148(brokerage business),79854,18857,3,0148(brokerage business),71800,-8076,3,0239(brokerage business),90770,-10561
4,0253(brokerage business),38005,852,4,0042(brokerage business),69287,-12250,4,0272(brokerage business),58127,-245
5,0272(brokerage business),28641,2382,5,0163(brokerage business),64852,-1507,5,0058(brokerage business),47500,1052
6,0275(brokerage business),22539,232,6,0009(brokerage business),47014,-259,6,0163(brokerage business),43330,-6634
7,0042(brokerage business),16188,6002,7,0272(brokerage business),42095,1496,7,0259(brokerage business),40951,2608
8,0239(brokerage business),14971,3442,8,0253(brokerage business),34976,-708,8,0275(brokerage business),40700,1085
9,0103(brokerage business),11676,2527,9,0058(brokerage business),31768,-797,9,0253(brokerage business),33445,-1805
10,0059(brokerage business),11358,4561,10,0275(brokerage business),28725,48,10,0335(brokerage business),32750,-5762
11,0081(brokerage business),10569,-1598,11,0034(brokerage business),26856,646,11,0103(brokerage business),31165,768
12,0335(brokerage business),10055,1489,12,0059(brokerage business),26738,556,12,0059(brokerage business),22240,-3824
13,0259(brokerage business),10050,1467,13,0125(brokerage business),25466,-304,13,0034(brokerage business),20447,-906
14,0240(brokerage business),9636,2339,14,0123(brokerage business),24562,-4489,14,0084(brokerage business),20248,-2499
15,0123(brokerage business),8805,-2517,15,0311(brokerage business),23285,574,15,0042(brokerage business),19977,378
16,0034(brokerage business),7910,-4394,16,0081(brokerage business),20975,357,16,0137(brokerage business),17895,392
17,0137(brokerage business),7015,-2067,17,0323(brokerage business),20202,-263,17,0082(brokerage business),17605,-458
18,0058(brokerage business),6769,-123,18,0019(brokerage business),19749,881,18,0019(brokerage business),17103,-421
19,0007(brokerage business),6563,-3960,19,0003(brokerage business),18768,-247,19,0125(brokerage business),15926,3093
20,0125(brokerage business),6445,3371,20,0268(brokerage business),14285,226,20,0153(brokerage business),15299,650
Total,,488574,59543,Total,,891164,-42325,Total,,895520,-36860
Ranking,Name of FF Member /OSBPs,Volume,Change from Previous Trading Day,Ranking,Name of FF Member /OSBPs,Long Position,Change from Previous Trading Day,Ranking,Name of FF Member /OSBPs,Short Position,Change from Previous Trading Day
Contract Code：hc2611,,,,,,,,,,2026-08-18,
1,0148(brokerage business),9942,1637,1,0323(brokerage business),46681,30,1,0323(brokerage business),46779,33
2,0163(brokerage business),9710,1384,2,0148(brokerage business),45534,1184,2,0240(brokerage business),35880,-21
3,0253(brokerage business),9113,419,3,0240(brokerage business),33287,-337,3,0148(brokerage business),30467,90
4,0081(brokerage business),3260,-385,4,0268(brokerage business),27887,-811,4,0268(brokerage business),27923,-801
5,0103(brokerage business),2812,-1310,5,0178(brokerage business),26266,-695,5,0004(brokerage business),26812,87
6,0240(brokerage business),2790,700,6,0004(brokerage business),26099,159,6,0081(brokerage business),24625,-499
7,0004(brokerage business),2710,-31,7,0081(brokerage business),24222,-499,7,0178(brokerage business),22800,-700
8,0268(brokerage business),2292,-2303,8,0161(brokerage business),22081,-43,8,0161(brokerage business),22058,17
9,0048(brokerage business),2052,544,9,0048(brokerage business),21014,809,9,0048(brokerage business),21036,809
10,0178(brokerage business),1939,73,10,0253(brokerage business),20727,41,10,0253(brokerage business),20414,-454
11,0139(brokerage business),1266,531,11,0139(brokerage business),20002,0,11,0139(brokerage business),19713,16
12,0275(brokerage business),1115,-2574,12,0137(brokerage business),13972,-51,12,0137(brokerage business),14950,5
13,0161(brokerage business),698,-33,13,0103(brokerage business),12983,138,13,0103(brokerage business),12203,572
14,0123(brokerage business),685,585,14,0019(brokerage business),7553,-10,14,0019(brokerage business),7583,30
15,0008(brokerage business),629,251,15,0125(brokerage business),2585,0,15,0084(brokerage business),5007,0
16,0323(brokerage business),591,128,16,0077(brokerage business),2433,-1,16,0042(brokerage business),2759,-1
17,0043(brokerage business),420,256,17,0151(brokerage business),1954,-147,17,0077(brokerage business),2484,6
18,0137(brokerage business),418,13,18,0115(brokerage business),1750,0,18,0171(brokerage business),2038,150
19,0254(brokerage business),401,400,19,0163(brokerage business),1589,-739,19,0008(brokerage business),1941,348
20,0151(brokerage business),347,187,20,0134(brokerage business),1538,-40,20,0151(brokerage business),1851,-134
Total,,53190,472,Total,,360157,-1012,Total,,349323,-447
Ranking,Name of FF Member /OSBPs,Volume,Change from Previous Trading Day,Ranking,Name of FF Member /OSBPs,Long Position,Change from Previous Trading Day,Ranking,Name of FF Member /OSBPs,Short Position,Change from Previous Trading Day
Contract Code：hc2701,,,,,,,,,,2026-08-18,
1,0004(brokerage business),39781,20087,1,0042(brokerage business),73609,13180,1,0004(brokerage business),58975,14333
2,0163(brokerage business),35147,7726,2,0004(brokerage business),46165,10296,2,0163(brokerage business),34379,2540
3,0148(brokerage business),25735,6637,3,0148(brokerage business),30605,6143,3,0148(brokerage business),22589,3264
4,0042(brokerage business),15719,11049,4,0163(brokerage business),22011,3603,4,0058(brokerage business),19528,2682
5,0253(brokerage business),14880,7597,5,0253(brokerage business),19979,-117,5,0272(brokerage business),19097,1358
6,0275(brokerage business),6415,3754,6,0082(brokerage business),14918,-533,6,0253(brokerage business),16721,-817
7,0272(brokerage business),4756,491,7,0272(brokerage business),13989,456,7,0275(brokerage business),15783,2227
8,0058(brokerage business),4752,1449,8,0034(brokerage business),13853,13,8,0103(brokerage business),12692,980
9,0239(brokerage business),4350,2943,9,0275(brokerage business),13805,-410,9,0003(brokerage business),10847,886
10,0103(brokerage business),3306,1081,10,0058(brokerage business),7131,444,10,0239(brokerage business),10315,4277
11,0277(brokerage business),2299,1183,11,0274(brokerage business),6715,170,11,0034(brokerage business),9127,199
12,0153(brokerage business),2280,2053,12,0103(brokerage business),6624,1144,12,0305(brokerage business),8852,264
13,0125(brokerage business),2203,1967,13,0095(brokerage business),6374,67,13,0009(brokerage business),8429,241
14,0007(brokerage business),2052,-2013,14,0003(brokerage business),5833,-105,14,0277(brokerage business),7072,-144
15,0034(brokerage business),1930,-2103,15,0081(brokerage business),5739,228,15,0059(brokerage business),6788,209
16,0308(brokerage business),1913,1211,16,0137(brokerage business),5724,334,16,0002(brokerage business),6563,51
17,0123(brokerage business),1708,-327,17,0096(brokerage business),5093,62,17,0081(brokerage business),5675,494
18,0049(brokerage business),1626,364,18,0186(brokerage business),4929,-197,18,0169(brokerage business),4867,-1
19,0059(brokerage business),1575,-1657,19,0125(brokerage business),4262,1625,19,0123(brokerage business),4723,114
20,0067(brokerage business),1491,723,20,0308(brokerage business),3364,322,20,0311(brokerage business),4070,2
Total,,173918,64215,Total,,310722,36725,Total,,287092,33159
Member/OSP Type,Total Volume,Change from Previous Trading Day,Member/OSP Type,Total Long Position,Change from Previous Trading Day,Member/OSP Type,Total Short Position,Change from Previous Trading Day,,,
Contract Code：ssall,,,,,,,2026-08-18,,,,
Name of FF Member/OSBP,300182,-149026,Name of FF Member/OSBP,152467,-9202,Name of FF Member/OSBP,152467,-9202,,,
Name of Non-FF Member/OSNBP,0,0,Name of Non-FF Member/OSNBP,0,0,Name of Non-FF Member/OSNBP,0,0,,,
Ranking,Name of FF Member /OSBPs,Volume,Change from Previous Trading Day,Ranking,Name of FF Member /OSBPs,Long Position,Change from Previous Trading Day,Ranking,Name of FF Member /OSBPs,Short Position,Change from Previous Trading Day
Contract Code：ss2609,,,,,,,,,,2026-08-18,
1,0163(brokerage business),3700,-2397,1,0004(brokerage business),3143,-217,1,0148(brokerage business),3561,-216
2,0004(brokerage business),3626,-2505,2,0148(brokerage business),2669,-192,2,0004(brokerage business),1567,-503
3,0081(brokerage business),2286,-1025,3,0272(brokerage business),1684,-110,3,0163(brokerage business),1104,-150
4,0253(brokerage business),2241,-3111,4,0043(brokerage business),1131,1,4,0018(brokerage business),908,-14
5,0148(brokerage business),2230,-2656,5,0163(brokerage business),814,-206,5,0274(brokerage business),780,-290
6,0275(brokerage business),943,-2149,6,0288(brokerage business),746,-96,6,0151(brokerage business),744,-7
7,0274(brokerage business),645,-12,7,0253(brokerage business),585,-77,7,0137(brokerage business),725,5
8,0272(brokerage business),311,-71,8,0018(brokerage business),578,-84,8,0049(brokerage business),655,-22
9,0277(brokerage business),302,227,9,0240(brokerage business),455,-51,9,0272(brokerage business),554,-9
10,0151(brokerage business),292,113,10,0298(brokerage business),396,-63,10,0335(brokerage business),535,-21
11,0049(brokerage business),287,-111,11,0125(brokerage business),360,-6,11,0153(brokerage business),533,-41
12,0240(brokerage business),285,-690,12,0008(brokerage business),357,-43,12,0253(brokerage business),508,-4
13,0018(brokerage business),264,0,13,0059(brokerage business),343,-4,13,0240(brokerage business),507,-42
14,0003(brokerage business),255,20,14,0389(brokerage business),301,-33,14,0277(brokerage business),432,-300
15,0298(brokerage business),185,-574,15,0081(brokerage business),268,-10,15,0372(brokerage business),431,-4
16,0335(brokerage business),175,-72,16,0161(brokerage business),229,-15,16,0003(brokerage business),413,-163
17,0059(brokerage business),166,-5,17,0096(brokerage business),223,-5,17,0161(brokerage business),394,-9
18,0311(brokerage business),144,-91,18,0082(brokerage business),218,-49,18,0244(brokerage business),372,-6
19,0137(brokerage business),137,18,19,0308(brokerage business),208,-8,19,0007(brokerage business),339,0
20,0323(brokerage business),134,-46,20,0123(brokerage business),199,-66,20,0103(brokerage business),244,-16
Total,,18608,-15137,Total,,14907,-1334,Total,,15306,-1812
Ranking,Name of FF Member /OSBPs,Volume,Change from Previous Trading Day,Ranking,Name of FF Member /OSBPs,Long Position,Change from Previous Trading Day,Ranking,Name of FF Member /OSBPs,Short Position,Change from Previous Trading Day
Contract Code：ss2610,,,,,,,,,,2026-08-18,
1,0004(brokerage business),42000,-5711,1,0004(brokerage business),10006,104,1,0148(brokerage business),14459,-227
2,0163(brokerage business),41842,-20158,2,0163(brokerage business),9970,168,2,0163(brokerage business),11123,-1368
3,0148(brokerage business),26571,-14367,3,0148(brokerage business),9651,-940,3,0004(brokerage business),9668,-496
4,0275(brokerage business),21768,5553,4,0253(brokerage business),7045,-437,4,0139(brokerage business),5956,-204
5,0253(brokerage business),18866,-14471,5,0272(brokerage business),5635,112,5,0253(brokerage business),5876,369
6,0081(brokerage business),10896,-5810,6,0018(brokerage business),4594,-167,6,0239(brokerage business),5460,279
7,0259(brokerage business),7663,-6257,7,0240(brokerage business),4204,-18,7,0272(brokerage business),5154,-300
8,0298(brokerage business),6964,-3611,8,0123(brokerage business),4149,79,8,0240(brokerage business),3462,81
9,0272(brokerage business),6256,-629,9,0082(brokerage business),3639,-548,9,0069(brokerage business),3063,-56
10,0123(brokerage business),5957,619,10,0103(brokerage business),3317,-22,10,0335(brokerage business),2554,-113
11,0240(brokerage business),5281,-6710,11,0239(brokerage business),3287,1203,11,0137(brokerage business),2252,47
12,0082(brokerage business),4678,-878,12,0288(brokerage business),2641,-441,12,0123(brokerage business),2219,-110
13,0018(brokerage business),3698,186,13,0034(brokerage business),2635,-8,13,0003(brokerage business),2133,-74
14,0239(brokerage business),3334,-2905,14,0003(brokerage business),2577,-49,14,0059(brokerage business),2008,-342
15,0069(brokerage business),3222,164,15,0125(brokerage business),2472,-106,15,0161(brokerage business),1799,173
16,0034(brokerage business),2853,-1503,16,0275(brokerage business),2215,-109,16,0153(brokerage business),1746,-61
17,0151(brokerage business),2736,-162,17,0298(brokerage business),2070,-358,17,0308(brokerage business),1738,-54
18,0161(brokerage business),2159,-1703,18,0323(brokerage business),2040,-147,18,0034(brokerage business),1736,71
19,0268(brokerage business),1980,-1629,19,0268(brokerage business),1905,-117,19,0259(brokerage business),1625,14
20,0059(brokerage business),1699,-90,20,0096(brokerage business),1676,58,20,0018(brokerage business),1548,143
Total,,220423,-80072,Total,,85728,-1743,Total,,85579,-2228
Ranking,Name of FF Member /OSBPs,Volume,Change from Previous Trading Day,Ranking,Name of FF Member /OSBPs,Long Position,Change from Previous Trading Day,Ranking,Name of FF Member /OSBPs,Short Position,Change from Previous Trading Day
Contract Code：lu2609,,,,,,,,,,2026-08-18,
1,8275(brokerage business),4005,-333,1,8103(brokerage business),1804,-738,1,8023(brokerage business),501,0
2,8163(brokerage business),3342,-3922,2,8004(brokerage business),1319,-217,2,8148(brokerage business),446,-7
3,8271(brokerage business),3274,2536,3,8018(brokerage business),934,-128,3,8004(brokerage business),378,-765
4,8123(brokerage business),2314,834,4,8319(brokerage business),923,-434,4,8272(brokerage business),372,-373
5,8272(brokerage business),1994,769,5,8163(brokerage business),522,-357,5,8275(brokerage business),295,118
6,8004(brokerage business),1974,-2232,6,8148(brokerage business),496,129,6,8349(brokerage business),267,138
7,8148(brokerage business),1682,-2723,7,8253(brokerage business),471,-74,7,8034(brokerage business),243,21
8,8333(brokerage business),1348,927,8,8272(brokerage business),289,-229,8,8081(brokerage business),241,19
9,8103(brokerage business),1073,630,9,8288(brokerage business),259,-20,9,8169(brokerage business),204,98
10,8240(brokerage business),1012,-132,10,8034(brokerage business),224,-44,10,8178(brokerage business),201,-56
11,8319(brokerage business),916,406,11,8077(brokerage business),202,-203,11,8240(brokerage business),192,-27
12,8186(brokerage business),854,75,12,8009(brokerage business),120,-59,12,8298(brokerage business),170,-145
13,8253(brokerage business),813,-7320,13,8151(brokerage business),109,-24,13,8186(brokerage business),169,-50
14,8069(brokerage business),752,-277,14,8137(brokerage business),84,-22,14,8268(brokerage business),164,-82
15,8308(brokerage business),662,419,15,8048(brokerage business),81,11,15,8096(brokerage business),163,22
16,8059(brokerage business),580,194,16,8274(brokerage business),79,-5,16,8077(brokerage business),158,1
17,8077(brokerage business),578,421,17,8007(brokerage business),74,54,17,8151(brokerage business),148,-3
18,8018(brokerage business),503,440,18,8275(brokerage business),63,-13,18,8288(brokerage business),142,-42
19,8034(brokerage business),487,107,19,8008(brokerage business),61,-1,19,8069(brokerage business),141,39
20,8137(brokerage business),476,88,20,8240(brokerage business),61,-41,20,8163(brokerage business),137,-939
Total,,28639,-9093,Total,,8175,-2415,Total,,4732,-2033
Ranking,Name of FF Member /OSBPs,Volume,Change from Previous Trading Day,Ranking,Name of FF Member /OSBPs,Long Position,Change from Previous Trading Day,Ranking,Name of FF Member /OSBPs,Short Position,Change from Previous Trading Day
Contract Code：lu2610,,,,,,,,,,2026-08-18,
1,8163(brokerage business),38564,-7357,1,8148(brokerage business),8134,249,1,8004(brokerage business),11578,500
2,8148(brokerage business),28873,-5908,2,8004(brokerage business),7098,186,2,8148(brokerage business),6774,822
3,8275(brokerage business),24413,161,3,8163(brokerage business),5704,-1249,3,8163(brokerage business),6365,-487
4,8004(brokerage business),22542,-16389,4,8288(brokerage business),3558,175,4,8272(brokerage business),4298,-472
5,8253(brokerage business),14208,993,5,8253(brokerage business),2618,354,5,8103(brokerage business),4117,-274
6,8123(brokerage business),7956,-1297,6,8184(brokerage business),2391,293,6,8372(brokerage business),3422,2
7,8081(brokerage business),5958,-1531,7,8161(brokerage business),2203,383,7,8253(brokerage business),2502,308
8,8272(brokerage business),5828,-339,8,8335(brokerage business),2181,-109,8,8319(brokerage business),2354,-576
9,8298(brokerage business),5099,-456,9,8082(brokerage business),2088,197,9,8333(brokerage business),1898,195
10,8161(brokerage business),4938,-109,10,8272(brokerage business),2041,324,10,8018(brokerage business),1889,-223
11,8186(brokerage business),4256,-765,11,8103(brokerage business),1944,357,11,8298(brokerage business),1491,143
12,8240(brokerage business),3413,-929,12,8268(brokerage business),1826,112,12,8268(brokerage business),1466,31
13,8103(brokerage business),2483,636,13,8240(brokerage business),1815,25,13,8082(brokerage business),1462,6
14,8268(brokerage business),2321,-1308,14,8086(brokerage business),1722,-69,14,8034(brokerage business),1368,110
15,8137(brokerage business),2308,7,15,8274(brokerage business),1641,-13,15,8123(brokerage business),1340,229
16,8069(brokerage business),2181,-1176,16,8153(brokerage business),1609,147,16,8059(brokerage business),1226,64
17,8034(brokerage business),2133,-1437,17,8081(brokerage business),1346,107,17,8177(brokerage business),1182,169
18,8308(brokerage business),2130,-1587,18,8084(brokerage business),1334,0,18,8288(brokerage business),1082,94
19,8042(brokerage business),2119,386,19,8018(brokerage business),1211,-101,19,8323(brokerage business),910,140
20,8259(brokerage business),2054,116,20,8137(brokerage business),1070,67,20,8137(brokerage business),908,147
Total,,183777,-38289,Total,,53534,1435,Total,,57632,928
Member/OSP Type,Total Volume,Change from Previous Trading Day,Member/OSP Type,Total Long Position,Change from Previous Trading Day,Member/OSP Type,Total Short Position,Change from Previous Trading Day,,,
Contract Code：fuall,,,,,,,2026-08-18,,,,
Name of FF Member/OSBP,2082306,183684,Name of FF Member/OSBP,570474,29484,Name of FF Member/OSBP,570472,29484,,,
Name of Non-FF Member/OSNBP,0,0,Name of Non-FF Member/OSNBP,0,0,Name of Non-FF Member/OSNBP,2,0,,,
Ranking,Name of FF Member /OSBPs,Volume,Change from Previous Trading Day,Ranking,Name of FF Member /OSBPs,Long Position,Change from Previous Trading Day,Ranking,Name of FF Member /OSBPs,Short Position,Change from Previous Trading Day
Contract Code：fu2609,,,,,,,,,,2026-08-18,
1,0275(brokerage business),126739,27509,1,0004(brokerage business),10939,-1182,1,0148(brokerage business),8318,105
2,0004(brokerage business),103941,-20927,2,0103(brokerage business),8817,-392,2,0163(brokerage business),5164,831
3,0163(brokerage business),96348,-7121,3,0148(brokerage business),8555,203,3,0004(brokerage business),5126,-1560
4,0148(brokerage business),93147,-2636,4,0319(brokerage business),5246,329,4,0034(brokerage business),4437,-934
5,0240(brokerage business),37992,-14271,5,0163(brokerage business),5087,72,5,0268(brokerage business),4189,-172
6,0253(brokerage business),37399,13630,6,0018(brokerage business),3825,-70,6,0298(brokerage business),3817,-118
7,0123(brokerage business),29877,11408,7,0272(brokerage business),3548,-146,7,0240(brokerage business),3382,-881
8,0081(brokerage business),28972,1514,8,0253(brokerage business),3493,-515,8,0288(brokerage business),3328,-426
9,0268(brokerage business),21395,-3441,9,0034(brokerage business),2994,26,9,0272(brokerage business),3308,-339
10,0272(brokerage business),20399,-779,10,0151(brokerage business),2910,146,10,0275(brokerage business),2852,622
11,0034(brokerage business),17381,433,11,0275(brokerage business),2265,9,11,0323(brokerage business),2201,326
12,0186(brokerage business),15713,-951,12,0059(brokerage business),2106,-2,12,0253(brokerage business),2120,-243
13,0009(brokerage business),11393,-10910,13,0019(brokerage business),2061,165,13,0042(brokerage business),1989,174
14,0244(brokerage business),10636,1212,14,0082(brokerage business),1619,64,14,0103(brokerage business),1952,198
15,0299(brokerage business),10564,498,15,0268(brokerage business),1577,-192,15,0077(brokerage business),1894,336
16,0298(brokerage business),10515,1497,16,0069(brokerage business),1441,-119,16,0186(brokerage business),1841,-241
17,0308(brokerage business),10033,-7666,17,0123(brokerage business),1422,94,17,0299(brokerage business),1677,321
18,0068(brokerage business),9771,1599,18,0240(brokerage business),1340,-429,18,0059(brokerage business),1656,286
19,0288(brokerage business),9542,1071,19,0137(brokerage business),1294,-186,19,0137(brokerage business),1592,-31
20,0161(brokerage business),9478,-2041,20,0299(brokerage business),1235,243,20,0153(brokerage business),1532,-188
Total,,711235,-10372,Total,,71774,-1882,Total,,62375,-1934
Ranking,Name of FF Member /OSBPs,Volume,Change from Previous Trading Day,Ranking,Name of FF Member /OSBPs,Long Position,Change from Previous Trading Day,Ranking,Name of FF Member /OSBPs,Short Position,Change from Previous Trading Day
Contract Code：fu2610,,,,,,,,,,2026-08-18,
1,0275(brokerage business),23084,4738,1,0163(brokerage business),7085,38,1,0004(brokerage business),3837,114
2,0163(brokerage business),20070,3771,2,0004(brokerage business),6281,463,2,0163(brokerage business),3566,24
3,0148(brokerage business),17141,1803,3,0103(brokerage business),4470,267,3,0034(brokerage business),2931,102
4,0123(brokerage business),9023,393,4,0148(brokerage business),3063,337,4,0103(brokerage business),2756,628
5,0161(brokerage business),8790,1002,5,0253(brokerage business),2585,143,5,0148(brokerage business),2630,222
6,0004(brokerage business),8737,1184,6,0034(brokerage business),2438,51,6,0372(brokerage business),2178,29
7,0268(brokerage business),6786,-1170,7,0123(brokerage business),2235,7,7,0275(brokerage business),2082,66
8,0272(brokerage business),4473,1165,8,0069(brokerage business),2088,41,8,0069(brokerage business),2049,-148
9,0253(brokerage business),4170,384,9,0151(brokerage business),1948,-533,9,0253(brokerage business),1989,93
10,0069(brokerage business),4073,1535,10,0272(brokerage business),1873,658,10,0268(brokerage business),1848,335
11,0298(brokerage business),3815,759,11,0137(brokerage business),1803,50,11,0077(brokerage business),1810,12
12,0240(brokerage business),3741,1028,12,0275(brokerage business),1783,176,12,0178(brokerage business),1692,-38
13,0178(brokerage business),3102,225,13,0082(brokerage business),1740,170,13,0137(brokerage business),1663,-68
14,0009(brokerage business),2837,2167,14,0161(brokerage business),1597,22,14,0123(brokerage business),1633,-8
15,0081(brokerage business),2763,1773,15,0008(brokerage business),1571,49,15,0161(brokerage business),1614,66
16,0137(brokerage business),2442,307,16,0178(brokerage business),1525,-34,16,0008(brokerage business),1525,49
17,0008(brokerage business),2420,-1163,17,0081(brokerage business),878,313,17,0240(brokerage business),1501,75
18,0034(brokerage business),2375,382,18,0308(brokerage business),853,37,18,0298(brokerage business),1314,167
19,0308(brokerage business),2270,680,19,0059(brokerage business),788,50,19,0058(brokerage business),936,122
20,0103(brokerage business),2027,968,20,0335(brokerage business),614,-15,20,0319(brokerage business),917,102
Total,,134139,21931,Total,,47218,2290,Total,,40471,1944
Ranking,Name of FF Member /OSBPs,Volume,Change from Previous Trading Day,Ranking,Name of FF Member /OSBPs,Long Position,Change from Previous Trading Day,Ranking,Name of FF Member /OSBPs,Short Position,Change from Previous Trading Day
Contract Code：fu2611,,,,,,,,,,2026-08-18,
1,0148(brokerage business),97508,15111,1,0163(brokerage business),23566,5053,1,0004(brokerage business),37403,1870
2,0163(brokerage business),78566,-4394,2,0148(brokerage business),22814,150,2,0163(brokerage business),20299,5681
3,0275(brokerage business),78348,22965,3,0004(brokerage business),22561,2448,3,0148(brokerage business),17783,1446
4,0004(brokerage business),71814,11015,4,0253(brokerage business),12767,1432,4,0103(brokerage business),16516,808
5,0240(brokerage business),35685,7320,5,0335(brokerage business),10718,1498,5,0253(brokerage business),11471,326
6,0123(brokerage business),32234,17369,6,0239(brokerage business),9965,340,6,0272(brokerage business),10005,975
7,0253(brokerage business),29750,7753,7,0034(brokerage business),8155,722,7,0319(brokerage business),9012,1028
8,0081(brokerage business),24344,5836,8,0272(brokerage business),7452,295,8,0034(brokerage business),8983,373
9,0009(brokerage business),19204,7228,9,0059(brokerage business),7248,965,9,0009(brokerage business),6862,189
10,0272(brokerage business),15000,4459,10,0161(brokerage business),7197,299,10,0275(brokerage business),6785,551
11,0298(brokerage business),14195,1839,11,0137(brokerage business),6755,57,11,0137(brokerage business),6057,129
12,0259(brokerage business),13652,8317,12,0103(brokerage business),6080,358,12,0069(brokerage business),5892,284
13,0034(brokerage business),12471,1390,13,0013(brokerage business),5391,319,13,0161(brokerage business),5471,213
14,0161(brokerage business),11428,4495,14,0240(brokerage business),5173,247,14,0372(brokerage business),5366,-2693
15,0338(brokerage business),11101,4296,15,0275(brokerage business),5158,301,15,0178(brokerage business),4477,163
16,0308(brokerage business),9987,967,16,0069(brokerage business),4890,-65,16,0123(brokerage business),4430,790
17,0186(brokerage business),9016,3603,17,0178(brokerage business),4529,34,17,0008(brokerage business),4402,-13
18,0268(brokerage business),8630,2019,18,0008(brokerage business),4471,41,18,0059(brokerage business),4369,195
19,0096(brokerage business),8166,3073,19,0123(brokerage business),4328,-1144,19,0298(brokerage business),4279,886
20,0069(brokerage business),8131,7,20,0268(brokerage business),4137,366,20,0018(brokerage business),3934,485
Total,,589230,124668,Total,,183355,13716,Total,,193796,13686
Ranking,Name of FF Member /OSBPs,Volume,Change from Previous Trading Day,Ranking,Name of FF Member /OSBPs,Long Position,Change from Previous Trading Day,Ranking,Name of FF Member /OSBPs,Short Position,Change from Previous Trading Day
Contract Code：fu2701,,,,,,,,,,2026-08-18,
1,0163(brokerage business),16605,3703,1,0272(brokerage business),12357,354,1,0004(brokerage business),13144,-425
2,0275(brokerage business),16224,2484,2,0004(brokerage business),6355,880,2,0372(brokerage business),8781,45
3,0148(brokerage business),13230,4762,3,0163(brokerage business),5653,1783,3,0272(brokerage business),5500,689
4,0272(brokerage business),8825,618,4,0148(brokerage business),5397,603,4,0148(brokerage business),4787,143
5,0123(brokerage business),5719,2031,5,0253(brokerage business),3343,112,5,0163(brokerage business),3761,596
6,0253(brokerage business),5040,1017,6,0123(brokerage business),2659,22,6,0103(brokerage business),3269,269
7,0004(brokerage business),2779,-198,7,0103(brokerage business),2065,244,7,0240(brokerage business),3111,156
8,0308(brokerage business),2699,-508,8,0335(brokerage business),2013,509,8,0253(brokerage business),2529,456
9,0240(brokerage business),2136,-51,9,0081(brokerage business),1974,323,9,0239(brokerage business),2234,28
10,0069(brokerage business),2044,981,10,0240(brokerage business),1728,36,10,0082(brokerage business),2220,153
11,0271(brokerage business),1831,332,11,0059(brokerage business),1708,-16,11,0298(brokerage business),1619,134
12,0103(brokerage business),1819,552,12,0034(brokerage business),1532,245,12,0059(brokerage business),1530,31
13,0338(brokerage business),1714,880,13,0308(brokerage business),1528,188,13,0275(brokerage business),1235,38
14,0034(brokerage business),1613,240,14,0319(brokerage business),1422,312,14,0125(brokerage business),1176,25
15,0081(brokerage business),1354,472,15,0042(brokerage business),1301,40,15,0096(brokerage business),975,291
16,0372(brokerage business),1236,-222,16,0239(brokerage business),1260,-115,16,0186(brokerage business),918,120
17,0268(brokerage business),1205,436,17,0323(brokerage business),1194,54,17,0137(brokerage business),887,32
18,0274(brokerage business),1146,232,18,0288(brokerage business),1137,12,18,0123(brokerage business),816,71
19,0335(brokerage business),1051,605,19,0389(brokerage business),1110,48,19,0034(brokerage business),716,62
20,0298(brokerage business),994,18,20,0275(brokerage business),1101,330,20,0268(brokerage business),716,217
Total,,89264,18384,Total,,56837,5964,Total,,59924,3131
Member/OSP Type,Total Volume,Change from Previous Trading Day,Member/OSP Type,Total Long Position,Change from Previous Trading Day,Member/OSP Type,Total Short Position,Change from Previous Trading Day,,,
Contract Code：buall,,,,,,,2026-08-18,,,,
Name of FF Member/OSBP,955786,141290,Name of FF Member/OSBP,612683,10087,Name of FF Member/OSBP,612683,10587,,,
Name of Non-FF Member/OSNBP,0,0,Name of Non-FF Member/OSNBP,0,0,Name of Non-FF Member/OSNBP,0,-500,,,
Ranking,Name of FF Member /OSBPs,Volume,Change from Previous Trading Day,Ranking,Name of FF Member /OSBPs,Long Position,Change from Previous Trading Day,Ranking,Name of FF Member /OSBPs,Short Position,Change from Previous Trading Day
Contract Code：bu2609,,,,,,,,,,2026-08-18,
1,0148(brokerage business),36544,-980,1,0004(brokerage business),16279,-1695,1,0272(brokerage business),7460,-1235
2,0163(brokerage business),32453,-18888,2,0103(brokerage business),8182,-336,2,0004(brokerage business),7443,-894
3,0275(brokerage business),29030,4013,3,0148(brokerage business),6545,-1615,3,0275(brokerage business),5658,-843
4,0004(brokerage business),27089,-2151,4,0272(brokerage business),3558,-1120,4,0148(brokerage business),4656,-1661
5,0123(brokerage business),8360,1102,5,0275(brokerage business),3282,169,5,0103(brokerage business),4213,-218
6,0272(brokerage business),7665,1917,6,0163(brokerage business),3191,-1122,6,0121(brokerage business),3867,-54
7,0253(brokerage business),7442,-6666,7,0018(brokerage business),3142,-95,7,0034(brokerage business),3142,-788
8,0240(brokerage business),6412,-479,8,0123(brokerage business),2936,-629,8,0163(brokerage business),2943,-73
9,0059(brokerage business),6144,2126,9,0151(brokerage business),2784,137,9,0268(brokerage business),2636,-617
10,0081(brokerage business),4331,578,10,0059(brokerage business),2748,-1740,10,0177(brokerage business),2589,-52
11,0034(brokerage business),3843,-87,11,0299(brokerage business),2449,-52,11,0081(brokerage business),2475,-653
12,0069(brokerage business),3618,614,12,0125(brokerage business),2366,234,12,0253(brokerage business),2392,-129
13,0259(brokerage business),3405,-1245,13,0240(brokerage business),2198,-347,13,0240(brokerage business),2245,-433
14,0103(brokerage business),3110,1768,14,0274(brokerage business),2145,550,14,0298(brokerage business),2163,-350
15,0268(brokerage business),3093,-2302,15,0137(brokerage business),1875,-241,15,0161(brokerage business),2019,41
16,0042(brokerage business),2901,1397,16,0253(brokerage business),1770,-155,16,0123(brokerage business),2015,-219
17,0298(brokerage business),2684,-1218,17,0069(brokerage business),1643,32,17,0139(brokerage business),1989,-99
18,0161(brokerage business),2412,-4092,18,0323(brokerage business),1641,-89,18,0333(brokerage business),1982,-415
19,0288(brokerage business),2317,-608,19,0153(brokerage business),1621,191,19,0082(brokerage business),1929,-268
20,0186(brokerage business),2107,-2310,20,0009(brokerage business),1533,462,20,0137(brokerage business),1810,-291
Total,,194960,-27511,Total,,71888,-7461,Total,,65626,-9251
Ranking,Name of FF Member /OSBPs,Volume,Change from Previous Trading Day,Ranking,Name of FF Member /OSBPs,Long Position,Change from Previous Trading Day,Ranking,Name of FF Member /OSBPs,Short Position,Change from Previous Trading Day
Contract Code：bu2610,,,,,,,,,,2026-08-18,
1,0163(brokerage business),79731,28500,1,0148(brokerage business),39073,2076,1,0004(brokerage business),27373,1150
2,0004(brokerage business),51145,11369,2,0004(brokerage business),21666,1973,2,0148(brokerage business),26850,2948
3,0148(brokerage business),47964,15513,3,0272(brokerage business),16732,2482,3,0272(brokerage business),14994,798
4,0275(brokerage business),35022,2416,4,0239(brokerage business),14023,-573,4,0103(brokerage business),14104,1860
5,0253(brokerage business),24772,20068,5,0103(brokerage business),13717,923,5,0275(brokerage business),12975,753
6,0123(brokerage business),24339,11224,6,0082(brokerage business),12646,51,6,0123(brokerage business),12156,723
7,0272(brokerage business),16952,6009,7,0268(brokerage business),11734,1060,7,0268(brokerage business),11146,791
8,0081(brokerage business),15621,5474,8,0163(brokerage business),9735,-1330,8,0082(brokerage business),10116,-80
9,0240(brokerage business),13459,-2147,9,0253(brokerage business),9593,728,9,0081(brokerage business),9491,641
10,0161(brokerage business),11036,6679,10,0059(brokerage business),9423,3117,10,0139(brokerage business),9271,-571
11,0059(brokerage business),9873,4590,11,0335(brokerage business),9032,1103,11,0059(brokerage business),9169,-440
12,0137(brokerage business),9191,3341,12,0123(brokerage business),8400,-184,12,0163(brokerage business),8663,2739
13,0069(brokerage business),8653,1802,13,0137(brokerage business),7067,101,13,0009(brokerage business),8334,695
14,0268(brokerage business),7601,-1268,14,0081(brokerage business),6999,166,14,0240(brokerage business),7712,977
15,0009(brokerage business),5918,548,15,0161(brokerage business),6842,1628,15,0069(brokerage business),7526,628
16,0082(brokerage business),5509,376,16,0275(brokerage business),5509,463,16,0137(brokerage business),7505,398
17,0335(brokerage business),5453,146,17,0240(brokerage business),5278,650,17,0125(brokerage business),6112,1078
18,0103(brokerage business),5305,250,18,0009(brokerage business),4954,-129,18,0161(brokerage business),3985,-648
19,0259(brokerage business),5147,2917,19,0069(brokerage business),4935,37,19,0058(brokerage business),3877,135
20,0034(brokerage business),4876,-537,20,0288(brokerage business),4377,490,20,0018(brokerage business),3838,56
Total,,387567,117270,Total,,221735,14832,Total,,215197,14631
Ranking,Name of FF Member /OSBPs,Volume,Change from Previous Trading Day,Ranking,Name of FF Member /OSBPs,Long Position,Change from Previous Trading Day,Ranking,Name of FF Member /OSBPs,Short Position,Change from Previous Trading Day
Contract Code：bu2611,,,,,,,,,,2026-08-18,
1,0163(brokerage business),10137,-1286,1,0148(brokerage business),7897,523,1,0082(brokerage business),8041,-8
2,0148(brokerage business),7742,-187,2,0082(brokerage business),7604,23,2,0272(brokerage business),8040,175
3,0275(brokerage business),6651,2011,3,0009(brokerage business),6668,92,3,0148(brokerage business),6844,-659
4,0004(brokerage business),6415,1409,4,0272(brokerage business),6013,452,4,0268(brokerage business),6638,-189
5,0059(brokerage business),3224,-538,5,0004(brokerage business),5720,327,5,0009(brokerage business),6567,305
6,0123(brokerage business),2944,-160,6,0081(brokerage business),5660,86,6,0139(brokerage business),6160,654
7,0069(brokerage business),2799,254,7,0268(brokerage business),5544,-204,7,0081(brokerage business),5563,39
8,0272(brokerage business),2367,928,8,0069(brokerage business),5518,-59,8,0161(brokerage business),5182,66
9,0139(brokerage business),1840,1518,9,0139(brokerage business),5240,0,9,0069(brokerage business),4781,0
10,0271(brokerage business),1749,1320,10,0161(brokerage business),5178,-28,10,0275(brokerage business),4157,297
11,0081(brokerage business),1675,69,11,0043(brokerage business),4310,22,11,0123(brokerage business),4129,-95
12,0253(brokerage business),1521,-1500,12,0123(brokerage business),3975,-103,12,0043(brokerage business),3981,20
13,0161(brokerage business),1492,139,13,0137(brokerage business),3528,246,13,0059(brokerage business),3909,-519
14,0009(brokerage business),1455,-340,14,0059(brokerage business),3488,-497,14,0103(brokerage business),3494,-63
15,0137(brokerage business),1272,957,15,0275(brokerage business),3331,14,15,0137(brokerage business),3296,200
16,0240(brokerage business),1149,-740,16,0372(brokerage business),2220,544,16,0004(brokerage business),2592,346
17,0333(brokerage business),1125,1056,17,0163(brokerage business),1396,431,17,0001(brokerage business),1697,25
18,0268(brokerage business),1099,-2070,18,0239(brokerage business),1175,247,18,0333(brokerage business),1481,8
19,0082(brokerage business),975,-814,19,0335(brokerage business),1145,11,19,0177(brokerage business),1447,536
20,0177(brokerage business),923,611,20,0308(brokerage business),1038,153,20,0163(brokerage business),913,82
Total,,58554,2637,Total,,86648,2280,Total,,88912,1220
Ranking,Name of FF Member /OSBPs,Volume,Change from Previous Trading Day,Ranking,Name of FF Member /OSBPs,Long Position,Change from Previous Trading Day,Ranking,Name of FF Member /OSBPs,Short Position,Change from Previous Trading Day
Contract Code：bu2612,,,,,,,,,,2026-08-18,
1,0163(brokerage business),16349,3754,1,0004(brokerage business),9566,1622,1,0004(brokerage business),11026,161
2,0148(brokerage business),11316,6230,2,0148(brokerage business),9190,-682,2,0272(brokerage business),8152,110
3,0275(brokerage business),8094,3399,3,0239(brokerage business),5562,181,3,0123(brokerage business),7429,-522
4,0004(brokerage business),7355,3188,4,0335(brokerage business),5259,370,4,0103(brokerage business),7225,2076
5,0253(brokerage business),6131,4451,5,0177(brokerage business),4426,804,5,0148(brokerage business),6215,-1336
6,0123(brokerage business),4925,438,6,0163(brokerage business),4160,46,6,0238(brokerage business),5541,703
7,0103(brokerage business),3096,2313,7,0272(brokerage business),4132,370,7,0018(brokerage business),3226,59
8,0338(brokerage business),2891,126,8,0240(brokerage business),3929,-84,8,0082(brokerage business),3126,-334
9,0240(brokerage business),2792,39,9,0084(brokerage business),3000,0,9,0069(brokerage business),2777,10
10,0272(brokerage business),2390,-198,10,0389(brokerage business),2702,168,10,0240(brokerage business),2650,-526
11,0059(brokerage business),2222,1609,11,0009(brokerage business),2682,247,11,0268(brokerage business),2308,-269
12,0308(brokerage business),2062,-1527,12,0059(brokerage business),2272,-564,12,0333(brokerage business),2092,170
13,0333(brokerage business),1792,625,13,0003(brokerage business),2266,456,13,0253(brokerage business),1977,89
14,0271(brokerage business),1783,187,14,0275(brokerage business),2176,-182,14,0096(brokerage business),1931,142
15,0259(brokerage business),1670,1341,15,0253(brokerage business),1932,504,15,0275(brokerage business),1689,378
16,0069(brokerage business),1590,259,16,0103(brokerage business),1893,264,16,0153(brokerage business),1681,-12
17,0096(brokerage business),1179,931,17,0323(brokerage business),1535,-301,17,0323(brokerage business),1549,-210
18,0082(brokerage business),974,600,18,0137(brokerage business),1169,227,18,0308(brokerage business),1395,6
19,0311(brokerage business),920,872,19,0299(brokerage business),986,27,19,0244(brokerage business),1213,43
20,0268(brokerage business),880,287,20,0034(brokerage business),966,4,20,0163(brokerage business),1194,95
Total,,80411,28924,Total,,69803,3477,Total,,74396,833
Member/OSP Type,Total Volume,Change from Previous Trading Day,Member/OSP Type,Total Long Position,Change from Previous Trading Day,Member/OSP Type,Total Short Position,Change from Previous Trading Day,,,
Contract Code：brall,,,,,,,2026-08-18,,,,
Name of FF Member/OSBP,619350,39516,Name of FF Member/OSBP,165770,5205,Name of FF Member/OSBP,165770,5205,,,
Name of Non-FF Member/OSNBP,0,0,Name of Non-FF Member/OSNBP,0,0,Name of Non-FF Member/OSNBP,0,0,,,
Ranking,Name of FF Member /OSBPs,Volume,Change from Previous Trading Day,Ranking,Name of FF Member /OSBPs,Long Position,Change from Previous Trading Day,Ranking,Name of FF Member /OSBPs,Short Position,Change from Previous Trading Day
Contract Code：br2609,,,,,,,,,,2026-08-18,
1,0275(brokerage business),27842,6311,1,0004(brokerage business),3712,-766,1,0004(brokerage business),1648,-1085
2,0148(brokerage business),24652,-17716,2,0148(brokerage business),1594,-828,2,0272(brokerage business),1534,-604
3,0163(brokerage business),14154,-3250,3,0103(brokerage business),1404,149,3,0148(brokerage business),1377,-976
4,0004(brokerage business),13977,-8693,4,0163(brokerage business),1152,4,4,0253(brokerage business),1141,-365
5,0253(brokerage business),10722,-9198,5,0253(brokerage business),883,-241,5,0163(brokerage business),1029,-678
6,0081(brokerage business),7393,-3574,6,0069(brokerage business),724,-71,6,0275(brokerage business),893,-174
7,0123(brokerage business),5603,-1342,7,0029(brokerage business),662,-10,7,0298(brokerage business),856,-167
8,0240(brokerage business),4533,-4565,8,0272(brokerage business),652,-185,8,0034(brokerage business),663,-187
9,0298(brokerage business),4218,-2539,9,0058(brokerage business),647,-84,9,0240(brokerage business),561,2
10,0059(brokerage business),3752,214,10,0275(brokerage business),643,-312,10,0068(brokerage business),505,-240
11,0272(brokerage business),3531,-2825,11,0274(brokerage business),601,-64,11,0123(brokerage business),500,-71
12,0186(brokerage business),2353,-2370,12,0151(brokerage business),458,-83,12,0125(brokerage business),438,-35
13,0268(brokerage business),2223,-1656,13,0137(brokerage business),399,-36,13,0081(brokerage business),430,-332
14,0034(brokerage business),2006,-1070,14,0271(brokerage business),393,105,14,0295(brokerage business),428,-44
15,0259(brokerage business),1762,895,15,0389(brokerage business),387,-41,15,0268(brokerage business),427,-196
16,0274(brokerage business),1577,-274,16,0330(brokerage business),342,5,16,0186(brokerage business),413,-333
17,0069(brokerage business),1472,-460,17,0059(brokerage business),332,-258,17,0059(brokerage business),404,-70
18,0288(brokerage business),1424,-823,18,0001(brokerage business),323,-127,18,0288(brokerage business),360,-29
19,0077(brokerage business),1201,-93,19,0323(brokerage business),320,-135,19,0069(brokerage business),344,-49
20,0280(brokerage business),1181,-730,20,0240(brokerage business),319,-259,20,0137(brokerage business),316,4
Total,,135576,-53758,Total,,15947,-3237,Total,,14267,-5629
Ranking,Name of FF Member /OSBPs,Volume,Change from Previous Trading Day,Ranking,Name of FF Member /OSBPs,Long Position,Change from Previous Trading Day,Ranking,Name of FF Member /OSBPs,Short Position,Change from Previous Trading Day
Contract Code：br2610,,,,,,,,,,2026-08-18,
1,0148(brokerage business),59137,23157,1,0004(brokerage business),15890,-877,1,0004(brokerage business),11547,-515
2,0004(brokerage business),47210,19033,2,0323(brokerage business),9633,609,2,0323(brokerage business),9858,500
3,0163(brokerage business),28303,5442,3,0148(brokerage business),8868,896,3,0148(brokerage business),8136,-91
4,0253(brokerage business),25988,8454,4,0163(brokerage business),6726,993,4,0268(brokerage business),5529,242
5,0081(brokerage business),24581,4941,5,0268(brokerage business),6499,103,5,0163(brokerage business),5149,222
6,0275(brokerage business),17663,-6821,6,0123(brokerage business),4737,-25,6,0272(brokerage business),4766,979
7,0123(brokerage business),17073,8544,7,0253(brokerage business),4111,41,7,0123(brokerage business),4631,28
8,0240(brokerage business),15379,2968,8,0096(brokerage business),3136,159,8,0082(brokerage business),4038,-337
9,0161(brokerage business),12680,11993,9,0272(brokerage business),2610,137,9,0103(brokerage business),3588,1078
10,0272(brokerage business),8588,2272,10,0059(brokerage business),2593,738,10,0253(brokerage business),3578,815
11,0186(brokerage business),8027,5258,11,0103(brokerage business),2503,670,11,0096(brokerage business),3056,225
12,0059(brokerage business),6414,-918,12,0043(brokerage business),2013,89,12,0275(brokerage business),2286,26
13,0268(brokerage business),6385,1565,13,0275(brokerage business),1735,201,13,0029(brokerage business),2150,992
14,0298(brokerage business),4690,2725,14,0335(brokerage business),1522,-9,14,0240(brokerage business),2068,411
15,0323(brokerage business),4269,1554,15,0042(brokerage business),1333,743,15,0043(brokerage business),2032,144
16,0103(brokerage business),4260,1444,16,0240(brokerage business),1307,378,16,0069(brokerage business),1635,168
17,0034(brokerage business),4241,898,17,0048(brokerage business),1235,83,17,0177(brokerage business),1530,335
18,0069(brokerage business),3999,635,18,0081(brokerage business),1232,676,18,0058(brokerage business),1477,378
19,0137(brokerage business),3448,1554,19,0274(brokerage business),1118,127,19,0151(brokerage business),1365,81
20,0308(brokerage business),3216,1075,20,0321(brokerage business),1118,155,20,0034(brokerage business),1360,-24
Total,,305551,95773,Total,,79919,5887,Total,,79779,5657
Member/OSP Type,Total Volume,Change from Previous Trading Day,Member/OSP Type,Total Long Position,Change from Previous Trading Day,Member/OSP Type,Total Short Position,Change from Previous Trading Day,,,
Contract Code：ruall,,,,,,,2026-08-18,,,,
Name of FF Member/OSBP,438094,-55676,Name of FF Member/OSBP,170885,-1761,Name of FF Member/OSBP,170203,-1761,,,
Name of Non-FF Member/OSNBP,0,0,Name of Non-FF Member/OSNBP,50,0,Name of Non-FF Member/OSNBP,732,0,,,
Ranking,Name of FF Member /OSBPs,Volume,Change from Previous Trading Day,Ranking,Name of FF Member /OSBPs,Long Position,Change from Previous Trading Day,Ranking,Name of FF Member /OSBPs,Short Position,Change from Previous Trading Day
Contract Code：ru2609,,,,,,,,,,2026-08-18,
1,0163(brokerage business),10846,-8498,1,0004(brokerage business),3076,-233,1,0004(brokerage business),3695,-679
2,0148(brokerage business),10001,-4278,2,0272(brokerage business),1964,-330,2,0253(brokerage business),2247,-59
3,0253(brokerage business),7377,-1740,3,0096(brokerage business),1811,-45,3,0275(brokerage business),2157,-767
4,0275(brokerage business),6418,-4043,4,0148(brokerage business),1589,-195,4,0148(brokerage business),1961,-453
5,0004(brokerage business),5678,-3439,5,0082(brokerage business),1513,-194,5,0123(brokerage business),1360,-45
6,0240(brokerage business),2138,-438,6,0058(brokerage business),1350,-38,6,0059(brokerage business),1299,-45
7,0272(brokerage business),1559,-286,7,0163(brokerage business),1251,-136,7,0240(brokerage business),1253,21
8,0059(brokerage business),945,-877,8,0103(brokerage business),1045,-137,8,0163(brokerage business),1082,-289
9,0123(brokerage business),772,-1023,9,0275(brokerage business),924,-185,9,0077(brokerage business),862,-37
10,0103(brokerage business),692,-492,10,0177(brokerage business),822,-38,10,0003(brokerage business),849,-9
11,0151(brokerage business),624,21,11,0240(brokerage business),737,-121,11,0034(brokerage business),757,-68
12,0009(brokerage business),586,-485,12,0253(brokerage business),645,-12,12,0125(brokerage business),753,26
13,0043(brokerage business),549,-386,13,0034(brokerage business),596,-37,13,0151(brokerage business),747,-393
14,0081(brokerage business),488,-341,14,0081(brokerage business),577,-127,14,0272(brokerage business),719,-117
15,0259(brokerage business),479,-207,15,0123(brokerage business),572,-39,15,0103(brokerage business),639,-39
16,0034(brokerage business),411,-339,16,0308(brokerage business),542,-13,16,0096(brokerage business),628,-73
17,0048(brokerage business),377,16,17,0077(brokerage business),464,-5,17,0177(brokerage business),522,-17
18,0077(brokerage business),371,-320,18,0125(brokerage business),450,122,18,0069(brokerage business),469,6
19,0125(brokerage business),366,-5,19,0277(brokerage business),423,-349,19,0268(brokerage business),462,-54
20,0238(brokerage business),362,-3,20,0059(brokerage business),406,-30,20,0019(brokerage business),460,-62
Total,,51039,-27163,Total,,20757,-2142,Total,,22921,-3153
Ranking,Name of FF Member /OSBPs,Volume,Change from Previous Trading Day,Ranking,Name of FF Member /OSBPs,Long Position,Change from Previous Trading Day,Ranking,Name of FF Member /OSBPs,Short Position,Change from Previous Trading Day
Contract Code：ru2701,,,,,,,,,,2026-08-18,
1,0163(brokerage business),60065,4066,1,0004(brokerage business),11038,125,1,0004(brokerage business),15514,58
2,0004(brokerage business),50575,-12746,2,0148(brokerage business),7745,206,2,0082(brokerage business),9357,-225
3,0275(brokerage business),28610,461,3,0163(brokerage business),5913,-634,3,0148(brokerage business),8460,269
4,0148(brokerage business),26123,-4071,4,0103(brokerage business),5116,501,4,0372(brokerage business),5766,-77
5,0161(brokerage business),19328,5975,5,0240(brokerage business),3851,260,5,0275(brokerage business),5495,119
6,0253(brokerage business),18552,-3465,6,0272(brokerage business),3786,-205,6,0123(brokerage business),5149,265
7,0240(brokerage business),12514,-5048,7,0253(brokerage business),2920,134,7,0125(brokerage business),3601,1111
8,0081(brokerage business),9389,1138,8,0268(brokerage business),2418,404,8,0096(brokerage business),3301,13
9,0103(brokerage business),8964,2138,9,0077(brokerage business),2198,130,9,0103(brokerage business),3082,-425
10,0272(brokerage business),8803,898,10,0059(brokerage business),2166,-292,10,0272(brokerage business),3017,294
11,0009(brokerage business),6812,1986,11,0082(brokerage business),2159,99,11,0240(brokerage business),2988,-22
12,0323(brokerage business),6329,558,12,0018(brokerage business),2031,-44,12,0253(brokerage business),2971,110
13,0096(brokerage business),4587,672,13,0274(brokerage business),1981,237,13,0077(brokerage business),2766,158
14,0123(brokerage business),4302,-2165,14,0323(brokerage business),1901,-359,14,0163(brokerage business),2613,-71
15,0186(brokerage business),4145,461,15,0277(brokerage business),1833,253,15,0059(brokerage business),2372,-460
16,0034(brokerage business),3576,354,16,0123(brokerage business),1830,-7,16,0151(brokerage business),2354,533
17,0268(brokerage business),3521,29,17,0151(brokerage business),1735,117,17,0177(brokerage business),2041,57
18,0059(brokerage business),3442,-644,18,0081(brokerage business),1709,-241,18,0305(brokerage business),2019,0
19,0259(brokerage business),3134,-363,19,0288(brokerage business),1704,137,19,0034(brokerage business),2005,69
20,0177(brokerage business),2922,1949,20,0275(brokerage business),1674,-137,20,0019(brokerage business),1910,-21
Total,,285693,-7817,Total,,65708,684,Total,,86781,1755
Ranking,Name of FF Member /OSBPs,Volume,Change from Previous Trading Day,Ranking,Name of FF Member /OSBPs,Long Position,Change from Previous Trading Day,Ranking,Name of FF Member /OSBPs,Short Position,Change from Previous Trading Day
Contract Code：ru2705,,,,,,,,,,2026-08-18,
1,0253(brokerage business),1900,-920,1,0004(brokerage business),956,51,1,0082(brokerage business),3747,-4
2,0163(brokerage business),1257,161,2,0103(brokerage business),818,-68,2,0004(brokerage business),1230,-5
3,0389(brokerage business),1202,-348,3,0253(brokerage business),707,-15,3,0275(brokerage business),1046,1
4,0148(brokerage business),711,-248,4,0240(brokerage business),638,-23,4,0103(brokerage business),806,4
5,0004(brokerage business),530,-183,5,0295(brokerage business),553,2,5,0372(brokerage business),423,1
6,0049(brokerage business),317,-128,6,0148(brokerage business),347,-16,6,0139(brokerage business),230,0
7,0240(brokerage business),194,38,7,0277(brokerage business),337,92,7,0151(brokerage business),201,-1
8,0007(brokerage business),187,129,8,0272(brokerage business),290,100,8,0123(brokerage business),183,4
9,0272(brokerage business),163,101,9,0121(brokerage business),287,0,9,0019(brokerage business),178,-7
10,0081(brokerage business),151,-263,10,0275(brokerage business),274,23,10,0163(brokerage business),170,74
11,0068(brokerage business),142,71,11,0059(brokerage business),267,-1,11,0077(brokerage business),129,0
12,0103(brokerage business),132,87,12,0006(brokerage business),250,-2,12,0240(brokerage business),110,33
13,0277(brokerage business),124,68,13,0163(brokerage business),218,1,13,0335(brokerage business),97,4
14,0123(brokerage business),87,-81,14,0308(brokerage business),194,11,14,0177(brokerage business),94,0
15,0274(brokerage business),72,30,15,0125(brokerage business),176,15,15,0148(brokerage business),91,-5
16,0186(brokerage business),58,-42,16,0186(brokerage business),172,0,16,0153(brokerage business),91,0
17,0323(brokerage business),57,22,17,0096(brokerage business),158,1,17,0319(brokerage business),85,30
18,0275(brokerage business),56,-442,18,0323(brokerage business),156,25,18,0137(brokerage business),82,-1
19,0043(brokerage business),53,-15,19,0049(brokerage business),147,1,19,0272(brokerage business),74,-3
20,0320(brokerage business),50,26,20,0067(brokerage business),142,-1,20,0342(brokerage business),50,0
Total,,7443,-1937,Total,,7087,196,Total,,9117,125
Ranking,Name of FF Member /OSBPs,Volume,Change from Previous Trading Day,Ranking,Name of FF Member /OSBPs,Long Position,Change from Previous Trading Day,Ranking,Name of FF Member /OSBPs,Short Position,Change from Previous Trading Day
Contract Code：nr2609,,,,,,,,,,2026-08-18,
1,8163(brokerage business),1462,-1787,1,8004(brokerage business),841,-162,1,8004(brokerage business),894,-63
2,8148(brokerage business),987,-173,2,8096(brokerage business),340,5,2,8272(brokerage business),603,-2
3,8308(brokerage business),567,502,3,8077(brokerage business),321,0,3,8148(brokerage business),509,-522
4,8004(brokerage business),565,-1405,4,8253(brokerage business),264,-16,4,8103(brokerage business),484,-15
5,8009(brokerage business),349,122,5,8163(brokerage business),258,32,5,8253(brokerage business),437,-11
6,8274(brokerage business),322,240,6,8272(brokerage business),209,-9,6,8125(brokerage business),236,-1
7,8275(brokerage business),263,17,7,8161(brokerage business),196,85,7,8123(brokerage business),207,1
8,8240(brokerage business),213,-315,8,8323(brokerage business),194,5,8,8177(brokerage business),201,47
9,8271(brokerage business),190,94,9,8268(brokerage business),163,-1,9,8308(brokerage business),164,-40
10,8268(brokerage business),142,-100,10,8148(brokerage business),148,13,10,8240(brokerage business),157,9
11,8034(brokerage business),120,43,11,8389(brokerage business),137,0,11,8268(brokerage business),92,57
12,8161(brokerage business),97,29,12,8103(brokerage business),124,-29,12,8323(brokerage business),82,0
13,8153(brokerage business),96,4,13,8082(brokerage business),117,1,13,8298(brokerage business),74,-2
14,8121(brokerage business),95,59,14,8288(brokerage business),110,-2,14,8161(brokerage business),66,0
15,8253(brokerage business),67,-986,15,8069(brokerage business),104,-14,15,8163(brokerage business),63,-84
16,8059(brokerage business),62,-6,16,8008(brokerage business),93,0,16,8309(brokerage business),63,0
17,8272(brokerage business),61,-119,17,8240(brokerage business),87,-6,17,8186(brokerage business),61,-4
18,8177(brokerage business),53,-100,18,8157(brokerage business),81,0,18,8058(brokerage business),60,0
19,8137(brokerage business),50,-21,19,8308(brokerage business),78,-3,19,8019(brokerage business),57,-6
20,8103(brokerage business),44,-17,20,8151(brokerage business),76,0,20,8137(brokerage business),55,0
Total,,5805,-3919,Total,,3941,-101,Total,,4565,-636
Ranking,Name of FF Member /OSBPs,Volume,Change from Previous Trading Day,Ranking,Name of FF Member /OSBPs,Long Position,Change from Previous Trading Day,Ranking,Name of FF Member /OSBPs,Short Position,Change from Previous Trading Day
Contract Code：nr2610,,,,,,,,,,2026-08-18,
1,8163(brokerage business),18614,-2570,1,8163(brokerage business),4192,416,1,8004(brokerage business),8535,-176
2,8253(brokerage business),14612,-5494,2,8004(brokerage business),4090,38,2,8148(brokerage business),5408,181
3,8148(brokerage business),11673,-3470,3,8239(brokerage business),3559,-489,3,8163(brokerage business),3526,-514
4,8004(brokerage business),10624,-3377,4,8184(brokerage business),3359,-1054,4,8272(brokerage business),3174,-298
5,8275(brokerage business),3965,183,5,8148(brokerage business),3140,-138,5,8096(brokerage business),2263,-44
6,8081(brokerage business),3569,-1376,6,8084(brokerage business),2071,-278,6,8123(brokerage business),2147,23
7,8272(brokerage business),2646,-356,7,8103(brokerage business),1905,-26,7,8253(brokerage business),2019,-177
8,8239(brokerage business),2600,-777,8,8240(brokerage business),1694,75,8,8103(brokerage business),1989,236
9,8123(brokerage business),1698,-916,9,8272(brokerage business),1352,94,9,8240(brokerage business),1624,-84
10,8184(brokerage business),1678,-66,10,8323(brokerage business),1300,72,10,8372(brokerage business),1525,-97
11,8096(brokerage business),1580,-617,11,8335(brokerage business),1246,-259,11,8177(brokerage business),1517,0
12,8240(brokerage business),1233,-1123,12,8295(brokerage business),1188,-4,12,8125(brokerage business),1382,-73
13,8103(brokerage business),1108,-1974,13,8253(brokerage business),1064,-57,13,8275(brokerage business),1225,-139
14,8288(brokerage business),1032,-54,14,8308(brokerage business),964,192,14,8019(brokerage business),1190,173
15,8059(brokerage business),1030,-227,15,8268(brokerage business),941,218,15,8184(brokerage business),989,488
16,8298(brokerage business),922,182,16,8259(brokerage business),861,142,16,8077(brokerage business),977,-1
17,8186(brokerage business),892,-876,17,8277(brokerage business),799,-4,17,8059(brokerage business),918,5
18,8069(brokerage business),807,-647,18,8009(brokerage business),789,290,18,8139(brokerage business),742,1
19,8268(brokerage business),776,-84,19,8274(brokerage business),723,236,19,8058(brokerage business),608,-106
20,8151(brokerage business),774,-60,20,8288(brokerage business),717,-103,20,8239(brokerage business),585,299
Total,,81833,-23699,Total,,35954,-639,Total,,42343,-303
Ranking,Name of FF Member /OSBPs,Volume,Change from Previous Trading Day,Ranking,Name of FF Member /OSBPs,Long Position,Change from Previous Trading Day,Ranking,Name of FF Member /OSBPs,Short Position,Change from Previous Trading Day
Contract Code：nr2611,,,,,,,,,,2026-08-18,
1,8253(brokerage business),9060,-935,1,8004(brokerage business),3179,25,1,8004(brokerage business),5353,422
2,8163(brokerage business),8398,-1721,2,8103(brokerage business),2675,279,2,8009(brokerage business),2585,416
3,8148(brokerage business),5278,-585,3,8148(brokerage business),2024,-80,3,8163(brokerage business),2146,123
4,8004(brokerage business),3289,-1669,4,8009(brokerage business),2015,3,4,8148(brokerage business),2108,204
5,8275(brokerage business),2072,3,5,8184(brokerage business),1673,471,5,8240(brokerage business),1953,127
6,8125(brokerage business),1670,1646,6,8274(brokerage business),1518,92,6,8125(brokerage business),1775,-1376
7,8323(brokerage business),1600,639,7,8349(brokerage business),1494,0,7,8082(brokerage business),1341,60
8,8096(brokerage business),1386,-1398,8,8335(brokerage business),1297,52,8,8008(brokerage business),1151,10
9,8081(brokerage business),1330,-262,9,8305(brokerage business),1026,135,9,8308(brokerage business),1043,270
10,8059(brokerage business),1092,14,10,8177(brokerage business),1025,-1,10,8259(brokerage business),969,277
11,8259(brokerage business),979,-7,11,8239(brokerage business),778,621,11,8077(brokerage business),773,-19
12,8239(brokerage business),872,644,12,8123(brokerage business),766,4,12,8103(brokerage business),741,27
13,8308(brokerage business),726,-111,13,8323(brokerage business),749,99,13,8058(brokerage business),727,34
14,8240(brokerage business),654,-302,14,8240(brokerage business),717,35,14,8418(brokerage business),637,0
15,8103(brokerage business),584,-104,15,8272(brokerage business),669,-50,15,8096(brokerage business),611,378
16,8009(brokerage business),565,-2508,16,8139(brokerage business),573,0,16,8177(brokerage business),559,0
17,8123(brokerage business),474,-500,17,8253(brokerage business),543,13,17,8253(brokerage business),532,19
18,8184(brokerage business),471,445,18,8389(brokerage business),543,-2,18,8081(brokerage business),502,59
19,8069(brokerage business),453,-161,19,8295(brokerage business),527,1,19,8275(brokerage business),502,21
20,8272(brokerage business),453,179,20,8277(brokerage business),500,130,20,8272(brokerage business),394,153
Total,,41406,-6693,Total,,24291,1827,Total,,26402,1205
Ranking,Name of FF Member /OSBPs,Volume,Change from Previous Trading Day,Ranking,Name of FF Member /OSBPs,Long Position,Change from Previous Trading Day,Ranking,Name of FF Member /OSBPs,Short Position,Change from Previous Trading Day
Contract Code：nr2612,,,,,,,,,,2026-08-18,
1,8163(brokerage business),3992,207,1,8004(brokerage business),3001,111,1,8004(brokerage business),3032,-28
2,8253(brokerage business),3205,-684,2,8148(brokerage business),2031,-4,2,8148(brokerage business),2163,-18
3,8275(brokerage business),3159,1324,3,8268(brokerage business),1899,16,3,8268(brokerage business),1976,16
4,8004(brokerage business),1597,529,4,8082(brokerage business),1891,-1,4,8253(brokerage business),1643,5
5,8148(brokerage business),1426,-33,5,8323(brokerage business),1359,40,5,8082(brokerage business),1603,-2
6,8123(brokerage business),402,89,6,8253(brokerage business),1309,4,6,8323(brokerage business),1351,20
7,8372(brokerage business),340,256,7,8163(brokerage business),1306,-115,7,8163(brokerage business),1150,41
8,8069(brokerage business),288,-19,8,8161(brokerage business),1157,-11,8,8161(brokerage business),1149,-4
9,8259(brokerage business),253,122,9,8034(brokerage business),1139,3,9,8034(brokerage business),1141,6
10,8271(brokerage business),245,227,10,8372(brokerage business),958,0,10,8372(brokerage business),1066,100
11,8009(brokerage business),216,-322,11,8274(brokerage business),804,0,11,8103(brokerage business),1017,-15
12,8308(brokerage business),207,171,12,8103(brokerage business),778,1,12,8275(brokerage business),753,697
13,8161(brokerage business),171,-188,13,8277(brokerage business),757,0,13,8240(brokerage business),721,0
14,8077(brokerage business),112,-41,14,8009(brokerage business),601,165,14,8081(brokerage business),376,30
15,8058(brokerage business),104,-27,15,8308(brokerage business),275,175,15,8019(brokerage business),223,0
16,8323(brokerage business),98,-14,16,8259(brokerage business),250,159,16,8058(brokerage business),202,80
17,8096(brokerage business),84,22,17,8069(brokerage business),207,162,17,8321(brokerage business),195,0
18,8295(brokerage business),53,50,18,8240(brokerage business),156,6,18,8123(brokerage business),109,-17
19,8081(brokerage business),43,-148,19,8123(brokerage business),126,9,19,8137(brokerage business),101,1
20,8067(brokerage business),40,-147,20,8271(brokerage business),106,103,20,8254(brokerage business),72,0
Total,,16035,1374,Total,,20110,823,Total,,20043,912
Ranking,Name of FF Member /OSBPs,Volume,Change from Previous Trading Day,Ranking,Name of FF Member /OSBPs,Long Position,Change from Previous Trading Day,Ranking,Name of FF Member /OSBPs,Short Position,Change from Previous Trading Day
Contract Code：nr2701,,,,,,,,,,2026-08-18,
1,8163(brokerage business),1176,-34,1,8009(brokerage business),3003,-47,1,8004(brokerage business),4483,121
2,8253(brokerage business),1060,-1343,2,8125(brokerage business),2070,2,2,8148(brokerage business),2962,1
3,8004(brokerage business),500,-630,3,8004(brokerage business),2000,31,3,8349(brokerage business),1655,0
4,8275(brokerage business),411,-233,4,8295(brokerage business),1340,3,4,8253(brokerage business),995,-15
5,8308(brokerage business),385,-18,5,8323(brokerage business),1093,10,5,8305(brokerage business),871,0
6,8148(brokerage business),383,-28,6,8272(brokerage business),1001,3,6,8019(brokerage business),809,1
7,8305(brokerage business),335,335,7,8274(brokerage business),928,-7,7,8103(brokerage business),792,46
8,8009(brokerage business),255,-351,8,8059(brokerage business),813,-3,8,8081(brokerage business),768,3
9,8271(brokerage business),237,-208,9,8253(brokerage business),786,-3,9,8321(brokerage business),638,0
10,8069(brokerage business),169,-159,10,8163(brokerage business),687,-12,10,8123(brokerage business),602,0
11,8137(brokerage business),143,25,11,8148(brokerage business),583,10,11,8385(brokerage business),584,0
12,8323(brokerage business),136,-146,12,8107(brokerage business),511,27,12,8082(brokerage business),515,0
13,8042(brokerage business),120,20,13,8123(brokerage business),466,-4,13,8389(brokerage business),484,2
14,8049(brokerage business),120,-300,14,8121(brokerage business),449,32,14,8240(brokerage business),421,0
15,8077(brokerage business),105,-49,15,8240(brokerage business),424,3,15,8059(brokerage business),402,2
16,8272(brokerage business),96,-17,16,8043(brokerage business),419,-7,16,8254(brokerage business),395,19
17,8238(brokerage business),94,25,17,8321(brokerage business),403,0,17,8272(brokerage business),367,45
18,8320(brokerage business),89,75,18,8067(brokerage business),380,-2,18,8163(brokerage business),346,-112
19,8034(brokerage business),86,-22,19,8082(brokerage business),337,9,19,8295(brokerage business),343,0
20,8274(brokerage business),82,-3,20,8081(brokerage business),317,0,20,8338(brokerage business),297,0
Total,,5982,-3061,Total,,18010,45,Total,,18729,113
Member/OSP Type,Total Volume,Change from Previous Trading Day,Member/OSP Type,Total Long Position,Change from Previous Trading Day,Member/OSP Type,Total Short Position,Change from Previous Trading Day,,,
Contract Code：spall,,,,,,,2026-08-18,,,,
Name of FF Member/OSBP,565550,-163078,Name of FF Member/OSBP,466546,-8917,Name of FF Member/OSBP,466546,-8917,,,
Name of Non-FF Member/OSNBP,0,0,Name of Non-FF Member/OSNBP,0,0,Name of Non-FF Member/OSNBP,0,0,,,
Ranking,Name of FF Member /OSBPs,Volume,Change from Previous Trading Day,Ranking,Name of FF Member /OSBPs,Long Position,Change from Previous Trading Day,Ranking,Name of FF Member /OSBPs,Short Position,Change from Previous Trading Day
Contract Code：sp2609,,,,,,,,,,2026-08-18,
1,0148(brokerage business),26550,-7688,1,0004(brokerage business),8191,-1038,1,0004(brokerage business),8418,-700
2,0004(brokerage business),9078,-1006,2,0148(brokerage business),3239,-183,2,0148(brokerage business),7699,-725
3,0163(brokerage business),8390,-5789,3,0240(brokerage business),2367,-138,3,0163(brokerage business),6042,-44
4,0275(brokerage business),7730,-2649,4,0311(brokerage business),2364,-69,4,0253(brokerage business),3574,-480
5,0253(brokerage business),6036,-1656,5,0272(brokerage business),2325,-307,5,0177(brokerage business),3467,-40
6,0081(brokerage business),2555,-1884,6,0081(brokerage business),2230,-69,6,0272(brokerage business),2857,-765
7,0259(brokerage business),1963,-542,7,0253(brokerage business),2205,-90,7,0125(brokerage business),2668,-192
8,0272(brokerage business),1373,136,8,0042(brokerage business),1830,-49,8,0103(brokerage business),2249,-65
9,0268(brokerage business),1110,151,9,0268(brokerage business),1716,-286,9,0059(brokerage business),2090,-6
10,0288(brokerage business),958,238,10,0058(brokerage business),1473,-40,10,0082(brokerage business),1915,-52
11,0240(brokerage business),862,-1704,11,0034(brokerage business),1452,-47,11,0321(brokerage business),1823,-67
12,0013(brokerage business),856,769,12,0186(brokerage business),1350,-189,12,0268(brokerage business),1605,-24
13,0139(brokerage business),558,497,13,0163(brokerage business),1304,-528,13,0123(brokerage business),1461,-9
14,0059(brokerage business),544,-33,14,0082(brokerage business),1302,-8,14,0259(brokerage business),1267,-3
15,0069(brokerage business),507,242,15,0138(brokerage business),1245,-15,15,0077(brokerage business),1179,-74
16,0298(brokerage business),433,-301,16,0103(brokerage business),1219,-162,16,0069(brokerage business),959,-51
17,0103(brokerage business),417,-275,17,0323(brokerage business),1157,-28,17,0151(brokerage business),871,-147
18,0151(brokerage business),410,180,18,0096(brokerage business),1154,-285,18,0043(brokerage business),834,-63
19,0389(brokerage business),410,132,19,0275(brokerage business),1116,-129,19,0081(brokerage business),740,-24
20,0186(brokerage business),384,-196,20,0077(brokerage business),1060,-6,20,0019(brokerage business),737,-248
Total,,71124,-21378,Total,,40299,-3666,Total,,52455,-3779
Ranking,Name of FF Member /OSBPs,Volume,Change from Previous Trading Day,Ranking,Name of FF Member /OSBPs,Long Position,Change from Previous Trading Day,Ranking,Name of FF Member /OSBPs,Short Position,Change from Previous Trading Day
Contract Code：sp2611,,,,,,,,,,2026-08-18,
1,0004(brokerage business),76227,-16738,1,0004(brokerage business),32501,-313,1,0148(brokerage business),31503,-118
2,0148(brokerage business),56966,-4005,2,0148(brokerage business),16986,-368,2,0004(brokerage business),22948,-920
3,0163(brokerage business),53017,-21392,3,0253(brokerage business),13979,-230,3,0163(brokerage business),17377,599
4,0275(brokerage business),34691,2536,4,0163(brokerage business),12067,1926,4,0272(brokerage business),15232,475
5,0253(brokerage business),24452,-8570,5,0272(brokerage business),11266,-617,5,0239(brokerage business),14192,-3063
6,0240(brokerage business),17174,-7475,6,0103(brokerage business),11016,-201,6,0253(brokerage business),12158,-160
7,0123(brokerage business),14497,944,7,0268(brokerage business),8996,18,7,0335(brokerage business),11827,323
8,0259(brokerage business),13876,-4054,8,0139(brokerage business),7835,361,8,0103(brokerage business),11522,-520
9,0081(brokerage business),13329,-3759,9,0081(brokerage business),7039,-127,9,0059(brokerage business),10298,131
10,0272(brokerage business),9880,-1837,10,0137(brokerage business),5892,-112,10,0081(brokerage business),7508,-118
11,0161(brokerage business),6864,-1512,11,0048(brokerage business),5698,5,11,0043(brokerage business),6168,-264
12,0096(brokerage business),5757,365,12,0178(brokerage business),5663,-61,12,0137(brokerage business),5996,43
13,0186(brokerage business),4882,-1126,13,0043(brokerage business),5603,-166,13,0048(brokerage business),5799,-10
14,0059(brokerage business),3820,-1547,14,0096(brokerage business),4864,-436,14,0123(brokerage business),5347,371
15,0239(brokerage business),3572,1888,15,0042(brokerage business),4479,-20,15,0178(brokerage business),4795,30
16,0268(brokerage business),3525,-710,16,0008(brokerage business),4271,115,16,0139(brokerage business),4670,11
17,0298(brokerage business),3055,-1347,17,0077(brokerage business),4160,49,17,0008(brokerage business),4193,35
18,0019(brokerage business),3023,177,18,0240(brokerage business),4132,-551,18,0308(brokerage business),4134,-133
19,0323(brokerage business),2673,623,19,0059(brokerage business),3971,-63,19,0058(brokerage business),4070,152
20,0178(brokerage business),2537,184,20,0275(brokerage business),3936,-21,20,0240(brokerage business),3812,-203
Total,,353817,-67355,Total,,174354,-812,Total,,203549,-3339
Ranking,Name of FF Member /OSBPs,Volume,Change from Previous Trading Day,Ranking,Name of FF Member /OSBPs,Long Position,Change from Previous Trading Day,Ranking,Name of FF Member /OSBPs,Short Position,Change from Previous Trading Day
Contract Code：sp2701,,,,,,,,,,2026-08-18,
1,0148(brokerage business),9270,-2846,1,0004(brokerage business),13559,186,1,0004(brokerage business),15386,-41
2,0163(brokerage business),8346,-2761,2,0123(brokerage business),7877,47,2,0148(brokerage business),13732,431
3,0275(brokerage business),7566,-1189,3,0163(brokerage business),6523,84,3,0418(brokerage business),4026,153
4,0004(brokerage business),3243,-2608,4,0148(brokerage business),5402,-175,4,0169(brokerage business),3909,0
5,0253(brokerage business),1967,-2034,5,0177(brokerage business),5382,-10,5,0058(brokerage business),3884,-23
6,0240(brokerage business),1079,-497,6,0272(brokerage business),5315,0,6,0029(brokerage business),3244,-35
7,0272(brokerage business),1050,-1166,7,0042(brokerage business),4616,30,7,0103(brokerage business),3126,-2
8,0123(brokerage business),838,-956,8,0043(brokerage business),3249,168,8,0335(brokerage business),3036,209
9,0103(brokerage business),804,142,9,0018(brokerage business),2495,2,9,0125(brokerage business),3001,-1
10,0239(brokerage business),648,457,10,0239(brokerage business),2237,-491,10,0177(brokerage business),2935,0
11,0298(brokerage business),538,44,11,0288(brokerage business),2082,16,11,0253(brokerage business),2917,52
12,0274(brokerage business),523,-878,12,0253(brokerage business),2056,35,12,0274(brokerage business),2905,-305
13,0077(brokerage business),519,7,13,0103(brokerage business),2008,146,13,0163(brokerage business),2741,-76
14,0034(brokerage business),508,-2010,14,0262(brokerage business),1635,-1,14,0009(brokerage business),2583,0
15,0019(brokerage business),505,-128,15,0019(brokerage business),1553,90,15,0081(brokerage business),2394,-9
16,0086(brokerage business),499,-300,16,0186(brokerage business),1487,80,16,0082(brokerage business),2253,-7
17,0311(brokerage business),480,-218,17,0153(brokerage business),1463,33,17,0272(brokerage business),1934,-8
18,0178(brokerage business),457,151,18,0137(brokerage business),1366,47,18,0308(brokerage business),1798,-50
19,0259(brokerage business),457,-299,19,0077(brokerage business),1345,-42,19,0019(brokerage business),1739,-65
20,0323(brokerage business),456,92,20,0058(brokerage business),1318,88,20,0240(brokerage business),1671,-23
Total,,39753,-16997,Total,,72968,333,Total,,79214,200
Member/OSP Type,Total Volume,Change from Previous Trading Day,Member/OSP Type,Total Long Position,Change from Previous Trading Day,Member/OSP Type,Total Short Position,Change from Previous Trading Day,,,
Contract Code：opall,,,,,,,2026-08-18,,,,
Name of FF Member/OSBP,15312,-3906,Name of FF Member/OSBP,25128,-153,Name of FF Member/OSBP,25128,-153,,,
Name of Non-FF Member/OSNBP,0,0,Name of Non-FF Member/OSNBP,0,0,Name of Non-FF Member/OSNBP,0,0,,,
Ranking,Name of FF Member /OSBPs,Volume,Change from Previous Trading Day,Ranking,Name of FF Member /OSBPs,Long Position,Change from Previous Trading Day,Ranking,Name of FF Member /OSBPs,Short Position,Change from Previous Trading Day
Contract Code：op2609,,,,,,,,,,2026-08-18,
1,0268(brokerage business),439,-326,1,0268(brokerage business),913,7,1,0268(brokerage business),896,-6
2,0148(brokerage business),356,78,2,0004(brokerage business),517,3,2,0004(brokerage business),694,-23
3,0275(brokerage business),355,11,3,0148(brokerage business),511,-6,3,0148(brokerage business),506,-14
4,0163(brokerage business),272,-29,4,0082(brokerage business),509,5,4,0082(brokerage business),503,-7
5,0257(brokerage business),272,208,5,0008(brokerage business),495,-1,5,0257(brokerage business),497,2
6,0004(brokerage business),266,-106,6,0257(brokerage business),494,0,6,0008(brokerage business),493,0
7,0013(brokerage business),58,53,7,0123(brokerage business),474,0,7,0123(brokerage business),473,0
8,0008(brokerage business),27,-9,8,0275(brokerage business),451,-1,8,0275(brokerage business),453,-4
9,0161(brokerage business),27,-19,9,0161(brokerage business),447,-1,9,0161(brokerage business),441,-2
10,0082(brokerage business),26,16,10,0096(brokerage business),109,0,10,0321(brokerage business),42,4
11,0058(brokerage business),23,-3,11,0013(brokerage business),94,-58,11,0018(brokerage business),38,3
12,0259(brokerage business),15,-51,12,0182(brokerage business),57,0,12,0042(brokerage business),37,-3
13,0059(brokerage business),10,6,13,0186(brokerage business),25,0,13,0137(brokerage business),21,0
14,0096(brokerage business),4,1,14,0139(brokerage business),24,0,14,0163(brokerage business),21,13
15,0123(brokerage business),4,0,15,0059(brokerage business),18,10,15,0125(brokerage business),20,0
16,0299(brokerage business),4,1,16,0240(brokerage business),9,0,16,0048(brokerage business),16,0
17,0321(brokerage business),4,4,17,0272(brokerage business),9,-1,17,0001(brokerage business),6,0
18,0018(brokerage business),3,-8,18,0238(brokerage business),8,0,18,0007(brokerage business),6,0
19,0034(brokerage business),3,-5,19,0058(brokerage business),7,5,19,0277(brokerage business),5,0
20,0042(brokerage business),3,-2,20,0163(brokerage business),5,-5,20,0240(brokerage business),4,-1
Total,,2171,-180,Total,,5176,-43,Total,,5172,-38
Ranking,Name of FF Member /OSBPs,Volume,Change from Previous Trading Day,Ranking,Name of FF Member /OSBPs,Long Position,Change from Previous Trading Day,Ranking,Name of FF Member /OSBPs,Short Position,Change from Previous Trading Day
Contract Code：op2610,,,,,,,,,,2026-08-18,
1,0163(brokerage business),1643,-367,1,0268(brokerage business),2923,-16,1,0268(brokerage business),2891,-4
2,0268(brokerage business),1378,-447,2,0148(brokerage business),2569,-7,2,0123(brokerage business),2827,37
3,0257(brokerage business),1030,774,3,0123(brokerage business),2394,36,3,0148(brokerage business),2523,4
4,0148(brokerage business),1005,216,4,0004(brokerage business),2253,-90,4,0008(brokerage business),2194,-5
5,0004(brokerage business),999,133,5,0008(brokerage business),2202,-6,5,0004(brokerage business),1984,-81
6,0123(brokerage business),923,-188,6,0082(brokerage business),2026,-12,6,0082(brokerage business),1908,3
7,0008(brokerage business),811,133,7,0257(brokerage business),1509,8,7,0257(brokerage business),1500,6
8,0275(brokerage business),350,-63,8,0161(brokerage business),1266,-78,8,0161(brokerage business),1273,-73
9,0081(brokerage business),304,-18,9,0275(brokerage business),1215,-9,9,0275(brokerage business),1209,3
10,0161(brokerage business),151,82,10,0272(brokerage business),75,5,10,0163(brokerage business),298,3
11,0253(brokerage business),133,101,11,0163(brokerage business),65,-8,11,0253(brokerage business),271,0
12,0082(brokerage business),103,-449,12,0137(brokerage business),53,2,12,0103(brokerage business),119,41
13,0299(brokerage business),75,69,13,0013(brokerage business),50,45,13,0169(brokerage business),79,-10
14,0058(brokerage business),62,-13,14,0018(brokerage business),47,5,14,0272(brokerage business),79,0
15,0103(brokerage business),55,15,15,0067(brokerage business),43,3,15,0019(brokerage business),31,1
16,0013(brokerage business),45,40,16,0125(brokerage business),43,1,16,0252(brokerage business),28,22
17,0298(brokerage business),44,-3,17,0103(brokerage business),38,0,17,0320(brokerage business),21,0
18,0272(brokerage business),27,2,18,0186(brokerage business),36,4,18,0081(brokerage business),19,6
19,0048(brokerage business),26,20,19,0311(brokerage business),32,14,19,0249(brokerage business),18,0
20,0252(brokerage business),22,14,20,0051(brokerage business),28,6,20,0058(brokerage business),10,-31
Total,,9186,51,Total,,18867,-97,Total,,19282,-78
