"SHFE Member/OSP Volume, Open Interest Rankings",,,,,,,,,,,
,,,,,,,,,,,
Date: 2026-09-11,,,,,,,,,,,
"Note: FF Member/OSBP may not engage in trading of its own futures, the above volume and positions ranking data of FF Member/OSBP Clearing Members refers to he participation of all clients who are engaging in brokerage business during the statistical period. FF Member/OSBP engaging in brokerage business shall accept entrustment by its clients to conduct futures trading in its own name on behalf of the client.",,,,,,,,,,,
Member/OSP Type,Total Volume,Change from Previous Trading Day,Member/OSP Type,Total Long Position,Change from Previous Trading Day,Member/OSP Type,Total Short Position,Change from Previous Trading Day,,,
Contract Code：cuall,,,,,,,2026-09-11,,,,
Name of FF Member/OSBP,799229,404477,Name of FF Member/OSBP,545871,-51046,Name of FF Member/OSBP,534604,-49023,,,
Name of Non-FF Member/OSNBP,4057,149,Name of Non-FF Member/OSNBP,3552,-134,Name of Non-FF Member/OSNBP,14819,-2157,,,
Ranking,Name of FF Member /OSBPs,Volume,Change from Previous Trading Day,Ranking,Name of FF Member /OSBPs,Long Position,Change from Previous Trading Day,Ranking,Name of FF Member /OSBPs,Short Position,Change from Previous Trading Day
Contract Code：cu2609,,,,,,,,,,2026-09-11,
1,0049(brokerage business),5865,2290,1,0004(brokerage business),2480,-1715,1,0315(brokerage business),1615,-665
2,0163(brokerage business),4610,1555,2,0148(brokerage business),1890,-1425,2,0025(brokerage business),1340,-570
3,0272(brokerage business),3735,1280,3,0049(brokerage business),1300,-1900,3,0139(brokerage business),1160,-310
4,0004(brokerage business),3655,2210,4,0139(brokerage business),1100,-1290,4,0009(brokerage business),835,-500
5,0315(brokerage business),2600,1345,5,0003(brokerage business),865,-95,5,0096(brokerage business),690,-220
6,0139(brokerage business),2390,475,6,0081(brokerage business),455,5,6,0049(brokerage business),640,-1805
7,0148(brokerage business),2190,460,7,0025(brokerage business),435,-445,7,0081(brokerage business),545,-75
8,0096(brokerage business),1855,1455,8,0315(brokerage business),410,315,8,0169(brokerage business),460,-500
9,0006(brokerage business),1795,1170,9,0321(brokerage business),390,-690,9,0058(brokerage business),325,-395
10,0321(brokerage business),1705,620,10,0163(brokerage business),365,-280,10,0272(brokerage business),275,-865
11,0025(brokerage business),1385,-90,11,0338(brokerage business),295,245,11,0042(brokerage business),265,-595
12,0042(brokerage business),1375,1095,12,0137(brokerage business),230,-240,12,0047(brokerage business),265,-55
13,0240(brokerage business),1270,765,13,0077(brokerage business),225,-155,13,0077(brokerage business),230,-165
14,0009(brokerage business),1140,575,14,0288(brokerage business),210,-300,14,0069(brokerage business),220,-545
15,0151(brokerage business),850,530,15,0006(brokerage business),170,-1095,15,0253(brokerage business),220,-495
16,0275(brokerage business),830,540,16,0272(brokerage business),145,-500,16,0321(brokerage business),220,-595
17,0169(brokerage business),815,585,17,0103(brokerage business),125,-225,17,0268(brokerage business),190,-625
18,0058(brokerage business),780,600,18,0161(brokerage business),120,-130,18,0043(brokerage business),175,160
19,0082(brokerage business),725,-70,19,0125(brokerage business),105,105,19,0004(brokerage business),170,-700
20,0253(brokerage business),710,290,20,0323(brokerage business),100,0,20,0148(brokerage business),150,-355
Total,,40280,17680,Total,,11415,-9815,Total,,9990,-9875
Ranking,Name of FF Member /OSBPs,Volume,Change from Previous Trading Day,Ranking,Name of FF Member /OSBPs,Long Position,Change from Previous Trading Day,Ranking,Name of FF Member /OSBPs,Short Position,Change from Previous Trading Day
Contract Code：cu2610,,,,,,,,,,2026-09-11,
1,0163(brokerage business),45677,21479,1,0148(brokerage business),26834,-1858,1,0148(brokerage business),18332,-1006
2,0148(brokerage business),40892,9809,2,0004(brokerage business),22701,-2621,2,0049(brokerage business),16203,-902
3,0004(brokerage business),32645,14903,3,0049(brokerage business),10431,3063,3,0163(brokerage business),13472,130
4,0272(brokerage business),22566,16247,4,0272(brokerage business),10216,-1736,4,0004(brokerage business),11282,-850
5,0253(brokerage business),15381,9711,5,0163(brokerage business),8527,-3675,5,0139(brokerage business),9084,-1586
6,0049(brokerage business),15039,7738,6,0103(brokerage business),7084,-1005,6,0009(brokerage business),8651,-972
7,0096(brokerage business),14712,7831,7,0253(brokerage business),5189,-1897,7,0058(brokerage business),5877,-1203
8,0275(brokerage business),13603,5516,8,0077(brokerage business),5112,-628,8,0321(brokerage business),5849,-785
9,0034(brokerage business),12497,6737,9,0268(brokerage business),3609,-256,9,0082(brokerage business),5773,335
10,0308(brokerage business),11502,4752,10,0082(brokerage business),3489,-48,10,0253(brokerage business),4506,86
11,0123(brokerage business),7595,3475,11,0240(brokerage business),3432,-2020,11,0272(brokerage business),4478,-852
12,0081(brokerage business),7479,3360,12,0335(brokerage business),3320,-1002,12,0240(brokerage business),4437,-650
13,0240(brokerage business),6708,3968,13,0096(brokerage business),2858,-249,13,0025(brokerage business),3982,-398
14,0042(brokerage business),5467,2890,14,0125(brokerage business),2855,-211,14,0034(brokerage business),3389,-1856
15,0268(brokerage business),4992,2173,15,0161(brokerage business),2773,-313,15,0308(brokerage business),3389,384
16,0009(brokerage business),4864,2069,16,0042(brokerage business),2693,-532,16,0081(brokerage business),3253,-245
17,0103(brokerage business),4739,1921,17,0081(brokerage business),2678,380,17,0125(brokerage business),3179,-638
18,0323(brokerage business),4440,2135,18,0308(brokerage business),2482,-590,18,0096(brokerage business),3143,-287
19,0043(brokerage business),4416,1862,19,0288(brokerage business),2417,130,19,0169(brokerage business),3098,-229
20,0082(brokerage business),4241,2092,20,0136(brokerage business),2386,-45,20,0042(brokerage business),2915,-1661
Total,,279455,130668,Total,,131086,-15113,Total,,134292,-13185
Ranking,Name of FF Member /OSBPs,Volume,Change from Previous Trading Day,Ranking,Name of FF Member /OSBPs,Long Position,Change from Previous Trading Day,Ranking,Name of FF Member /OSBPs,Short Position,Change from Previous Trading Day
Contract Code：cu2611,,,,,,,,,,2026-09-11,
1,0163(brokerage business),16598,7868,1,0148(brokerage business),24139,-1096,1,0004(brokerage business),14023,944
2,0148(brokerage business),15759,4001,2,0239(brokerage business),9845,-750,2,0148(brokerage business),12818,167
3,0004(brokerage business),14312,1662,3,0004(brokerage business),8992,-1068,3,0049(brokerage business),9854,-761
4,0272(brokerage business),10989,9133,4,0272(brokerage business),8822,909,4,0315(brokerage business),6086,-375
5,0308(brokerage business),10326,7020,5,0163(brokerage business),6557,-395,5,0163(brokerage business),6019,495
6,0096(brokerage business),6570,3035,6,0268(brokerage business),4462,-815,6,0372(brokerage business),5138,32
7,0275(brokerage business),6002,3205,7,0049(brokerage business),3854,876,7,0042(brokerage business),4830,366
8,0268(brokerage business),4036,2965,8,0003(brokerage business),3468,2299,8,0009(brokerage business),3905,-706
9,0123(brokerage business),3668,2662,9,0103(brokerage business),3004,-1042,9,0272(brokerage business),3873,1092
10,0240(brokerage business),3533,2057,10,0034(brokerage business),2762,159,10,0069(brokerage business),3615,139
11,0333(brokerage business),3355,1724,11,0259(brokerage business),2692,1236,11,0139(brokerage business),3365,71
12,0253(brokerage business),3311,1442,12,0308(brokerage business),2620,614,12,0253(brokerage business),3295,-128
13,0049(brokerage business),3089,1429,13,0178(brokerage business),2281,125,13,0321(brokerage business),3232,-54
14,0034(brokerage business),2966,2050,14,0323(brokerage business),2117,-84,14,0034(brokerage business),2701,-1543
15,0003(brokerage business),2581,2504,15,0385(brokerage business),2018,-62,15,0067(brokerage business),2576,128
16,0042(brokerage business),2391,1682,16,0253(brokerage business),2014,79,16,0169(brokerage business),2499,-169
17,0081(brokerage business),2261,1424,17,0335(brokerage business),1963,-929,17,0082(brokerage business),2455,152
18,0259(brokerage business),2259,838,18,0123(brokerage business),1934,51,18,0025(brokerage business),2368,-246
19,0239(brokerage business),2160,737,19,0274(brokerage business),1922,-597,19,0177(brokerage business),2077,-26
20,0009(brokerage business),2154,1236,20,0096(brokerage business),1863,429,20,0138(brokerage business),1845,-5
Total,,118320,58674,Total,,97329,-61,Total,,96574,-427
Ranking,Name of FF Member /OSBPs,Volume,Change from Previous Trading Day,Ranking,Name of FF Member /OSBPs,Long Position,Change from Previous Trading Day,Ranking,Name of FF Member /OSBPs,Short Position,Change from Previous Trading Day
Contract Code：cu2612,,,,,,,,,,2026-09-11,
1,0163(brokerage business),8754,5019,1,0148(brokerage business),7050,141,1,0148(brokerage business),9834,-585
2,0004(brokerage business),5967,3041,2,0004(brokerage business),4468,-750,2,0004(brokerage business),9395,569
3,0148(brokerage business),5710,3393,3,0136(brokerage business),4043,31,3,0049(brokerage business),8873,-273
4,0308(brokerage business),4335,2759,4,0272(brokerage business),3855,25,4,0272(brokerage business),4862,170
5,0272(brokerage business),3605,1947,5,0049(brokerage business),3253,102,5,0096(brokerage business),3921,212
6,0275(brokerage business),3268,1668,6,0103(brokerage business),3215,101,6,0125(brokerage business),3343,-50
7,0333(brokerage business),3042,1979,7,0274(brokerage business),3166,19,7,0163(brokerage business),3281,1302
8,0123(brokerage business),2513,1817,8,0163(brokerage business),2648,598,8,0034(brokerage business),3033,-13
9,0268(brokerage business),2171,1560,9,0268(brokerage business),2589,1077,9,0169(brokerage business),2433,-517
10,0240(brokerage business),1579,1193,10,0323(brokerage business),2450,325,10,0082(brokerage business),2227,-248
11,0042(brokerage business),1474,1214,11,0081(brokerage business),2201,111,11,0372(brokerage business),2179,35
12,0323(brokerage business),1273,840,12,0178(brokerage business),2072,-11,12,0067(brokerage business),2087,-2
13,0081(brokerage business),1210,750,13,0077(brokerage business),2033,23,13,0042(brokerage business),2047,68
14,0253(brokerage business),1147,480,14,0025(brokerage business),2029,121,14,0253(brokerage business),1673,-53
15,0178(brokerage business),1138,939,15,0042(brokerage business),1977,-314,15,0025(brokerage business),1489,-58
16,0259(brokerage business),969,467,16,0031(brokerage business),1964,-94,16,0308(brokerage business),1479,439
17,0019(brokerage business),937,515,17,0034(brokerage business),1768,17,17,0240(brokerage business),1333,-9
18,0096(brokerage business),921,450,18,0069(brokerage business),1638,24,18,0321(brokerage business),1289,302
19,0022(brokerage business),898,795,19,0253(brokerage business),1589,98,19,0139(brokerage business),1263,66
20,0169(brokerage business),859,800,20,0003(brokerage business),1526,132,20,0333(brokerage business),1229,341
Total,,51770,31626,Total,,55534,1776,Total,,67270,1696
Ranking,Name of FF Member /OSBPs,Volume,Change from Previous Trading Day,Ranking,Name of FF Member /OSBPs,Long Position,Change from Previous Trading Day,Ranking,Name of FF Member /OSBPs,Short Position,Change from Previous Trading Day
Contract Code：cu2701,,,,,,,,,,2026-09-11,
1,0163(brokerage business),4036,2285,1,0148(brokerage business),3732,139,1,0148(brokerage business),12528,735
2,0148(brokerage business),2246,1538,2,0049(brokerage business),2755,64,2,0049(brokerage business),5494,232
3,0333(brokerage business),2220,1424,3,0136(brokerage business),2137,13,3,0272(brokerage business),4813,65
4,0004(brokerage business),2032,1490,4,0004(brokerage business),2094,-688,4,0034(brokerage business),1757,470
5,0275(brokerage business),1400,940,5,0034(brokerage business),1782,29,5,0067(brokerage business),1422,-2
6,0253(brokerage business),1392,1037,6,0069(brokerage business),1772,22,6,0169(brokerage business),1114,138
7,0272(brokerage business),1138,625,7,0333(brokerage business),1596,170,7,0103(brokerage business),1112,-40
8,0184(brokerage business),1000,1000,8,0323(brokerage business),1531,-25,8,0042(brokerage business),1011,-12
9,0096(brokerage business),948,-69,9,0031(brokerage business),1278,4,9,0333(brokerage business),1005,490
10,0240(brokerage business),928,643,10,0163(brokerage business),1276,264,10,0372(brokerage business),965,10
11,0034(brokerage business),733,529,11,0103(brokerage business),1201,59,11,0163(brokerage business),876,106
12,0123(brokerage business),556,298,12,0272(brokerage business),954,-131,12,0077(brokerage business),570,-12
13,0308(brokerage business),428,363,13,0274(brokerage business),929,47,13,0082(brokerage business),566,9
14,0268(brokerage business),399,296,14,0239(brokerage business),890,7,14,0025(brokerage business),513,-6
15,0049(brokerage business),382,360,15,0177(brokerage business),854,1,15,0184(brokerage business),500,-1000
16,0069(brokerage business),367,75,16,0077(brokerage business),715,-17,16,0018(brokerage business),454,-11
17,0178(brokerage business),355,-126,17,0178(brokerage business),703,-144,17,0240(brokerage business),428,-47
18,0137(brokerage business),313,233,18,0042(brokerage business),692,24,18,0096(brokerage business),351,-197
19,0161(brokerage business),264,63,19,0339(brokerage business),685,0,19,0004(brokerage business),348,-38
20,0088(brokerage business),255,185,20,0003(brokerage business),623,64,20,0253(brokerage business),337,-12
Total,,21392,13189,Total,,28199,-98,Total,,36164,878
Ranking,Name of FF Member /OSBPs,Volume,Change from Previous Trading Day,Ranking,Name of FF Member /OSBPs,Long Position,Change from Previous Trading Day,Ranking,Name of FF Member /OSBPs,Short Position,Change from Previous Trading Day
Contract Code：cu2702,,,,,,,,,,2026-09-11,
1,0163(brokerage business),1340,1115,1,0004(brokerage business),2774,220,1,0148(brokerage business),6607,-14
2,0333(brokerage business),1012,777,2,0272(brokerage business),2133,-58,2,0004(brokerage business),2348,81
3,0004(brokerage business),703,322,3,0148(brokerage business),1830,11,3,0025(brokerage business),1951,-2
4,0240(brokerage business),651,446,4,0069(brokerage business),1306,56,4,0333(brokerage business),1203,132
5,0272(brokerage business),616,207,5,0323(brokerage business),987,56,5,0103(brokerage business),1049,-5
6,0049(brokerage business),370,283,6,0049(brokerage business),960,11,6,0042(brokerage business),856,29
7,0123(brokerage business),297,263,7,0031(brokerage business),951,96,7,0163(brokerage business),817,135
8,0148(brokerage business),277,205,8,0139(brokerage business),698,0,8,0067(brokerage business),677,0
9,0186(brokerage business),264,135,9,0034(brokerage business),541,58,9,0049(brokerage business),506,223
10,0178(brokerage business),254,218,10,0081(brokerage business),521,34,10,0077(brokerage business),457,16
11,0082(brokerage business),230,229,11,0178(brokerage business),496,-162,11,0272(brokerage business),217,116
12,0253(brokerage business),230,179,12,0103(brokerage business),403,95,12,0088(brokerage business),203,87
13,0088(brokerage business),215,188,13,0003(brokerage business),383,21,13,0082(brokerage business),202,199
14,0323(brokerage business),210,173,14,0161(brokerage business),353,-2,14,0253(brokerage business),195,15
15,0372(brokerage business),201,201,15,0253(brokerage business),329,57,15,0323(brokerage business),187,48
16,0177(brokerage business),200,200,16,0268(brokerage business),324,-42,16,0096(brokerage business),162,-59
17,0081(brokerage business),196,110,17,0163(brokerage business),297,127,17,0059(brokerage business),143,-5
18,0096(brokerage business),194,192,18,0333(brokerage business),272,26,18,0008(brokerage business),131,0
19,0308(brokerage business),123,87,19,0008(brokerage business),266,-20,19,0034(brokerage business),128,-4
20,0069(brokerage business),103,94,20,0042(brokerage business),254,0,20,0161(brokerage business),114,-1
Total,,7686,5624,Total,,16078,584,Total,,18153,991
Ranking,Name of FF Member /OSBPs,Volume,Change from Previous Trading Day,Ranking,Name of FF Member /OSBPs,Long Position,Change from Previous Trading Day,Ranking,Name of FF Member /OSBPs,Short Position,Change from Previous Trading Day
Contract Code：cu2703,,,,,,,,,,2026-09-11,
1,0163(brokerage business),2501,1946,1,0323(brokerage business),2192,47,1,0148(brokerage business),10393,56
2,0272(brokerage business),1483,1152,2,0148(brokerage business),2118,309,2,0049(brokerage business),2466,27
3,0333(brokerage business),1260,858,3,0049(brokerage business),1888,232,3,0004(brokerage business),2410,41
4,0004(brokerage business),946,676,4,0272(brokerage business),1751,-80,4,0077(brokerage business),2089,3
5,0148(brokerage business),857,644,5,0069(brokerage business),1469,-41,5,0422(brokerage business),1040,0
6,0372(brokerage business),574,568,6,0034(brokerage business),1196,326,6,0323(brokerage business),1018,-1
7,0240(brokerage business),371,288,7,0339(brokerage business),1087,0,7,0067(brokerage business),1004,0
8,0034(brokerage business),368,334,8,0136(brokerage business),1077,-51,8,0103(brokerage business),848,-14
9,0049(brokerage business),319,283,9,0333(brokerage business),1011,-171,9,0163(brokerage business),683,120
10,0186(brokerage business),298,190,10,0163(brokerage business),990,381,10,0272(brokerage business),644,461
11,0123(brokerage business),274,231,11,0003(brokerage business),988,12,11,0042(brokerage business),626,-1
12,0096(brokerage business),249,185,12,0031(brokerage business),852,0,12,0333(brokerage business),290,7
13,0308(brokerage business),224,144,13,0004(brokerage business),787,-237,13,0269(brokerage business),235,0
14,0081(brokerage business),221,137,14,0338(brokerage business),782,0,14,0096(brokerage business),162,49
15,0323(brokerage business),166,149,15,0268(brokerage business),672,-28,15,0240(brokerage business),150,7
16,0253(brokerage business),158,139,16,0372(brokerage business),670,120,16,0008(brokerage business),103,0
17,0275(brokerage business),136,76,17,0253(brokerage business),594,4,17,0274(brokerage business),97,2
18,0088(brokerage business),135,119,18,0042(brokerage business),454,13,18,0268(brokerage business),82,-4
19,0069(brokerage business),115,68,19,0169(brokerage business),304,0,19,0123(brokerage business),77,-86
20,0009(brokerage business),96,81,20,0096(brokerage business),286,54,20,0253(brokerage business),74,-26
Total,,10751,8268,Total,,21168,890,Total,,24491,641
Ranking,Name of FF Member /OSBPs,Volume,Change from Previous Trading Day,Ranking,Name of FF Member /OSBPs,Long Position,Change from Previous Trading Day,Ranking,Name of FF Member /OSBPs,Short Position,Change from Previous Trading Day
Contract Code：bc2609,,,,,,,,,,2026-09-11,
1,,,,1,8240(brokerage business),490,0,1,8009(brokerage business),330,0
2,,,,2,8049(brokerage business),135,0,2,8274(brokerage business),215,0
3,,,,3,8253(brokerage business),135,0,3,8096(brokerage business),190,0
4,,,,4,8148(brokerage business),115,0,4,8240(brokerage business),140,0
5,,,,5,8161(brokerage business),90,0,5,8049(brokerage business),80,0
6,,,,6,8051(brokerage business),5,0,6,8253(brokerage business),15,0
Total,,,,Total,,970,0,Total,,970,0
Ranking,Name of FF Member /OSBPs,Volume,Change from Previous Trading Day,Ranking,Name of FF Member /OSBPs,Long Position,Change from Previous Trading Day,Ranking,Name of FF Member /OSBPs,Short Position,Change from Previous Trading Day
Contract Code：bc2610,,,,,,,,,,2026-09-11,
1,8163(brokerage business),6943,2561,1,8004(brokerage business),3181,-279,1,8004(brokerage business),3453,-75
2,8148(brokerage business),3155,1233,2,8148(brokerage business),2554,30,2,8148(brokerage business),3395,-323
3,8253(brokerage business),3048,1144,3,8239(brokerage business),1281,-300,3,8025(brokerage business),848,-480
4,8004(brokerage business),2912,1748,4,8081(brokerage business),891,23,4,8081(brokerage business),756,-3
5,8123(brokerage business),1518,-81,5,8184(brokerage business),878,-198,5,8161(brokerage business),742,-1
6,8308(brokerage business),972,387,6,8161(brokerage business),720,-2,6,8163(brokerage business),700,2
7,8081(brokerage business),932,439,7,8103(brokerage business),612,-157,7,8240(brokerage business),590,-200
8,8082(brokerage business),851,315,8,8082(brokerage business),568,-17,8,8049(brokerage business),529,-93
9,8275(brokerage business),791,-20,9,8163(brokerage business),518,-365,9,8082(brokerage business),525,-12
10,8096(brokerage business),773,374,10,8323(brokerage business),370,-57,10,8103(brokerage business),514,-181
11,8239(brokerage business),611,267,11,8048(brokerage business),340,16,11,8323(brokerage business),352,-50
12,8103(brokerage business),554,373,12,8253(brokerage business),337,-104,12,8051(brokerage business),349,45
13,8161(brokerage business),513,216,13,8272(brokerage business),261,12,13,8048(brokerage business),320,15
14,8025(brokerage business),481,251,14,8001(brokerage business),144,-13,14,8253(brokerage business),278,64
15,8009(brokerage business),434,217,15,8311(brokerage business),122,-15,15,8084(brokerage business),262,191
16,8240(brokerage business),365,272,16,8333(brokerage business),113,-70,16,8034(brokerage business),203,3
17,8048(brokerage business),325,-76,17,8288(brokerage business),105,5,17,8009(brokerage business),136,-205
18,8084(brokerage business),320,157,18,8259(brokerage business),82,-8,18,8308(brokerage business),103,-150
19,8268(brokerage business),304,176,19,8335(brokerage business),81,-15,19,8123(brokerage business),81,-145
20,8272(brokerage business),282,69,20,8268(brokerage business),68,12,20,8096(brokerage business),62,25
Total,,26084,10022,Total,,13226,-1502,Total,,14198,-1573
Member/OSP Type,Total Volume,Change from Previous Trading Day,Member/OSP Type,Total Long Position,Change from Previous Trading Day,Member/OSP Type,Total Short Position,Change from Previous Trading Day,,,
Contract Code：alall,,,,,,,2026-09-11,,,,
Name of FF Member/OSBP,828842,297892,Name of FF Member/OSBP,593718,-29349,Name of FF Member/OSBP,587042,-29449,,,
Name of Non-FF Member/OSNBP,100,-2336,Name of Non-FF Member/OSNBP,0,0,Name of Non-FF Member/OSNBP,6676,100,,,
Ranking,Name of FF Member /OSBPs,Volume,Change from Previous Trading Day,Ranking,Name of FF Member /OSBPs,Long Position,Change from Previous Trading Day,Ranking,Name of FF Member /OSBPs,Short Position,Change from Previous Trading Day
Contract Code：al2609,,,,,,,,,,2026-09-11,
1,0004(brokerage business),1720,615,1,0148(brokerage business),4230,-750,1,0004(brokerage business),2950,-785
2,0148(brokerage business),1310,640,2,0004(brokerage business),2685,635,2,0240(brokerage business),950,-110
3,0163(brokerage business),1215,-200,3,0058(brokerage business),1350,0,3,0043(brokerage business),790,0
4,0139(brokerage business),1050,45,4,0043(brokerage business),710,140,4,0321(brokerage business),600,0
5,0272(brokerage business),740,540,5,0049(brokerage business),590,-410,5,0123(brokerage business),535,0
6,0049(brokerage business),600,225,6,0034(brokerage business),395,-345,6,0139(brokerage business),500,-630
7,0125(brokerage business),600,450,7,0272(brokerage business),355,-20,7,0308(brokerage business),440,0
8,0137(brokerage business),535,480,8,0139(brokerage business),275,-380,8,0299(brokerage business),420,35
9,0268(brokerage business),510,380,9,0003(brokerage business),200,0,9,0042(brokerage business),410,-125
10,0238(brokerage business),470,90,10,0059(brokerage business),175,-10,10,0148(brokerage business),380,-370
11,0034(brokerage business),345,-125,11,0007(brokerage business),165,-55,11,0069(brokerage business),350,25
12,0253(brokerage business),310,295,12,0031(brokerage business),95,-170,12,0019(brokerage business),345,-70
13,0052(brokerage business),175,175,13,0096(brokerage business),80,-10,13,0048(brokerage business),340,0
14,0031(brokerage business),170,-30,14,0103(brokerage business),80,-85,14,0007(brokerage business),320,0
15,0262(brokerage business),160,160,15,0161(brokerage business),60,0,15,0163(brokerage business),290,-135
16,0042(brokerage business),150,145,16,0018(brokerage business),55,-50,16,0018(brokerage business),230,0
17,0003(brokerage business),140,-95,17,0077(brokerage business),50,-10,17,0268(brokerage business),230,-510
18,0043(brokerage business),140,-160,18,0178(brokerage business),50,-20,18,0323(brokerage business),215,-55
19,0161(brokerage business),130,130,19,0082(brokerage business),45,0,19,0275(brokerage business),205,-5
20,0240(brokerage business),125,40,20,0308(brokerage business),45,45,20,0171(brokerage business),200,90
Total,,10595,3800,Total,,11690,-1495,Total,,10700,-2645
Ranking,Name of FF Member /OSBPs,Volume,Change from Previous Trading Day,Ranking,Name of FF Member /OSBPs,Long Position,Change from Previous Trading Day,Ranking,Name of FF Member /OSBPs,Short Position,Change from Previous Trading Day
Contract Code：al2610,,,,,,,,,,2026-09-11,
1,0148(brokerage business),60337,18222,1,0148(brokerage business),27570,-1030,1,0148(brokerage business),38255,-501
2,0004(brokerage business),54370,16844,2,0004(brokerage business),25490,-2353,2,0004(brokerage business),25736,-1389
3,0275(brokerage business),53682,16691,3,0163(brokerage business),13667,-1168,3,0123(brokerage business),13695,-1867
4,0163(brokerage business),51181,19125,4,0253(brokerage business),6593,-1577,4,0163(brokerage business),8754,-277
5,0253(brokerage business),27083,12494,5,0272(brokerage business),6590,-1377,5,0253(brokerage business),8470,-1150
6,0272(brokerage business),23666,9841,6,0034(brokerage business),6472,-573,6,0272(brokerage business),8027,-3991
7,0081(brokerage business),12618,5788,7,0103(brokerage business),6087,-572,7,0034(brokerage business),6868,-278
8,0123(brokerage business),10020,2917,8,0335(brokerage business),5936,-662,8,0240(brokerage business),6641,46
9,0259(brokerage business),7598,1603,9,0139(brokerage business),5344,378,9,0275(brokerage business),6610,-2267
10,0240(brokerage business),7550,936,10,0268(brokerage business),4913,102,10,0268(brokerage business),6523,-582
11,0268(brokerage business),6230,2560,11,0323(brokerage business),4605,-625,11,0139(brokerage business),5338,-318
12,0323(brokerage business),5603,1710,12,0123(brokerage business),4517,11,12,0323(brokerage business),4815,-454
13,0034(brokerage business),5449,2819,13,0069(brokerage business),4239,-492,13,0058(brokerage business),3950,-1041
14,0096(brokerage business),4739,1842,14,0161(brokerage business),4163,-754,14,0103(brokerage business),3790,-139
15,0139(brokerage business),4530,3163,15,0288(brokerage business),3719,-425,15,0161(brokerage business),3268,748
16,0018(brokerage business),4424,2184,16,0003(brokerage business),3504,-245,16,0049(brokerage business),3265,-705
17,0308(brokerage business),3424,694,17,0077(brokerage business),3067,-182,17,0018(brokerage business),2578,-596
18,0161(brokerage business),2976,376,18,0240(brokerage business),3048,-808,18,0002(brokerage business),2530,0
19,0009(brokerage business),2808,1348,19,0096(brokerage business),3002,-381,19,0048(brokerage business),1927,147
20,0103(brokerage business),2701,375,20,0082(brokerage business),2993,-613,20,0069(brokerage business),1815,-169
Total,,350989,121532,Total,,145519,-13346,Total,,162855,-14783
Ranking,Name of FF Member /OSBPs,Volume,Change from Previous Trading Day,Ranking,Name of FF Member /OSBPs,Long Position,Change from Previous Trading Day,Ranking,Name of FF Member /OSBPs,Short Position,Change from Previous Trading Day
Contract Code：al2611,,,,,,,,,,2026-09-11,
1,0004(brokerage business),50567,11599,1,0148(brokerage business),28740,-56,1,0004(brokerage business),24419,2548
2,0148(brokerage business),30060,13871,2,0239(brokerage business),22411,-1589,2,0123(brokerage business),22761,638
3,0163(brokerage business),29411,13528,3,0004(brokerage business),16579,-1133,3,0148(brokerage business),21953,-962
4,0253(brokerage business),19028,12108,4,0163(brokerage business),14391,1521,4,0058(brokerage business),13252,105
5,0272(brokerage business),11950,10019,5,0272(brokerage business),10447,409,5,0272(brokerage business),11450,1885
6,0275(brokerage business),10955,3222,6,0335(brokerage business),9252,81,6,0103(brokerage business),7717,-527
7,0123(brokerage business),9742,2815,7,0268(brokerage business),8332,-500,7,0139(brokerage business),6891,-250
8,0268(brokerage business),5761,4308,8,0034(brokerage business),5701,-1434,8,0096(brokerage business),5724,-216
9,0081(brokerage business),5723,3090,9,0077(brokerage business),5078,480,9,0240(brokerage business),4925,-168
10,0323(brokerage business),5022,2957,10,0069(brokerage business),4520,-82,10,0163(brokerage business),4564,26
11,0295(brokerage business),4963,4163,11,0253(brokerage business),4164,555,11,0002(brokerage business),4176,0
12,0239(brokerage business),4286,1020,12,0084(brokerage business),4138,-4,12,0372(brokerage business),3935,3
13,0240(brokerage business),4002,1415,13,0323(brokerage business),3842,-539,13,0003(brokerage business),3789,157
14,0308(brokerage business),3682,2266,14,0103(brokerage business),3265,249,14,0161(brokerage business),3261,273
15,0034(brokerage business),3429,2219,15,0042(brokerage business),2875,184,15,0253(brokerage business),3230,-569
16,0069(brokerage business),3017,1030,16,0240(brokerage business),2723,-244,16,0275(brokerage business),3061,-654
17,0299(brokerage business),2953,1625,17,0008(brokerage business),2376,58,17,0308(brokerage business),2909,-1812
18,0103(brokerage business),2324,-60,18,0049(brokerage business),2290,25,18,0029(brokerage business),2768,-212
19,0161(brokerage business),2141,1490,19,0096(brokerage business),2234,-56,19,0008(brokerage business),2721,-46
20,0335(brokerage business),2033,722,20,0082(brokerage business),2211,113,20,0034(brokerage business),2631,-237
Total,,211049,93407,Total,,155569,-1962,Total,,156137,-18
Ranking,Name of FF Member /OSBPs,Volume,Change from Previous Trading Day,Ranking,Name of FF Member /OSBPs,Long Position,Change from Previous Trading Day,Ranking,Name of FF Member /OSBPs,Short Position,Change from Previous Trading Day
Contract Code：al2612,,,,,,,,,,2026-09-11,
1,0163(brokerage business),9837,3118,1,0148(brokerage business),10442,-205,1,0148(brokerage business),10900,274
2,0148(brokerage business),6721,1333,2,0004(brokerage business),7183,21,2,0123(brokerage business),7015,-84
3,0275(brokerage business),6039,3889,3,0272(brokerage business),5461,-275,3,0004(brokerage business),6930,412
4,0004(brokerage business),5895,1874,4,0268(brokerage business),4564,1510,4,0034(brokerage business),3593,155
5,0253(brokerage business),3957,1214,5,0034(brokerage business),3451,99,5,0103(brokerage business),3336,-6
6,0323(brokerage business),2724,414,6,0323(brokerage business),3332,-363,6,0042(brokerage business),3205,11
7,0069(brokerage business),2209,1417,7,0069(brokerage business),2882,333,7,0249(brokerage business),3010,10
8,0123(brokerage business),2206,1505,8,0163(brokerage business),2684,-141,8,0139(brokerage business),2890,-39
9,0268(brokerage business),2096,1377,9,0315(brokerage business),1832,5,9,0239(brokerage business),2667,-204
10,0308(brokerage business),1649,434,10,0096(brokerage business),1760,138,10,0308(brokerage business),2574,29
11,0081(brokerage business),1565,901,11,0059(brokerage business),1677,108,11,0003(brokerage business),2367,26
12,0295(brokerage business),1490,995,12,0042(brokerage business),1498,-10,12,0082(brokerage business),1829,-27
13,0240(brokerage business),1139,646,13,0007(brokerage business),1476,0,13,0275(brokerage business),1687,69
14,0034(brokerage business),834,405,14,0123(brokerage business),1391,166,14,0272(brokerage business),1619,14
15,0320(brokerage business),707,280,15,0139(brokerage business),1327,-10,15,0323(brokerage business),1348,-215
16,0272(brokerage business),603,254,16,0239(brokerage business),1320,-111,16,0268(brokerage business),1318,-160
17,0161(brokerage business),600,532,17,0103(brokerage business),1236,-28,17,0261(brokerage business),968,-1
18,0049(brokerage business),547,407,18,0274(brokerage business),1218,10,18,0253(brokerage business),783,-119
19,0048(brokerage business),440,419,19,0049(brokerage business),1071,266,19,0161(brokerage business),760,455
20,0096(brokerage business),426,238,20,0240(brokerage business),1030,-76,20,0240(brokerage business),729,-83
Total,,51684,21652,Total,,56835,1437,Total,,59528,517
Ranking,Name of FF Member /OSBPs,Volume,Change from Previous Trading Day,Ranking,Name of FF Member /OSBPs,Long Position,Change from Previous Trading Day,Ranking,Name of FF Member /OSBPs,Short Position,Change from Previous Trading Day
Contract Code：al2701,,,,,,,,,,2026-09-11,
1,0163(brokerage business),4264,-712,1,0034(brokerage business),5270,8,1,0148(brokerage business),10077,35
2,0148(brokerage business),2899,223,2,0148(brokerage business),4275,556,2,0004(brokerage business),3165,267
3,0253(brokerage business),2192,-104,3,0004(brokerage business),3601,-26,3,0249(brokerage business),2421,1
4,0004(brokerage business),2077,-1141,4,0323(brokerage business),3033,-209,4,0042(brokerage business),2025,-2
5,0081(brokerage business),1619,811,5,0049(brokerage business),2617,-14,5,0103(brokerage business),1924,64
6,0069(brokerage business),1499,1139,6,0268(brokerage business),1857,-1,6,0275(brokerage business),1290,-90
7,0308(brokerage business),1430,628,7,0069(brokerage business),1824,-10,7,0272(brokerage business),1045,345
8,0323(brokerage business),1368,-1205,8,0163(brokerage business),1152,33,8,0139(brokerage business),961,330
9,0275(brokerage business),1252,445,9,0042(brokerage business),825,-9,9,0029(brokerage business),910,0
10,0277(brokerage business),927,563,10,0272(brokerage business),815,-26,10,0274(brokerage business),862,0
11,0259(brokerage business),827,751,11,0254(brokerage business),793,15,11,0268(brokerage business),832,-1
12,0240(brokerage business),757,282,12,0007(brokerage business),746,2,12,0240(brokerage business),827,-210
13,0272(brokerage business),509,392,13,0139(brokerage business),693,0,13,0295(brokerage business),726,178
14,0333(brokerage business),451,263,14,0240(brokerage business),684,43,14,0311(brokerage business),673,168
15,0274(brokerage business),448,309,15,0169(brokerage business),636,3,15,0163(brokerage business),620,-49
16,0151(brokerage business),436,349,16,0081(brokerage business),634,-35,16,0137(brokerage business),576,-4
17,0077(brokerage business),434,335,17,0253(brokerage business),566,-22,17,0153(brokerage business),559,0
18,0018(brokerage business),392,-110,18,0137(brokerage business),541,81,18,0082(brokerage business),535,-21
19,0123(brokerage business),392,-3,19,0008(brokerage business),502,-21,19,0003(brokerage business),511,-49
20,0139(brokerage business),344,327,20,0082(brokerage business),445,-8,20,0125(brokerage business),410,100
Total,,24517,3542,Total,,31509,360,Total,,30949,1062
Ranking,Name of FF Member /OSBPs,Volume,Change from Previous Trading Day,Ranking,Name of FF Member /OSBPs,Long Position,Change from Previous Trading Day,Ranking,Name of FF Member /OSBPs,Short Position,Change from Previous Trading Day
Contract Code：al2702,,,,,,,,,,2026-09-11,
1,0163(brokerage business),3389,810,1,0034(brokerage business),2223,200,1,0277(brokerage business),2495,1421
2,0148(brokerage business),2498,392,2,0148(brokerage business),1655,198,2,0103(brokerage business),2180,266
3,0277(brokerage business),1425,870,3,0049(brokerage business),1649,0,3,0004(brokerage business),1782,-88
4,0253(brokerage business),1134,62,4,0004(brokerage business),1628,62,4,0148(brokerage business),1557,-1650
5,0308(brokerage business),995,546,5,0069(brokerage business),927,-54,5,0163(brokerage business),1151,444
6,0323(brokerage business),931,-375,6,0268(brokerage business),916,2,6,0349(brokerage business),1141,0
7,0004(brokerage business),852,-621,7,0272(brokerage business),826,6,7,0268(brokerage business),1023,44
8,0069(brokerage business),825,545,8,0323(brokerage business),716,38,8,0082(brokerage business),933,66
9,0077(brokerage business),763,592,9,0007(brokerage business),701,0,9,0323(brokerage business),766,-177
10,0271(brokerage business),711,257,10,0042(brokerage business),701,0,10,0261(brokerage business),700,0
11,0274(brokerage business),706,639,11,0254(brokerage business),625,3,11,0153(brokerage business),446,0
12,0081(brokerage business),570,-263,12,0315(brokerage business),420,0,12,0069(brokerage business),324,73
13,0275(brokerage business),435,65,13,0372(brokerage business),415,0,13,0335(brokerage business),317,6
14,0333(brokerage business),382,157,14,0009(brokerage business),408,24,14,0086(brokerage business),301,290
15,0123(brokerage business),339,-8,15,0082(brokerage business),378,-4,15,0029(brokerage business),264,-139
16,0086(brokerage business),310,310,16,0253(brokerage business),342,31,16,0338(brokerage business),230,0
17,0103(brokerage business),286,-480,17,0048(brokerage business),330,0,17,0295(brokerage business),209,0
18,0018(brokerage business),279,-98,18,0008(brokerage business),300,0,18,0025(brokerage business),180,180
19,0029(brokerage business),205,150,19,0169(brokerage business),286,0,19,0308(brokerage business),180,83
20,0034(brokerage business),204,-111,20,0096(brokerage business),283,7,20,0272(brokerage business),177,2
Total,,17239,3439,Total,,15729,513,Total,,16356,821
Member/OSP Type,Total Volume,Change from Previous Trading Day,Member/OSP Type,Total Long Position,Change from Previous Trading Day,Member/OSP Type,Total Short Position,Change from Previous Trading Day,,,
Contract Code：znall,,,,,,,2026-09-11,,,,
Name of FF Member/OSBP,769282,154040,Name of FF Member/OSBP,308394,-34094,Name of FF Member/OSBP,308394,-34094,,,
Name of Non-FF Member/OSNBP,0,0,Name of Non-FF Member/OSNBP,0,0,Name of Non-FF Member/OSNBP,0,0,,,
Ranking,Name of FF Member /OSBPs,Volume,Change from Previous Trading Day,Ranking,Name of FF Member /OSBPs,Long Position,Change from Previous Trading Day,Ranking,Name of FF Member /OSBPs,Short Position,Change from Previous Trading Day
Contract Code：zn2609,,,,,,,,,,2026-09-11,
1,0004(brokerage business),355,-780,1,0272(brokerage business),1600,0,1,0139(brokerage business),1025,-45
2,0163(brokerage business),310,-640,2,0004(brokerage business),1035,-65,2,0272(brokerage business),800,-35
3,0123(brokerage business),230,-180,3,0058(brokerage business),980,0,3,0077(brokerage business),600,-5
4,0082(brokerage business),220,130,4,0148(brokerage business),455,0,4,0311(brokerage business),390,0
5,0272(brokerage business),125,25,5,0059(brokerage business),345,-85,5,0103(brokerage business),385,0
6,0059(brokerage business),105,30,6,0048(brokerage business),300,0,6,0315(brokerage business),360,0
7,0139(brokerage business),85,-190,7,0069(brokerage business),200,0,7,0148(brokerage business),325,-5
8,0077(brokerage business),75,-5,8,0052(brokerage business),140,0,8,0069(brokerage business),260,5
9,0253(brokerage business),60,-185,9,0081(brokerage business),110,0,9,0052(brokerage business),245,0
10,0009(brokerage business),50,50,10,0051(brokerage business),85,0,10,0025(brokerage business),240,0
11,0019(brokerage business),50,10,11,0275(brokerage business),85,-20,11,0253(brokerage business),185,-30
12,0321(brokerage business),45,25,12,0299(brokerage business),85,0,12,0059(brokerage business),175,0
13,0275(brokerage business),20,20,13,0082(brokerage business),55,-200,13,0049(brokerage business),145,0
14,0311(brokerage business),20,-400,14,0003(brokerage business),45,0,14,0047(brokerage business),105,0
15,0069(brokerage business),15,-190,15,0240(brokerage business),35,0,15,0240(brokerage business),100,0
16,0042(brokerage business),10,-5,16,0134(brokerage business),10,-10,16,0081(brokerage business),70,0
17,0134(brokerage business),10,0,17,,,,17,0108(brokerage business),60,0
18,0148(brokerage business),5,-35,18,,,,18,0004(brokerage business),45,-150
19,,,,19,,,,19,0009(brokerage business),20,-50
20,,,,20,,,,20,0038(brokerage business),20,0
Total,,1790,-2320,Total,,5565,-380,Total,,5555,-315
Ranking,Name of FF Member /OSBPs,Volume,Change from Previous Trading Day,Ranking,Name of FF Member /OSBPs,Long Position,Change from Previous Trading Day,Ranking,Name of FF Member /OSBPs,Short Position,Change from Previous Trading Day
Contract Code：zn2610,,,,,,,,,,2026-09-11,
1,0163(brokerage business),69357,6675,1,0148(brokerage business),14550,-2500,1,0148(brokerage business),9745,-2978
2,0148(brokerage business),57170,11536,2,0004(brokerage business),12301,-1862,2,0139(brokerage business),9168,-1433
3,0004(brokerage business),43308,1215,3,0163(brokerage business),9698,-2170,3,0004(brokerage business),6562,-624
4,0253(brokerage business),41115,23423,4,0272(brokerage business),4370,-105,4,0272(brokerage business),5556,-975
5,0275(brokerage business),31889,1747,5,0239(brokerage business),3330,-1075,5,0163(brokerage business),4826,-403
6,0272(brokerage business),17882,3866,6,0275(brokerage business),3233,-120,6,0058(brokerage business),4661,-250
7,0081(brokerage business),13268,641,7,0308(brokerage business),2989,-343,7,0049(brokerage business),3927,-1082
8,0096(brokerage business),10069,1962,8,0019(brokerage business),2978,-439,8,0315(brokerage business),3692,-282
9,0259(brokerage business),8867,1708,9,0003(brokerage business),2944,-39,9,0042(brokerage business),3057,-157
10,0123(brokerage business),8409,4319,10,0139(brokerage business),2803,-140,10,0003(brokerage business),3022,-833
11,0308(brokerage business),6022,2812,11,0240(brokerage business),2725,-1197,11,0059(brokerage business),2893,-637
12,0240(brokerage business),5404,980,12,0335(brokerage business),2655,-553,12,0240(brokerage business),2855,-241
13,0298(brokerage business),5293,-2074,13,0253(brokerage business),2481,-2589,13,0253(brokerage business),2827,-308
14,0058(brokerage business),5098,2916,14,0323(brokerage business),2345,-159,14,0069(brokerage business),2440,-699
15,0059(brokerage business),4473,902,15,0268(brokerage business),2190,-756,15,0103(brokerage business),2440,-380
16,0034(brokerage business),4415,4,16,0123(brokerage business),2023,-126,16,0052(brokerage business),2439,-205
17,0103(brokerage business),3783,1164,17,0274(brokerage business),1983,-311,17,0082(brokerage business),2426,-200
18,0268(brokerage business),3380,111,18,0184(brokerage business),1923,0,18,0096(brokerage business),2378,-872
19,0042(brokerage business),3345,752,19,0103(brokerage business),1848,-463,19,0034(brokerage business),2104,-1092
20,0069(brokerage business),3277,-542,20,0082(brokerage business),1843,-155,20,0136(brokerage business),1929,-94
Total,,345824,64117,Total,,81212,-15102,Total,,78947,-13745
Ranking,Name of FF Member /OSBPs,Volume,Change from Previous Trading Day,Ranking,Name of FF Member /OSBPs,Long Position,Change from Previous Trading Day,Ranking,Name of FF Member /OSBPs,Short Position,Change from Previous Trading Day
Contract Code：zn2611,,,,,,,,,,2026-09-11,
1,0148(brokerage business),32849,5341,1,0239(brokerage business),19639,-200,1,0148(brokerage business),10826,1179
2,0275(brokerage business),30890,2393,2,0148(brokerage business),18233,-932,2,0004(brokerage business),7087,-47
3,0163(brokerage business),26610,5308,3,0004(brokerage business),11350,-154,3,0272(brokerage business),7051,1181
4,0004(brokerage business),21949,3295,4,0163(brokerage business),9158,-116,4,0058(brokerage business),6532,-482
5,0253(brokerage business),19453,9660,5,0272(brokerage business),9049,-1813,5,0308(brokerage business),4880,-1036
6,0081(brokerage business),9952,282,6,0335(brokerage business),5819,-34,6,0069(brokerage business),4851,-371
7,0272(brokerage business),6062,2797,7,0123(brokerage business),5025,31,7,0315(brokerage business),3978,46
8,0308(brokerage business),5142,1517,8,0184(brokerage business),2854,22,8,0077(brokerage business),3561,-145
9,0123(brokerage business),4680,2024,9,0103(brokerage business),2524,-1143,9,0059(brokerage business),3411,-631
10,0259(brokerage business),4225,1321,10,0240(brokerage business),2474,-687,10,0139(brokerage business),3269,-9
11,0240(brokerage business),3102,914,11,0268(brokerage business),2394,-316,11,0253(brokerage business),3198,-380
12,0069(brokerage business),2904,512,12,0084(brokerage business),2345,-54,12,0323(brokerage business),2940,416
13,0103(brokerage business),2777,572,13,0308(brokerage business),2327,276,13,0003(brokerage business),2895,-48
14,0059(brokerage business),2624,1158,14,0139(brokerage business),2125,-7,14,0277(brokerage business),2826,79
15,0239(brokerage business),2428,-392,15,0274(brokerage business),1870,-89,15,0321(brokerage business),2774,-14
16,0298(brokerage business),2115,1133,16,0253(brokerage business),1662,-339,16,0163(brokerage business),2742,262
17,0034(brokerage business),2075,1011,17,0049(brokerage business),1322,-284,17,0025(brokerage business),2695,-142
18,0049(brokerage business),2016,806,18,0323(brokerage business),1314,76,18,0275(brokerage business),2593,19
19,0019(brokerage business),1973,1134,19,0042(brokerage business),1258,117,19,0096(brokerage business),2233,379
20,0274(brokerage business),1951,564,20,0137(brokerage business),1000,-143,20,0034(brokerage business),2031,-113
Total,,185777,41350,Total,,103742,-5789,Total,,82373,143
Ranking,Name of FF Member /OSBPs,Volume,Change from Previous Trading Day,Ranking,Name of FF Member /OSBPs,Long Position,Change from Previous Trading Day,Ranking,Name of FF Member /OSBPs,Short Position,Change from Previous Trading Day
Contract Code：zn2612,,,,,,,,,,2026-09-11,
1,0163(brokerage business),10056,2276,1,0239(brokerage business),9345,-31,1,0321(brokerage business),6337,-626
2,0253(brokerage business),9049,4665,2,0148(brokerage business),6105,-4,2,0272(brokerage business),3445,468
3,0275(brokerage business),7801,2824,3,0004(brokerage business),3129,-245,3,0009(brokerage business),1994,81
4,0148(brokerage business),7463,1657,4,0308(brokerage business),2218,-529,4,0148(brokerage business),1854,-23
5,0004(brokerage business),6992,380,5,0163(brokerage business),2066,155,5,0049(brokerage business),1753,-26
6,0081(brokerage business),5467,851,6,0059(brokerage business),1782,-175,6,0025(brokerage business),1524,-4
7,0308(brokerage business),2761,1795,7,0019(brokerage business),1672,1505,7,0082(brokerage business),1490,85
8,0019(brokerage business),2068,1815,8,0123(brokerage business),1505,28,8,0004(brokerage business),1482,-13
9,0259(brokerage business),1955,848,9,0268(brokerage business),1475,370,9,0069(brokerage business),1315,14
10,0240(brokerage business),1886,1073,10,0042(brokerage business),1280,-24,10,0169(brokerage business),1212,109
11,0069(brokerage business),1741,1101,11,0272(brokerage business),999,-136,11,0253(brokerage business),1128,162
12,0034(brokerage business),1583,115,12,0058(brokerage business),992,-433,12,0058(brokerage business),1112,190
13,0272(brokerage business),1166,523,13,0323(brokerage business),859,-37,13,0034(brokerage business),980,-169
14,0123(brokerage business),1106,-190,14,0077(brokerage business),815,11,14,0315(brokerage business),947,-7
15,0268(brokerage business),840,219,15,0003(brokerage business),758,10,15,0077(brokerage business),807,13
16,0058(brokerage business),781,607,16,0295(brokerage business),489,-181,16,0239(brokerage business),803,51
17,0321(brokerage business),703,398,17,0321(brokerage business),429,-1,17,0163(brokerage business),725,107
18,0059(brokerage business),660,-279,18,0240(brokerage business),395,-483,18,0059(brokerage business),598,-155
19,0186(brokerage business),564,479,19,0253(brokerage business),383,-217,19,0308(brokerage business),564,174
20,0103(brokerage business),552,275,20,0335(brokerage business),286,-61,20,0123(brokerage business),561,-8
Total,,65194,21432,Total,,36982,-478,Total,,30631,423
Member/OSP Type,Total Volume,Change from Previous Trading Day,Member/OSP Type,Total Long Position,Change from Previous Trading Day,Member/OSP Type,Total Short Position,Change from Previous Trading Day,,,
Contract Code：pball,,,,,,,2026-09-11,,,,
Name of FF Member/OSBP,207980,32752,Name of FF Member/OSBP,125058,-590,Name of FF Member/OSBP,125058,-590,,,
Name of Non-FF Member/OSNBP,0,0,Name of Non-FF Member/OSNBP,0,0,Name of Non-FF Member/OSNBP,0,0,,,
Ranking,Name of FF Member /OSBPs,Volume,Change from Previous Trading Day,Ranking,Name of FF Member /OSBPs,Long Position,Change from Previous Trading Day,Ranking,Name of FF Member /OSBPs,Short Position,Change from Previous Trading Day
Contract Code：pb2609,,,,,,,,,,2026-09-11,
1,0059(brokerage business),100,10,1,0049(brokerage business),1860,0,1,0148(brokerage business),1425,0
2,0320(brokerage business),100,60,2,0139(brokerage business),940,0,2,0049(brokerage business),685,-5
3,0308(brokerage business),80,80,3,0320(brokerage business),400,100,3,0007(brokerage business),500,0
4,0051(brokerage business),30,30,4,0069(brokerage business),310,0,4,0029(brokerage business),330,0
5,0253(brokerage business),30,30,5,0272(brokerage business),310,0,5,0069(brokerage business),280,-5
6,0272(brokerage business),30,15,6,0081(brokerage business),90,0,6,0004(brokerage business),210,0
7,0137(brokerage business),20,20,7,0059(brokerage business),50,-100,7,0272(brokerage business),150,0
8,0004(brokerage business),15,5,8,0004(brokerage business),25,-5,8,0308(brokerage business),150,-40
9,0151(brokerage business),10,10,9,0295(brokerage business),20,0,9,0052(brokerage business),85,0
10,0163(brokerage business),10,5,10,0006(brokerage business),5,0,10,0077(brokerage business),55,0
11,0177(brokerage business),10,-85,11,,,,11,0253(brokerage business),50,30
12,0049(brokerage business),5,-15,12,,,,12,0059(brokerage business),30,0
13,0069(brokerage business),5,-195,13,,,,13,0161(brokerage business),25,0
14,0096(brokerage business),5,5,14,,,,14,0275(brokerage business),15,0
15,,,,15,,,,15,0034(brokerage business),10,0
16,,,,16,,,,16,0320(brokerage business),10,0
Total,,450,-25,Total,,4010,-5,Total,,4010,-20
Ranking,Name of FF Member /OSBPs,Volume,Change from Previous Trading Day,Ranking,Name of FF Member /OSBPs,Long Position,Change from Previous Trading Day,Ranking,Name of FF Member /OSBPs,Short Position,Change from Previous Trading Day
Contract Code：pb2610,,,,,,,,,,2026-09-11,
1,0004(brokerage business),24722,3000,1,0004(brokerage business),6849,-82,1,0148(brokerage business),7317,-604
2,0163(brokerage business),24007,3631,2,0148(brokerage business),5085,308,2,0004(brokerage business),6347,646
3,0148(brokerage business),14056,2808,3,0308(brokerage business),4091,112,3,0163(brokerage business),5674,161
4,0253(brokerage business),12402,3425,4,0272(brokerage business),4030,409,4,0006(brokerage business),3029,-191
5,0259(brokerage business),6229,-762,5,0103(brokerage business),3956,264,5,0081(brokerage business),2706,353
6,0081(brokerage business),4732,898,6,0049(brokerage business),3695,39,6,0153(brokerage business),2174,-7
7,0275(brokerage business),4251,-1317,7,0163(brokerage business),3402,-628,7,0272(brokerage business),2082,-50
8,0103(brokerage business),2936,1153,8,0275(brokerage business),2537,9,8,0103(brokerage business),1948,-128
9,0123(brokerage business),2717,-277,9,0139(brokerage business),2519,0,9,0253(brokerage business),1642,-104
10,0272(brokerage business),2705,-1675,10,0288(brokerage business),2281,-288,10,0069(brokerage business),1552,-34
11,0069(brokerage business),1613,349,11,0253(brokerage business),1911,204,11,0335(brokerage business),1510,-170
12,0240(brokerage business),1561,-65,12,0274(brokerage business),1339,47,12,0034(brokerage business),1506,106
13,0268(brokerage business),1482,322,13,0082(brokerage business),1228,14,13,0268(brokerage business),1339,-24
14,0034(brokerage business),1448,-1426,14,0268(brokerage business),1098,290,14,0184(brokerage business),1198,23
15,0019(brokerage business),1332,388,15,0034(brokerage business),1051,0,15,0049(brokerage business),1166,18
16,0006(brokerage business),1309,488,16,0161(brokerage business),899,-117,16,0009(brokerage business),1125,-46
17,0299(brokerage business),1298,640,17,0178(brokerage business),839,25,17,0059(brokerage business),1092,2
18,0178(brokerage business),1224,548,18,0042(brokerage business),737,108,18,0137(brokerage business),1059,116
19,0335(brokerage business),1212,-1022,19,0081(brokerage business),706,255,19,0308(brokerage business),916,84
20,0389(brokerage business),1092,-24,20,0123(brokerage business),674,44,20,0088(brokerage business),892,0
Total,,112328,11082,Total,,48927,1013,Total,,46274,151
Ranking,Name of FF Member /OSBPs,Volume,Change from Previous Trading Day,Ranking,Name of FF Member /OSBPs,Long Position,Change from Previous Trading Day,Ranking,Name of FF Member /OSBPs,Short Position,Change from Previous Trading Day
Contract Code：pb2611,,,,,,,,,,2026-09-11,
1,0004(brokerage business),8252,1981,1,0272(brokerage business),8870,-23,1,0148(brokerage business),5414,243
2,0253(brokerage business),7502,1771,2,0148(brokerage business),5273,-613,2,0239(brokerage business),5347,-557
3,0148(brokerage business),7396,-31,3,0288(brokerage business),5251,-39,3,0004(brokerage business),4152,144
4,0163(brokerage business),6624,-339,4,0004(brokerage business),5027,372,4,0163(brokerage business),3548,300
5,0081(brokerage business),3626,1248,5,0163(brokerage business),2390,-22,5,0123(brokerage business),2933,-146
6,0259(brokerage business),2535,385,6,0069(brokerage business),2043,51,6,0081(brokerage business),1901,82
7,0275(brokerage business),2410,749,7,0034(brokerage business),1838,-58,7,0103(brokerage business),1635,-2236
8,0103(brokerage business),2353,2153,8,0184(brokerage business),1630,0,8,0082(brokerage business),1586,-232
9,0082(brokerage business),2003,1179,9,0081(brokerage business),1505,14,9,0308(brokerage business),1482,160
10,0240(brokerage business),1733,567,10,0268(brokerage business),1266,-996,10,0139(brokerage business),1428,85
11,0268(brokerage business),1397,729,11,0339(brokerage business),1167,7,11,0253(brokerage business),1370,87
12,0335(brokerage business),1276,400,12,0239(brokerage business),1125,0,12,0320(brokerage business),1370,78
13,0272(brokerage business),1210,-384,13,0335(brokerage business),965,24,13,0084(brokerage business),1254,-143
14,0239(brokerage business),955,126,14,0077(brokerage business),860,-9,14,0274(brokerage business),1093,-110
15,0271(brokerage business),820,439,15,0006(brokerage business),815,296,15,0042(brokerage business),1073,-4
16,0096(brokerage business),819,395,16,0253(brokerage business),657,-557,16,0335(brokerage business),1015,-952
17,0069(brokerage business),807,127,17,0323(brokerage business),598,-77,17,0272(brokerage business),983,163
18,0123(brokerage business),684,404,18,0025(brokerage business),461,128,18,0315(brokerage business),924,171
19,0274(brokerage business),595,129,19,0274(brokerage business),406,-9,19,0177(brokerage business),813,45
20,0006(brokerage business),555,472,20,0153(brokerage business),405,-38,20,0268(brokerage business),759,149
Total,,53552,12500,Total,,42552,-1549,Total,,40080,-2673
Member/OSP Type,Total Volume,Change from Previous Trading Day,Member/OSP Type,Total Long Position,Change from Previous Trading Day,Member/OSP Type,Total Short Position,Change from Previous Trading Day,,,
Contract Code：niall,,,,,,,2026-09-11,,,,
Name of FF Member/OSBP,620197,120395,Name of FF Member/OSBP,348321,29412,Name of FF Member/OSBP,345125,29397,,,
Name of Non-FF Member/OSNBP,31,-107,Name of Non-FF Member/OSNBP,30,0,Name of Non-FF Member/OSNBP,3226,15,,,
Ranking,Name of FF Member /OSBPs,Volume,Change from Previous Trading Day,Ranking,Name of FF Member /OSBPs,Long Position,Change from Previous Trading Day,Ranking,Name of FF Member /OSBPs,Short Position,Change from Previous Trading Day
Contract Code：ni2609,,,,,,,,,,2026-09-11,
1,0308(brokerage business),84,48,1,0148(brokerage business),1992,0,1,0004(brokerage business),2514,0
2,0025(brokerage business),60,60,2,0004(brokerage business),1986,18,2,0148(brokerage business),1950,0
3,0052(brokerage business),36,24,3,0253(brokerage business),1446,0,3,0272(brokerage business),1440,0
4,0049(brokerage business),30,30,4,0139(brokerage business),1200,0,4,0169(brokerage business),750,0
5,0004(brokerage business),18,-54,5,0275(brokerage business),1074,0,5,0305(brokerage business),750,0
6,0069(brokerage business),18,-36,6,0082(brokerage business),600,0,6,0059(brokerage business),690,0
7,0157(brokerage business),18,18,7,0272(brokerage business),600,-6,7,0316(brokerage business),600,0
8,0272(brokerage business),18,-96,8,0003(brokerage business),522,0,8,0323(brokerage business),510,0
9,0081(brokerage business),12,12,9,0240(brokerage business),444,-6,9,0007(brokerage business),450,0
10,0059(brokerage business),6,6,10,0096(brokerage business),378,0,10,0418(brokerage business),450,0
11,0163(brokerage business),6,-174,11,0059(brokerage business),366,6,11,0058(brokerage business),336,0
12,0240(brokerage business),6,-48,12,0311(brokerage business),348,0,12,0081(brokerage business),294,12
13,,,,13,0103(brokerage business),324,0,13,0275(brokerage business),294,0
14,,,,14,0049(brokerage business),300,-30,14,0153(brokerage business),288,0
15,,,,15,0322(brokerage business),300,0,15,0240(brokerage business),276,0
16,,,,16,0136(brokerage business),252,0,16,0052(brokerage business),252,-36
17,,,,17,0058(brokerage business),228,0,17,0277(brokerage business),252,0
18,,,,18,0069(brokerage business),216,0,18,0389(brokerage business),180,0
19,,,,19,0323(brokerage business),150,0,19,0161(brokerage business),156,0
20,,,,20,0320(brokerage business),102,0,20,0069(brokerage business),144,6
Total,,312,-210,Total,,12828,-18,Total,,12576,-18
Ranking,Name of FF Member /OSBPs,Volume,Change from Previous Trading Day,Ranking,Name of FF Member /OSBPs,Long Position,Change from Previous Trading Day,Ranking,Name of FF Member /OSBPs,Short Position,Change from Previous Trading Day
Contract Code：ni2610,,,,,,,,,,2026-09-11,
1,0004(brokerage business),63588,6919,1,0004(brokerage business),9911,171,1,0004(brokerage business),18105,1485
2,0163(brokerage business),36687,3704,2,0148(brokerage business),6836,668,2,0148(brokerage business),13433,29
3,0148(brokerage business),36407,7854,3,0253(brokerage business),6292,858,3,0082(brokerage business),9432,-298
4,0123(brokerage business),20352,1555,4,0163(brokerage business),6096,804,4,0253(brokerage business),5043,281
5,0275(brokerage business),17632,7873,5,0103(brokerage business),5046,-233,5,0272(brokerage business),4899,1784
6,0272(brokerage business),13826,4135,6,0034(brokerage business),4066,1505,6,0163(brokerage business),3993,963
7,0253(brokerage business),13511,2495,7,0240(brokerage business),3697,1065,7,0139(brokerage business),3613,166
8,0081(brokerage business),12196,945,8,0272(brokerage business),3591,-616,8,0240(brokerage business),3611,-124
9,0240(brokerage business),10243,559,9,0096(brokerage business),3381,208,9,0059(brokerage business),3516,-440
10,0059(brokerage business),7226,1506,10,0077(brokerage business),3279,356,10,0335(brokerage business),2621,-17
11,0034(brokerage business),6193,-228,11,0042(brokerage business),3275,442,11,0323(brokerage business),2566,284
12,0268(brokerage business),5993,301,12,0003(brokerage business),2759,326,12,0103(brokerage business),2549,1462
13,0308(brokerage business),5453,-965,13,0081(brokerage business),2738,734,13,0018(brokerage business),2292,1034
14,0103(brokerage business),5311,2138,14,0268(brokerage business),2708,771,14,0161(brokerage business),2260,647
15,0069(brokerage business),5132,513,15,0049(brokerage business),2487,410,15,0268(brokerage business),2123,82
16,0082(brokerage business),4371,2237,16,0275(brokerage business),2309,-94,16,0184(brokerage business),2113,2113
17,0009(brokerage business),4294,437,17,0308(brokerage business),2236,1272,17,0275(brokerage business),2040,176
18,0298(brokerage business),4287,-478,18,0123(brokerage business),2048,386,18,0288(brokerage business),1770,-101
19,0186(brokerage business),3722,-1300,19,0316(brokerage business),1834,-22,19,0169(brokerage business),1712,-74
20,0042(brokerage business),3635,823,20,0161(brokerage business),1827,-49,20,0043(brokerage business),1645,-77
Total,,280059,41023,Total,,76416,8962,Total,,89336,9375
Ranking,Name of FF Member /OSBPs,Volume,Change from Previous Trading Day,Ranking,Name of FF Member /OSBPs,Long Position,Change from Previous Trading Day,Ranking,Name of FF Member /OSBPs,Short Position,Change from Previous Trading Day
Contract Code：ni2611,,,,,,,,,,2026-09-11,
1,0148(brokerage business),26362,11527,1,0103(brokerage business),16096,834,1,0004(brokerage business),20149,1539
2,0004(brokerage business),21048,-4188,2,0004(brokerage business),12498,1257,2,0148(brokerage business),13311,1238
3,0163(brokerage business),14523,5101,3,0148(brokerage business),11473,172,3,0184(brokerage business),12531,355
4,0272(brokerage business),7976,5019,4,0096(brokerage business),7256,165,4,0272(brokerage business),6147,231
5,0275(brokerage business),7972,3609,5,0077(brokerage business),6412,281,5,0239(brokerage business),5375,890
6,0123(brokerage business),7864,1792,6,0272(brokerage business),4230,927,6,0163(brokerage business),5025,1826
7,0253(brokerage business),6212,2070,7,0163(brokerage business),2807,157,7,0009(brokerage business),4720,-18
8,0081(brokerage business),4769,935,8,0003(brokerage business),2386,159,8,0082(brokerage business),4336,333
9,0308(brokerage business),3519,1355,9,0308(brokerage business),2237,1137,9,0335(brokerage business),3491,389
10,0009(brokerage business),3131,632,10,0178(brokerage business),2161,414,10,0042(brokerage business),3419,7
11,0240(brokerage business),2624,618,11,0253(brokerage business),2127,753,11,0123(brokerage business),2551,91
12,0268(brokerage business),2015,932,12,0059(brokerage business),2079,-233,12,0003(brokerage business),2008,-809
13,0103(brokerage business),1943,417,13,0082(brokerage business),2073,-1,13,0323(brokerage business),1916,384
14,0069(brokerage business),1769,453,14,0240(brokerage business),1955,174,14,0275(brokerage business),1845,117
15,0059(brokerage business),1755,286,15,0316(brokerage business),1930,0,15,0253(brokerage business),1821,-139
16,0034(brokerage business),1734,555,16,0268(brokerage business),1834,-531,16,0103(brokerage business),1820,541
17,0259(brokerage business),1634,892,17,0034(brokerage business),1488,419,17,0240(brokerage business),1808,390
18,0018(brokerage business),1520,-812,18,0018(brokerage business),1417,483,18,0029(brokerage business),1611,4
19,0042(brokerage business),1399,580,19,0335(brokerage business),1404,-307,19,0308(brokerage business),1505,310
20,0342(brokerage business),1342,326,20,0081(brokerage business),1176,13,20,0022(brokerage business),1211,-429
Total,,121111,32099,Total,,85039,6273,Total,,96600,7250
Ranking,Name of FF Member /OSBPs,Volume,Change from Previous Trading Day,Ranking,Name of FF Member /OSBPs,Long Position,Change from Previous Trading Day,Ranking,Name of FF Member /OSBPs,Short Position,Change from Previous Trading Day
Contract Code：ni2612,,,,,,,,,,2026-09-11,
1,0004(brokerage business),6322,2112,1,0148(brokerage business),13683,373,1,0004(brokerage business),21371,92
2,0148(brokerage business),4989,983,2,0103(brokerage business),7668,110,2,0253(brokerage business),5737,996
3,0253(brokerage business),3171,1790,3,0096(brokerage business),5383,173,3,0272(brokerage business),4693,-61
4,0163(brokerage business),3091,1343,4,0272(brokerage business),2316,602,4,0148(brokerage business),4461,74
5,0123(brokerage business),2650,1802,5,0316(brokerage business),2197,-2,5,0123(brokerage business),2594,-15
6,0275(brokerage business),1880,807,6,0003(brokerage business),1754,17,6,0139(brokerage business),2259,-31
7,0081(brokerage business),1622,243,7,0268(brokerage business),1754,639,7,0042(brokerage business),2172,0
8,0240(brokerage business),1445,458,8,0178(brokerage business),1550,97,8,0240(brokerage business),1321,-99
9,0308(brokerage business),1084,346,9,0004(brokerage business),1394,42,9,0009(brokerage business),1290,142
10,0272(brokerage business),1011,775,10,0163(brokerage business),1350,50,10,0022(brokerage business),1114,0
11,0018(brokerage business),975,720,11,0253(brokerage business),949,79,11,0003(brokerage business),1029,815
12,0003(brokerage business),852,812,12,0311(brokerage business),875,-7,12,0007(brokerage business),771,-3
13,0059(brokerage business),836,299,13,0308(brokerage business),793,110,13,0308(brokerage business),716,90
14,0268(brokerage business),805,320,14,0263(brokerage business),754,6,14,0077(brokerage business),668,1
15,0259(brokerage business),527,231,15,0034(brokerage business),742,41,15,0153(brokerage business),603,40
16,0069(brokerage business),505,264,16,0059(brokerage business),729,105,16,0163(brokerage business),561,177
17,0103(brokerage business),491,108,17,0240(brokerage business),720,-168,17,0058(brokerage business),517,265
18,0058(brokerage business),487,295,18,0123(brokerage business),579,41,18,0295(brokerage business),394,-15
19,0034(brokerage business),461,228,19,0298(brokerage business),517,108,19,0331(brokerage business),367,0
20,0096(brokerage business),431,-4,20,0288(brokerage business),505,3,20,0239(brokerage business),366,-27
Total,,33635,13932,Total,,46212,2419,Total,,53004,2441
Ranking,Name of FF Member /OSBPs,Volume,Change from Previous Trading Day,Ranking,Name of FF Member /OSBPs,Long Position,Change from Previous Trading Day,Ranking,Name of FF Member /OSBPs,Short Position,Change from Previous Trading Day
Contract Code：ni2701,,,,,,,,,,2026-09-11,
1,0004(brokerage business),2880,1265,1,0096(brokerage business),3953,109,1,0148(brokerage business),4230,21
2,0163(brokerage business),2752,1078,2,0103(brokerage business),2655,69,2,0272(brokerage business),4208,29
3,0148(brokerage business),2373,1231,3,0148(brokerage business),1805,-46,3,0253(brokerage business),2943,600
4,0275(brokerage business),2347,291,4,0004(brokerage business),1012,40,4,0004(brokerage business),2620,196
5,0253(brokerage business),1572,837,5,0240(brokerage business),835,494,5,0042(brokerage business),2501,136
6,0081(brokerage business),1343,35,6,0025(brokerage business),659,16,6,0240(brokerage business),1847,301
7,0123(brokerage business),1165,661,7,0253(brokerage business),653,-246,7,0311(brokerage business),1166,2
8,0240(brokerage business),1111,852,8,0069(brokerage business),561,9,8,0320(brokerage business),737,1
9,0169(brokerage business),657,655,9,0123(brokerage business),555,22,9,0022(brokerage business),711,-1
10,0308(brokerage business),525,230,10,0163(brokerage business),537,6,10,0103(brokerage business),614,-5
11,0059(brokerage business),436,31,11,0169(brokerage business),521,477,11,0288(brokerage business),410,0
12,0069(brokerage business),391,198,12,0272(brokerage business),429,51,12,0058(brokerage business),384,-1
13,0299(brokerage business),387,206,13,0323(brokerage business),389,9,13,0163(brokerage business),360,2
14,0319(brokerage business),284,-37,14,0277(brokerage business),344,5,14,0268(brokerage business),334,-4
15,0103(brokerage business),266,-300,15,0038(brokerage business),334,1,15,0049(brokerage business),142,142
16,0238(brokerage business),256,-49,16,0268(brokerage business),329,14,16,0331(brokerage business),122,-1
17,0086(brokerage business),254,233,17,0125(brokerage business),316,11,17,0019(brokerage business),114,5
18,0268(brokerage business),244,91,18,0310(brokerage business),309,114,18,0096(brokerage business),100,2
19,0272(brokerage business),242,-27,19,0003(brokerage business),303,20,19,0319(brokerage business),81,80
20,0186(brokerage business),241,-33,20,0086(brokerage business),290,217,20,0048(brokerage business),79,6
Total,,19726,7448,Total,,16789,1392,Total,,23703,1511
Member/OSP Type,Total Volume,Change from Previous Trading Day,Member/OSP Type,Total Long Position,Change from Previous Trading Day,Member/OSP Type,Total Short Position,Change from Previous Trading Day,,,
Contract Code：snall,,,,,,,2026-09-11,,,,
Name of FF Member/OSBP,413726,69128,Name of FF Member/OSBP,70433,-1854,Name of FF Member/OSBP,70433,-1854,,,
Name of Non-FF Member/OSNBP,0,0,Name of Non-FF Member/OSNBP,0,0,Name of Non-FF Member/OSNBP,0,0,,,
Ranking,Name of FF Member /OSBPs,Volume,Change from Previous Trading Day,Ranking,Name of FF Member /OSBPs,Long Position,Change from Previous Trading Day,Ranking,Name of FF Member /OSBPs,Short Position,Change from Previous Trading Day
Contract Code：sn2609,,,,,,,,,,2026-09-11,
1,0163(brokerage business),14,-20,1,0148(brokerage business),480,0,1,0272(brokerage business),1282,0
2,0049(brokerage business),6,-8,2,0004(brokerage business),416,0,2,0042(brokerage business),658,0
3,0272(brokerage business),4,-2,3,0049(brokerage business),212,6,3,0349(brokerage business),120,0
4,0275(brokerage business),4,4,4,0034(brokerage business),200,0,4,0007(brokerage business),72,0
5,0004(brokerage business),2,-10,5,0058(brokerage business),170,0,5,0103(brokerage business),64,0
6,0009(brokerage business),2,-14,6,0048(brokerage business),160,0,6,0311(brokerage business),44,0
7,,,,7,0268(brokerage business),142,0,7,0268(brokerage business),42,0
8,,,,8,0009(brokerage business),122,2,8,0069(brokerage business),34,0
9,,,,9,0316(brokerage business),100,0,9,0009(brokerage business),22,0
10,,,,10,0069(brokerage business),76,0,10,0163(brokerage business),10,2
11,,,,11,0042(brokerage business),50,0,11,0004(brokerage business),6,2
12,,,,12,0082(brokerage business),48,0,12,0052(brokerage business),6,0
13,,,,13,0338(brokerage business),40,0,13,0153(brokerage business),6,0
14,,,,14,0240(brokerage business),38,0,14,0059(brokerage business),4,0
15,,,,15,0163(brokerage business),34,-8,15,0148(brokerage business),2,0
16,,,,16,0275(brokerage business),20,4,16,,,
17,,,,17,0308(brokerage business),20,0,17,,,
18,,,,18,0077(brokerage business),14,0,18,,,
19,,,,19,0305(brokerage business),10,0,19,,,
20,,,,20,0067(brokerage business),4,0,20,,,
Total,,32,-50,Total,,2356,4,Total,,2372,4
Ranking,Name of FF Member /OSBPs,Volume,Change from Previous Trading Day,Ranking,Name of FF Member /OSBPs,Long Position,Change from Previous Trading Day,Ranking,Name of FF Member /OSBPs,Short Position,Change from Previous Trading Day
Contract Code：sn2610,,,,,,,,,,2026-09-11,
1,0004(brokerage business),50391,8001,1,0148(brokerage business),3082,-926,1,0004(brokerage business),4791,406
2,0148(brokerage business),31622,1065,2,0004(brokerage business),2982,-647,2,0240(brokerage business),2851,-564
3,0163(brokerage business),23872,3699,3,0268(brokerage business),2402,1005,3,0148(brokerage business),2768,408
4,0275(brokerage business),14662,2560,4,0163(brokerage business),1782,-1202,4,0163(brokerage business),2426,835
5,0253(brokerage business),11081,559,5,0272(brokerage business),1173,0,5,0272(brokerage business),1772,-95
6,0240(brokerage business),9681,1572,6,0240(brokerage business),1021,247,6,0042(brokerage business),1029,-251
7,0081(brokerage business),8767,1430,7,0034(brokerage business),1010,451,7,0323(brokerage business),895,99
8,0272(brokerage business),7649,1257,8,0096(brokerage business),997,289,8,0018(brokerage business),882,270
9,0268(brokerage business),6734,747,9,0082(brokerage business),928,-90,9,0253(brokerage business),817,26
10,0259(brokerage business),5260,1302,10,0059(brokerage business),891,-722,10,0103(brokerage business),793,15
11,0298(brokerage business),5037,-130,11,0275(brokerage business),880,122,11,0034(brokerage business),774,-538
12,0059(brokerage business),4919,598,12,0049(brokerage business),757,353,12,0153(brokerage business),738,-22
13,0034(brokerage business),4381,801,13,0007(brokerage business),673,136,13,0139(brokerage business),677,-113
14,0186(brokerage business),4339,-542,14,0253(brokerage business),612,-279,14,0096(brokerage business),635,-129
15,0308(brokerage business),4157,-229,15,0288(brokerage business),605,62,15,0082(brokerage business),555,-234
16,0103(brokerage business),3732,537,16,0081(brokerage business),602,-270,16,0275(brokerage business),522,-338
17,0082(brokerage business),3346,863,17,0123(brokerage business),588,53,17,0059(brokerage business),513,-343
18,0007(brokerage business),3299,1048,18,0042(brokerage business),560,1,18,0268(brokerage business),498,-285
19,0161(brokerage business),2479,409,19,0077(brokerage business),449,102,19,0048(brokerage business),487,-6
20,0323(brokerage business),2467,49,20,0308(brokerage business),440,145,20,0049(brokerage business),479,-177
Total,,207875,25596,Total,,22434,-1170,Total,,24902,-1036
Ranking,Name of FF Member /OSBPs,Volume,Change from Previous Trading Day,Ranking,Name of FF Member /OSBPs,Long Position,Change from Previous Trading Day,Ranking,Name of FF Member /OSBPs,Short Position,Change from Previous Trading Day
Contract Code：sn2611,,,,,,,,,,2026-09-11,
1,0004(brokerage business),15304,3693,1,0004(brokerage business),2214,-309,1,0004(brokerage business),1866,379
2,0148(brokerage business),15030,4904,2,0148(brokerage business),2064,95,2,0272(brokerage business),1783,-229
3,0275(brokerage business),9209,3481,3,0084(brokerage business),1137,2,3,0148(brokerage business),1690,187
4,0163(brokerage business),8159,2827,4,0239(brokerage business),1027,-263,4,0323(brokerage business),1444,20
5,0081(brokerage business),3556,1434,5,0163(brokerage business),991,-17,5,0163(brokerage business),1010,140
6,0059(brokerage business),2776,1364,6,0272(brokerage business),911,495,6,0042(brokerage business),906,27
7,0253(brokerage business),2721,-250,7,0268(brokerage business),906,87,7,0007(brokerage business),798,33
8,0272(brokerage business),2288,1134,8,0096(brokerage business),893,162,8,0096(brokerage business),705,-136
9,0240(brokerage business),2178,460,9,0123(brokerage business),801,84,9,0268(brokerage business),561,103
10,0259(brokerage business),1707,777,10,0052(brokerage business),414,-27,10,0077(brokerage business),488,-15
11,0034(brokerage business),1642,520,11,0049(brokerage business),401,132,11,0034(brokerage business),468,-452
12,0123(brokerage business),1481,324,12,0253(brokerage business),392,56,12,0178(brokerage business),411,-47
13,0268(brokerage business),1260,28,13,0274(brokerage business),331,-279,13,0139(brokerage business),387,-2
14,0096(brokerage business),1022,121,14,0103(brokerage business),305,-166,14,0240(brokerage business),376,43
15,0103(brokerage business),1021,793,15,0069(brokerage business),300,209,15,0003(brokerage business),360,-10
16,0067(brokerage business),988,537,16,0059(brokerage business),299,-18,16,0059(brokerage business),308,-116
17,0257(brokerage business),928,516,17,0240(brokerage business),291,-75,17,0019(brokerage business),303,126
18,0082(brokerage business),919,78,18,0009(brokerage business),270,-209,18,0274(brokerage business),263,77
19,0007(brokerage business),867,470,19,0335(brokerage business),261,-21,19,0086(brokerage business),254,224
20,0298(brokerage business),832,348,20,0019(brokerage business),231,12,20,0308(brokerage business),243,131
Total,,73888,23559,Total,,14439,-50,Total,,14624,483
Member/OSP Type,Total Volume,Change from Previous Trading Day,Member/OSP Type,Total Long Position,Change from Previous Trading Day,Member/OSP Type,Total Short Position,Change from Previous Trading Day,,,
Contract Code：aoall,,,,,,,2026-09-11,,,,
Name of FF Member/OSBP,793778,306194,Name of FF Member/OSBP,462497,20900,Name of FF Member/OSBP,459747,21200,,,
Name of Non-FF Member/OSNBP,300,300,Name of Non-FF Member/OSNBP,0,0,Name of Non-FF Member/OSNBP,2750,-300,,,
Ranking,Name of FF Member /OSBPs,Volume,Change from Previous Trading Day,Ranking,Name of FF Member /OSBPs,Long Position,Change from Previous Trading Day,Ranking,Name of FF Member /OSBPs,Short Position,Change from Previous Trading Day
Contract Code：ao2609,,,,,,,,,,2026-09-11,
1,0268(brokerage business),60,30,1,0018(brokerage business),1050,0,1,0004(brokerage business),855,0
2,0148(brokerage business),15,-30,2,0327(brokerage business),990,0,2,0148(brokerage business),855,-15
3,0151(brokerage business),15,-15,3,0034(brokerage business),900,0,3,0096(brokerage business),570,0
4,,,,4,0136(brokerage business),300,0,4,0139(brokerage business),405,0
5,,,,5,0103(brokerage business),240,0,5,0272(brokerage business),210,0
6,,,,6,0148(brokerage business),150,0,6,0136(brokerage business),135,0
7,,,,7,,,,7,0320(brokerage business),90,0
8,,,,8,,,,8,0123(brokerage business),45,0
9,,,,9,,,,9,0151(brokerage business),15,15
Total,,90,-15,Total,,3630,0,Total,,3180,0
Ranking,Name of FF Member /OSBPs,Volume,Change from Previous Trading Day,Ranking,Name of FF Member /OSBPs,Long Position,Change from Previous Trading Day,Ranking,Name of FF Member /OSBPs,Short Position,Change from Previous Trading Day
Contract Code：ao2610,,,,,,,,,,2026-09-11,
1,0163(brokerage business),18530,5709,1,0004(brokerage business),2932,-1004,1,0148(brokerage business),7211,-1302
2,0004(brokerage business),12765,3879,2,0096(brokerage business),2766,277,2,0004(brokerage business),5628,-1543
3,0148(brokerage business),10912,4337,3,0082(brokerage business),2639,-549,3,0151(brokerage business),2085,-137
4,0275(brokerage business),6190,750,4,0253(brokerage business),2095,-258,4,0323(brokerage business),2024,-274
5,0081(brokerage business),5349,3405,5,0163(brokerage business),2000,131,5,0103(brokerage business),1976,-1489
6,0240(brokerage business),3726,1609,6,0148(brokerage business),1943,-224,6,0163(brokerage business),1612,49
7,0253(brokerage business),3676,-320,7,0298(brokerage business),1535,-71,7,0059(brokerage business),1401,-186
8,0123(brokerage business),3100,1464,8,0034(brokerage business),1467,-134,8,0268(brokerage business),1289,-538
9,0103(brokerage business),2673,1927,9,0272(brokerage business),1206,-427,9,0029(brokerage business),1250,274
10,0268(brokerage business),2647,1250,10,0003(brokerage business),1165,4,10,0019(brokerage business),1219,-498
11,0272(brokerage business),2340,931,11,0323(brokerage business),1095,-1083,11,0139(brokerage business),1061,-66
12,0298(brokerage business),2260,291,12,0018(brokerage business),1003,-69,12,0003(brokerage business),1043,248
13,0323(brokerage business),2047,1358,13,0327(brokerage business),998,-76,13,0272(brokerage business),1014,47
14,0059(brokerage business),1838,713,14,0288(brokerage business),975,-482,14,0161(brokerage business),1002,487
15,0288(brokerage business),1644,278,15,0103(brokerage business),965,-304,15,0253(brokerage business),964,-238
16,0151(brokerage business),1612,666,16,0161(brokerage business),934,46,16,0259(brokerage business),960,-33
17,0186(brokerage business),1585,414,17,0275(brokerage business),933,-147,17,0081(brokerage business),880,-125
18,0161(brokerage business),1549,961,18,0029(brokerage business),915,870,18,0274(brokerage business),836,-217
19,0034(brokerage business),1496,315,19,0151(brokerage business),872,-249,19,0321(brokerage business),822,-311
20,0019(brokerage business),1424,749,20,0137(brokerage business),809,-325,20,0049(brokerage business),808,151
Total,,87363,30686,Total,,29247,-4074,Total,,35085,-5701
Ranking,Name of FF Member /OSBPs,Volume,Change from Previous Trading Day,Ranking,Name of FF Member /OSBPs,Long Position,Change from Previous Trading Day,Ranking,Name of FF Member /OSBPs,Short Position,Change from Previous Trading Day
Contract Code：ao2611,,,,,,,,,,2026-09-11,
1,0163(brokerage business),12308,906,1,0272(brokerage business),14765,-1210,1,0004(brokerage business),8803,263
2,0148(brokerage business),8230,3530,2,0323(brokerage business),11575,1364,2,0323(brokerage business),8475,-47
3,0004(brokerage business),4884,2545,3,0082(brokerage business),10695,-21,3,0151(brokerage business),8066,264
4,0275(brokerage business),4768,2788,4,0151(brokerage business),8218,1288,4,0148(brokerage business),7815,188
5,0253(brokerage business),3586,1506,5,0253(brokerage business),6595,356,5,0240(brokerage business),7638,344
6,0268(brokerage business),3353,1494,6,0240(brokerage business),6550,-89,6,0163(brokerage business),6484,4
7,0240(brokerage business),3277,1988,7,0004(brokerage business),6364,61,7,0178(brokerage business),6066,160
8,0161(brokerage business),3102,1532,8,0178(brokerage business),6211,279,8,0161(brokerage business),4949,-202
9,0151(brokerage business),2316,1705,9,0161(brokerage business),4603,10,9,0253(brokerage business),4464,-428
10,0049(brokerage business),2170,-1676,10,0163(brokerage business),3565,-40,10,0103(brokerage business),4038,-90
11,0123(brokerage business),2123,1172,11,0077(brokerage business),3364,415,11,0268(brokerage business),3990,-920
12,0009(brokerage business),1955,731,12,0048(brokerage business),2133,73,12,0019(brokerage business),3698,76
13,0272(brokerage business),1724,1094,13,0268(brokerage business),2009,-115,13,0335(brokerage business),2750,35
14,0058(brokerage business),1692,1256,14,0308(brokerage business),1603,-4,14,0048(brokerage business),2168,110
15,0081(brokerage business),1593,231,15,0034(brokerage business),1521,49,15,0058(brokerage business),1741,1028
16,0178(brokerage business),1557,-292,16,0009(brokerage business),1121,390,16,0275(brokerage business),1510,216
17,0323(brokerage business),1553,-109,17,0123(brokerage business),819,40,17,0274(brokerage business),1450,292
18,0288(brokerage business),1201,890,18,0103(brokerage business),815,-52,18,0288(brokerage business),1391,416
19,0082(brokerage business),1052,924,19,0148(brokerage business),644,0,19,0082(brokerage business),1040,29
20,0069(brokerage business),890,521,20,0277(brokerage business),622,250,20,0123(brokerage business),1031,-67
Total,,63334,22736,Total,,93792,3044,Total,,87567,1671
Ranking,Name of FF Member /OSBPs,Volume,Change from Previous Trading Day,Ranking,Name of FF Member /OSBPs,Long Position,Change from Previous Trading Day,Ranking,Name of FF Member /OSBPs,Short Position,Change from Previous Trading Day
Contract Code：ao2612,,,,,,,,,,2026-09-11,
1,0148(brokerage business),4651,1439,1,0323(brokerage business),8008,0,1,0323(brokerage business),8252,8
2,0163(brokerage business),4131,908,2,0151(brokerage business),6249,199,2,0151(brokerage business),6245,-2
3,0272(brokerage business),3541,1684,3,0240(brokerage business),4985,107,3,0240(brokerage business),5501,118
4,0009(brokerage business),2952,2236,4,0161(brokerage business),4548,13,4,0161(brokerage business),4599,12
5,0161(brokerage business),1889,924,5,0268(brokerage business),4194,12,5,0004(brokerage business),4131,336
6,0004(brokerage business),1188,642,6,0178(brokerage business),3730,393,6,0268(brokerage business),4033,-89
7,0081(brokerage business),1136,545,7,0163(brokerage business),3664,-101,7,0178(brokerage business),3776,389
8,0178(brokerage business),794,159,8,0004(brokerage business),3382,96,8,0163(brokerage business),3745,34
9,0288(brokerage business),771,721,9,0272(brokerage business),3254,280,9,0253(brokerage business),2988,-8
10,0240(brokerage business),753,158,10,0253(brokerage business),2624,-14,10,0103(brokerage business),1931,30
11,0029(brokerage business),751,505,11,0048(brokerage business),1812,24,11,0048(brokerage business),1918,14
12,0253(brokerage business),686,52,12,0059(brokerage business),1764,-183,12,0059(brokerage business),1783,-183
13,0268(brokerage business),605,-302,13,0082(brokerage business),1752,102,13,0009(brokerage business),1720,1626
14,0151(brokerage business),563,38,14,0034(brokerage business),1623,2,14,0335(brokerage business),1596,-15
15,0123(brokerage business),517,-26,15,0288(brokerage business),1445,630,15,0148(brokerage business),836,-990
16,0349(brokerage business),450,450,16,0139(brokerage business),1353,-6,16,0123(brokerage business),793,31
17,0048(brokerage business),410,248,17,0095(brokerage business),571,1,17,0272(brokerage business),536,209
18,0323(brokerage business),394,-173,18,0148(brokerage business),472,91,18,0288(brokerage business),420,1
19,0059(brokerage business),382,28,19,0349(brokerage business),452,450,19,0043(brokerage business),389,-3
20,0067(brokerage business),347,181,20,0009(brokerage business),426,-490,20,0153(brokerage business),338,0
Total,,26911,10417,Total,,56308,1606,Total,,55530,1518
Ranking,Name of FF Member /OSBPs,Volume,Change from Previous Trading Day,Ranking,Name of FF Member /OSBPs,Long Position,Change from Previous Trading Day,Ranking,Name of FF Member /OSBPs,Short Position,Change from Previous Trading Day
Contract Code：ao2701,,,,,,,,,,2026-09-11,
1,0004(brokerage business),95233,26982,1,0004(brokerage business),18731,390,1,0148(brokerage business),26283,5666
2,0163(brokerage business),63952,33637,2,0034(brokerage business),13786,672,2,0004(brokerage business),26228,3945
3,0148(brokerage business),45499,21129,3,0148(brokerage business),13545,1943,3,0103(brokerage business),17355,619
4,0275(brokerage business),21963,6320,4,0163(brokerage business),10475,3682,4,0335(brokerage business),12167,1034
5,0253(brokerage business),19355,9780,5,0082(brokerage business),9181,-1545,5,0163(brokerage business),10063,2040
6,0272(brokerage business),13320,4741,6,0077(brokerage business),7161,-67,6,0253(brokerage business),8853,1511
7,0081(brokerage business),11584,6652,7,0123(brokerage business),6477,-25,7,0272(brokerage business),7340,-288
8,0240(brokerage business),11228,2450,8,0323(brokerage business),5576,1139,8,0059(brokerage business),6456,-621
9,0059(brokerage business),10226,1108,9,0103(brokerage business),5330,362,9,0268(brokerage business),6429,751
10,0268(brokerage business),9201,4337,10,0288(brokerage business),5223,539,10,0082(brokerage business),5220,936
11,0298(brokerage business),8854,2916,11,0253(brokerage business),4977,66,11,0288(brokerage business),4521,1266
12,0186(brokerage business),8633,2067,12,0116(brokerage business),4700,-11,12,0240(brokerage business),3882,885
13,0103(brokerage business),7135,2829,13,0272(brokerage business),4477,396,13,0058(brokerage business),3628,-227
14,0034(brokerage business),6817,3426,14,0268(brokerage business),3873,1152,14,0034(brokerage business),3595,359
15,0019(brokerage business),6289,3312,15,0003(brokerage business),3647,50,15,0003(brokerage business),3002,-2779
16,0151(brokerage business),6123,3330,16,0275(brokerage business),3517,968,16,0151(brokerage business),2924,-311
17,0335(brokerage business),5792,3936,17,0298(brokerage business),3492,1356,17,0069(brokerage business),2859,118
18,0082(brokerage business),5757,4454,18,0240(brokerage business),3236,845,18,0123(brokerage business),2783,-274
19,0308(brokerage business),5235,1984,19,0161(brokerage business),3099,442,19,0274(brokerage business),2639,210
20,0259(brokerage business),5227,3017,20,0139(brokerage business),3069,991,20,0007(brokerage business),2568,1043
Total,,367423,148407,Total,,133572,13345,Total,,158795,15883
Member/OSP Type,Total Volume,Change from Previous Trading Day,Member/OSP Type,Total Long Position,Change from Previous Trading Day,Member/OSP Type,Total Short Position,Change from Previous Trading Day,,,
Contract Code：adall,,,,,,,2026-09-11,,,,
Name of FF Member/OSBP,29978,7602,Name of FF Member/OSBP,24795,-276,Name of FF Member/OSBP,24795,-276,,,
Name of Non-FF Member/OSNBP,0,0,Name of Non-FF Member/OSNBP,0,0,Name of Non-FF Member/OSNBP,0,0,,,
Ranking,Name of FF Member /OSBPs,Volume,Change from Previous Trading Day,Ranking,Name of FF Member /OSBPs,Long Position,Change from Previous Trading Day,Ranking,Name of FF Member /OSBPs,Short Position,Change from Previous Trading Day
Contract Code：ad2609,,,,,,,,,,2026-09-11,
1,0004(brokerage business),30,9,1,0018(brokerage business),180,0,1,0275(brokerage business),186,0
2,0272(brokerage business),30,30,2,0148(brokerage business),135,0,2,0123(brokerage business),81,0
3,,,,3,0320(brokerage business),123,0,3,0004(brokerage business),69,-30
4,,,,4,0004(brokerage business),33,0,4,0103(brokerage business),63,0
5,,,,5,0163(brokerage business),9,0,5,0169(brokerage business),33,0
6,,,,6,0125(brokerage business),6,0,6,0277(brokerage business),27,0
7,,,,7,0272(brokerage business),3,-30,7,0153(brokerage business),18,0
8,,,,8,,,,8,0139(brokerage business),12,0
Total,,60,39,Total,,489,-30,Total,,489,-30
Ranking,Name of FF Member /OSBPs,Volume,Change from Previous Trading Day,Ranking,Name of FF Member /OSBPs,Long Position,Change from Previous Trading Day,Ranking,Name of FF Member /OSBPs,Short Position,Change from Previous Trading Day
Contract Code：ad2610,,,,,,,,,,2026-09-11,
1,0163(brokerage business),700,276,1,0123(brokerage business),460,64,1,0123(brokerage business),454,-20
2,0123(brokerage business),520,487,2,0253(brokerage business),384,49,2,0275(brokerage business),376,7
3,0004(brokerage business),511,269,3,0004(brokerage business),367,-227,3,0139(brokerage business),372,-10
4,0148(brokerage business),319,192,4,0139(brokerage business),319,0,4,0253(brokerage business),351,-31
5,0253(brokerage business),232,150,5,0323(brokerage business),300,-49,5,0323(brokerage business),319,0
6,0137(brokerage business),162,85,6,0009(brokerage business),295,0,6,0048(brokerage business),304,0
7,0275(brokerage business),125,40,7,0275(brokerage business),292,8,7,0009(brokerage business),292,-50
8,0008(brokerage business),110,80,8,0257(brokerage business),288,-10,8,0257(brokerage business),290,-4
9,0257(brokerage business),110,17,9,0048(brokerage business),285,0,9,0096(brokerage business),276,0
10,0096(brokerage business),106,32,10,0008(brokerage business),272,-18,10,0008(brokerage business),272,-18
11,0009(brokerage business),100,82,11,0137(brokerage business),271,-7,11,0004(brokerage business),269,24
12,0349(brokerage business),83,7,12,0096(brokerage business),270,0,12,0137(brokerage business),255,-3
13,0268(brokerage business),70,-46,13,0034(brokerage business),257,-5,13,0163(brokerage business),141,-10
14,0323(brokerage business),65,56,14,0148(brokerage business),149,49,14,0272(brokerage business),133,-3
15,0139(brokerage business),64,58,15,0272(brokerage business),106,5,15,0103(brokerage business),93,-10
16,0059(brokerage business),57,10,16,0163(brokerage business),96,-22,16,0349(brokerage business),85,-57
17,0299(brokerage business),45,44,17,0268(brokerage business),36,30,17,0148(brokerage business),78,-10
18,0048(brokerage business),42,8,18,0069(brokerage business),30,0,18,0335(brokerage business),49,-3
19,0043(brokerage business),39,39,19,0277(brokerage business),24,0,19,0268(brokerage business),32,-30
20,0138(brokerage business),32,-3,20,0095(brokerage business),20,1,20,0277(brokerage business),30,0
Total,,3492,1883,Total,,4521,-132,Total,,4471,-228
Ranking,Name of FF Member /OSBPs,Volume,Change from Previous Trading Day,Ranking,Name of FF Member /OSBPs,Long Position,Change from Previous Trading Day,Ranking,Name of FF Member /OSBPs,Short Position,Change from Previous Trading Day
Contract Code：ad2611,,,,,,,,,,2026-09-11,
1,0163(brokerage business),3118,848,1,0323(brokerage business),1986,42,1,0323(brokerage business),1901,2
2,0004(brokerage business),2081,551,2,0123(brokerage business),1823,-10,2,0139(brokerage business),1675,0
3,0081(brokerage business),1894,556,3,0139(brokerage business),1388,-24,3,0123(brokerage business),1653,-45
4,0257(brokerage business),1576,740,4,0148(brokerage business),1304,38,4,0253(brokerage business),1301,-4
5,0253(brokerage business),1164,111,5,0253(brokerage business),1235,44,5,0004(brokerage business),1287,-177
6,0123(brokerage business),1093,-32,6,0048(brokerage business),1215,78,6,0048(brokerage business),1201,78
7,0008(brokerage business),1040,-250,7,0257(brokerage business),1195,4,7,0272(brokerage business),1200,348
8,0275(brokerage business),917,19,8,0009(brokerage business),1059,127,8,0257(brokerage business),1196,-16
9,0148(brokerage business),819,266,9,0137(brokerage business),1012,-24,9,0009(brokerage business),1056,136
10,0048(brokerage business),656,-156,10,0163(brokerage business),1006,-71,10,0137(brokerage business),1029,4
11,0272(brokerage business),549,128,11,0096(brokerage business),1005,0,11,0096(brokerage business),1013,0
12,0139(brokerage business),464,-142,12,0275(brokerage business),921,12,12,0008(brokerage business),899,0
13,0151(brokerage business),436,425,13,0008(brokerage business),893,-6,13,0275(brokerage business),885,-1
14,0069(brokerage business),326,52,14,0034(brokerage business),394,-38,14,0268(brokerage business),546,45
15,0009(brokerage business),293,230,15,0004(brokerage business),386,-18,15,0148(brokerage business),450,-7
16,0096(brokerage business),272,-211,16,0082(brokerage business),194,-53,16,0067(brokerage business),301,1
17,0067(brokerage business),262,49,17,0320(brokerage business),174,139,17,0018(brokerage business),194,-7
18,0137(brokerage business),250,129,18,0288(brokerage business),124,-2,18,0103(brokerage business),168,44
19,0298(brokerage business),151,69,19,0067(brokerage business),119,47,19,0163(brokerage business),158,-105
20,0320(brokerage business),150,26,20,0240(brokerage business),106,31,20,0151(brokerage business),132,-34
Total,,17511,3408,Total,,17539,316,Total,,18245,262
Member/OSP Type,Total Volume,Change from Previous Trading Day,Member/OSP Type,Total Long Position,Change from Previous Trading Day,Member/OSP Type,Total Short Position,Change from Previous Trading Day,,,
Contract Code：auall,,,,,,,2026-09-11,,,,
Name of FF Member/OSBP,897102,137541,Name of FF Member/OSBP,322169,-1769,Name of FF Member/OSBP,71289,807,,,
Name of Non-FF Member/OSNBP,31882,9997,Name of Non-FF Member/OSNBP,84091,4791,Name of Non-FF Member/OSNBP,334971,2215,,,
Ranking,Name of FF Member /OSBPs,Volume,Change from Previous Trading Day,Ranking,Name of FF Member /OSBPs,Long Position,Change from Previous Trading Day,Ranking,Name of FF Member /OSBPs,Short Position,Change from Previous Trading Day
Contract Code：au2609,,,,,,,,,,2026-09-11,
1,,,,1,0004(brokerage business),207,0,1,0186(brokerage business),69,0
2,,,,2,0277(brokerage business),12,0,2,0253(brokerage business),33,0
3,,,,3,0008(brokerage business),9,0,3,,,
4,,,,4,0272(brokerage business),9,0,4,,,
5,,,,5,0049(brokerage business),3,0,5,,,
6,,,,6,0123(brokerage business),3,0,6,,,
Total,,,,Total,,243,0,Total,,102,0
Ranking,Name of FF Member /OSBPs,Volume,Change from Previous Trading Day,Ranking,Name of FF Member /OSBPs,Long Position,Change from Previous Trading Day,Ranking,Name of FF Member /OSBPs,Short Position,Change from Previous Trading Day
Contract Code：au2610,,,,,,,,,,2026-09-11,
1,0004(brokerage business),129268,38221,1,0004(brokerage business),17767,-1075,1,0004(brokerage business),8610,-315
2,0148(brokerage business),74363,6850,2,0148(brokerage business),10193,-1876,2,0163(brokerage business),2241,401
3,0163(brokerage business),51627,3295,3,0272(brokerage business),6962,-131,3,0240(brokerage business),2174,64
4,0272(brokerage business),32884,4559,4,0163(brokerage business),6685,-702,4,0148(brokerage business),1547,-219
5,0253(brokerage business),31633,5881,5,0288(brokerage business),4875,-72,5,0272(brokerage business),1271,-67
6,0308(brokerage business),29533,1011,6,0253(brokerage business),4710,-169,6,0253(brokerage business),1064,-620
7,0275(brokerage business),17786,991,7,0034(brokerage business),4499,-50,7,0268(brokerage business),959,-168
8,0096(brokerage business),15229,2663,8,0082(brokerage business),4437,-235,8,0009(brokerage business),892,24
9,0161(brokerage business),13524,3858,9,0268(brokerage business),3379,-7,9,0137(brokerage business),767,65
10,0372(brokerage business),11988,4208,10,0240(brokerage business),3322,-777,10,0306(brokerage business),754,744
11,0240(brokerage business),11885,879,11,0103(brokerage business),3266,-770,11,0049(brokerage business),736,-25
12,0123(brokerage business),11031,1551,12,0169(brokerage business),2913,139,12,0096(brokerage business),698,23
13,0081(brokerage business),10367,-2011,13,0042(brokerage business),2891,-285,13,0034(brokerage business),566,-27
14,0009(brokerage business),10319,-1115,14,0275(brokerage business),2661,-151,14,0059(brokerage business),558,-146
15,0274(brokerage business),9792,3296,15,0161(brokerage business),2510,158,15,0001(brokerage business),495,-490
16,0268(brokerage business),8965,-179,16,0335(brokerage business),1843,-515,16,0372(brokerage business),482,30
17,0034(brokerage business),8827,-443,17,0323(brokerage business),1842,-32,17,0042(brokerage business),460,-47
18,0077(brokerage business),8269,2197,18,0274(brokerage business),1768,-157,18,0288(brokerage business),376,-382
19,0298(brokerage business),5974,-1466,19,0308(brokerage business),1738,21,19,0186(brokerage business),373,28
20,0103(brokerage business),5689,946,20,0096(brokerage business),1564,-6,20,0308(brokerage business),345,-42
Total,,498953,75192,Total,,89825,-6692,Total,,25368,-1169
Ranking,Name of FF Member /OSBPs,Volume,Change from Previous Trading Day,Ranking,Name of FF Member /OSBPs,Long Position,Change from Previous Trading Day,Ranking,Name of FF Member /OSBPs,Short Position,Change from Previous Trading Day
Contract Code：au2612,,,,,,,,,,2026-09-11,
1,0004(brokerage business),34008,8215,1,0004(brokerage business),25039,1973,1,0148(brokerage business),3626,302
2,0272(brokerage business),20868,4859,2,0148(brokerage business),16192,591,2,0004(brokerage business),2398,277
3,0148(brokerage business),20317,4494,3,0163(brokerage business),7874,95,3,0025(brokerage business),1798,-4
4,0253(brokerage business),11427,2055,4,0067(brokerage business),7444,2836,4,0268(brokerage business),1719,112
5,0163(brokerage business),11420,2737,5,0253(brokerage business),5622,25,5,0001(brokerage business),1611,325
6,0274(brokerage business),7403,2912,6,0103(brokerage business),4911,-110,6,0049(brokerage business),1469,274
7,0096(brokerage business),7237,2650,7,0272(brokerage business),4373,-196,7,0082(brokerage business),1356,27
8,0308(brokerage business),6586,2517,8,0240(brokerage business),3052,-699,8,0272(brokerage business),904,40
9,0009(brokerage business),5799,920,9,0268(brokerage business),2814,298,9,0089(brokerage business),876,-94
10,0161(brokerage business),5586,2885,10,0003(brokerage business),2600,34,10,0052(brokerage business),805,0
11,0067(brokerage business),5513,1922,11,0123(brokerage business),2355,44,11,0096(brokerage business),696,56
12,0240(brokerage business),4258,1300,12,0082(brokerage business),2317,-52,12,0009(brokerage business),613,13
13,0081(brokerage business),3707,1594,13,0288(brokerage business),2160,-16,13,0034(brokerage business),566,2
14,0103(brokerage business),2933,1295,14,0042(brokerage business),2013,330,14,0253(brokerage business),509,-114
15,0034(brokerage business),2782,1376,15,0069(brokerage business),1890,-91,15,0372(brokerage business),457,30
16,0275(brokerage business),2768,-809,16,0239(brokerage business),1840,-254,16,0288(brokerage business),455,97
17,0001(brokerage business),2512,-1112,17,0034(brokerage business),1770,46,17,0007(brokerage business),440,48
18,0268(brokerage business),2378,997,18,0323(brokerage business),1650,-17,18,0042(brokerage business),439,4
19,0123(brokerage business),2340,573,19,0349(brokerage business),1650,0,19,0163(brokerage business),373,105
20,0059(brokerage business),2254,664,20,0169(brokerage business),1588,278,20,0137(brokerage business),325,140
Total,,162096,42044,Total,,99154,5115,Total,,21435,1640
Ranking,Name of FF Member /OSBPs,Volume,Change from Previous Trading Day,Ranking,Name of FF Member /OSBPs,Long Position,Change from Previous Trading Day,Ranking,Name of FF Member /OSBPs,Short Position,Change from Previous Trading Day
Contract Code：au2702,,,,,,,,,,2026-09-11,
1,0148(brokerage business),7585,1612,1,0067(brokerage business),3224,294,1,0323(brokerage business),1038,1
2,0161(brokerage business),5930,1549,2,0148(brokerage business),2740,-6,2,0004(brokerage business),608,-152
3,0004(brokerage business),5745,538,3,0272(brokerage business),2701,-53,3,0025(brokerage business),420,60
4,0308(brokerage business),4250,411,4,0004(brokerage business),2261,115,4,0148(brokerage business),343,81
5,0272(brokerage business),4052,-397,5,0323(brokerage business),1167,-5,5,0275(brokerage business),290,6
6,0253(brokerage business),3878,607,6,0163(brokerage business),972,52,6,0169(brokerage business),236,2
7,0096(brokerage business),2032,-195,7,0288(brokerage business),831,-102,7,0253(brokerage business),181,137
8,0163(brokerage business),2012,-75,8,0103(brokerage business),652,4,8,0272(brokerage business),137,1
9,0067(brokerage business),1769,802,9,0123(brokerage business),585,5,9,0009(brokerage business),126,72
10,0009(brokerage business),1110,-176,10,0025(brokerage business),558,59,10,0042(brokerage business),111,-66
11,0081(brokerage business),889,183,11,0009(brokerage business),546,80,11,0058(brokerage business),93,-5
12,0059(brokerage business),864,410,12,0311(brokerage business),417,-3,12,0333(brokerage business),90,53
13,0069(brokerage business),772,-67,13,0253(brokerage business),405,-275,13,0034(brokerage business),73,0
14,0240(brokerage business),772,87,14,0274(brokerage business),377,2,14,0163(brokerage business),69,-4
15,0274(brokerage business),679,-242,15,0308(brokerage business),377,-60,15,0335(brokerage business),66,31
16,0288(brokerage business),557,51,16,0268(brokerage business),349,7,16,0239(brokerage business),65,-1
17,0137(brokerage business),477,-33,17,0081(brokerage business),333,92,17,0308(brokerage business),65,0
18,0268(brokerage business),473,45,18,0008(brokerage business),287,0,18,0240(brokerage business),62,2
19,0001(brokerage business),310,130,19,0161(brokerage business),267,-21,19,0268(brokerage business),62,-18
20,0007(brokerage business),271,155,20,0034(brokerage business),251,21,20,0137(brokerage business),56,14
Total,,44427,5395,Total,,19300,206,Total,,4191,214
Ranking,Name of FF Member /OSBPs,Volume,Change from Previous Trading Day,Ranking,Name of FF Member /OSBPs,Long Position,Change from Previous Trading Day,Ranking,Name of FF Member /OSBPs,Short Position,Change from Previous Trading Day
Contract Code：au2704,,,,,,,,,,2026-09-11,
1,0163(brokerage business),1398,373,1,0148(brokerage business),2519,58,1,0323(brokerage business),1002,2
2,0004(brokerage business),1318,451,2,0004(brokerage business),1153,-81,2,0004(brokerage business),202,15
3,0308(brokerage business),1161,-194,3,0323(brokerage business),1066,4,3,0163(brokerage business),99,64
4,0148(brokerage business),1129,373,4,0067(brokerage business),1020,-305,4,0272(brokerage business),68,-6
5,0161(brokerage business),989,-296,5,0123(brokerage business),577,12,5,0009(brokerage business),39,0
6,0069(brokerage business),655,368,6,0275(brokerage business),451,98,6,0049(brokerage business),39,6
7,0137(brokerage business),552,186,7,0272(brokerage business),397,82,7,0148(brokerage business),36,17
8,0253(brokerage business),446,-105,8,0253(brokerage business),280,101,8,0308(brokerage business),35,12
9,0272(brokerage business),400,164,9,0327(brokerage business),192,-1,9,0244(brokerage business),32,4
10,0067(brokerage business),316,301,10,0288(brokerage business),173,0,10,0268(brokerage business),28,2
11,0081(brokerage business),279,85,11,0163(brokerage business),167,-12,11,0042(brokerage business),26,-2
12,0268(brokerage business),266,68,12,0156(brokerage business),163,2,12,0137(brokerage business),26,12
13,0275(brokerage business),224,195,13,0001(brokerage business),131,6,13,0332(brokerage business),22,0
14,0271(brokerage business),170,78,14,0268(brokerage business),110,4,14,0333(brokerage business),22,0
15,0001(brokerage business),124,48,15,0308(brokerage business),86,-9,15,0151(brokerage business),17,-5
16,0103(brokerage business),122,79,16,0240(brokerage business),78,0,16,0081(brokerage business),15,-1
17,0240(brokerage business),88,-11,17,0018(brokerage business),72,16,17,0153(brokerage business),15,1
18,0018(brokerage business),80,51,18,0003(brokerage business),69,3,18,0238(brokerage business),14,0
19,0009(brokerage business),75,-70,19,0311(brokerage business),63,-1,19,0240(brokerage business),14,0
20,0151(brokerage business),70,29,20,0048(brokerage business),50,0,20,0253(brokerage business),14,-9
Total,,9862,2173,Total,,8817,-23,Total,,1765,112
Member/OSP Type,Total Volume,Change from Previous Trading Day,Member/OSP Type,Total Long Position,Change from Previous Trading Day,Member/OSP Type,Total Short Position,Change from Previous Trading Day,,,
Contract Code：agall,,,,,,,2026-09-11,,,,
Name of FF Member/OSBP,2126114,-143932,Name of FF Member/OSBP,508660,17374,Name of FF Member/OSBP,352803,15416,,,
Name of Non-FF Member/OSNBP,18642,4740,Name of Non-FF Member/OSNBP,57443,794,Name of Non-FF Member/OSNBP,213300,2752,,,
Ranking,Name of FF Member /OSBPs,Volume,Change from Previous Trading Day,Ranking,Name of FF Member /OSBPs,Long Position,Change from Previous Trading Day,Ranking,Name of FF Member /OSBPs,Short Position,Change from Previous Trading Day
Contract Code：ag2609,,,,,,,,,,2026-09-11,
1,0240(brokerage business),42,38,1,0004(brokerage business),1126,-6,1,0001(brokerage business),526,0
2,0186(brokerage business),18,18,2,0148(brokerage business),296,0,2,0049(brokerage business),472,0
3,0272(brokerage business),16,-32,3,0321(brokerage business),268,0,3,0311(brokerage business),438,0
4,0069(brokerage business),14,-8,4,0058(brokerage business),170,0,4,0004(brokerage business),212,0
5,0163(brokerage business),12,-24,5,0272(brokerage business),166,0,5,0275(brokerage business),212,-8
6,0052(brokerage business),10,10,6,0308(brokerage business),144,0,6,0052(brokerage business),106,10
7,0275(brokerage business),8,-10,7,0025(brokerage business),100,0,7,0034(brokerage business),82,0
8,0004(brokerage business),6,-42,8,0276(brokerage business),100,0,8,0306(brokerage business),54,0
9,0077(brokerage business),6,6,9,0069(brokerage business),86,14,9,0153(brokerage business),32,0
10,0096(brokerage business),6,6,10,0103(brokerage business),84,2,10,0321(brokerage business),30,0
11,0007(brokerage business),2,2,11,0240(brokerage business),84,2,11,0043(brokerage business),16,0
12,0082(brokerage business),2,2,12,0253(brokerage business),70,0,12,0051(brokerage business),16,0
13,0103(brokerage business),2,-60,13,0171(brokerage business),60,0,13,0067(brokerage business),4,0
14,,,,14,0322(brokerage business),60,0,14,0177(brokerage business),4,0
15,,,,15,0268(brokerage business),50,0,15,0123(brokerage business),2,0
16,,,,16,0077(brokerage business),46,6,16,0161(brokerage business),2,0
17,,,,17,0299(brokerage business),44,0,17,,,
18,,,,18,0338(brokerage business),40,0,18,,,
19,,,,19,0096(brokerage business),38,2,19,,,
20,,,,20,0042(brokerage business),20,0,20,,,
Total,,144,-94,Total,,3052,20,Total,,2208,2
Ranking,Name of FF Member /OSBPs,Volume,Change from Previous Trading Day,Ranking,Name of FF Member /OSBPs,Long Position,Change from Previous Trading Day,Ranking,Name of FF Member /OSBPs,Short Position,Change from Previous Trading Day
Contract Code：ag2610,,,,,,,,,,2026-09-11,
1,0004(brokerage business),172871,-17407,1,0004(brokerage business),13894,-954,1,0004(brokerage business),18682,980
2,0148(brokerage business),111866,-5183,2,0148(brokerage business),12254,-607,2,0148(brokerage business),14592,-23
3,0163(brokerage business),74022,-5512,3,0163(brokerage business),8107,-2125,3,0163(brokerage business),8320,2131
4,0275(brokerage business),49516,-3637,4,0272(brokerage business),7552,149,4,0049(brokerage business),6402,-554
5,0253(brokerage business),41990,-3681,5,0034(brokerage business),6896,255,5,0253(brokerage business),5211,664
6,0240(brokerage business),38533,-14342,6,0288(brokerage business),6748,971,6,0137(brokerage business),5073,-511
7,0272(brokerage business),34580,-7145,7,0240(brokerage business),5426,281,7,0272(brokerage business),4111,-388
8,0308(brokerage business),32976,-6957,8,0253(brokerage business),5202,-132,8,0240(brokerage business),4068,792
9,0081(brokerage business),31754,3737,9,0275(brokerage business),4852,995,9,0001(brokerage business),2670,-1066
10,0034(brokerage business),31713,-1356,10,0268(brokerage business),4358,151,10,0139(brokerage business),2321,-250
11,0268(brokerage business),22587,-6943,11,0009(brokerage business),4332,821,11,0042(brokerage business),2277,-263
12,0298(brokerage business),19172,-8323,12,0082(brokerage business),3699,526,12,0034(brokerage business),2099,-762
13,0103(brokerage business),16997,1508,13,0081(brokerage business),3619,353,13,0275(brokerage business),2010,-85
14,0186(brokerage business),15905,-6027,14,0298(brokerage business),3002,610,14,0103(brokerage business),1866,327
15,0123(brokerage business),14506,-461,15,0096(brokerage business),2878,261,15,0006(brokerage business),1810,15
16,0288(brokerage business),14225,-1133,16,0049(brokerage business),2867,-925,16,0059(brokerage business),1736,-40
17,0137(brokerage business),12359,-3950,17,0042(brokerage business),2863,-343,17,0025(brokerage business),1710,-42
18,0259(brokerage business),12340,138,18,0003(brokerage business),2853,42,18,0288(brokerage business),1620,-458
19,0009(brokerage business),11540,-1719,19,0161(brokerage business),2736,502,19,0069(brokerage business),1593,106
20,0096(brokerage business),10984,1044,20,0308(brokerage business),2701,220,20,0082(brokerage business),1463,-1105
Total,,770436,-87349,Total,,106839,1051,Total,,89634,-532
Ranking,Name of FF Member /OSBPs,Volume,Change from Previous Trading Day,Ranking,Name of FF Member /OSBPs,Long Position,Change from Previous Trading Day,Ranking,Name of FF Member /OSBPs,Short Position,Change from Previous Trading Day
Contract Code：ag2612,,,,,,,,,,2026-09-11,
1,0004(brokerage business),59225,16347,1,0272(brokerage business),14398,192,1,0148(brokerage business),25255,1057
2,0148(brokerage business),30946,4158,2,0004(brokerage business),13821,2123,2,0004(brokerage business),16453,2146
3,0275(brokerage business),23689,-2796,3,0082(brokerage business),11941,235,3,0163(brokerage business),6844,305
4,0163(brokerage business),21482,972,4,0163(brokerage business),9128,-599,4,0272(brokerage business),6007,593
5,0240(brokerage business),14076,-762,5,0049(brokerage business),8331,-241,5,0049(brokerage business),5416,220
6,0123(brokerage business),11097,1704,6,0148(brokerage business),7231,327,6,0103(brokerage business),4408,45
7,0253(brokerage business),10901,-3344,7,0103(brokerage business),6384,89,7,0123(brokerage business),3238,528
8,0272(brokerage business),9953,-1169,8,0288(brokerage business),5930,79,8,0372(brokerage business),2963,791
9,0103(brokerage business),7280,-325,9,0067(brokerage business),5817,-1040,9,0096(brokerage business),2873,916
10,0308(brokerage business),6966,-805,10,0253(brokerage business),5644,362,10,0025(brokerage business),2829,-241
11,0034(brokerage business),6951,-89,11,0268(brokerage business),5482,367,11,0042(brokerage business),2822,317
12,0081(brokerage business),6143,-3731,12,0034(brokerage business),4604,797,12,0139(brokerage business),2779,330
13,0096(brokerage business),5498,2027,13,0240(brokerage business),4518,453,13,0315(brokerage business),2750,312
14,0161(brokerage business),5371,1019,14,0025(brokerage business),4343,9,14,0034(brokerage business),2727,-296
15,0009(brokerage business),5254,35,15,0043(brokerage business),4177,70,15,0137(brokerage business),2599,707
16,0067(brokerage business),4940,3209,16,0042(brokerage business),3877,-279,16,0006(brokerage business),2485,804
17,0268(brokerage business),4821,229,17,0275(brokerage business),3181,901,17,0240(brokerage business),2345,61
18,0059(brokerage business),4412,1685,18,0161(brokerage business),2505,124,18,0059(brokerage business),2281,1031
19,0049(brokerage business),4231,414,19,0096(brokerage business),2260,138,19,0274(brokerage business),1959,-33
20,0137(brokerage business),3969,-423,20,0333(brokerage business),2233,854,20,0009(brokerage business),1955,-12
Total,,247205,18355,Total,,125805,4961,Total,,100988,9581
Ranking,Name of FF Member /OSBPs,Volume,Change from Previous Trading Day,Ranking,Name of FF Member /OSBPs,Long Position,Change from Previous Trading Day,Ranking,Name of FF Member /OSBPs,Short Position,Change from Previous Trading Day
Contract Code：ag2702,,,,,,,,,,2026-09-11,
1,0004(brokerage business),71491,-3031,1,0148(brokerage business),5855,148,1,0004(brokerage business),10727,1417
2,0163(brokerage business),53233,-6197,2,0004(brokerage business),3916,894,2,0148(brokerage business),9994,1025
3,0148(brokerage business),37569,-8849,3,0082(brokerage business),3883,-46,3,0372(brokerage business),7449,804
4,0275(brokerage business),32349,1969,4,0272(brokerage business),3781,409,4,0163(brokerage business),6533,1199
5,0240(brokerage business),18762,-4211,5,0043(brokerage business),3331,9,5,0272(brokerage business),3257,-206
6,0081(brokerage business),15153,-935,6,0163(brokerage business),3288,140,6,0049(brokerage business),3160,13
7,0253(brokerage business),15004,-5180,7,0009(brokerage business),2559,632,7,0042(brokerage business),1775,-61
8,0308(brokerage business),13913,120,8,0253(brokerage business),2476,251,8,0123(brokerage business),1492,31
9,0009(brokerage business),12787,-5923,9,0049(brokerage business),1911,29,9,0069(brokerage business),1403,-21
10,0123(brokerage business),12038,-1654,10,0333(brokerage business),1442,673,10,0034(brokerage business),993,-40
11,0272(brokerage business),10579,-1829,11,0003(brokerage business),1426,27,11,0315(brokerage business),684,0
12,0067(brokerage business),9514,-5212,12,0240(brokerage business),1377,425,12,0240(brokerage business),663,215
13,0298(brokerage business),7616,-1243,13,0067(brokerage business),1278,-1067,13,0096(brokerage business),428,96
14,0096(brokerage business),6414,27,14,0123(brokerage business),1238,45,14,0253(brokerage business),363,-253
15,0186(brokerage business),6028,-1645,15,0277(brokerage business),1006,872,15,0335(brokerage business),350,124
16,0268(brokerage business),5940,-736,16,0042(brokerage business),951,430,16,0009(brokerage business),344,-73
17,0161(brokerage business),4691,-1060,17,0034(brokerage business),923,231,17,0058(brokerage business),326,180
18,0034(brokerage business),4565,-21,18,0151(brokerage business),898,-10,18,0239(brokerage business),323,323
19,0137(brokerage business),4530,-1343,19,0268(brokerage business),880,-42,19,0311(brokerage business),289,-5
20,0238(brokerage business),4491,-73,20,0025(brokerage business),836,408,20,0059(brokerage business),255,66
Total,,346667,-47026,Total,,43255,4458,Total,,50808,4834
Member/OSP Type,Total Volume,Change from Previous Trading Day,Member/OSP Type,Total Long Position,Change from Previous Trading Day,Member/OSP Type,Total Short Position,Change from Previous Trading Day,,,
Contract Code：rball,,,,,,,2026-09-11,,,,
Name of FF Member/OSBP,2269750,398964,Name of FF Member/OSBP,2749348,-21553,Name of FF Member/OSBP,2749348,-21553,,,
Name of Non-FF Member/OSNBP,0,0,Name of Non-FF Member/OSNBP,0,0,Name of Non-FF Member/OSNBP,0,0,,,
Ranking,Name of FF Member /OSBPs,Volume,Change from Previous Trading Day,Ranking,Name of FF Member /OSBPs,Long Position,Change from Previous Trading Day,Ranking,Name of FF Member /OSBPs,Short Position,Change from Previous Trading Day
Contract Code：rb2609,,,,,,,,,,2026-09-11,
1,0004(brokerage business),150,150,1,0008(brokerage business),870,0,1,0007(brokerage business),600,-30
2,0067(brokerage business),150,150,2,0163(brokerage business),600,0,2,0004(brokerage business),450,-30
3,0007(brokerage business),30,30,3,0004(brokerage business),120,120,3,0277(brokerage business),330,0
4,0240(brokerage business),30,-270,4,0159(brokerage business),120,0,4,0253(brokerage business),240,0
5,0268(brokerage business),30,30,5,,,,5,0272(brokerage business),30,0
6,0323(brokerage business),30,30,6,,,,6,0274(brokerage business),30,0
7,,,,7,,,,7,0275(brokerage business),30,0
Total,,420,120,Total,,1710,120,Total,,1710,-60
Ranking,Name of FF Member /OSBPs,Volume,Change from Previous Trading Day,Ranking,Name of FF Member /OSBPs,Long Position,Change from Previous Trading Day,Ranking,Name of FF Member /OSBPs,Short Position,Change from Previous Trading Day
Contract Code：rb2610,,,,,,,,,,2026-09-11,
1,0004(brokerage business),40245,3188,1,0004(brokerage business),49325,-1826,1,0004(brokerage business),50969,-7903
2,0163(brokerage business),31097,-6986,2,0163(brokerage business),24659,-785,2,0163(brokerage business),35512,-600
3,0148(brokerage business),23945,3444,3,0148(brokerage business),24433,-295,3,0148(brokerage business),28067,-748
4,0253(brokerage business),15071,-3713,4,0272(brokerage business),13762,-669,4,0103(brokerage business),26505,-4814
5,0275(brokerage business),10887,-4576,5,0103(brokerage business),13087,-2704,5,0034(brokerage business),24873,674
6,0103(brokerage business),10676,3592,6,0275(brokerage business),11153,-133,6,0096(brokerage business),16436,866
7,0081(brokerage business),8100,1483,7,0058(brokerage business),11068,497,7,0275(brokerage business),16127,-798
8,0034(brokerage business),5108,618,8,0009(brokerage business),10420,-1095,8,0253(brokerage business),13182,-1670
9,0272(brokerage business),4739,487,9,0178(brokerage business),9890,-325,9,0123(brokerage business),11901,-873
10,0125(brokerage business),4720,2839,10,0082(brokerage business),8927,-368,10,0272(brokerage business),10794,-1246
11,0077(brokerage business),4235,2129,11,0123(brokerage business),8671,-564,11,0058(brokerage business),9474,81
12,0240(brokerage business),4138,-3759,12,0069(brokerage business),8361,-229,12,0042(brokerage business),9289,-3
13,0186(brokerage business),4041,1378,13,0253(brokerage business),8255,-1551,13,0059(brokerage business),8833,-1331
14,0096(brokerage business),3870,1899,14,0059(brokerage business),7675,-55,14,0274(brokerage business),7544,-1018
15,0059(brokerage business),3546,707,15,0034(brokerage business),7022,-708,15,0306(brokerage business),7203,-4
16,0259(brokerage business),3486,-3511,16,0125(brokerage business),6987,-3564,16,0238(brokerage business),6974,-26
17,0058(brokerage business),3116,691,17,0137(brokerage business),6068,-1048,17,0418(brokerage business),6902,-235
18,0082(brokerage business),2913,312,18,0096(brokerage business),6033,64,18,0178(brokerage business),6822,-517
19,0123(brokerage business),2513,167,19,0274(brokerage business),5570,48,19,0125(brokerage business),6529,616
20,0042(brokerage business),2494,-907,20,0323(brokerage business),5480,-1335,20,0259(brokerage business),6450,-1175
Total,,188940,-518,Total,,246846,-16645,Total,,310386,-20724
Ranking,Name of FF Member /OSBPs,Volume,Change from Previous Trading Day,Ranking,Name of FF Member /OSBPs,Long Position,Change from Previous Trading Day,Ranking,Name of FF Member /OSBPs,Short Position,Change from Previous Trading Day
Contract Code：rb2611,,,,,,,,,,2026-09-11,
1,0163(brokerage business),7152,-107,1,0323(brokerage business),54492,141,1,0323(brokerage business),52672,-12
2,0004(brokerage business),4193,-70,2,0004(brokerage business),34487,-333,2,0148(brokerage business),33016,-717
3,0148(brokerage business),4145,2077,3,0148(brokerage business),30621,-218,3,0004(brokerage business),30731,412
4,0253(brokerage business),3186,-1435,4,0163(brokerage business),30232,810,4,0151(brokerage business),28881,76
5,0082(brokerage business),2117,-1330,5,0253(brokerage business),29814,-677,5,0253(brokerage business),28360,199
6,0081(brokerage business),2084,-467,6,0151(brokerage business),26522,249,6,0163(brokerage business),27281,96
7,0312(brokerage business),1812,1810,7,0268(brokerage business),18319,-109,7,0272(brokerage business),18184,255
8,0103(brokerage business),1794,660,8,0272(brokerage business),18225,540,8,0082(brokerage business),18040,-55
9,0069(brokerage business),1628,617,9,0082(brokerage business),18022,-2,9,0081(brokerage business),17696,-381
10,0153(brokerage business),1475,1364,10,0081(brokerage business),17998,-327,10,0268(brokerage business),17005,-145
11,0272(brokerage business),1269,80,11,0069(brokerage business),15711,1,11,0069(brokerage business),15949,-71
12,0159(brokerage business),1093,1089,12,0139(brokerage business),12641,-380,12,0139(brokerage business),12612,-410
13,0268(brokerage business),1020,-18,13,0103(brokerage business),9467,118,13,0096(brokerage business),10556,121
14,0244(brokerage business),827,656,14,0096(brokerage business),6826,51,14,0034(brokerage business),9278,33
15,0139(brokerage business),818,-670,15,0244(brokerage business),6255,-347,15,0103(brokerage business),9200,-372
16,0009(brokerage business),710,198,16,0019(brokerage business),5994,125,16,0275(brokerage business),8635,-11
17,0177(brokerage business),696,592,17,0372(brokerage business),5842,-39,17,0244(brokerage business),6114,-308
18,0042(brokerage business),667,525,18,0259(brokerage business),3545,3,18,0019(brokerage business),3938,0
19,0096(brokerage business),652,-1426,19,0263(brokerage business),2634,0,19,0042(brokerage business),3758,17
20,0151(brokerage business),645,-411,20,0275(brokerage business),2264,403,20,0077(brokerage business),3639,-62
Total,,37983,3734,Total,,349911,9,Total,,355545,-1335
Ranking,Name of FF Member /OSBPs,Volume,Change from Previous Trading Day,Ranking,Name of FF Member /OSBPs,Long Position,Change from Previous Trading Day,Ranking,Name of FF Member /OSBPs,Short Position,Change from Previous Trading Day
Contract Code：rb2701,,,,,,,,,,2026-09-11,
1,0004(brokerage business),215674,34831,1,0148(brokerage business),230690,499,1,0004(brokerage business),169855,-4124
2,0148(brokerage business),201623,-275,2,0004(brokerage business),138143,-462,2,0148(brokerage business),99775,-7598
3,0163(brokerage business),186688,58454,3,0163(brokerage business),77251,1705,3,0239(brokerage business),99644,5593
4,0253(brokerage business),134558,36650,4,0272(brokerage business),76132,-7382,4,0103(brokerage business),91483,-5145
5,0272(brokerage business),120482,50758,5,0253(brokerage business),67600,3610,5,0163(brokerage business),76557,-3633
6,0275(brokerage business),75500,27329,6,0034(brokerage business),64176,-2703,6,0082(brokerage business),52675,-2294
7,0103(brokerage business),64403,26379,7,0103(brokerage business),55422,-21582,7,0272(brokerage business),48035,2968
8,0034(brokerage business),54643,23774,8,0268(brokerage business),38196,1154,8,0007(brokerage business),46767,-1941
9,0259(brokerage business),48032,21030,9,0059(brokerage business),37176,4142,9,0058(brokerage business),39984,-2635
10,0323(brokerage business),42758,32260,10,0042(brokerage business),35744,4610,10,0253(brokerage business),38914,706
11,0059(brokerage business),38169,4932,11,0274(brokerage business),32970,-245,11,0059(brokerage business),37982,1985
12,0274(brokerage business),28312,4283,12,0123(brokerage business),29513,10377,12,0274(brokerage business),35233,301
13,0240(brokerage business),26886,6953,13,0009(brokerage business),26936,5208,13,0084(brokerage business),35190,-226
14,0186(brokerage business),25813,-20,14,0240(brokerage business),26873,-1071,14,0277(brokerage business),33683,-288
15,0268(brokerage business),23400,607,15,0096(brokerage business),25994,1664,15,0034(brokerage business),30852,5358
16,0123(brokerage business),23141,6937,16,0058(brokerage business),24902,2765,16,0123(brokerage business),28857,242
17,0081(brokerage business),20525,-5140,17,0125(brokerage business),24162,7689,17,0275(brokerage business),28716,429
18,0335(brokerage business),20108,11422,18,0186(brokerage business),21516,4087,18,0335(brokerage business),27139,12957
19,0042(brokerage business),18649,10799,19,0069(brokerage business),21364,124,19,0003(brokerage business),23686,-2489
20,0308(brokerage business),18316,7153,20,0151(brokerage business),19830,1694,20,0125(brokerage business),22312,-3457
Total,,1387680,359116,Total,,1074590,15883,Total,,1067339,-3291
Ranking,Name of FF Member /OSBPs,Volume,Change from Previous Trading Day,Ranking,Name of FF Member /OSBPs,Long Position,Change from Previous Trading Day,Ranking,Name of FF Member /OSBPs,Short Position,Change from Previous Trading Day
Contract Code：rb2703,,,,,,,,,,2026-09-11,
1,0163(brokerage business),14944,-2221,1,0323(brokerage business),39824,-11,1,0323(brokerage business),39602,6
2,0004(brokerage business),6595,-748,2,0253(brokerage business),23191,119,2,0253(brokerage business),23031,232
3,0148(brokerage business),6261,-126,3,0274(brokerage business),20153,-34,3,0274(brokerage business),20789,2
4,0082(brokerage business),4666,959,4,0082(brokerage business),18025,-7,4,0082(brokerage business),18066,3
5,0123(brokerage business),3735,3324,5,0004(brokerage business),16205,1335,5,0004(brokerage business),15879,292
6,0096(brokerage business),3547,-1617,6,0151(brokerage business),15952,199,6,0151(brokerage business),15718,190
7,0275(brokerage business),2643,1696,7,0163(brokerage business),15571,-252,7,0163(brokerage business),15700,100
8,0081(brokerage business),2615,354,8,0103(brokerage business),15316,-4,8,0103(brokerage business),15433,0
9,0069(brokerage business),1549,693,9,0268(brokerage business),15158,509,9,0268(brokerage business),15191,519
10,0272(brokerage business),1492,-320,10,0081(brokerage business),14024,1069,10,0081(brokerage business),13997,1066
11,0268(brokerage business),1292,147,11,0139(brokerage business),13004,423,11,0139(brokerage business),12934,393
12,0151(brokerage business),1281,-1028,12,0272(brokerage business),12259,690,12,0272(brokerage business),12011,676
13,0253(brokerage business),1087,-2842,13,0148(brokerage business),10789,423,13,0148(brokerage business),11776,930
14,0103(brokerage business),966,135,14,0096(brokerage business),8395,-64,14,0096(brokerage business),8525,89
15,0311(brokerage business),886,-588,15,0069(brokerage business),8108,715,15,0069(brokerage business),8015,686
16,0139(brokerage business),826,-77,16,0238(brokerage business),5637,2,16,0238(brokerage business),5605,1
17,0323(brokerage business),593,-229,17,0138(brokerage business),4209,-8,17,0138(brokerage business),4001,-3
18,0169(brokerage business),464,401,18,0254(brokerage business),3041,111,18,0254(brokerage business),3031,100
19,0178(brokerage business),383,342,19,0019(brokerage business),2921,79,19,0019(brokerage business),2927,129
20,0007(brokerage business),361,-26,20,0259(brokerage business),2645,0,20,0259(brokerage business),2617,-1
Total,,56186,-1771,Total,,264427,5294,Total,,264848,5410
Member/OSP Type,Total Volume,Change from Previous Trading Day,Member/OSP Type,Total Long Position,Change from Previous Trading Day,Member/OSP Type,Total Short Position,Change from Previous Trading Day,,,
Contract Code：hcall,,,,,,,2026-09-11,,,,
Name of FF Member/OSBP,1462538,629250,Name of FF Member/OSBP,2029485,-116575,Name of FF Member/OSBP,2029485,-116575,,,
Name of Non-FF Member/OSNBP,0,0,Name of Non-FF Member/OSNBP,0,0,Name of Non-FF Member/OSNBP,0,0,,,
Ranking,Name of FF Member /OSBPs,Volume,Change from Previous Trading Day,Ranking,Name of FF Member /OSBPs,Long Position,Change from Previous Trading Day,Ranking,Name of FF Member /OSBPs,Short Position,Change from Previous Trading Day
Contract Code：hc2609,,,,,,,,,,2026-09-11,
1,0004(brokerage business),60,60,1,0004(brokerage business),960,30,1,0004(brokerage business),1620,30
2,0103(brokerage business),30,30,2,0151(brokerage business),720,0,2,0008(brokerage business),870,0
3,0311(brokerage business),30,30,3,0076(brokerage business),660,0,3,0159(brokerage business),480,0
4,,,,4,0125(brokerage business),540,0,4,0171(brokerage business),210,0
5,,,,5,0067(brokerage business),360,0,5,0067(brokerage business),180,0
6,,,,6,0148(brokerage business),210,0,6,0125(brokerage business),150,0
7,,,,7,0277(brokerage business),120,0,7,0042(brokerage business),120,0
8,,,,8,0103(brokerage business),30,-30,8,0019(brokerage business),60,0
9,,,,9,0163(brokerage business),30,0,9,,,
10,,,,10,0272(brokerage business),30,0,10,,,
11,,,,11,0311(brokerage business),30,30,11,,,
Total,,120,120,Total,,3690,30,Total,,3690,30
Ranking,Name of FF Member /OSBPs,Volume,Change from Previous Trading Day,Ranking,Name of FF Member /OSBPs,Long Position,Change from Previous Trading Day,Ranking,Name of FF Member /OSBPs,Short Position,Change from Previous Trading Day
Contract Code：hc2610,,,,,,,,,,2026-09-11,
1,0004(brokerage business),38773,21566,1,0004(brokerage business),43529,-16908,1,0004(brokerage business),33257,-4411
2,0163(brokerage business),34984,18556,2,0103(brokerage business),21522,-4939,2,0272(brokerage business),18239,-2424
3,0275(brokerage business),19429,16591,3,0163(brokerage business),15309,-441,3,0275(brokerage business),16839,-7505
4,0148(brokerage business),16353,7653,4,0009(brokerage business),14112,-2874,4,0058(brokerage business),15909,-3645
5,0253(brokerage business),10560,6194,5,0253(brokerage business),11026,-3034,5,0163(brokerage business),14053,-1829
6,0081(brokerage business),9067,6424,6,0272(brokerage business),10985,-1595,6,0103(brokerage business),13074,-1760
7,0103(brokerage business),7845,6449,7,0042(brokerage business),10587,-1894,7,0148(brokerage business),11146,-2777
8,0009(brokerage business),7257,3434,8,0148(brokerage business),9068,-1146,8,0042(brokerage business),8979,-1712
9,0272(brokerage business),5813,2929,9,0125(brokerage business),8040,628,9,0253(brokerage business),7702,-1764
10,0002(brokerage business),5705,5544,10,0082(brokerage business),7406,-45,10,0153(brokerage business),7653,-682
11,0240(brokerage business),4452,2424,11,0059(brokerage business),7251,-2889,11,0259(brokerage business),6945,-286
12,0042(brokerage business),4354,3701,12,0095(brokerage business),5003,-115,12,0009(brokerage business),6683,-1043
13,0059(brokerage business),4182,3540,13,0058(brokerage business),4792,-205,13,0137(brokerage business),6555,-429
14,0058(brokerage business),3938,1566,14,0240(brokerage business),4783,-215,14,0123(brokerage business),5187,-1378
15,0123(brokerage business),3218,2238,15,0123(brokerage business),4741,-22,15,0003(brokerage business),5171,-658
16,0161(brokerage business),2972,2508,16,0034(brokerage business),4209,-329,16,0096(brokerage business),4777,-383
17,0096(brokerage business),2698,1588,17,0288(brokerage business),3900,-1201,17,0125(brokerage business),4751,-1031
18,0125(brokerage business),2361,1458,18,0275(brokerage business),3836,-3304,18,0059(brokerage business),4482,-231
19,0019(brokerage business),2358,313,19,0081(brokerage business),2988,-727,19,0034(brokerage business),3978,-534
20,0077(brokerage business),2090,1506,20,0019(brokerage business),2564,-1305,20,0007(brokerage business),3470,-1731
Total,,188409,116182,Total,,195651,-42560,Total,,198850,-36213
Ranking,Name of FF Member /OSBPs,Volume,Change from Previous Trading Day,Ranking,Name of FF Member /OSBPs,Long Position,Change from Previous Trading Day,Ranking,Name of FF Member /OSBPs,Short Position,Change from Previous Trading Day
Contract Code：hc2611,,,,,,,,,,2026-09-11,
1,0148(brokerage business),5630,1241,1,0148(brokerage business),47428,-1222,1,0323(brokerage business),44200,-604
2,0163(brokerage business),5063,1028,2,0323(brokerage business),43720,-643,2,0240(brokerage business),37398,-209
3,0034(brokerage business),4093,38,3,0240(brokerage business),34681,212,3,0148(brokerage business),31208,68
4,0103(brokerage business),2846,-1928,4,0268(brokerage business),27277,-476,4,0004(brokerage business),28969,121
5,0004(brokerage business),2370,188,5,0004(brokerage business),26110,-29,5,0268(brokerage business),27126,-485
6,0240(brokerage business),2215,196,6,0081(brokerage business),23004,-1049,6,0081(brokerage business),23028,-1050
7,0081(brokerage business),2185,1170,7,0178(brokerage business),22187,-821,7,0178(brokerage business),22107,-409
8,0096(brokerage business),1970,-959,8,0161(brokerage business),21170,-919,8,0161(brokerage business),21070,-933
9,0161(brokerage business),1876,321,9,0253(brokerage business),18039,-373,9,0048(brokerage business),17876,-251
10,0268(brokerage business),1819,-761,10,0048(brokerage business),17873,-219,10,0253(brokerage business),17651,-364
11,0253(brokerage business),1535,-1502,11,0137(brokerage business),14532,-136,11,0137(brokerage business),14458,41
12,0323(brokerage business),1495,-647,12,0139(brokerage business),13776,-460,12,0139(brokerage business),12660,-460
13,0178(brokerage business),1230,76,13,0019(brokerage business),6223,-179,13,0019(brokerage business),6214,-199
14,0137(brokerage business),1175,386,14,0103(brokerage business),5159,0,14,0103(brokerage business),5452,-36
15,0008(brokerage business),1119,752,15,0275(brokerage business),2032,21,15,0042(brokerage business),4712,-208
16,0139(brokerage business),920,-46,16,0115(brokerage business),1750,0,16,0372(brokerage business),2967,0
17,0186(brokerage business),770,663,17,0151(brokerage business),1428,-5,17,0275(brokerage business),2449,0
18,0372(brokerage business),551,-1042,18,0163(brokerage business),1269,448,18,0259(brokerage business),1995,7
19,0019(brokerage business),546,-14,19,0271(brokerage business),1155,-11,19,0272(brokerage business),1543,208
20,0171(brokerage business),525,-82,20,0077(brokerage business),1043,-7,20,0151(brokerage business),1229,-75
Total,,39933,-922,Total,,329856,-5868,Total,,324312,-4838
Ranking,Name of FF Member /OSBPs,Volume,Change from Previous Trading Day,Ranking,Name of FF Member /OSBPs,Long Position,Change from Previous Trading Day,Ranking,Name of FF Member /OSBPs,Short Position,Change from Previous Trading Day
Contract Code：hc2701,,,,,,,,,,2026-09-11,
1,0163(brokerage business),152028,66613,1,0004(brokerage business),216158,184,1,0004(brokerage business),257355,-13544
2,0004(brokerage business),143978,62709,2,0148(brokerage business),140340,1393,2,0272(brokerage business),86000,-4606
3,0148(brokerage business),100710,36124,3,0042(brokerage business),125195,-3364,3,0058(brokerage business),84968,-4822
4,0253(brokerage business),57514,20028,4,0163(brokerage business),90048,7092,4,0148(brokerage business),84156,-5011
5,0272(brokerage business),57237,30607,5,0009(brokerage business),54544,2219,5,0163(brokerage business),76779,-6382
6,0275(brokerage business),53599,25674,6,0272(brokerage business),47754,-5661,6,0103(brokerage business),45932,-5944
7,0323(brokerage business),49330,38399,7,0103(brokerage business),32565,-6874,7,0275(brokerage business),32299,-2709
8,0259(brokerage business),29879,16657,8,0253(brokerage business),31171,888,8,0253(brokerage business),29754,-32
9,0034(brokerage business),29526,15081,9,0034(brokerage business),28643,-9561,9,0003(brokerage business),29686,1259
10,0103(brokerage business),28702,14718,10,0275(brokerage business),27415,1694,10,0125(brokerage business),29652,-441
11,0081(brokerage business),25416,12847,11,0058(brokerage business),26386,-9512,11,0059(brokerage business),28204,-55
12,0058(brokerage business),25332,19480,12,0268(brokerage business),24584,-1548,12,0259(brokerage business),25335,-3432
13,0096(brokerage business),23922,12377,13,0123(brokerage business),22478,1619,13,0009(brokerage business),23656,-361
14,0042(brokerage business),18634,10655,14,0139(brokerage business),20921,31,14,0096(brokerage business),23465,-2405
15,0335(brokerage business),16177,11191,15,0335(brokerage business),19343,736,15,0042(brokerage business),22087,8
16,0268(brokerage business),15700,5360,16,0277(brokerage business),17307,924,16,0019(brokerage business),19507,1038
17,0240(brokerage business),15369,7969,17,0081(brokerage business),16827,-1056,17,0034(brokerage business),19041,-4135
18,0007(brokerage business),12794,4121,18,0059(brokerage business),16458,1632,18,0123(brokerage business),18532,-2570
19,0239(brokerage business),11164,-1523,19,0082(brokerage business),16341,-735,19,0311(brokerage business),18170,1012
20,0009(brokerage business),10326,4237,20,0274(brokerage business),15026,52,20,0277(brokerage business),16555,-751
Total,,877337,413324,Total,,989504,-19847,Total,,971133,-53883
Ranking,Name of FF Member /OSBPs,Volume,Change from Previous Trading Day,Ranking,Name of FF Member /OSBPs,Long Position,Change from Previous Trading Day,Ranking,Name of FF Member /OSBPs,Short Position,Change from Previous Trading Day
Contract Code：hc2703,,,,,,,,,,2026-09-11,
1,0163(brokerage business),6891,-1412,1,0323(brokerage business),14504,600,1,0323(brokerage business),14530,615
2,0148(brokerage business),4964,264,2,0081(brokerage business),11334,1332,2,0081(brokerage business),11401,1349
3,0323(brokerage business),3231,424,3,0253(brokerage business),9708,458,3,0268(brokerage business),9759,339
4,0081(brokerage business),2727,975,4,0268(brokerage business),9609,362,4,0253(brokerage business),9616,469
5,0275(brokerage business),2196,918,5,0004(brokerage business),9077,226,5,0004(brokerage business),8754,287
6,0178(brokerage business),1741,1187,6,0103(brokerage business),8070,500,6,0103(brokerage business),8049,507
7,0253(brokerage business),1623,-1766,7,0161(brokerage business),7536,-52,7,0161(brokerage business),7519,17
8,0103(brokerage business),1011,317,8,0148(brokerage business),6606,281,8,0148(brokerage business),5515,1013
9,0161(brokerage business),971,50,9,0240(brokerage business),5631,267,9,0240(brokerage business),5486,289
10,0240(brokerage business),864,-93,10,0139(brokerage business),5416,293,10,0139(brokerage business),5432,272
11,0137(brokerage business),861,402,11,0178(brokerage business),5256,1081,11,0137(brokerage business),3986,307
12,0004(brokerage business),821,-393,12,0137(brokerage business),3981,374,12,0178(brokerage business),3843,630
13,0268(brokerage business),797,-435,13,0048(brokerage business),3151,123,13,0048(brokerage business),3151,123
14,0312(brokerage business),790,237,14,0019(brokerage business),1695,101,14,0019(brokerage business),1696,168
15,0311(brokerage business),630,252,15,0275(brokerage business),898,-6,15,0288(brokerage business),970,6
16,0139(brokerage business),597,111,16,0254(brokerage business),896,-5,16,0275(brokerage business),904,-60
17,0151(brokerage business),582,153,17,0288(brokerage business),843,34,17,0254(brokerage business),896,0
18,0171(brokerage business),452,200,18,0271(brokerage business),605,-3,18,0008(brokerage business),702,0
19,0123(brokerage business),340,310,19,0259(brokerage business),556,-26,19,0259(brokerage business),638,43
20,0042(brokerage business),334,7,20,0082(brokerage business),536,0,20,0271(brokerage business),605,0
Total,,32423,1708,Total,,105908,5940,Total,,103452,6374
Member/OSP Type,Total Volume,Change from Previous Trading Day,Member/OSP Type,Total Long Position,Change from Previous Trading Day,Member/OSP Type,Total Short Position,Change from Previous Trading Day,,,
Contract Code：ssall,,,,,,,2026-09-11,,,,
Name of FF Member/OSBP,701208,239724,Name of FF Member/OSBP,207575,19094,Name of FF Member/OSBP,207575,19094,,,
Name of Non-FF Member/OSNBP,0,0,Name of Non-FF Member/OSNBP,0,0,Name of Non-FF Member/OSNBP,0,0,,,
Ranking,Name of FF Member /OSBPs,Volume,Change from Previous Trading Day,Ranking,Name of FF Member /OSBPs,Long Position,Change from Previous Trading Day,Ranking,Name of FF Member /OSBPs,Short Position,Change from Previous Trading Day
Contract Code：ss2609,,,,,,,,,,2026-09-11,
1,0004(brokerage business),36,36,1,0004(brokerage business),1620,-12,1,0148(brokerage business),1236,-36
2,0069(brokerage business),36,36,2,0148(brokerage business),1488,0,2,0253(brokerage business),972,0
3,0148(brokerage business),36,24,3,0003(brokerage business),492,12,3,0004(brokerage business),516,0
4,0163(brokerage business),36,24,4,0277(brokerage business),288,36,4,0151(brokerage business),468,0
5,0277(brokerage business),36,24,5,0069(brokerage business),240,-36,5,0349(brokerage business),456,12
6,0123(brokerage business),24,24,6,0125(brokerage business),180,0,6,0163(brokerage business),360,0
7,0003(brokerage business),12,12,7,0253(brokerage business),132,0,7,0038(brokerage business),300,0
8,0240(brokerage business),12,12,8,0163(brokerage business),120,-36,8,0240(brokerage business),156,0
9,0349(brokerage business),12,0,9,0018(brokerage business),48,0,9,0372(brokerage business),60,0
10,,,,10,0076(brokerage business),48,0,10,0096(brokerage business),48,0
11,,,,11,0268(brokerage business),24,0,11,0009(brokerage business),36,0
12,,,,12,0240(brokerage business),12,12,12,0338(brokerage business),36,0
13,,,,13,,,,13,0103(brokerage business),24,0
14,,,,14,,,,14,0316(brokerage business),24,0
Total,,240,192,Total,,4692,-24,Total,,4692,-24
Ranking,Name of FF Member /OSBPs,Volume,Change from Previous Trading Day,Ranking,Name of FF Member /OSBPs,Long Position,Change from Previous Trading Day,Ranking,Name of FF Member /OSBPs,Short Position,Change from Previous Trading Day
Contract Code：ss2610,,,,,,,,,,2026-09-11,
1,0163(brokerage business),88585,33422,1,0148(brokerage business),10333,1280,1,0148(brokerage business),13956,-1168
2,0148(brokerage business),62716,24577,2,0004(brokerage business),9031,-942,2,0004(brokerage business),10181,611
3,0253(brokerage business),35994,24608,3,0253(brokerage business),5285,6,3,0163(brokerage business),5345,1340
4,0004(brokerage business),34937,-19251,4,0163(brokerage business),5187,57,4,0253(brokerage business),4858,-954
5,0272(brokerage business),28871,23725,5,0240(brokerage business),3296,-74,5,0335(brokerage business),3809,1110
6,0123(brokerage business),28500,6203,6,0018(brokerage business),2901,493,6,0272(brokerage business),2964,366
7,0081(brokerage business),16577,10207,7,0288(brokerage business),2628,-225,7,0240(brokerage business),2244,-127
8,0240(brokerage business),10605,1527,8,0082(brokerage business),2505,36,8,0161(brokerage business),2096,-415
9,0259(brokerage business),10119,-811,9,0103(brokerage business),2472,-106,9,0081(brokerage business),1994,810
10,0275(brokerage business),8903,263,10,0272(brokerage business),2245,-767,10,0034(brokerage business),1954,1335
11,0298(brokerage business),4220,721,11,0268(brokerage business),2239,161,11,0082(brokerage business),1582,86
12,0268(brokerage business),3321,2049,12,0161(brokerage business),2156,-21,12,0042(brokerage business),1459,329
13,0288(brokerage business),3292,573,13,0009(brokerage business),2110,1973,13,0103(brokerage business),1430,-69
14,0034(brokerage business),3273,1228,14,0298(brokerage business),2088,175,14,0288(brokerage business),1426,-103
15,0058(brokerage business),2894,1541,15,0069(brokerage business),1925,287,15,0259(brokerage business),1256,-9
16,0059(brokerage business),2640,590,16,0096(brokerage business),1905,-108,16,0059(brokerage business),1253,-712
17,0018(brokerage business),2520,553,17,0125(brokerage business),1780,47,17,0049(brokerage business),1249,-39
18,0009(brokerage business),2484,2119,18,0008(brokerage business),1727,-40,18,0019(brokerage business),1241,192
19,0048(brokerage business),2471,1908,19,0275(brokerage business),1597,-123,19,0153(brokerage business),1162,216
20,0082(brokerage business),2466,790,20,0295(brokerage business),1389,805,20,0137(brokerage business),1116,-214
Total,,355388,116542,Total,,64799,2914,Total,,62575,2585
Ranking,Name of FF Member /OSBPs,Volume,Change from Previous Trading Day,Ranking,Name of FF Member /OSBPs,Long Position,Change from Previous Trading Day,Ranking,Name of FF Member /OSBPs,Short Position,Change from Previous Trading Day
Contract Code：ss2611,,,,,,,,,,2026-09-11,
1,0163(brokerage business),50919,20617,1,0004(brokerage business),9425,887,1,0148(brokerage business),10535,3217
2,0004(brokerage business),34775,14448,2,0148(brokerage business),6751,370,2,0239(brokerage business),7929,425
3,0253(brokerage business),21985,7424,3,0253(brokerage business),6535,1788,3,0163(brokerage business),7565,239
4,0148(brokerage business),19077,8053,4,0018(brokerage business),5189,1390,4,0004(brokerage business),7149,374
5,0081(brokerage business),14816,7368,5,0163(brokerage business),5070,622,5,0335(brokerage business),5818,1073
6,0275(brokerage business),14467,9105,6,0082(brokerage business),4328,1052,6,0139(brokerage business),4568,46
7,0240(brokerage business),8619,2467,7,0272(brokerage business),4153,124,7,0272(brokerage business),4377,960
8,0272(brokerage business),7080,1750,8,0288(brokerage business),4118,3206,8,0084(brokerage business),3639,74
9,0034(brokerage business),6503,4127,9,0239(brokerage business),3650,-1946,9,0253(brokerage business),3453,641
10,0082(brokerage business),5381,3925,10,0240(brokerage business),2942,455,10,0240(brokerage business),2537,86
11,0288(brokerage business),4255,3386,11,0125(brokerage business),2630,478,11,0274(brokerage business),2182,998
12,0018(brokerage business),3770,1496,12,0008(brokerage business),2317,848,12,0123(brokerage business),2001,71
13,0298(brokerage business),3395,888,13,0034(brokerage business),2248,638,13,0069(brokerage business),1679,606
14,0259(brokerage business),3357,641,14,0275(brokerage business),2183,1332,14,0308(brokerage business),1641,430
15,0239(brokerage business),3057,1626,15,0310(brokerage business),1755,201,15,0009(brokerage business),1559,1491
16,0058(brokerage business),2918,1638,16,0338(brokerage business),1469,345,16,0137(brokerage business),1438,274
17,0009(brokerage business),2697,2516,17,0244(brokerage business),1295,109,17,0161(brokerage business),1367,-1277
18,0274(brokerage business),2323,1090,18,0184(brokerage business),1254,0,18,0082(brokerage business),1360,109
19,0161(brokerage business),2288,1768,19,0103(brokerage business),1183,614,19,0058(brokerage business),1324,1034
20,0069(brokerage business),2206,680,20,0059(brokerage business),1172,184,20,0103(brokerage business),1318,222
Total,,213888,95013,Total,,69667,12697,Total,,73439,11093
Ranking,Name of FF Member /OSBPs,Volume,Change from Previous Trading Day,Ranking,Name of FF Member /OSBPs,Long Position,Change from Previous Trading Day,Ranking,Name of FF Member /OSBPs,Short Position,Change from Previous Trading Day
Contract Code：lu2610,,,,,,,,,,2026-09-11,
1,8275(brokerage business),16191,6137,1,8163(brokerage business),1721,-271,1,8372(brokerage business),4493,-1022
2,8004(brokerage business),7203,1545,2,8004(brokerage business),1403,-477,2,8103(brokerage business),1527,-340
3,8253(brokerage business),5870,-2939,3,8103(brokerage business),1387,1050,3,8148(brokerage business),1308,41
4,8123(brokerage business),5629,1988,4,8240(brokerage business),620,-69,4,8004(brokerage business),1284,-454
5,8163(brokerage business),5020,-505,5,8148(brokerage business),604,-410,5,8163(brokerage business),1010,-855
6,8148(brokerage business),3957,-3884,6,8096(brokerage business),553,-136,6,8333(brokerage business),834,-304
7,8103(brokerage business),2286,1191,7,8075(brokerage business),500,0,7,8253(brokerage business),551,-204
8,8272(brokerage business),2204,750,8,8141(brokerage business),388,-10,8,8077(brokerage business),450,361
9,8271(brokerage business),2175,1493,9,8151(brokerage business),351,-130,9,8319(brokerage business),366,49
10,8069(brokerage business),1587,950,10,8069(brokerage business),317,64,10,8272(brokerage business),288,-50
11,8186(brokerage business),1478,967,11,8272(brokerage business),292,-392,11,8067(brokerage business),263,32
12,8342(brokerage business),1339,718,12,8137(brokerage business),276,-10,12,8178(brokerage business),219,82
13,8240(brokerage business),1294,560,13,8034(brokerage business),274,12,13,8169(brokerage business),202,-2
14,8333(brokerage business),1199,874,14,8081(brokerage business),272,-81,14,8298(brokerage business),199,-13
15,8319(brokerage business),1158,540,15,8308(brokerage business),271,-85,15,8034(brokerage business),157,-39
16,8372(brokerage business),1086,391,16,8177(brokerage business),259,-10,16,8186(brokerage business),132,-29
17,8034(brokerage business),1069,615,17,8335(brokerage business),248,-108,17,8137(brokerage business),102,-76
18,8058(brokerage business),1025,454,18,8123(brokerage business),241,11,18,8042(brokerage business),93,-10
19,8096(brokerage business),991,426,19,8067(brokerage business),227,50,19,8288(brokerage business),91,-49
20,8007(brokerage business),865,-11,20,8275(brokerage business),221,34,20,8244(brokerage business),89,16
Total,,63626,12260,Total,,10425,-968,Total,,13658,-2866
Ranking,Name of FF Member /OSBPs,Volume,Change from Previous Trading Day,Ranking,Name of FF Member /OSBPs,Long Position,Change from Previous Trading Day,Ranking,Name of FF Member /OSBPs,Short Position,Change from Previous Trading Day
Contract Code：lu2611,,,,,,,,,,2026-09-11,
1,8148(brokerage business),56774,18427,1,8148(brokerage business),8989,2266,1,8163(brokerage business),8651,1091
2,8163(brokerage business),56030,24043,2,8004(brokerage business),8612,342,2,8103(brokerage business),8337,696
3,8004(brokerage business),54219,29515,3,8163(brokerage business),8449,1623,3,8004(brokerage business),8232,-591
4,8275(brokerage business),23587,6574,4,8272(brokerage business),2752,-8,4,8372(brokerage business),5405,-9
5,8123(brokerage business),21089,6332,5,8103(brokerage business),2703,389,5,8148(brokerage business),5232,-676
6,8081(brokerage business),17776,8765,6,8335(brokerage business),2366,150,6,8239(brokerage business),2062,-40
7,8253(brokerage business),17478,2835,7,8268(brokerage business),2137,193,7,8253(brokerage business),1902,71
8,8272(brokerage business),14728,7296,8,8333(brokerage business),2079,25,8,8319(brokerage business),1825,-87
9,8298(brokerage business),8191,4465,9,8288(brokerage business),1885,15,9,8177(brokerage business),1696,99
10,8186(brokerage business),7292,4061,10,8082(brokerage business),1822,-754,10,8096(brokerage business),1463,23
11,8240(brokerage business),6630,3794,11,8253(brokerage business),1726,-75,11,8311(brokerage business),1372,251
12,8103(brokerage business),6595,1249,12,8086(brokerage business),1691,25,12,8333(brokerage business),1371,58
13,8308(brokerage business),6515,2256,13,8274(brokerage business),1509,-128,13,8272(brokerage business),1360,-692
14,8342(brokerage business),6131,1452,14,8081(brokerage business),1264,70,14,8042(brokerage business),1192,141
15,8323(brokerage business),5892,4328,15,8240(brokerage business),1262,-95,15,8268(brokerage business),1112,481
16,8268(brokerage business),5692,3868,16,8018(brokerage business),1244,-231,16,8137(brokerage business),1060,217
17,8137(brokerage business),5515,3828,17,8084(brokerage business),1224,0,17,8275(brokerage business),1022,269
18,8069(brokerage business),5379,1155,18,8034(brokerage business),1199,83,18,8088(brokerage business),989,27
19,8034(brokerage business),5002,1960,19,8161(brokerage business),1164,-70,19,8059(brokerage business),947,128
20,8019(brokerage business),4368,2451,20,8239(brokerage business),1146,26,20,8018(brokerage business),883,-121
Total,,334883,138654,Total,,55223,3846,Total,,56113,1336
Ranking,Name of FF Member /OSBPs,Volume,Change from Previous Trading Day,Ranking,Name of FF Member /OSBPs,Long Position,Change from Previous Trading Day,Ranking,Name of FF Member /OSBPs,Short Position,Change from Previous Trading Day
Contract Code：lu2612,,,,,,,,,,2026-09-11,
1,8148(brokerage business),23476,18357,1,8184(brokerage business),11284,-632,1,8372(brokerage business),8703,401
2,8004(brokerage business),20776,14045,2,8148(brokerage business),7513,3402,2,8004(brokerage business),7772,283
3,8163(brokerage business),16749,7131,3,8239(brokerage business),6560,947,3,7002(brokerage business),6887,0
4,8253(brokerage business),13707,6207,4,8081(brokerage business),6098,100,4,8163(brokerage business),4002,70
5,8123(brokerage business),10781,8010,5,8004(brokerage business),3888,631,5,8096(brokerage business),3876,622
6,8275(brokerage business),10704,6199,6,8335(brokerage business),3211,276,6,8103(brokerage business),3427,-491
7,8096(brokerage business),8658,2829,7,8163(brokerage business),2253,-537,7,8239(brokerage business),2654,-672
8,8103(brokerage business),5840,4036,8,8084(brokerage business),2165,-249,8,8272(brokerage business),2222,749
9,8081(brokerage business),4612,3514,9,8268(brokerage business),1061,111,9,8253(brokerage business),2178,1084
10,8240(brokerage business),4561,3646,10,8274(brokerage business),873,-257,10,8148(brokerage business),2102,116
11,8034(brokerage business),4490,2978,11,8253(brokerage business),824,-351,11,8059(brokerage business),1748,13
12,8342(brokerage business),4034,3184,12,8272(brokerage business),787,452,12,8319(brokerage business),1494,1117
13,8069(brokerage business),3463,2735,13,8034(brokerage business),755,-79,13,8275(brokerage business),1463,398
14,8308(brokerage business),2917,1226,14,8018(brokerage business),697,6,14,8268(brokerage business),702,-74
15,8077(brokerage business),2910,2500,15,8240(brokerage business),638,-105,15,8335(brokerage business),665,8
16,8272(brokerage business),2699,1972,16,8288(brokerage business),618,108,16,8277(brokerage business),659,290
17,8141(brokerage business),2521,2017,17,8103(brokerage business),480,33,17,8240(brokerage business),624,52
18,8059(brokerage business),2255,177,18,8082(brokerage business),470,1,18,8018(brokerage business),600,35
19,8239(brokerage business),1983,991,19,8077(brokerage business),454,348,19,8333(brokerage business),591,178
20,8268(brokerage business),1973,1250,20,8321(brokerage business),436,233,20,8308(brokerage business),571,114
Total,,149109,93004,Total,,51065,4438,Total,,52940,4293
Member/OSP Type,Total Volume,Change from Previous Trading Day,Member/OSP Type,Total Long Position,Change from Previous Trading Day,Member/OSP Type,Total Short Position,Change from Previous Trading Day,,,
Contract Code：fuall,,,,,,,2026-09-11,,,,
Name of FF Member/OSBP,3880718,1244488,Name of FF Member/OSBP,502087,21644,Name of FF Member/OSBP,502085,21644,,,
Name of Non-FF Member/OSNBP,0,0,Name of Non-FF Member/OSNBP,0,0,Name of Non-FF Member/OSNBP,2,0,,,
Ranking,Name of FF Member /OSBPs,Volume,Change from Previous Trading Day,Ranking,Name of FF Member /OSBPs,Long Position,Change from Previous Trading Day,Ranking,Name of FF Member /OSBPs,Short Position,Change from Previous Trading Day
Contract Code：fu2610,,,,,,,,,,2026-09-11,
1,0004(brokerage business),33535,17275,1,0103(brokerage business),3735,1825,1,0004(brokerage business),2956,1165
2,0163(brokerage business),31236,8347,2,0148(brokerage business),2368,695,2,0163(brokerage business),2513,1210
3,0148(brokerage business),31232,14143,3,0004(brokerage business),2361,476,3,0240(brokerage business),1813,623
4,0123(brokerage business),22393,9613,4,0163(brokerage business),2336,153,4,0148(brokerage business),1687,172
5,0275(brokerage business),18173,3263,5,0319(brokerage business),1666,1048,5,0253(brokerage business),1332,569
6,0268(brokerage business),11766,7648,6,0034(brokerage business),1052,701,6,0268(brokerage business),967,148
7,0298(brokerage business),9491,6589,7,0153(brokerage business),833,-24,7,0034(brokerage business),941,235
8,0272(brokerage business),8916,4907,8,0253(brokerage business),735,83,8,0298(brokerage business),899,23
9,0240(brokerage business),8498,4467,9,0275(brokerage business),694,-63,9,0081(brokerage business),801,68
10,0081(brokerage business),7990,3951,10,0082(brokerage business),682,8,10,0272(brokerage business),782,346
11,0253(brokerage business),7216,3191,11,0018(brokerage business),636,528,11,0161(brokerage business),727,98
12,0034(brokerage business),6798,3353,12,0308(brokerage business),550,-39,12,0275(brokerage business),655,175
13,0103(brokerage business),6087,1871,13,0240(brokerage business),528,278,13,0043(brokerage business),647,161
14,0342(brokerage business),5387,3028,14,0077(brokerage business),437,-222,14,0096(brokerage business),605,222
15,0271(brokerage business),4721,3286,15,0272(brokerage business),423,-52,15,0288(brokerage business),564,67
16,0059(brokerage business),4229,1937,16,0277(brokerage business),331,2,16,0069(brokerage business),541,278
17,0069(brokerage business),3910,1332,17,0288(brokerage business),327,-13,17,0319(brokerage business),507,-18
18,0308(brokerage business),3831,2351,18,0169(brokerage business),315,-3,18,0311(brokerage business),481,372
19,0137(brokerage business),3588,2628,19,0323(brokerage business),314,2,19,0067(brokerage business),418,40
20,0186(brokerage business),3011,1806,20,0321(brokerage business),304,96,20,0308(brokerage business),398,98
Total,,232008,104986,Total,,20627,5479,Total,,20234,6052
Ranking,Name of FF Member /OSBPs,Volume,Change from Previous Trading Day,Ranking,Name of FF Member /OSBPs,Long Position,Change from Previous Trading Day,Ranking,Name of FF Member /OSBPs,Short Position,Change from Previous Trading Day
Contract Code：fu2611,,,,,,,,,,2026-09-11,
1,0004(brokerage business),425185,117890,1,0004(brokerage business),23583,1140,1,0004(brokerage business),20231,-14389
2,0148(brokerage business),274115,91255,2,0148(brokerage business),20752,2372,2,0148(brokerage business),14298,-1101
3,0163(brokerage business),264443,51228,3,0163(brokerage business),19911,6384,3,0163(brokerage business),12650,1129
4,0081(brokerage business),129130,73575,4,0103(brokerage business),8930,-179,4,0298(brokerage business),8178,2119
5,0275(brokerage business),124399,-14100,5,0253(brokerage business),7333,202,5,0103(brokerage business),7695,-6886
6,0240(brokerage business),97623,28693,6,0272(brokerage business),7282,-600,6,0123(brokerage business),7006,2340
7,0272(brokerage business),92440,33063,7,0059(brokerage business),6782,-568,7,0268(brokerage business),6551,1155
8,0253(brokerage business),91386,26543,8,0268(brokerage business),6738,190,8,0372(brokerage business),6480,-884
9,0268(brokerage business),74157,27575,9,0335(brokerage business),5691,236,9,0034(brokerage business),5808,1621
10,0259(brokerage business),57399,28790,10,0081(brokerage business),5592,911,10,0272(brokerage business),5615,1056
11,0123(brokerage business),53997,10880,11,0240(brokerage business),5002,-313,11,0240(brokerage business),5289,752
12,0298(brokerage business),49888,14613,12,0288(brokerage business),3615,-184,12,0288(brokerage business),4934,542
13,0034(brokerage business),48701,17479,13,0161(brokerage business),3345,-100,13,0018(brokerage business),4350,281
14,0308(brokerage business),42898,11068,14,0082(brokerage business),3264,-355,14,0253(brokerage business),4296,-2312
15,0186(brokerage business),39839,13388,15,0034(brokerage business),3087,-456,15,0082(brokerage business),3113,574
16,0059(brokerage business),32787,11502,16,0308(brokerage business),3065,-332,16,0186(brokerage business),2956,636
17,0009(brokerage business),31376,8226,17,0009(brokerage business),2917,1862,17,0275(brokerage business),2880,488
18,0019(brokerage business),29867,6282,18,0018(brokerage business),2909,-207,18,0009(brokerage business),2771,-1918
19,0103(brokerage business),27377,10761,19,0275(brokerage business),2869,-313,19,0059(brokerage business),2761,401
20,0299(brokerage business),25144,4550,20,0153(brokerage business),2832,392,20,0042(brokerage business),2753,592
Total,,2012151,573261,Total,,145499,10082,Total,,130615,-13804
Ranking,Name of FF Member /OSBPs,Volume,Change from Previous Trading Day,Ranking,Name of FF Member /OSBPs,Long Position,Change from Previous Trading Day,Ranking,Name of FF Member /OSBPs,Short Position,Change from Previous Trading Day
Contract Code：fu2612,,,,,,,,,,2026-09-11,
1,0163(brokerage business),29564,8679,1,0004(brokerage business),10028,1115,1,0004(brokerage business),11215,-2347
2,0148(brokerage business),22790,10150,2,0163(brokerage business),9427,984,2,0163(brokerage business),9615,636
3,0275(brokerage business),16918,1583,3,0034(brokerage business),6649,126,3,0034(brokerage business),6012,278
4,0123(brokerage business),12934,6569,4,0008(brokerage business),5890,-9,4,0008(brokerage business),5891,-1
5,0004(brokerage business),10260,2327,5,0161(brokerage business),5610,-7,5,0161(brokerage business),5776,-19
6,0161(brokerage business),8588,1638,6,0137(brokerage business),5426,412,6,0137(brokerage business),5479,507
7,0069(brokerage business),6908,51,7,0253(brokerage business),5406,-64,7,0253(brokerage business),4959,-984
8,0268(brokerage business),6105,5089,8,0123(brokerage business),4747,-329,8,0123(brokerage business),4643,-269
9,0240(brokerage business),5929,2395,9,0275(brokerage business),4287,37,9,0069(brokerage business),4299,-272
10,0308(brokerage business),5155,1869,10,0069(brokerage business),4274,112,10,0275(brokerage business),4286,27
11,0342(brokerage business),5145,2053,11,0178(brokerage business),4023,-10,11,0178(brokerage business),4102,2
12,0272(brokerage business),4659,1688,12,0148(brokerage business),3711,1213,12,0323(brokerage business),3380,3009
13,0323(brokerage business),4224,3512,13,0335(brokerage business),2176,37,13,0372(brokerage business),1244,13
14,0253(brokerage business),4008,-273,14,0103(brokerage business),1801,-176,14,0148(brokerage business),1111,-663
15,0298(brokerage business),3355,1811,15,0272(brokerage business),1040,-198,15,0103(brokerage business),1060,773
16,0103(brokerage business),3039,1985,16,0081(brokerage business),930,432,16,0268(brokerage business),942,344
17,0008(brokerage business),2726,416,17,0058(brokerage business),612,14,17,0319(brokerage business),712,599
18,0244(brokerage business),2457,2064,18,0319(brokerage business),559,83,18,0385(brokerage business),604,300
19,0141(brokerage business),2364,2362,19,0308(brokerage business),484,58,19,0169(brokerage business),499,99
20,0259(brokerage business),2248,1848,20,0323(brokerage business),404,47,20,0288(brokerage business),480,-5
Total,,159376,57816,Total,,77484,3877,Total,,76309,2027
Ranking,Name of FF Member /OSBPs,Volume,Change from Previous Trading Day,Ranking,Name of FF Member /OSBPs,Long Position,Change from Previous Trading Day,Ranking,Name of FF Member /OSBPs,Short Position,Change from Previous Trading Day
Contract Code：fu2701,,,,,,,,,,2026-09-11,
1,0163(brokerage business),82961,26971,1,0148(brokerage business),14996,1964,1,0004(brokerage business),17045,680
2,0148(brokerage business),65505,23843,2,0004(brokerage business),11172,820,2,0148(brokerage business),12508,-639
3,0004(brokerage business),61206,18594,3,0163(brokerage business),8857,2710,3,0103(brokerage business),6372,365
4,0275(brokerage business),38782,2019,4,0272(brokerage business),8608,-244,4,0163(brokerage business),5652,-1305
5,0272(brokerage business),17001,5613,5,0239(brokerage business),7059,1136,5,0272(brokerage business),4972,-6165
6,0081(brokerage business),16060,7654,6,0335(brokerage business),6598,740,6,0323(brokerage business),4354,3718
7,0123(brokerage business),14294,7919,7,0084(brokerage business),5000,0,7,0372(brokerage business),4133,519
8,0240(brokerage business),13685,7234,8,0123(brokerage business),4552,25,8,0059(brokerage business),4063,514
9,0009(brokerage business),12465,4975,9,0253(brokerage business),4326,-523,9,0240(brokerage business),3889,126
10,0319(brokerage business),11398,6863,10,0319(brokerage business),2691,-2736,10,0253(brokerage business),3288,78
11,0253(brokerage business),9697,3877,11,0018(brokerage business),2383,-97,11,0151(brokerage business),3201,352
12,0338(brokerage business),7648,2748,12,0103(brokerage business),2333,-632,12,0082(brokerage business),2174,-106
13,0096(brokerage business),7633,2834,13,0081(brokerage business),2242,595,13,0298(brokerage business),2166,199
14,0342(brokerage business),6611,3604,14,0338(brokerage business),2035,427,14,0018(brokerage business),1917,604
15,0323(brokerage business),5959,4972,15,0240(brokerage business),1870,49,15,0268(brokerage business),1715,368
16,0268(brokerage business),5427,2119,16,0082(brokerage business),1738,769,16,0275(brokerage business),1684,-449
17,0103(brokerage business),5371,305,17,0096(brokerage business),1624,199,17,0186(brokerage business),1589,268
18,0034(brokerage business),5236,1904,18,0069(brokerage business),1387,65,18,0252(brokerage business),1574,-23
19,0069(brokerage business),5203,2091,19,0274(brokerage business),1363,-158,19,0137(brokerage business),1458,-109
20,0308(brokerage business),4689,2765,20,0137(brokerage business),1308,127,20,0034(brokerage business),1379,145
Total,,396831,138904,Total,,92142,5236,Total,,85133,-860
Member/OSP Type,Total Volume,Change from Previous Trading Day,Member/OSP Type,Total Long Position,Change from Previous Trading Day,Member/OSP Type,Total Short Position,Change from Previous Trading Day,,,
Contract Code：buall,,,,,,,2026-09-11,,,,
Name of FF Member/OSBP,2632166,920328,Name of FF Member/OSBP,642327,-25421,Name of FF Member/OSBP,642327,-25421,,,
Name of Non-FF Member/OSNBP,0,0,Name of Non-FF Member/OSNBP,0,0,Name of Non-FF Member/OSNBP,0,0,,,
Ranking,Name of FF Member /OSBPs,Volume,Change from Previous Trading Day,Ranking,Name of FF Member /OSBPs,Long Position,Change from Previous Trading Day,Ranking,Name of FF Member /OSBPs,Short Position,Change from Previous Trading Day
Contract Code：bu2609,,,,,,,,,,2026-09-11,
1,0081(brokerage business),200,200,1,0123(brokerage business),994,0,1,0103(brokerage business),3100,0
2,0163(brokerage business),88,66,2,0103(brokerage business),955,0,2,0272(brokerage business),2238,-8
3,0272(brokerage business),84,68,3,0004(brokerage business),914,-15,3,0299(brokerage business),1190,0
4,0275(brokerage business),67,50,4,0148(brokerage business),506,-42,4,0123(brokerage business),310,12
5,0148(brokerage business),42,27,5,0096(brokerage business),500,0,5,0148(brokerage business),65,0
6,0004(brokerage business),15,15,6,0299(brokerage business),500,-5,6,,,
7,0123(brokerage business),12,12,7,0385(brokerage business),500,0,7,,,
8,0259(brokerage business),8,8,8,0095(brokerage business),448,0,8,,,
9,0103(brokerage business),6,6,9,0275(brokerage business),432,-67,9,,,
10,0299(brokerage business),5,-5,10,0277(brokerage business),350,0,10,,,
11,0019(brokerage business),2,-24,11,0081(brokerage business),205,200,11,,,
12,0137(brokerage business),1,-6,12,0272(brokerage business),192,-44,12,,,
13,,,,13,0177(brokerage business),118,0,13,,,
14,,,,14,0034(brokerage business),100,0,14,,,
15,,,,15,0082(brokerage business),100,0,15,,,
16,,,,16,0163(brokerage business),79,-22,16,,,
17,,,,17,0321(brokerage business),8,0,17,,,
18,,,,18,0137(brokerage business),2,-1,18,,,
Total,,530,417,Total,,6903,4,Total,,6903,4
Ranking,Name of FF Member /OSBPs,Volume,Change from Previous Trading Day,Ranking,Name of FF Member /OSBPs,Long Position,Change from Previous Trading Day,Ranking,Name of FF Member /OSBPs,Short Position,Change from Previous Trading Day
Contract Code：bu2610,,,,,,,,,,2026-09-11,
1,0163(brokerage business),239641,60152,1,0004(brokerage business),22558,13,1,0148(brokerage business),12447,-775
2,0004(brokerage business),234032,112125,2,0148(brokerage business),12667,-432,2,0272(brokerage business),10121,-584
3,0148(brokerage business),111689,34398,3,0103(brokerage business),9342,-1020,3,0275(brokerage business),9648,-639
4,0275(brokerage business),71810,997,4,0163(brokerage business),7907,-559,4,0004(brokerage business),8983,-381
5,0123(brokerage business),55821,11210,5,0272(brokerage business),6146,429,5,0139(brokerage business),6944,-74
6,0272(brokerage business),46369,16964,6,0253(brokerage business),4569,-631,6,0240(brokerage business),6142,-22
7,0081(brokerage business),42047,-265,7,0059(brokerage business),4560,-1215,7,0163(brokerage business),5375,724
8,0253(brokerage business),37406,10257,8,0240(brokerage business),4221,178,8,0123(brokerage business),5373,77
9,0240(brokerage business),37082,12442,9,0275(brokerage business),3907,815,9,0253(brokerage business),4252,-297
10,0298(brokerage business),28708,16382,10,0151(brokerage business),3855,-92,10,0298(brokerage business),4000,-152
11,0103(brokerage business),24175,11467,11,0018(brokerage business),3547,637,11,0288(brokerage business),3873,21
12,0268(brokerage business),23683,9851,12,0082(brokerage business),3357,-244,12,0081(brokerage business),3856,-348
13,0186(brokerage business),21217,7672,13,0288(brokerage business),3286,-18,13,0121(brokerage business),3682,-268
14,0034(brokerage business),19898,5865,14,0333(brokerage business),3051,75,14,0103(brokerage business),3271,-313
15,0259(brokerage business),19879,15565,15,0137(brokerage business),2604,74,15,0268(brokerage business),3190,-53
16,0059(brokerage business),19141,6458,16,0323(brokerage business),2511,-370,16,0034(brokerage business),3056,-210
17,0288(brokerage business),18927,10829,17,0335(brokerage business),2308,-266,17,0186(brokerage business),2859,-101
18,0043(brokerage business),18162,6798,18,0268(brokerage business),2234,-196,18,0042(brokerage business),2517,39
19,0069(brokerage business),17718,8157,19,0311(brokerage business),2214,168,19,0029(brokerage business),2514,-48
20,0308(brokerage business),16014,731,20,0123(brokerage business),2137,-36,20,0161(brokerage business),2507,-38
Total,,1103419,358055,Total,,106981,-2690,Total,,104610,-3442
Ranking,Name of FF Member /OSBPs,Volume,Change from Previous Trading Day,Ranking,Name of FF Member /OSBPs,Long Position,Change from Previous Trading Day,Ranking,Name of FF Member /OSBPs,Short Position,Change from Previous Trading Day
Contract Code：bu2611,,,,,,,,,,2026-09-11,
1,0163(brokerage business),93035,31751,1,0148(brokerage business),29887,-6330,1,0272(brokerage business),17306,-770
2,0148(brokerage business),90177,35631,2,0272(brokerage business),20307,-78,2,0148(brokerage business),15574,757
3,0004(brokerage business),83487,22179,3,0004(brokerage business),18739,319,3,0004(brokerage business),13444,-1088
4,0123(brokerage business),41155,13925,4,0239(brokerage business),11461,-353,4,0082(brokerage business),12405,-39
5,0275(brokerage business),36456,10490,5,0103(brokerage business),11217,240,5,0009(brokerage business),12068,-248
6,0253(brokerage business),27584,10437,6,0163(brokerage business),10538,-574,6,0275(brokerage business),9954,-959
7,0272(brokerage business),21074,13735,7,0082(brokerage business),9842,25,7,0103(brokerage business),8793,-485
8,0240(brokerage business),18328,10000,8,0123(brokerage business),9533,-265,8,0123(brokerage business),8196,-432
9,0081(brokerage business),16144,4710,9,0268(brokerage business),9356,486,9,0081(brokerage business),7957,419
10,0059(brokerage business),13236,6553,10,0161(brokerage business),7622,-68,10,0253(brokerage business),7784,263
11,0069(brokerage business),12075,-715,11,0137(brokerage business),6862,35,11,0059(brokerage business),7094,-741
12,0268(brokerage business),10225,3023,12,0081(brokerage business),6730,341,12,0137(brokerage business),6988,5
13,0082(brokerage business),9988,3016,13,0253(brokerage business),6693,-457,13,0163(brokerage business),6757,441
14,0338(brokerage business),9275,4336,14,0335(brokerage business),5768,-787,14,0177(brokerage business),6380,-103
15,0342(brokerage business),8665,4074,15,0009(brokerage business),5243,-56,15,0268(brokerage business),6117,319
16,0034(brokerage business),7772,2603,16,0275(brokerage business),5179,107,16,0161(brokerage business),5970,38
17,0186(brokerage business),6739,2537,17,0059(brokerage business),5173,-1111,17,0139(brokerage business),5694,-377
18,0298(brokerage business),6655,3706,18,0069(brokerage business),4839,-328,18,0069(brokerage business),5608,-853
19,0308(brokerage business),6640,1568,19,0139(brokerage business),4722,-210,19,0288(brokerage business),4132,89
20,0137(brokerage business),6410,942,20,0238(brokerage business),4644,-4,20,0333(brokerage business),4063,-121
Total,,525120,184501,Total,,194355,-9068,Total,,172284,-3885
Ranking,Name of FF Member /OSBPs,Volume,Change from Previous Trading Day,Ranking,Name of FF Member /OSBPs,Long Position,Change from Previous Trading Day,Ranking,Name of FF Member /OSBPs,Short Position,Change from Previous Trading Day
Contract Code：bu2612,,,,,,,,,,2026-09-11,
1,0163(brokerage business),39299,10464,1,0004(brokerage business),16345,301,1,0272(brokerage business),9387,-11
2,0148(brokerage business),33257,17270,2,0148(brokerage business),11629,-4016,2,0103(brokerage business),8735,-4053
3,0275(brokerage business),25226,11745,3,0239(brokerage business),9486,44,3,0123(brokerage business),7361,-1335
4,0004(brokerage business),24385,8089,4,0335(brokerage business),9425,-490,4,0004(brokerage business),7153,-730
5,0123(brokerage business),21688,9752,5,0103(brokerage business),6836,24,5,0253(brokerage business),6590,-140
6,0253(brokerage business),10342,5475,6,0009(brokerage business),6662,-69,6,0333(brokerage business),6339,-378
7,0272(brokerage business),10095,6043,7,0177(brokerage business),5324,110,7,0244(brokerage business),6278,-455
8,0308(brokerage business),7633,1039,8,0272(brokerage business),3963,62,8,0069(brokerage business),5914,2698
9,0069(brokerage business),7588,3770,9,0253(brokerage business),3686,332,9,0335(brokerage business),5042,3054
10,0103(brokerage business),6427,2386,10,0163(brokerage business),3598,-490,10,0238(brokerage business),5040,20
11,0240(brokerage business),5880,2228,11,0275(brokerage business),3429,143,11,0082(brokerage business),4825,-426
12,0333(brokerage business),5488,1485,12,0084(brokerage business),3000,0,12,0275(brokerage business),4380,-183
13,0335(brokerage business),5004,3981,13,0059(brokerage business),2638,-134,13,0323(brokerage business),4279,2501
14,0059(brokerage business),4917,1887,14,0277(brokerage business),2461,17,14,0240(brokerage business),3441,7
15,0342(brokerage business),4757,2918,15,0389(brokerage business),2226,-217,15,0148(brokerage business),3433,-647
16,0271(brokerage business),4122,2650,16,0034(brokerage business),2114,141,16,0096(brokerage business),3205,-861
17,0268(brokerage business),4091,1478,17,0082(brokerage business),2051,362,17,0018(brokerage business),2828,-174
18,0096(brokerage business),3226,1393,18,0308(brokerage business),1852,-306,18,0163(brokerage business),2415,25
19,0323(brokerage business),3094,2515,19,0268(brokerage business),1543,320,19,0268(brokerage business),2324,79
20,0186(brokerage business),3002,1318,20,0240(brokerage business),1448,149,20,0153(brokerage business),1724,-244
Total,,229521,97886,Total,,99716,-3717,Total,,100693,-1253
Ranking,Name of FF Member /OSBPs,Volume,Change from Previous Trading Day,Ranking,Name of FF Member /OSBPs,Long Position,Change from Previous Trading Day,Ranking,Name of FF Member /OSBPs,Short Position,Change from Previous Trading Day
Contract Code：bu2701,,,,,,,,,,2026-09-11,
1,0163(brokerage business),17433,4799,1,0272(brokerage business),8511,64,1,0272(brokerage business),8279,-531
2,0148(brokerage business),9567,3373,2,0148(brokerage business),7207,-598,2,0137(brokerage business),5527,120
3,0123(brokerage business),7503,4985,3,0137(brokerage business),5114,7,3,0275(brokerage business),5480,-253
4,0272(brokerage business),6719,4255,4,0081(brokerage business),4130,132,4,0148(brokerage business),4354,375
5,0253(brokerage business),5970,3371,5,0082(brokerage business),3878,610,5,0082(brokerage business),4005,607
6,0004(brokerage business),5381,3294,6,0059(brokerage business),3602,5,6,0069(brokerage business),3396,189
7,0275(brokerage business),4903,2239,7,0161(brokerage business),3439,42,7,0059(brokerage business),3352,-443
8,0059(brokerage business),3592,1199,8,0275(brokerage business),3361,-62,8,0139(brokerage business),3342,250
9,0240(brokerage business),3558,2259,9,0139(brokerage business),3298,255,9,0123(brokerage business),3151,-888
10,0268(brokerage business),2922,1332,10,0123(brokerage business),3215,-7,10,0161(brokerage business),3110,15
11,0069(brokerage business),2756,1438,11,0069(brokerage business),3048,189,11,0081(brokerage business),2750,-183
12,0342(brokerage business),2486,1636,12,0009(brokerage business),2567,-28,12,0009(brokerage business),2567,111
13,0161(brokerage business),2435,1302,13,0268(brokerage business),1832,3,13,0103(brokerage business),2193,-71
14,0186(brokerage business),2019,1283,14,0004(brokerage business),1823,-98,14,0238(brokerage business),2165,-10
15,0137(brokerage business),1605,393,15,0163(brokerage business),1703,9,15,0268(brokerage business),2114,47
16,0082(brokerage business),1523,706,16,0335(brokerage business),1549,-240,16,0004(brokerage business),1411,-103
17,0308(brokerage business),1491,695,17,0308(brokerage business),1376,289,17,0333(brokerage business),1243,-210
18,0081(brokerage business),1165,405,18,0253(brokerage business),1148,-73,18,0163(brokerage business),1121,26
19,0096(brokerage business),1155,953,19,0042(brokerage business),871,-144,19,0018(brokerage business),1097,34
20,0034(brokerage business),1049,417,20,0103(brokerage business),763,-3,20,0299(brokerage business),1080,80
Total,,85232,40334,Total,,62435,352,Total,,61737,-838
Member/OSP Type,Total Volume,Change from Previous Trading Day,Member/OSP Type,Total Long Position,Change from Previous Trading Day,Member/OSP Type,Total Short Position,Change from Previous Trading Day,,,
Contract Code：brall,,,,,,,2026-09-11,,,,
Name of FF Member/OSBP,708114,-51574,Name of FF Member/OSBP,152095,-4094,Name of FF Member/OSBP,152095,-4094,,,
Name of Non-FF Member/OSNBP,0,0,Name of Non-FF Member/OSNBP,0,0,Name of Non-FF Member/OSNBP,0,0,,,
Ranking,Name of FF Member /OSBPs,Volume,Change from Previous Trading Day,Ranking,Name of FF Member /OSBPs,Long Position,Change from Previous Trading Day,Ranking,Name of FF Member /OSBPs,Short Position,Change from Previous Trading Day
Contract Code：br2609,,,,,,,,,,2026-09-11,
1,0125(brokerage business),8,8,1,0004(brokerage business),390,0,1,0123(brokerage business),276,0
2,0029(brokerage business),4,-4,2,0029(brokerage business),144,-4,2,0004(brokerage business),86,0
3,0123(brokerage business),2,-2,3,0059(brokerage business),60,0,3,0253(brokerage business),60,0
4,0272(brokerage business),2,-2,4,0163(brokerage business),60,0,4,0148(brokerage business),52,0
5,,,,5,0018(brokerage business),36,0,5,0125(brokerage business),48,-8
6,,,,6,0007(brokerage business),24,0,6,0003(brokerage business),44,0
7,,,,7,,,,7,0058(brokerage business),40,0
8,,,,8,,,,8,0082(brokerage business),24,0
9,,,,9,,,,9,0311(brokerage business),24,0
10,,,,10,,,,10,0096(brokerage business),18,0
11,,,,11,,,,11,0103(brokerage business),18,0
12,,,,12,,,,12,0069(brokerage business),12,0
13,,,,13,,,,13,0177(brokerage business),10,0
14,,,,14,,,,14,0163(brokerage business),2,0
Total,,16,0,Total,,714,-4,Total,,714,-8
Ranking,Name of FF Member /OSBPs,Volume,Change from Previous Trading Day,Ranking,Name of FF Member /OSBPs,Long Position,Change from Previous Trading Day,Ranking,Name of FF Member /OSBPs,Short Position,Change from Previous Trading Day
Contract Code：br2610,,,,,,,,,,2026-09-11,
1,0148(brokerage business),56862,-5731,1,0004(brokerage business),4959,-190,1,0004(brokerage business),5684,-749
2,0004(brokerage business),42621,-6107,2,0148(brokerage business),3628,605,2,0163(brokerage business),2854,-1076
3,0163(brokerage business),34685,-4970,3,0253(brokerage business),1446,9,3,0148(brokerage business),1948,-375
4,0275(brokerage business),33191,-9564,4,0103(brokerage business),1321,-511,4,0275(brokerage business),1165,-262
5,0081(brokerage business),29530,6486,5,0081(brokerage business),1131,281,5,0123(brokerage business),1132,-135
6,0253(brokerage business),22860,1024,6,0163(brokerage business),1114,185,6,0253(brokerage business),1011,-211
7,0123(brokerage business),17154,-266,7,0321(brokerage business),972,123,7,0019(brokerage business),1009,544
8,0259(brokerage business),9987,-2118,8,0059(brokerage business),945,-152,8,0272(brokerage business),946,130
9,0272(brokerage business),9494,-1773,9,0288(brokerage business),893,119,9,0103(brokerage business),926,-148
10,0298(brokerage business),9480,-612,10,0272(brokerage business),758,-118,10,0082(brokerage business),835,64
11,0240(brokerage business),8560,-3869,11,0268(brokerage business),748,-238,11,0418(brokerage business),756,200
12,0186(brokerage business),6019,-289,12,0043(brokerage business),678,-29,12,0240(brokerage business),746,130
13,0268(brokerage business),5295,-187,13,0001(brokerage business),596,-162,13,0186(brokerage business),660,-119
14,0034(brokerage business),4351,-1734,14,0153(brokerage business),582,-90,14,0058(brokerage business),606,-206
15,0308(brokerage business),4026,-310,15,0058(brokerage business),521,-165,15,0029(brokerage business),591,350
16,0019(brokerage business),3885,-686,16,0308(brokerage business),479,-126,16,0268(brokerage business),575,-7
17,0069(brokerage business),3722,-229,17,0151(brokerage business),475,-91,17,0018(brokerage business),570,-5
18,0299(brokerage business),3562,405,18,0240(brokerage business),472,-164,18,0177(brokerage business),546,-49
19,0288(brokerage business),3498,-1222,19,0034(brokerage business),466,-138,19,0298(brokerage business),546,-113
20,0323(brokerage business),3431,-1636,20,0275(brokerage business),458,-41,20,0059(brokerage business),512,49
Total,,312213,-33388,Total,,22642,-893,Total,,23618,-1988
Ranking,Name of FF Member /OSBPs,Volume,Change from Previous Trading Day,Ranking,Name of FF Member /OSBPs,Long Position,Change from Previous Trading Day,Ranking,Name of FF Member /OSBPs,Short Position,Change from Previous Trading Day
Contract Code：br2611,,,,,,,,,,2026-09-11,
1,0004(brokerage business),39963,-569,1,0148(brokerage business),10083,910,1,0004(brokerage business),18822,-331
2,0148(brokerage business),29248,-166,2,0323(brokerage business),8398,-28,2,0323(brokerage business),8319,141
3,0163(brokerage business),22809,736,3,0004(brokerage business),8226,-1088,3,0148(brokerage business),7001,-320
4,0081(brokerage business),21560,5161,4,0268(brokerage business),7147,-339,4,0268(brokerage business),6795,-338
5,0275(brokerage business),19587,-1138,5,0163(brokerage business),5553,609,5,0272(brokerage business),4912,-470
6,0253(brokerage business),14428,4084,6,0253(brokerage business),4736,61,6,0103(brokerage business),4552,41
7,0123(brokerage business),10649,-3779,7,0103(brokerage business),4684,-22,7,0163(brokerage business),3939,-418
8,0240(brokerage business),8376,1478,8,0123(brokerage business),4604,61,8,0123(brokerage business),3925,42
9,0268(brokerage business),6391,1265,9,0335(brokerage business),2733,306,9,0253(brokerage business),3186,-37
10,0272(brokerage business),5100,1123,10,0275(brokerage business),2609,326,10,0029(brokerage business),2322,70
11,0308(brokerage business),2910,-375,11,0043(brokerage business),2233,-53,11,0096(brokerage business),2316,269
12,0096(brokerage business),2830,1189,12,0272(brokerage business),2152,-44,12,0275(brokerage business),2106,79
13,0342(brokerage business),2739,625,13,0048(brokerage business),2151,-581,13,0043(brokerage business),2091,-20
14,0295(brokerage business),2421,2101,14,0096(brokerage business),2120,-119,14,0082(brokerage business),1965,79
15,0274(brokerage business),2403,18,15,0007(brokerage business),1285,204,15,0048(brokerage business),1348,19
16,0186(brokerage business),2259,581,16,0311(brokerage business),994,-270,16,0081(brokerage business),1194,-382
17,0169(brokerage business),2258,497,17,0240(brokerage business),985,-43,17,0254(brokerage business),1059,117
18,0298(brokerage business),2241,1031,18,0034(brokerage business),881,174,18,0295(brokerage business),895,774
19,0059(brokerage business),1964,-376,19,0059(brokerage business),683,-49,19,0107(brokerage business),712,2
20,0323(brokerage business),1889,184,20,0274(brokerage business),665,17,20,0059(brokerage business),638,3
Total,,202025,13670,Total,,72922,32,Total,,78097,-680
Member/OSP Type,Total Volume,Change from Previous Trading Day,Member/OSP Type,Total Long Position,Change from Previous Trading Day,Member/OSP Type,Total Short Position,Change from Previous Trading Day,,,
Contract Code：ruall,,,,,,,2026-09-11,,,,
Name of FF Member/OSBP,921662,-6870,Name of FF Member/OSBP,194950,-9838,Name of FF Member/OSBP,194770,-9838,,,
Name of Non-FF Member/OSNBP,0,0,Name of Non-FF Member/OSNBP,50,0,Name of Non-FF Member/OSNBP,230,0,,,
Ranking,Name of FF Member /OSBPs,Volume,Change from Previous Trading Day,Ranking,Name of FF Member /OSBPs,Long Position,Change from Previous Trading Day,Ranking,Name of FF Member /OSBPs,Short Position,Change from Previous Trading Day
Contract Code：ru2609,,,,,,,,,,2026-09-11,
1,0322(brokerage business),51,30,1,0004(brokerage business),485,-13,1,0151(brokerage business),1763,3
2,0067(brokerage business),44,23,2,0096(brokerage business),357,8,2,0240(brokerage business),309,0
3,0019(brokerage business),38,8,3,0082(brokerage business),312,-10,3,0177(brokerage business),210,0
4,0163(brokerage business),35,-124,4,0177(brokerage business),266,-8,4,0123(brokerage business),200,0
5,0043(brokerage business),19,19,5,0148(brokerage business),259,0,5,0004(brokerage business),180,0
6,0004(brokerage business),13,-4,6,0163(brokerage business),250,-3,6,0148(brokerage business),100,0
7,0272(brokerage business),12,-36,7,0058(brokerage business),229,9,7,0125(brokerage business),45,-2
8,0082(brokerage business),10,9,8,0103(brokerage business),155,0,8,0139(brokerage business),27,0
9,0058(brokerage business),9,9,9,0125(brokerage business),123,0,9,0321(brokerage business),7,0
10,0096(brokerage business),8,6,10,0385(brokerage business),66,0,10,0043(brokerage business),2,2
11,0177(brokerage business),8,5,11,0059(brokerage business),50,0,11,0272(brokerage business),1,0
12,0123(brokerage business),4,4,12,0121(brokerage business),50,0,12,,,
13,0151(brokerage business),3,-49,13,0272(brokerage business),50,0,13,,,
14,0125(brokerage business),2,-1,14,0276(brokerage business),50,0,14,,,
15,0315(brokerage business),2,2,15,0254(brokerage business),34,0,15,,,
16,,,,16,0275(brokerage business),30,0,16,,,
17,,,,17,0048(brokerage business),15,0,17,,,
18,,,,18,0123(brokerage business),10,0,18,,,
19,,,,19,0043(brokerage business),3,3,19,,,
Total,,258,-99,Total,,2794,-14,Total,,2844,3
Ranking,Name of FF Member /OSBPs,Volume,Change from Previous Trading Day,Ranking,Name of FF Member /OSBPs,Long Position,Change from Previous Trading Day,Ranking,Name of FF Member /OSBPs,Short Position,Change from Previous Trading Day
Contract Code：ru2611,,,,,,,,,,2026-09-11,
1,0253(brokerage business),1343,95,1,0004(brokerage business),607,-2,1,0240(brokerage business),899,-4
2,0163(brokerage business),887,55,2,0151(brokerage business),494,-1,2,0004(brokerage business),683,14
3,0004(brokerage business),776,151,3,0058(brokerage business),462,0,3,0151(brokerage business),591,-8
4,0272(brokerage business),699,313,4,0177(brokerage business),403,-2,4,0163(brokerage business),340,-63
5,0161(brokerage business),663,-19,5,0123(brokerage business),370,-1,5,0349(brokerage business),326,-1
6,0148(brokerage business),602,-56,6,0148(brokerage business),365,-8,6,0077(brokerage business),296,-6
7,0081(brokerage business),509,440,7,0163(brokerage business),306,-50,7,0148(brokerage business),293,6
8,0308(brokerage business),375,-66,8,0240(brokerage business),183,-5,8,0253(brokerage business),211,-21
9,0137(brokerage business),302,18,9,0096(brokerage business),170,-3,9,0081(brokerage business),198,-2
10,0312(brokerage business),226,169,10,0272(brokerage business),156,2,10,0123(brokerage business),104,1
11,0082(brokerage business),187,42,11,0253(brokerage business),147,-8,11,0335(brokerage business),98,-10
12,0123(brokerage business),156,61,12,0082(brokerage business),145,12,12,0047(brokerage business),90,0
13,0034(brokerage business),150,50,13,0312(brokerage business),99,8,13,0069(brokerage business),90,-18
14,0151(brokerage business),137,95,14,0323(brokerage business),87,-9,14,0096(brokerage business),86,-51
15,0018(brokerage business),135,83,15,0103(brokerage business),85,-1,15,0268(brokerage business),82,-5
16,0069(brokerage business),122,25,16,0009(brokerage business),84,-4,16,0082(brokerage business),77,1
17,0105(brokerage business),120,110,17,0335(brokerage business),83,0,17,0272(brokerage business),75,-1
18,0159(brokerage business),120,100,18,0042(brokerage business),72,4,18,0105(brokerage business),71,0
19,0268(brokerage business),113,32,19,0137(brokerage business),61,-5,19,0177(brokerage business),64,0
20,0275(brokerage business),112,12,20,0029(brokerage business),54,-7,20,0058(brokerage business),59,0
Total,,7734,1710,Total,,4433,-80,Total,,4733,-168
Ranking,Name of FF Member /OSBPs,Volume,Change from Previous Trading Day,Ranking,Name of FF Member /OSBPs,Long Position,Change from Previous Trading Day,Ranking,Name of FF Member /OSBPs,Short Position,Change from Previous Trading Day
Contract Code：ru2701,,,,,,,,,,2026-09-11,
1,0004(brokerage business),125361,-49840,1,0004(brokerage business),11285,-720,1,0004(brokerage business),18656,177
2,0163(brokerage business),113812,5577,2,0148(brokerage business),11028,-1159,2,0123(brokerage business),10546,-305
3,0148(brokerage business),102115,29587,3,0163(brokerage business),8330,996,3,0148(brokerage business),9741,-880
4,0275(brokerage business),59287,-17081,4,0272(brokerage business),7859,849,4,0272(brokerage business),6076,-369
5,0253(brokerage business),51052,25332,5,0103(brokerage business),6795,-865,5,0163(brokerage business),5083,-282
6,0272(brokerage business),34084,11941,6,0253(brokerage business),5228,-502,6,0372(brokerage business),4614,-106
7,0123(brokerage business),32608,3161,7,0240(brokerage business),3703,-21,7,0275(brokerage business),4434,-35
8,0240(brokerage business),23308,-2144,8,0082(brokerage business),3525,-212,8,0151(brokerage business),4274,-37
9,0081(brokerage business),19755,5530,9,0323(brokerage business),3299,-116,9,0103(brokerage business),4097,-108
10,0096(brokerage business),12724,1658,10,0077(brokerage business),3276,-280,10,0253(brokerage business),4017,-484
11,0259(brokerage business),9445,-13500,11,0268(brokerage business),2746,-100,11,0096(brokerage business),3899,80
12,0186(brokerage business),8649,632,12,0018(brokerage business),2644,59,12,0240(brokerage business),3881,157
13,0034(brokerage business),8510,-1001,13,0125(brokerage business),2516,467,13,0077(brokerage business),3428,94
14,0069(brokerage business),8410,-1626,14,0274(brokerage business),2419,-662,14,0125(brokerage business),3425,-114
15,0323(brokerage business),8222,-5376,15,0081(brokerage business),2360,507,15,0082(brokerage business),3375,196
16,0009(brokerage business),7955,456,16,0137(brokerage business),2220,218,16,0058(brokerage business),3132,137
17,0059(brokerage business),7070,1237,17,0034(brokerage business),2197,-204,17,0177(brokerage business),2955,-77
18,0103(brokerage business),6980,413,18,0096(brokerage business),2181,2,18,0059(brokerage business),2827,942
19,0268(brokerage business),6122,-647,19,0042(brokerage business),2110,589,19,0069(brokerage business),2514,-153
20,0308(brokerage business),5320,482,20,0275(brokerage business),2093,-442,20,0034(brokerage business),2251,-272
Total,,650789,-5209,Total,,87814,-1596,Total,,103225,-1439
Ranking,Name of FF Member /OSBPs,Volume,Change from Previous Trading Day,Ranking,Name of FF Member /OSBPs,Long Position,Change from Previous Trading Day,Ranking,Name of FF Member /OSBPs,Short Position,Change from Previous Trading Day
Contract Code：ru2705,,,,,,,,,,2026-09-11,
1,0163(brokerage business),14151,383,1,0148(brokerage business),2296,130,1,0082(brokerage business),11201,0
2,0148(brokerage business),11567,575,2,0004(brokerage business),2214,-121,2,0272(brokerage business),2244,210
3,0253(brokerage business),9616,-782,3,0277(brokerage business),1755,157,3,0004(brokerage business),1818,-220
4,0004(brokerage business),8599,-42,4,0163(brokerage business),1668,-369,4,0372(brokerage business),1371,0
5,0275(brokerage business),7438,399,5,0103(brokerage business),1556,-89,5,0275(brokerage business),1234,-27
6,0081(brokerage business),3556,811,6,0272(brokerage business),1496,-77,6,0125(brokerage business),1103,-239
7,0009(brokerage business),2495,-77,7,0295(brokerage business),1294,72,7,0148(brokerage business),893,-81
8,0240(brokerage business),1663,-373,8,0240(brokerage business),1126,-81,8,0103(brokerage business),757,294
9,0059(brokerage business),1407,462,9,0253(brokerage business),757,-29,9,0137(brokerage business),743,-12
10,0272(brokerage business),1295,-118,10,0069(brokerage business),695,-51,10,0123(brokerage business),565,-3
11,0123(brokerage business),1217,625,11,0274(brokerage business),637,-118,11,0096(brokerage business),530,4
12,0308(brokerage business),1019,528,12,0019(brokerage business),614,332,12,0139(brokerage business),526,0
13,0103(brokerage business),819,156,13,0139(brokerage business),522,0,13,0058(brokerage business),412,-105
14,0043(brokerage business),815,345,14,0007(brokerage business),497,-25,14,0019(brokerage business),394,-19
15,0338(brokerage business),718,607,15,0323(brokerage business),466,-181,15,0121(brokerage business),384,0
16,0007(brokerage business),611,95,16,0077(brokerage business),429,89,16,0338(brokerage business),361,-610
17,0069(brokerage business),598,-440,17,0067(brokerage business),418,-25,17,0151(brokerage business),355,-13
18,0389(brokerage business),548,341,18,0018(brokerage business),382,0,18,0163(brokerage business),255,-140
19,0019(brokerage business),519,264,19,0059(brokerage business),375,8,19,0136(brokerage business),237,-28
20,0141(brokerage business),503,116,20,0275(brokerage business),353,1,20,0077(brokerage business),220,-7
Total,,69154,3875,Total,,19550,-377,Total,,25603,-996
Ranking,Name of FF Member /OSBPs,Volume,Change from Previous Trading Day,Ranking,Name of FF Member /OSBPs,Long Position,Change from Previous Trading Day,Ranking,Name of FF Member /OSBPs,Short Position,Change from Previous Trading Day
Contract Code：nr2609,,,,,,,,,,2026-09-11,
1,8096(brokerage business),20,-10,1,8253(brokerage business),140,0,1,8096(brokerage business),80,0
2,8240(brokerage business),20,-20,2,8148(brokerage business),80,0,2,8240(brokerage business),60,20
3,,,,3,8096(brokerage business),40,20,3,8253(brokerage business),60,-20
4,,,,4,8077(brokerage business),20,0,4,8004(brokerage business),40,0
5,,,,5,8103(brokerage business),20,0,5,8148(brokerage business),40,0
6,,,,6,8004(brokerage business),10,0,6,8321(brokerage business),20,0
7,,,,7,,,,7,8323(brokerage business),10,0
Total,,40,-30,Total,,310,20,Total,,310,0
Ranking,Name of FF Member /OSBPs,Volume,Change from Previous Trading Day,Ranking,Name of FF Member /OSBPs,Long Position,Change from Previous Trading Day,Ranking,Name of FF Member /OSBPs,Short Position,Change from Previous Trading Day
Contract Code：nr2610,,,,,,,,,,2026-09-11,
1,8163(brokerage business),3403,471,1,8004(brokerage business),3593,-418,1,8004(brokerage business),2743,-216
2,8004(brokerage business),2466,1064,2,8148(brokerage business),2229,55,2,8148(brokerage business),2323,-41
3,8275(brokerage business),1618,620,3,8096(brokerage business),1595,1,3,8272(brokerage business),1536,-32
4,8253(brokerage business),1063,-749,4,8253(brokerage business),895,-148,4,8177(brokerage business),1370,-21
5,8148(brokerage business),622,-302,5,8058(brokerage business),871,12,5,8103(brokerage business),1103,60
6,8123(brokerage business),575,88,6,8077(brokerage business),725,4,6,8163(brokerage business),1081,-393
7,8308(brokerage business),409,286,7,8059(brokerage business),610,-7,7,8275(brokerage business),855,-182
8,8096(brokerage business),286,146,8,8389(brokerage business),490,26,8,8240(brokerage business),692,-22
9,8272(brokerage business),273,-200,9,8272(brokerage business),432,-25,9,8019(brokerage business),669,-10
10,8240(brokerage business),270,-110,10,8001(brokerage business),420,2,10,8139(brokerage business),617,0
11,8082(brokerage business),252,248,11,8003(brokerage business),353,0,11,8349(brokerage business),600,0
12,8268(brokerage business),239,-215,12,8151(brokerage business),345,-51,12,8123(brokerage business),448,-28
13,8103(brokerage business),201,123,13,8095(brokerage business),343,0,13,8253(brokerage business),439,-14
14,8418(brokerage business),200,200,14,8171(brokerage business),332,0,14,8305(brokerage business),400,0
15,8081(brokerage business),161,-49,15,8153(brokerage business),331,-3,15,8077(brokerage business),375,-50
16,8271(brokerage business),149,3,16,8161(brokerage business),329,5,16,8058(brokerage business),310,-42
17,8069(brokerage business),133,-214,17,8103(brokerage business),306,-72,17,8125(brokerage business),251,0
18,8311(brokerage business),132,120,18,8123(brokerage business),257,3,18,8069(brokerage business),151,-8
19,8274(brokerage business),124,-10,19,8312(brokerage business),256,0,19,8389(brokerage business),150,0
20,8136(brokerage business),123,84,20,8163(brokerage business),249,-110,20,8254(brokerage business),127,-2
Total,,12699,1604,Total,,14961,-726,Total,,16240,-1001
Ranking,Name of FF Member /OSBPs,Volume,Change from Previous Trading Day,Ranking,Name of FF Member /OSBPs,Long Position,Change from Previous Trading Day,Ranking,Name of FF Member /OSBPs,Short Position,Change from Previous Trading Day
Contract Code：nr2611,,,,,,,,,,2026-09-11,
1,8163(brokerage business),45205,2546,1,8148(brokerage business),6708,534,1,8004(brokerage business),10246,-1213
2,8004(brokerage business),22917,4509,2,8239(brokerage business),5985,-128,2,8148(brokerage business),6465,57
3,8253(brokerage business),21673,1170,3,8103(brokerage business),5884,-600,3,8163(brokerage business),4221,110
4,8148(brokerage business),18647,2374,4,8004(brokerage business),5410,-1106,4,8272(brokerage business),4062,130
5,8275(brokerage business),14427,-3765,5,8184(brokerage business),5307,121,5,8096(brokerage business),4054,72
6,8123(brokerage business),6724,185,6,8163(brokerage business),4920,227,6,8253(brokerage business),3695,17
7,8081(brokerage business),5152,-2829,7,8084(brokerage business),3150,495,7,8123(brokerage business),3394,-5
8,8272(brokerage business),4151,307,8,8335(brokerage business),2343,573,8,8240(brokerage business),3146,-160
9,8103(brokerage business),3003,-1015,9,8272(brokerage business),2295,191,9,8082(brokerage business),2573,-59
10,8096(brokerage business),2737,13,10,8274(brokerage business),2115,-140,10,8125(brokerage business),2473,11
11,8298(brokerage business),2720,301,11,8253(brokerage business),2063,-22,11,8103(brokerage business),2455,-49
12,8308(brokerage business),2719,240,12,8240(brokerage business),1977,-274,12,8275(brokerage business),2162,-98
13,8323(brokerage business),2696,1050,13,8277(brokerage business),1854,34,13,8058(brokerage business),2114,-53
14,8043(brokerage business),2590,594,14,8349(brokerage business),1559,-371,14,8009(brokerage business),1995,-222
15,8268(brokerage business),2477,727,15,8268(brokerage business),1513,-242,15,8077(brokerage business),1682,21
16,8186(brokerage business),2433,422,16,8288(brokerage business),1166,-106,16,8059(brokerage business),1603,-171
17,8240(brokerage business),2328,-284,17,8007(brokerage business),1147,14,17,8177(brokerage business),1457,8
18,8274(brokerage business),1912,424,18,8177(brokerage business),1114,-11,18,8069(brokerage business),1421,46
19,8069(brokerage business),1856,-46,19,8077(brokerage business),987,-139,19,8308(brokerage business),1210,-126
20,8259(brokerage business),1610,281,20,8139(brokerage business),970,7,20,8151(brokerage business),862,303
Total,,167977,7204,Total,,58467,-943,Total,,61290,-1381
Ranking,Name of FF Member /OSBPs,Volume,Change from Previous Trading Day,Ranking,Name of FF Member /OSBPs,Long Position,Change from Previous Trading Day,Ranking,Name of FF Member /OSBPs,Short Position,Change from Previous Trading Day
Contract Code：nr2612,,,,,,,,,,2026-09-11,
1,8163(brokerage business),15124,-3579,1,8004(brokerage business),6232,-593,1,8004(brokerage business),8484,-402
2,8004(brokerage business),11039,-408,2,8148(brokerage business),4696,-219,2,8148(brokerage business),3277,-24
3,8253(brokerage business),10484,643,3,8103(brokerage business),2766,-222,3,8253(brokerage business),3093,19
4,8148(brokerage business),8123,-693,4,8163(brokerage business),2706,-157,4,8372(brokerage business),2901,-300
5,8275(brokerage business),5726,-833,5,8323(brokerage business),2588,-207,5,8163(brokerage business),2535,71
6,8081(brokerage business),5155,416,6,8268(brokerage business),2282,-248,6,8268(brokerage business),2485,-230
7,8123(brokerage business),2934,-584,7,8082(brokerage business),2149,202,7,8240(brokerage business),2218,10
8,8096(brokerage business),2637,-105,8,8034(brokerage business),2112,32,8,8082(brokerage business),2188,-8
9,8268(brokerage business),1542,225,9,8253(brokerage business),1812,-69,9,8103(brokerage business),2149,-410
10,8103(brokerage business),1036,-71,10,8274(brokerage business),1786,-99,10,8123(brokerage business),2109,-3
11,8274(brokerage business),960,154,11,8009(brokerage business),1712,180,11,8323(brokerage business),2087,-3
12,8069(brokerage business),879,44,12,8161(brokerage business),1666,23,12,8034(brokerage business),1902,36
13,8308(brokerage business),845,201,13,8295(brokerage business),1592,-14,13,8058(brokerage business),1765,-156
14,8240(brokerage business),755,-270,14,8372(brokerage business),1347,-3,14,8272(brokerage business),1527,13
15,8418(brokerage business),752,-199,15,8277(brokerage business),1233,1,15,8161(brokerage business),1523,11
16,8342(brokerage business),578,204,16,8139(brokerage business),1175,21,16,8275(brokerage business),1444,-107
17,8323(brokerage business),542,-386,17,8077(brokerage business),907,162,17,8277(brokerage business),1202,0
18,8272(brokerage business),473,-1447,18,8123(brokerage business),782,55,18,8096(brokerage business),1066,-87
19,8311(brokerage business),456,356,19,8308(brokerage business),739,-7,19,8177(brokerage business),912,26
20,8059(brokerage business),442,59,20,8096(brokerage business),712,-90,20,8308(brokerage business),429,4
Total,,70482,-6273,Total,,40994,-1252,Total,,45296,-1540
Ranking,Name of FF Member /OSBPs,Volume,Change from Previous Trading Day,Ranking,Name of FF Member /OSBPs,Long Position,Change from Previous Trading Day,Ranking,Name of FF Member /OSBPs,Short Position,Change from Previous Trading Day
Contract Code：nr2701,,,,,,,,,,2026-09-11,
1,8163(brokerage business),7214,-1146,1,8004(brokerage business),3774,-712,1,8004(brokerage business),6462,650
2,8004(brokerage business),5926,1199,2,8148(brokerage business),2944,26,2,8148(brokerage business),3764,5
3,8253(brokerage business),5267,1235,3,8009(brokerage business),2275,1557,3,8272(brokerage business),2019,567
4,8009(brokerage business),2911,2186,4,8103(brokerage business),1750,-26,4,8275(brokerage business),1739,-221
5,8275(brokerage business),2583,-1211,5,8139(brokerage business),1659,39,5,8123(brokerage business),1700,-167
6,8148(brokerage business),2439,-515,6,8272(brokerage business),1482,-84,6,8254(brokerage business),1403,153
7,8272(brokerage business),1683,102,7,8295(brokerage business),1477,0,7,8349(brokerage business),1317,-428
8,8123(brokerage business),1406,-264,8,8323(brokerage business),1371,-105,8,8163(brokerage business),1285,12
9,8308(brokerage business),1166,423,9,8163(brokerage business),1257,-68,9,8372(brokerage business),1017,256
10,8069(brokerage business),1071,301,10,8253(brokerage business),1217,-19,10,8059(brokerage business),991,-47
11,8059(brokerage business),812,177,11,8335(brokerage business),1188,-2,11,8253(brokerage business),968,-2
12,8323(brokerage business),698,413,12,8274(brokerage business),1144,71,12,8058(brokerage business),964,10
13,8007(brokerage business),583,197,13,8059(brokerage business),836,-41,13,8081(brokerage business),935,-3
14,8240(brokerage business),579,19,14,8121(brokerage business),777,0,14,8321(brokerage business),879,-24
15,8389(brokerage business),494,307,15,8077(brokerage business),731,-81,15,8019(brokerage business),816,-24
16,8274(brokerage business),451,-27,16,8137(brokerage business),731,-6,16,8082(brokerage business),796,-35
17,8271(brokerage business),448,-691,17,8288(brokerage business),714,-36,17,8103(brokerage business),789,-46
18,8349(brokerage business),439,81,18,8240(brokerage business),610,-31,18,8385(brokerage business),774,0
19,8327(brokerage business),423,171,19,8107(brokerage business),595,10,19,8034(brokerage business),715,-9
20,8372(brokerage business),371,364,20,8123(brokerage business),517,-3,20,8418(brokerage business),556,-50
Total,,36964,3321,Total,,27049,489,Total,,29889,597
Member/OSP Type,Total Volume,Change from Previous Trading Day,Member/OSP Type,Total Long Position,Change from Previous Trading Day,Member/OSP Type,Total Short Position,Change from Previous Trading Day,,,
Contract Code：spall,,,,,,,2026-09-11,,,,
Name of FF Member/OSBP,835788,-80648,Name of FF Member/OSBP,401793,-11021,Name of FF Member/OSBP,401793,-11021,,,
Name of Non-FF Member/OSNBP,0,0,Name of Non-FF Member/OSNBP,0,0,Name of Non-FF Member/OSNBP,0,0,,,
Ranking,Name of FF Member /OSBPs,Volume,Change from Previous Trading Day,Ranking,Name of FF Member /OSBPs,Long Position,Change from Previous Trading Day,Ranking,Name of FF Member /OSBPs,Short Position,Change from Previous Trading Day
Contract Code：sp2609,,,,,,,,,,2026-09-11,
1,0148(brokerage business),150,150,1,0004(brokerage business),2356,0,1,0059(brokerage business),1470,0
2,0003(brokerage business),144,12,2,0081(brokerage business),1152,0,2,0125(brokerage business),1322,-2
3,0272(brokerage business),14,-98,3,0103(brokerage business),1002,0,3,0004(brokerage business),1204,12
4,0004(brokerage business),12,12,4,0082(brokerage business),796,0,4,0177(brokerage business),558,0
5,0019(brokerage business),4,4,5,0148(brokerage business),632,-6,5,0148(brokerage business),470,-144
6,0125(brokerage business),2,2,6,0123(brokerage business),360,0,6,0163(brokerage business),452,-2
7,0163(brokerage business),2,-118,7,0029(brokerage business),304,0,7,0299(brokerage business),400,0
8,,,,8,0003(brokerage business),300,0,8,0081(brokerage business),322,0
9,,,,9,0159(brokerage business),300,0,9,0327(brokerage business),300,0
10,,,,10,0169(brokerage business),300,0,10,0019(brokerage business),288,0
11,,,,11,0009(brokerage business),216,0,11,0082(brokerage business),250,0
12,,,,12,0034(brokerage business),200,0,12,0138(brokerage business),238,0
13,,,,13,0349(brokerage business),200,0,13,0268(brokerage business),230,0
14,,,,14,0019(brokerage business),142,0,14,0159(brokerage business),218,0
15,,,,15,0139(brokerage business),120,0,15,0096(brokerage business),200,0
16,,,,16,0177(brokerage business),120,0,16,0418(brokerage business),200,0
17,,,,17,0272(brokerage business),100,0,17,0272(brokerage business),178,-14
18,,,,18,0385(brokerage business),84,0,18,0321(brokerage business),170,0
19,,,,19,0138(brokerage business),80,0,19,0003(brokerage business),144,144
20,,,,20,0268(brokerage business),10,0,20,0153(brokerage business),100,0
Total,,328,-36,Total,,8774,-6,Total,,8714,-6
Ranking,Name of FF Member /OSBPs,Volume,Change from Previous Trading Day,Ranking,Name of FF Member /OSBPs,Long Position,Change from Previous Trading Day,Ranking,Name of FF Member /OSBPs,Short Position,Change from Previous Trading Day
Contract Code：sp2611,,,,,,,,,,2026-09-11,
1,0004(brokerage business),156771,-893,1,0004(brokerage business),22032,-172,1,0004(brokerage business),24432,-743
2,0163(brokerage business),101869,-10135,2,0148(brokerage business),16206,121,2,0148(brokerage business),21012,415
3,0148(brokerage business),62046,-6391,3,0272(brokerage business),12221,38,3,0163(brokerage business),20517,-2137
4,0253(brokerage business),33790,9975,4,0268(brokerage business),8057,-397,4,0239(brokerage business),11555,87
5,0275(brokerage business),28381,-23550,5,0163(brokerage business),7305,-658,5,0272(brokerage business),10312,-162
6,0272(brokerage business),27368,1349,6,0240(brokerage business),5715,-251,6,0253(brokerage business),8025,96
7,0259(brokerage business),23173,1972,7,0103(brokerage business),5221,788,7,0335(brokerage business),7003,-551
8,0081(brokerage business),21610,-10786,8,0096(brokerage business),4870,-123,8,0103(brokerage business),6946,-240
9,0240(brokerage business),19867,-484,9,0253(brokerage business),4849,-226,9,0177(brokerage business),5725,-102
10,0123(brokerage business),13479,-3653,10,0081(brokerage business),4663,168,10,0123(brokerage business),5377,-169
11,0103(brokerage business),11736,1593,11,0077(brokerage business),4265,-180,11,0059(brokerage business),5225,-2654
12,0096(brokerage business),7842,-2091,12,0275(brokerage business),4124,-31,12,0081(brokerage business),5101,-904
13,0268(brokerage business),7656,1013,13,0034(brokerage business),3527,-679,13,0125(brokerage business),3592,-460
14,0186(brokerage business),7334,1040,14,0298(brokerage business),3433,-261,14,0058(brokerage business),3563,-58
15,0059(brokerage business),7174,206,15,0043(brokerage business),3380,-327,15,0308(brokerage business),3305,264
16,0308(brokerage business),6486,1386,16,0169(brokerage business),3110,23,16,0043(brokerage business),3289,-85
17,0034(brokerage business),5904,805,17,0069(brokerage business),3032,-100,17,0084(brokerage business),3012,6
18,0298(brokerage business),5661,937,18,0058(brokerage business),3005,-201,18,0034(brokerage business),2909,-877
19,0069(brokerage business),4700,-1604,19,0042(brokerage business),2919,-464,19,0082(brokerage business),2733,-386
20,0274(brokerage business),4204,1088,20,0299(brokerage business),2906,-324,20,0321(brokerage business),2699,40
Total,,557051,-38223,Total,,124840,-3256,Total,,156332,-8620
Ranking,Name of FF Member /OSBPs,Volume,Change from Previous Trading Day,Ranking,Name of FF Member /OSBPs,Long Position,Change from Previous Trading Day,Ranking,Name of FF Member /OSBPs,Short Position,Change from Previous Trading Day
Contract Code：sp2701,,,,,,,,,,2026-09-11,
1,0148(brokerage business),29791,-6410,1,0123(brokerage business),10064,30,1,0004(brokerage business),16520,-272
2,0163(brokerage business),16706,-4550,2,0004(brokerage business),9439,-277,2,0148(brokerage business),16106,-801
3,0004(brokerage business),15727,-3655,3,0163(brokerage business),8200,187,3,0418(brokerage business),5289,-55
4,0253(brokerage business),9112,133,4,0272(brokerage business),6915,-137,4,0163(brokerage business),5109,-459
5,0123(brokerage business),8665,-8047,5,0177(brokerage business),5599,-59,5,0169(brokerage business),4924,-35
6,0275(brokerage business),5837,-2311,6,0042(brokerage business),5038,138,6,0009(brokerage business),4493,-61
7,0240(brokerage business),3226,-318,7,0043(brokerage business),4400,-121,7,0081(brokerage business),4228,-17
8,0272(brokerage business),2081,509,8,0148(brokerage business),3769,102,8,0103(brokerage business),4154,26
9,0081(brokerage business),1841,-3471,9,0103(brokerage business),3417,-116,9,0253(brokerage business),4139,18
10,0259(brokerage business),1830,-509,10,0077(brokerage business),2978,-119,10,0177(brokerage business),4111,0
11,0034(brokerage business),1827,-3280,11,0018(brokerage business),2775,-114,11,0125(brokerage business),3819,-40
12,0186(brokerage business),1410,-555,12,0034(brokerage business),2639,-155,12,0335(brokerage business),3688,-251
13,0007(brokerage business),1394,-102,13,0275(brokerage business),2458,-10,13,0272(brokerage business),3638,806
14,0274(brokerage business),1326,-118,14,0253(brokerage business),2422,-138,14,0029(brokerage business),3485,-5
15,0059(brokerage business),1266,277,15,0288(brokerage business),2048,-43,15,0059(brokerage business),3310,-450
16,0077(brokerage business),1202,-785,16,0186(brokerage business),2018,-31,16,0003(brokerage business),2785,-78
17,0312(brokerage business),1042,215,17,0096(brokerage business),1827,-16,17,0139(brokerage business),2609,-21
18,0308(brokerage business),878,198,18,0136(brokerage business),1768,-17,18,0096(brokerage business),2481,-50
19,0069(brokerage business),804,-1641,19,0262(brokerage business),1735,-43,19,0082(brokerage business),2277,-239
20,0268(brokerage business),730,-461,20,0069(brokerage business),1661,-77,20,0077(brokerage business),2273,275
Total,,106695,-34881,Total,,81170,-1016,Total,,99438,-1709
Member/OSP Type,Total Volume,Change from Previous Trading Day,Member/OSP Type,Total Long Position,Change from Previous Trading Day,Member/OSP Type,Total Short Position,Change from Previous Trading Day,,,
Contract Code：opall,,,,,,,2026-09-11,,,,
Name of FF Member/OSBP,39410,9594,Name of FF Member/OSBP,26471,367,Name of FF Member/OSBP,26471,367,,,
Name of Non-FF Member/OSNBP,0,0,Name of Non-FF Member/OSNBP,0,0,Name of Non-FF Member/OSNBP,0,0,,,
Ranking,Name of FF Member /OSBPs,Volume,Change from Previous Trading Day,Ranking,Name of FF Member /OSBPs,Long Position,Change from Previous Trading Day,Ranking,Name of FF Member /OSBPs,Short Position,Change from Previous Trading Day
Contract Code：op2609,,,,,,,,,,2026-09-11,
1,,,,1,0004(brokerage business),30,0,1,0321(brokerage business),28,0
2,,,,2,,,,2,0082(brokerage business),2,0
Total,,,,Total,,30,0,Total,,30,0
Ranking,Name of FF Member /OSBPs,Volume,Change from Previous Trading Day,Ranking,Name of FF Member /OSBPs,Long Position,Change from Previous Trading Day,Ranking,Name of FF Member /OSBPs,Short Position,Change from Previous Trading Day
Contract Code：op2610,,,,,,,,,,2026-09-11,
1,0268(brokerage business),1138,390,1,0268(brokerage business),971,-2,1,0268(brokerage business),910,6
2,0123(brokerage business),940,528,2,0082(brokerage business),567,-33,2,0004(brokerage business),798,-28
3,0163(brokerage business),560,221,3,0148(brokerage business),511,-32,3,0148(brokerage business),504,-27
4,0148(brokerage business),521,36,4,0004(brokerage business),505,3,4,0257(brokerage business),498,1
5,0257(brokerage business),503,383,5,0008(brokerage business),495,7,5,0008(brokerage business),494,6
6,0275(brokerage business),470,168,6,0257(brokerage business),495,4,6,0082(brokerage business),490,-9
7,0004(brokerage business),443,-37,7,0123(brokerage business),486,0,7,0123(brokerage business),486,0
8,0008(brokerage business),49,17,8,0275(brokerage business),482,5,8,0275(brokerage business),456,-1
9,0082(brokerage business),42,33,9,0013(brokerage business),157,0,9,0163(brokerage business),53,4
10,0081(brokerage business),33,6,10,0137(brokerage business),35,0,10,0018(brokerage business),49,-1
11,0059(brokerage business),32,7,11,0067(brokerage business),30,0,11,0319(brokerage business),38,0
12,0136(brokerage business),29,25,12,0069(brokerage business),30,13,12,0125(brokerage business),32,0
13,0323(brokerage business),21,21,13,0048(brokerage business),22,-2,13,0103(brokerage business),22,-5
14,0034(brokerage business),20,18,14,0059(brokerage business),20,-10,14,0137(brokerage business),21,10
15,0048(brokerage business),18,18,15,0182(brokerage business),19,0,15,0389(brokerage business),20,0
16,0137(brokerage business),16,15,16,0163(brokerage business),16,-2,16,0136(brokerage business),15,-5
17,0058(brokerage business),15,11,17,0103(brokerage business),11,0,17,0001(brokerage business),8,1
18,0069(brokerage business),15,13,18,0240(brokerage business),11,-2,18,0151(brokerage business),7,-8
19,0186(brokerage business),10,10,19,0311(brokerage business),10,0,19,0272(brokerage business),5,0
20,0240(brokerage business),10,10,20,0139(brokerage business),9,7,20,0277(brokerage business),5,0
Total,,4885,1893,Total,,4882,-44,Total,,4911,-56
Ranking,Name of FF Member /OSBPs,Volume,Change from Previous Trading Day,Ranking,Name of FF Member /OSBPs,Long Position,Change from Previous Trading Day,Ranking,Name of FF Member /OSBPs,Short Position,Change from Previous Trading Day
Contract Code：op2611,,,,,,,,,,2026-09-11,
1,0163(brokerage business),5457,2163,1,0268(brokerage business),3792,-1,1,0268(brokerage business),3782,-6
2,0268(brokerage business),3703,243,2,0004(brokerage business),3129,68,2,0123(brokerage business),2870,3
3,0004(brokerage business),3465,328,3,0148(brokerage business),2779,95,3,0004(brokerage business),2603,67
4,0148(brokerage business),2956,1347,4,0123(brokerage business),2417,10,4,0148(brokerage business),2541,5
5,0257(brokerage business),2238,1486,5,0008(brokerage business),2005,4,5,0008(brokerage business),1999,0
6,0123(brokerage business),2135,-369,6,0082(brokerage business),1577,20,6,0082(brokerage business),1544,5
7,0008(brokerage business),1838,246,7,0275(brokerage business),1454,24,7,0275(brokerage business),1416,8
8,0275(brokerage business),1124,-19,8,0257(brokerage business),1309,-494,8,0257(brokerage business),1302,-496
9,0081(brokerage business),1123,550,9,0163(brokerage business),242,42,9,0163(brokerage business),618,135
10,0299(brokerage business),287,272,10,0321(brokerage business),163,163,10,0103(brokerage business),497,3
11,0019(brokerage business),280,36,11,0272(brokerage business),122,83,11,0253(brokerage business),302,4
12,0001(brokerage business),243,240,12,0186(brokerage business),99,69,12,0001(brokerage business),165,164
13,0186(brokerage business),226,117,13,0059(brokerage business),84,12,13,0137(brokerage business),118,81
14,0321(brokerage business),165,165,14,0034(brokerage business),83,14,14,0019(brokerage business),110,59
15,0058(brokerage business),157,43,15,0238(brokerage business),76,8,15,0086(brokerage business),104,83
16,0048(brokerage business),155,127,16,0319(brokerage business),74,26,16,0030(brokerage business),82,30
17,0272(brokerage business),143,86,17,0103(brokerage business),70,19,17,0042(brokerage business),77,4
18,0137(brokerage business),138,118,18,0043(brokerage business),59,17,18,0048(brokerage business),72,51
19,0240(brokerage business),126,91,19,0298(brokerage business),59,2,19,0081(brokerage business),45,3
20,0034(brokerage business),107,41,20,0058(brokerage business),57,13,20,0153(brokerage business),44,32
Total,,26066,7311,Total,,19650,194,Total,,20291,235
