"SHFE Member/OSP Volume, Open Interest Rankings",,,,,,,,,,,
,,,,,,,,,,,
Date: 2026-09-09,,,,,,,,,,,
"Note: FF Member/OSBP may not engage in trading of its own futures, the above volume and positions ranking data of FF Member/OSBP Clearing Members refers to he participation of all clients who are engaging in brokerage business during the statistical period. FF Member/OSBP engaging in brokerage business shall accept entrustment by its clients to conduct futures trading in its own name on behalf of the client.",,,,,,,,,,,
Member/OSP Type,Total Volume,Change from Previous Trading Day,Member/OSP Type,Total Long Position,Change from Previous Trading Day,Member/OSP Type,Total Short Position,Change from Previous Trading Day,,,
Contract Code：cuall,,,,,,,2026-09-09,,,,
Name of FF Member/OSBP,393996,-12662,Name of FF Member/OSBP,588147,599,Name of FF Member/OSBP,575657,35,,,
Name of Non-FF Member/OSNBP,3224,594,Name of Non-FF Member/OSNBP,3505,237,Name of Non-FF Member/OSNBP,15995,801,,,
Ranking,Name of FF Member /OSBPs,Volume,Change from Previous Trading Day,Ranking,Name of FF Member /OSBPs,Long Position,Change from Previous Trading Day,Ranking,Name of FF Member /OSBPs,Short Position,Change from Previous Trading Day
Contract Code：cu2609,,,,,,,,,,2026-09-09,
1,0049(brokerage business),3640,-65,1,0004(brokerage business),4510,-1210,1,0049(brokerage business),3900,-895
2,0272(brokerage business),2605,1000,2,0049(brokerage business),4080,435,2,0315(brokerage business),2660,-360
3,0163(brokerage business),2495,-1045,3,0148(brokerage business),3875,-455,3,0025(brokerage business),2040,145
4,0148(brokerage business),2305,-1210,4,0139(brokerage business),3405,-1075,4,0139(brokerage business),1850,-315
5,0315(brokerage business),2120,780,5,0321(brokerage business),1560,-75,5,0004(brokerage business),1720,80
6,0004(brokerage business),1740,610,6,0006(brokerage business),1505,5,6,0009(brokerage business),1305,-135
7,0139(brokerage business),1620,1090,7,0163(brokerage business),1095,25,7,0069(brokerage business),1220,-175
8,0003(brokerage business),765,95,8,0272(brokerage business),1060,-720,8,0272(brokerage business),1220,205
9,0025(brokerage business),750,-195,9,0025(brokerage business),995,-215,9,0268(brokerage business),1060,-145
10,0009(brokerage business),710,-195,10,0003(brokerage business),990,5,10,0253(brokerage business),1045,-215
11,0151(brokerage business),590,210,11,0082(brokerage business),805,290,11,0169(brokerage business),1035,-100
12,0240(brokerage business),585,-1455,12,0096(brokerage business),790,0,12,0148(brokerage business),855,-450
13,0096(brokerage business),520,-315,13,0009(brokerage business),695,85,13,0096(brokerage business),840,110
14,0321(brokerage business),480,-940,14,0311(brokerage business),530,-5,14,0058(brokerage business),825,-340
15,0058(brokerage business),455,-445,15,0288(brokerage business),510,-5,15,0042(brokerage business),805,-110
16,0125(brokerage business),420,-620,16,0077(brokerage business),485,-55,16,0321(brokerage business),790,-115
17,0081(brokerage business),405,65,17,0137(brokerage business),470,0,17,0003(brokerage business),630,-80
18,0082(brokerage business),405,-875,18,0043(brokerage business),465,65,18,0081(brokerage business),575,-100
19,0047(brokerage business),400,70,19,0081(brokerage business),435,-85,19,0163(brokerage business),500,-190
20,0299(brokerage business),400,-45,20,0048(brokerage business),430,345,20,0047(brokerage business),450,-330
Total,,23410,-3485,Total,,28690,-2645,Total,,25325,-3515
Ranking,Name of FF Member /OSBPs,Volume,Change from Previous Trading Day,Ranking,Name of FF Member /OSBPs,Long Position,Change from Previous Trading Day,Ranking,Name of FF Member /OSBPs,Short Position,Change from Previous Trading Day
Contract Code：cu2610,,,,,,,,,,2026-09-09,
1,0148(brokerage business),30450,4681,1,0148(brokerage business),27698,-349,1,0148(brokerage business),19213,-181
2,0163(brokerage business),22231,-2190,2,0004(brokerage business),25285,55,2,0049(brokerage business),16561,-527
3,0004(brokerage business),16880,-164,3,0163(brokerage business),11915,-402,3,0163(brokerage business),13353,1341
4,0308(brokerage business),5936,-806,4,0272(brokerage business),10998,-363,4,0004(brokerage business),13035,-1157
5,0049(brokerage business),5824,-38,5,0103(brokerage business),7964,-30,5,0139(brokerage business),11663,-252
6,0096(brokerage business),5593,415,6,0253(brokerage business),6702,112,6,0009(brokerage business),10339,474
7,0253(brokerage business),5015,-815,7,0049(brokerage business),6239,589,7,0058(brokerage business),6773,414
8,0272(brokerage business),4953,-1804,8,0077(brokerage business),5908,173,8,0321(brokerage business),6736,-143
9,0275(brokerage business),4642,413,9,0240(brokerage business),5123,143,9,0082(brokerage business),5560,-984
10,0123(brokerage business),4525,-28,10,0034(brokerage business),4561,196,10,0272(brokerage business),4997,-266
11,0034(brokerage business),4237,549,11,0335(brokerage business),4412,-119,11,0042(brokerage business),4952,148
12,0268(brokerage business),3905,-390,12,0268(brokerage business),3820,-29,12,0240(brokerage business),4862,-219
13,0081(brokerage business),3855,53,13,0323(brokerage business),3290,22,13,0025(brokerage business),4625,-671
14,0240(brokerage business),2988,-962,14,0082(brokerage business),3193,-23,14,0034(brokerage business),4564,7
15,0103(brokerage business),2673,217,15,0042(brokerage business),3154,-33,15,0253(brokerage business),4018,-79
16,0009(brokerage business),2641,948,16,0059(brokerage business),3105,23,16,0006(brokerage business),3961,-35
17,0059(brokerage business),2612,-105,17,0096(brokerage business),3099,-430,17,0018(brokerage business),3880,70
18,0082(brokerage business),2343,-537,18,0161(brokerage business),3070,173,18,0125(brokerage business),3781,-126
19,0043(brokerage business),2276,-768,19,0308(brokerage business),2894,-34,19,0096(brokerage business),3526,-139
20,0077(brokerage business),2198,-23,20,0125(brokerage business),2784,-127,20,0081(brokerage business),3265,-110
Total,,135777,-1354,Total,,145214,-453,Total,,149664,-2435
Ranking,Name of FF Member /OSBPs,Volume,Change from Previous Trading Day,Ranking,Name of FF Member /OSBPs,Long Position,Change from Previous Trading Day,Ranking,Name of FF Member /OSBPs,Short Position,Change from Previous Trading Day
Contract Code：cu2611,,,,,,,,,,2026-09-09,
1,0148(brokerage business),11276,1926,1,0148(brokerage business),22507,1952,1,0148(brokerage business),12423,-350
2,0004(brokerage business),10636,1728,2,0239(brokerage business),10348,467,2,0004(brokerage business),12354,904
3,0163(brokerage business),9300,743,3,0004(brokerage business),9981,354,3,0049(brokerage business),9310,1124
4,0308(brokerage business),3235,-547,4,0272(brokerage business),7826,207,4,0315(brokerage business),6417,48
5,0275(brokerage business),2177,-50,5,0163(brokerage business),6601,317,5,0163(brokerage business),5611,-33
6,0096(brokerage business),2083,392,6,0268(brokerage business),5381,-81,6,0372(brokerage business),5288,-51
7,0049(brokerage business),1964,1161,7,0103(brokerage business),3426,313,7,0009(brokerage business),4342,83
8,0123(brokerage business),1820,-750,8,0335(brokerage business),3241,136,8,0042(brokerage business),4266,-130
9,0253(brokerage business),1692,-559,9,0049(brokerage business),2993,-150,9,0034(brokerage business),4179,-768
10,0272(brokerage business),1567,-947,10,0034(brokerage business),2644,-5,10,0139(brokerage business),3225,86
11,0034(brokerage business),1519,363,11,0274(brokerage business),2452,-33,11,0253(brokerage business),3172,100
12,0082(brokerage business),1207,200,12,0125(brokerage business),2231,-4,12,0069(brokerage business),3072,269
13,0277(brokerage business),1175,866,13,0323(brokerage business),2156,-2,13,0321(brokerage business),3043,199
14,0177(brokerage business),1143,965,14,0178(brokerage business),2060,254,14,0169(brokerage business),2665,-21
15,0178(brokerage business),1130,188,15,0385(brokerage business),2031,84,15,0272(brokerage business),2546,-142
16,0139(brokerage business),1086,478,16,0123(brokerage business),1831,47,16,0025(brokerage business),2519,224
17,0295(brokerage business),1081,975,17,0253(brokerage business),1803,126,17,0067(brokerage business),2397,20
18,0372(brokerage business),1072,587,18,0308(brokerage business),1741,108,18,0082(brokerage business),2236,533
19,0268(brokerage business),1041,-7,19,0240(brokerage business),1639,-65,19,0177(brokerage business),2093,993
20,0019(brokerage business),1025,231,20,0096(brokerage business),1435,-24,20,0138(brokerage business),1852,2
Total,,57229,7943,Total,,94327,4001,Total,,93010,3090
Ranking,Name of FF Member /OSBPs,Volume,Change from Previous Trading Day,Ranking,Name of FF Member /OSBPs,Long Position,Change from Previous Trading Day,Ranking,Name of FF Member /OSBPs,Short Position,Change from Previous Trading Day
Contract Code：cu2612,,,,,,,,,,2026-09-09,
1,0163(brokerage business),3540,-1238,1,0148(brokerage business),6814,37,1,0148(brokerage business),10625,25
2,0148(brokerage business),2390,-267,2,0004(brokerage business),4782,33,2,0049(brokerage business),9037,112
3,0004(brokerage business),2353,-801,3,0136(brokerage business),4019,13,3,0004(brokerage business),8716,-28
4,0272(brokerage business),2128,234,4,0272(brokerage business),3273,410,4,0272(brokerage business),4707,-156
5,0308(brokerage business),1845,-179,5,0274(brokerage business),3143,4,5,0096(brokerage business),3692,286
6,0123(brokerage business),1461,982,6,0049(brokerage business),3101,-124,6,0125(brokerage business),3448,118
7,0275(brokerage business),1368,240,7,0103(brokerage business),3098,91,7,0034(brokerage business),3000,150
8,0333(brokerage business),1242,-372,8,0042(brokerage business),2298,108,8,0169(brokerage business),2965,-33
9,0253(brokerage business),657,-242,9,0178(brokerage business),2144,49,9,0082(brokerage business),2463,-6
10,0372(brokerage business),618,421,10,0323(brokerage business),2124,-20,10,0163(brokerage business),2256,-176
11,0240(brokerage business),609,-200,11,0031(brokerage business),2059,6,11,0067(brokerage business),2129,53
12,0096(brokerage business),537,-838,12,0081(brokerage business),2042,-38,12,0372(brokerage business),2019,376
13,0103(brokerage business),532,234,13,0077(brokerage business),2003,21,13,0042(brokerage business),1844,-62
14,0268(brokerage business),471,-38,14,0163(brokerage business),1972,-288,14,0253(brokerage business),1692,-2
15,0059(brokerage business),465,78,15,0034(brokerage business),1770,5,15,0025(brokerage business),1674,6
16,0067(brokerage business),450,-299,16,0069(brokerage business),1645,-41,16,0069(brokerage business),1323,-57
17,0049(brokerage business),448,174,17,0253(brokerage business),1622,201,17,0240(brokerage business),1322,-7
18,0069(brokerage business),448,41,18,0025(brokerage business),1588,-61,18,0139(brokerage business),1192,3
19,0034(brokerage business),411,96,19,0007(brokerage business),1487,13,19,0003(brokerage business),1072,2
20,0125(brokerage business),383,34,20,0338(brokerage business),1438,31,20,0138(brokerage business),1040,-2
Total,,22356,-1940,Total,,52422,450,Total,,66216,602
Ranking,Name of FF Member /OSBPs,Volume,Change from Previous Trading Day,Ranking,Name of FF Member /OSBPs,Long Position,Change from Previous Trading Day,Ranking,Name of FF Member /OSBPs,Short Position,Change from Previous Trading Day
Contract Code：cu2701,,,,,,,,,,2026-09-09,
1,0163(brokerage business),2445,189,1,0148(brokerage business),3498,-18,1,0148(brokerage business),11744,67
2,0333(brokerage business),1064,-135,2,0004(brokerage business),2829,132,2,0049(brokerage business),5264,-81
3,0240(brokerage business),990,569,3,0049(brokerage business),2693,-11,3,0272(brokerage business),4749,-350
4,0096(brokerage business),918,-451,4,0136(brokerage business),2128,-14,4,0184(brokerage business),1500,0
5,0272(brokerage business),908,198,5,0069(brokerage business),1846,-36,5,0067(brokerage business),1426,0
6,0034(brokerage business),882,606,6,0034(brokerage business),1743,4,6,0034(brokerage business),1139,778
7,0004(brokerage business),769,-1311,7,0323(brokerage business),1531,-11,7,0103(brokerage business),1125,6
8,0148(brokerage business),697,-12,8,0031(brokerage business),1274,1,8,0042(brokerage business),1021,4
9,0178(brokerage business),578,406,9,0103(brokerage business),1138,15,9,0372(brokerage business),972,22
10,0275(brokerage business),562,149,10,0333(brokerage business),1136,-127,10,0163(brokerage business),928,234
11,0069(brokerage business),455,152,11,0163(brokerage business),1113,-289,11,0169(brokerage business),878,99
12,0239(brokerage business),420,402,12,0272(brokerage business),947,-16,12,0333(brokerage business),643,235
13,0009(brokerage business),359,292,13,0178(brokerage business),933,120,13,0077(brokerage business),582,9
14,0253(brokerage business),353,236,14,0239(brokerage business),883,420,14,0082(brokerage business),556,0
15,0123(brokerage business),343,-14,15,0274(brokerage business),879,-4,15,0240(brokerage business),521,-576
16,0271(brokerage business),273,227,16,0177(brokerage business),853,0,16,0025(brokerage business),516,0
17,0125(brokerage business),182,4,17,0077(brokerage business),737,4,17,0096(brokerage business),476,-3
18,0049(brokerage business),164,-197,18,0096(brokerage business),736,-105,18,0018(brokerage business),464,6
19,0103(brokerage business),159,-297,19,0339(brokerage business),685,0,19,0004(brokerage business),401,-91
20,0312(brokerage business),159,22,20,0042(brokerage business),676,78,20,0253(brokerage business),387,118
Total,,12680,1035,Total,,28258,143,Total,,35292,477
Ranking,Name of FF Member /OSBPs,Volume,Change from Previous Trading Day,Ranking,Name of FF Member /OSBPs,Long Position,Change from Previous Trading Day,Ranking,Name of FF Member /OSBPs,Short Position,Change from Previous Trading Day
Contract Code：cu2702,,,,,,,,,,2026-09-09,
1,0163(brokerage business),556,177,1,0004(brokerage business),2764,118,1,0148(brokerage business),6642,35
2,0004(brokerage business),386,142,2,0272(brokerage business),2022,-13,2,0004(brokerage business),2298,36
3,0333(brokerage business),240,-29,3,0148(brokerage business),1810,8,3,0025(brokerage business),1953,0
4,0148(brokerage business),209,42,4,0069(brokerage business),1249,-8,4,0333(brokerage business),1075,-25
5,0240(brokerage business),150,-31,5,0323(brokerage business),947,63,5,0103(brokerage business),1052,0
6,0178(brokerage business),146,-15,6,0049(brokerage business),937,-13,6,0042(brokerage business),823,0
7,0272(brokerage business),123,0,7,0031(brokerage business),855,0,7,0163(brokerage business),746,108
8,0323(brokerage business),66,58,8,0139(brokerage business),698,0,8,0067(brokerage business),677,0
9,0123(brokerage business),63,-16,9,0178(brokerage business),652,50,9,0077(brokerage business),447,7
10,0169(brokerage business),61,21,10,0034(brokerage business),486,9,10,0049(brokerage business),290,-4
11,0081(brokerage business),48,17,11,0081(brokerage business),449,12,11,0096(brokerage business),221,0
12,0253(brokerage business),46,-4,12,0003(brokerage business),361,2,12,0253(brokerage business),178,-5
13,0171(brokerage business),44,-15,13,0161(brokerage business),357,1,13,0272(brokerage business),153,0
14,0308(brokerage business),38,-19,14,0268(brokerage business),357,-3,14,0059(brokerage business),148,0
15,0034(brokerage business),36,-17,15,0103(brokerage business),312,10,15,0008(brokerage business),131,0
16,0298(brokerage business),33,24,16,0253(brokerage business),287,-31,16,0034(brokerage business),130,1
17,0049(brokerage business),31,-68,17,0008(brokerage business),277,0,17,0323(brokerage business),128,1
18,0077(brokerage business),23,10,18,0042(brokerage business),254,0,18,0123(brokerage business),117,35
19,0069(brokerage business),22,0,19,0333(brokerage business),235,3,19,0161(brokerage business),115,0
20,0268(brokerage business),20,-4,20,0254(brokerage business),224,0,20,0269(brokerage business),101,0
Total,,2341,273,Total,,15533,208,Total,,17425,189
Ranking,Name of FF Member /OSBPs,Volume,Change from Previous Trading Day,Ranking,Name of FF Member /OSBPs,Long Position,Change from Previous Trading Day,Ranking,Name of FF Member /OSBPs,Short Position,Change from Previous Trading Day
Contract Code：cu2703,,,,,,,,,,2026-09-09,
1,0323(brokerage business),2050,2040,1,0323(brokerage business),2134,42,1,0148(brokerage business),10321,1
2,0163(brokerage business),519,-880,2,0148(brokerage business),1876,-64,2,0049(brokerage business),2440,-11
3,0272(brokerage business),369,-246,3,0272(brokerage business),1822,105,3,0004(brokerage business),2387,28
4,0333(brokerage business),301,-259,4,0049(brokerage business),1683,-8,4,0077(brokerage business),2089,9
5,0240(brokerage business),229,98,5,0069(brokerage business),1538,2,5,0422(brokerage business),1040,0
6,0004(brokerage business),222,-325,6,0333(brokerage business),1166,-55,6,0323(brokerage business),1019,-4
7,0148(brokerage business),195,-105,7,0136(brokerage business),1128,-5,7,0067(brokerage business),1004,1
8,0096(brokerage business),96,21,8,0339(brokerage business),1087,0,8,0103(brokerage business),861,6
9,0081(brokerage business),92,-18,9,0003(brokerage business),976,0,9,0042(brokerage business),626,0
10,0253(brokerage business),67,62,10,0004(brokerage business),954,54,10,0163(brokerage business),489,-40
11,0123(brokerage business),61,-60,11,0034(brokerage business),865,-1,11,0269(brokerage business),234,1
12,0308(brokerage business),60,48,12,0031(brokerage business),852,0,12,0333(brokerage business),229,34
13,0275(brokerage business),49,-5,13,0338(brokerage business),782,0,13,0272(brokerage business),209,98
14,0034(brokerage business),45,-341,14,0268(brokerage business),687,19,14,0240(brokerage business),167,43
15,0067(brokerage business),41,40,15,0163(brokerage business),594,-89,15,0123(brokerage business),140,25
16,0049(brokerage business),39,-29,16,0253(brokerage business),577,14,16,0096(brokerage business),122,8
17,0077(brokerage business),39,15,17,0372(brokerage business),544,20,17,0008(brokerage business),103,0
18,0238(brokerage business),36,4,18,0042(brokerage business),444,6,18,0253(brokerage business),94,-5
19,0088(brokerage business),35,-7,19,0169(brokerage business),305,-1,19,0274(brokerage business),93,9
20,0151(brokerage business),33,14,20,0161(brokerage business),292,-6,20,0268(brokerage business),84,0
Total,,4578,67,Total,,20306,33,Total,,23751,203
Ranking,Name of FF Member /OSBPs,Volume,Change from Previous Trading Day,Ranking,Name of FF Member /OSBPs,Long Position,Change from Previous Trading Day,Ranking,Name of FF Member /OSBPs,Short Position,Change from Previous Trading Day
Contract Code：bc2609,,,,,,,,,,2026-09-09,
1,,,,1,8240(brokerage business),525,0,1,8009(brokerage business),370,0
2,,,,2,8049(brokerage business),135,0,2,8274(brokerage business),215,0
3,,,,3,8253(brokerage business),135,0,3,8096(brokerage business),190,0
4,,,,4,8148(brokerage business),120,0,4,8240(brokerage business),140,0
5,,,,5,8161(brokerage business),90,0,5,8049(brokerage business),80,0
6,,,,6,8051(brokerage business),5,0,6,8253(brokerage business),15,0
7,,,,7,8311(brokerage business),5,0,7,8148(brokerage business),5,0
Total,,,,Total,,1015,0,Total,,1015,0
Ranking,Name of FF Member /OSBPs,Volume,Change from Previous Trading Day,Ranking,Name of FF Member /OSBPs,Long Position,Change from Previous Trading Day,Ranking,Name of FF Member /OSBPs,Short Position,Change from Previous Trading Day
Contract Code：bc2610,,,,,,,,,,2026-09-09,
1,8163(brokerage business),4221,812,1,8004(brokerage business),3406,-37,1,8148(brokerage business),3629,66
2,8123(brokerage business),2305,1906,2,8148(brokerage business),2463,51,2,8004(brokerage business),3492,-56
3,8148(brokerage business),2007,115,3,8239(brokerage business),1581,145,3,8025(brokerage business),1098,19
4,8253(brokerage business),1958,354,4,8184(brokerage business),987,-11,4,8081(brokerage business),815,9
5,8004(brokerage business),1269,-128,5,8081(brokerage business),923,10,5,8161(brokerage business),774,-5
6,8081(brokerage business),609,58,6,8163(brokerage business),820,-69,6,8240(brokerage business),761,13
7,8082(brokerage business),496,227,7,8103(brokerage business),793,-6,7,8103(brokerage business),730,-4
8,8161(brokerage business),484,253,8,8161(brokerage business),718,1,8,8163(brokerage business),667,-16
9,8272(brokerage business),484,103,9,8082(brokerage business),560,-21,9,8049(brokerage business),610,22
10,8275(brokerage business),465,400,10,8323(brokerage business),492,-34,10,8082(brokerage business),538,11
11,8096(brokerage business),416,-70,11,8253(brokerage business),405,-34,11,8323(brokerage business),504,26
12,8308(brokerage business),318,41,12,8048(brokerage business),331,3,12,8009(brokerage business),332,-4
13,8048(brokerage business),240,87,13,8272(brokerage business),231,-5,13,8048(brokerage business),311,3
14,8239(brokerage business),227,-83,14,8333(brokerage business),177,-6,14,8051(brokerage business),304,0
15,8103(brokerage business),218,89,15,8084(brokerage business),172,-100,15,8123(brokerage business),216,17
16,8268(brokerage business),172,94,16,8001(brokerage business),152,0,16,8253(brokerage business),210,10
17,8009(brokerage business),166,38,17,8157(brokerage business),118,0,17,8308(brokerage business),210,1
18,8240(brokerage business),133,-67,18,8311(brokerage business),114,6,18,8034(brokerage business),201,7
19,8323(brokerage business),130,74,19,8308(brokerage business),93,71,19,8003(brokerage business),144,0
20,8151(brokerage business),114,68,20,8335(brokerage business),93,2,20,8007(brokerage business),99,18
Total,,16432,4371,Total,,14629,-34,Total,,15645,137
Member/OSP Type,Total Volume,Change from Previous Trading Day,Member/OSP Type,Total Long Position,Change from Previous Trading Day,Member/OSP Type,Total Short Position,Change from Previous Trading Day,,,
Contract Code：alall,,,,,,,2026-09-09,,,,
Name of FF Member/OSBP,724472,258800,Name of FF Member/OSBP,626473,-1626,Name of FF Member/OSBP,618541,-2226,,,
Name of Non-FF Member/OSNBP,1800,224,Name of Non-FF Member/OSNBP,0,0,Name of Non-FF Member/OSNBP,7932,600,,,
Ranking,Name of FF Member /OSBPs,Volume,Change from Previous Trading Day,Ranking,Name of FF Member /OSBPs,Long Position,Change from Previous Trading Day,Ranking,Name of FF Member /OSBPs,Short Position,Change from Previous Trading Day
Contract Code：al2609,,,,,,,,,,2026-09-09,
1,0163(brokerage business),1120,-640,1,0148(brokerage business),5445,-595,1,0004(brokerage business),4495,-680
2,0148(brokerage business),1085,-1175,2,0004(brokerage business),2165,-95,2,0139(brokerage business),1365,-305
3,0004(brokerage business),1015,-65,3,0058(brokerage business),1350,-30,3,0240(brokerage business),1145,-45
4,0139(brokerage business),995,-110,4,0139(brokerage business),1185,-690,4,0148(brokerage business),905,-450
5,0003(brokerage business),705,10,5,0034(brokerage business),1130,-135,5,0268(brokerage business),870,-55
6,0049(brokerage business),410,80,6,0049(brokerage business),900,-110,6,0043(brokerage business),790,0
7,0123(brokerage business),310,-370,7,0125(brokerage business),635,-165,7,0042(brokerage business),540,55
8,0161(brokerage business),280,270,8,0137(brokerage business),590,-40,8,0123(brokerage business),535,0
9,0034(brokerage business),275,90,9,0031(brokerage business),465,5,9,0321(brokerage business),530,0
10,0029(brokerage business),235,175,10,0272(brokerage business),375,-115,10,0163(brokerage business),525,-20
11,0042(brokerage business),195,10,11,0043(brokerage business),270,0,11,0308(brokerage business),440,-30
12,0008(brokerage business),180,110,12,0007(brokerage business),260,0,12,0019(brokerage business),415,-125
13,0272(brokerage business),175,45,13,0253(brokerage business),245,0,13,0299(brokerage business),385,0
14,0125(brokerage business),165,-85,14,0003(brokerage business),240,-380,14,0048(brokerage business),340,-35
15,0019(brokerage business),125,-95,15,0123(brokerage business),195,-280,15,0003(brokerage business),335,-5
16,0323(brokerage business),95,-60,16,0059(brokerage business),185,0,16,0069(brokerage business),325,0
17,0238(brokerage business),90,-10,17,0047(brokerage business),180,-80,17,0007(brokerage business),320,0
18,0308(brokerage business),90,-60,18,0103(brokerage business),165,-35,18,0049(brokerage business),275,-170
19,0047(brokerage business),80,80,19,0262(brokerage business),160,0,19,0052(brokerage business),245,-65
20,0253(brokerage business),75,-255,20,0018(brokerage business),155,-45,20,0058(brokerage business),235,-20
Total,,7700,-2055,Total,,16295,-2790,Total,,15015,-1950
Ranking,Name of FF Member /OSBPs,Volume,Change from Previous Trading Day,Ranking,Name of FF Member /OSBPs,Long Position,Change from Previous Trading Day,Ranking,Name of FF Member /OSBPs,Short Position,Change from Previous Trading Day
Contract Code：al2610,,,,,,,,,,2026-09-09,
1,0148(brokerage business),49369,9291,1,0004(brokerage business),29847,-595,1,0148(brokerage business),38890,2
2,0163(brokerage business),45356,14766,2,0148(brokerage business),29537,-2679,2,0004(brokerage business),26301,-578
3,0004(brokerage business),41390,2119,3,0163(brokerage business),15088,-1485,3,0123(brokerage business),19583,-3461
4,0275(brokerage business),39978,13799,4,0253(brokerage business),8699,-441,4,0272(brokerage business),12013,-1831
5,0081(brokerage business),17338,4669,5,0272(brokerage business),8429,43,5,0253(brokerage business),10618,-235
6,0253(brokerage business),13884,2095,6,0103(brokerage business),7360,-163,6,0163(brokerage business),9874,745
7,0272(brokerage business),9164,910,7,0335(brokerage business),7108,-279,7,0275(brokerage business),9185,306
8,0240(brokerage business),7576,1601,8,0034(brokerage business),7078,-537,8,0268(brokerage business),7336,385
9,0123(brokerage business),6588,3368,9,0323(brokerage business),5801,110,9,0034(brokerage business),7305,265
10,0323(brokerage business),4912,670,10,0161(brokerage business),5188,-153,10,0240(brokerage business),6596,-41
11,0008(brokerage business),4826,4733,11,0069(brokerage business),4962,-793,11,0323(brokerage business),5701,226
12,0259(brokerage business),4568,3786,12,0268(brokerage business),4694,497,12,0139(brokerage business),5539,-146
13,0069(brokerage business),4485,1418,13,0139(brokerage business),4510,1580,13,0058(brokerage business),5099,-623
14,0096(brokerage business),4169,1591,14,0123(brokerage business),4322,67,14,0103(brokerage business),3982,118
15,0034(brokerage business),3776,598,15,0288(brokerage business),4104,-240,15,0049(brokerage business),3660,247
16,0372(brokerage business),3611,2273,16,0240(brokerage business),4043,-495,16,0018(brokerage business),3111,69
17,0139(brokerage business),3586,1423,17,0082(brokerage business),3977,306,17,0096(brokerage business),2733,33
18,0161(brokerage business),3582,465,18,0003(brokerage business),3808,385,18,0009(brokerage business),2655,-460
19,0268(brokerage business),3216,290,19,0308(brokerage business),3472,38,19,0002(brokerage business),2542,12
20,0308(brokerage business),2776,-735,20,0096(brokerage business),3455,-234,20,0161(brokerage business),2465,-40
Total,,274150,69130,Total,,165482,-5068,Total,,185188,-5007
Ranking,Name of FF Member /OSBPs,Volume,Change from Previous Trading Day,Ranking,Name of FF Member /OSBPs,Long Position,Change from Previous Trading Day,Ranking,Name of FF Member /OSBPs,Short Position,Change from Previous Trading Day
Contract Code：al2611,,,,,,,,,,2026-09-09,
1,0004(brokerage business),47467,16229,1,0148(brokerage business),28171,2596,1,0148(brokerage business),22875,1294
2,0148(brokerage business),24930,5813,2,0239(brokerage business),22549,719,2,0004(brokerage business),21331,-177
3,0163(brokerage business),22405,9119,3,0004(brokerage business),17360,1882,3,0123(brokerage business),17292,4631
4,0275(brokerage business),13409,3286,4,0163(brokerage business),12607,631,4,0058(brokerage business),12829,432
5,0123(brokerage business),11426,8768,5,0272(brokerage business),9424,170,5,0272(brokerage business),9168,2495
6,0253(brokerage business),6242,-645,6,0268(brokerage business),8911,30,6,0103(brokerage business),7026,-1978
7,0272(brokerage business),4327,2236,7,0335(brokerage business),8450,551,7,0139(brokerage business),6986,1327
8,0259(brokerage business),4243,4000,8,0034(brokerage business),7132,-138,8,0096(brokerage business),5769,259
9,0081(brokerage business),4180,1335,9,0077(brokerage business),4817,-2,9,0308(brokerage business),5678,-353
10,0069(brokerage business),4022,1482,10,0084(brokerage business),4142,102,10,0240(brokerage business),5198,1075
11,0239(brokerage business),3724,1830,11,0323(brokerage business),4018,863,11,0163(brokerage business),4532,80
12,0240(brokerage business),3698,1096,12,0069(brokerage business),4003,435,12,0002(brokerage business),4176,0
13,0103(brokerage business),3428,1092,13,0253(brokerage business),3080,121,13,0372(brokerage business),3947,2037
14,0323(brokerage business),2929,1956,14,0240(brokerage business),2789,169,14,0253(brokerage business),3798,527
15,0372(brokerage business),2732,1724,15,0103(brokerage business),2624,806,15,0275(brokerage business),3614,630
16,0161(brokerage business),2414,723,16,0042(brokerage business),2482,93,16,0003(brokerage business),3577,172
17,0095(brokerage business),2409,2350,17,0049(brokerage business),2230,36,17,0268(brokerage business),3227,1141
18,0048(brokerage business),2223,966,18,0008(brokerage business),2219,103,18,0029(brokerage business),2809,349
19,0268(brokerage business),2079,-537,19,0161(brokerage business),2134,498,19,0161(brokerage business),2794,1700
20,0139(brokerage business),1972,1184,20,0153(brokerage business),2094,51,20,0008(brokerage business),2768,2
Total,,170259,64007,Total,,151236,9716,Total,,149394,15643
Ranking,Name of FF Member /OSBPs,Volume,Change from Previous Trading Day,Ranking,Name of FF Member /OSBPs,Long Position,Change from Previous Trading Day,Ranking,Name of FF Member /OSBPs,Short Position,Change from Previous Trading Day
Contract Code：al2612,,,,,,,,,,2026-09-09,
1,0163(brokerage business),11812,6461,1,0148(brokerage business),10710,396,1,0148(brokerage business),10135,437
2,0004(brokerage business),10128,7153,2,0004(brokerage business),7002,140,2,0123(brokerage business),7012,138
3,0148(brokerage business),9247,4974,3,0272(brokerage business),5684,16,3,0004(brokerage business),6873,-3280
4,0275(brokerage business),5141,3371,4,0323(brokerage business),3581,-90,4,0103(brokerage business),3461,-432
5,0123(brokerage business),4656,4205,5,0034(brokerage business),3244,-44,5,0034(brokerage business),3239,53
6,0323(brokerage business),3265,2699,6,0268(brokerage business),2784,165,6,0042(brokerage business),3200,-88
7,0253(brokerage business),2094,123,7,0069(brokerage business),2553,-194,7,0249(brokerage business),3000,1800
8,0249(brokerage business),1835,1332,8,0163(brokerage business),2116,-224,8,0139(brokerage business),2937,241
9,0069(brokerage business),1544,814,9,0315(brokerage business),1827,0,9,0323(brokerage business),2895,-151
10,0161(brokerage business),1474,1104,10,0308(brokerage business),1800,-66,10,0239(brokerage business),2622,-502
11,0308(brokerage business),1470,176,11,0096(brokerage business),1708,-150,11,0003(brokerage business),2341,1301
12,0082(brokerage business),1370,1006,12,0042(brokerage business),1499,37,12,0308(brokerage business),2268,324
13,0271(brokerage business),1345,1193,13,0007(brokerage business),1479,12,13,0082(brokerage business),1994,984
14,0003(brokerage business),1324,916,14,0239(brokerage business),1435,-8,14,0275(brokerage business),1659,262
15,0240(brokerage business),1085,605,15,0059(brokerage business),1422,257,15,0272(brokerage business),1534,-80
16,0081(brokerage business),1038,619,16,0123(brokerage business),1341,-202,16,0268(brokerage business),1433,-212
17,0311(brokerage business),978,849,17,0139(brokerage business),1331,3,17,0163(brokerage business),1063,196
18,0048(brokerage business),861,737,18,0103(brokerage business),1288,-13,18,0253(brokerage business),1043,131
19,0268(brokerage business),845,-693,19,0274(brokerage business),1202,-163,19,0261(brokerage business),969,51
20,0272(brokerage business),718,-53,20,0240(brokerage business),1100,-176,20,0240(brokerage business),779,-83
Total,,62230,37591,Total,,55106,-304,Total,,60457,1090
Ranking,Name of FF Member /OSBPs,Volume,Change from Previous Trading Day,Ranking,Name of FF Member /OSBPs,Long Position,Change from Previous Trading Day,Ranking,Name of FF Member /OSBPs,Short Position,Change from Previous Trading Day
Contract Code：al2701,,,,,,,,,,2026-09-09,
1,0163(brokerage business),5508,4134,1,0034(brokerage business),5268,-12,1,0148(brokerage business),9633,269
2,0004(brokerage business),4126,3726,2,0323(brokerage business),4869,-1352,2,0004(brokerage business),4936,-2491
3,0271(brokerage business),3847,3843,3,0004(brokerage business),3617,-31,3,0249(brokerage business),2120,600
4,0323(brokerage business),2609,2533,4,0148(brokerage business),3402,68,4,0042(brokerage business),2025,3
5,0148(brokerage business),2415,1537,5,0049(brokerage business),2635,-11,5,0103(brokerage business),1961,151
6,0161(brokerage business),1605,1583,6,0069(brokerage business),1895,-931,6,0275(brokerage business),1337,-23
7,0333(brokerage business),1579,1572,7,0268(brokerage business),1873,8,7,0277(brokerage business),1286,-2
8,0308(brokerage business),1503,1317,8,0163(brokerage business),1113,-127,8,0240(brokerage business),986,-294
9,0069(brokerage business),1415,1368,9,0042(brokerage business),859,-6,9,0274(brokerage business),921,11
10,0311(brokerage business),1029,1026,10,0272(brokerage business),857,-351,10,0029(brokerage business),910,103
11,0275(brokerage business),1028,874,11,0254(brokerage business),778,0,11,0253(brokerage business),906,37
12,0081(brokerage business),1014,752,12,0007(brokerage business),744,-95,12,0268(brokerage business),868,1
13,0048(brokerage business),949,938,13,0139(brokerage business),692,-1,13,0311(brokerage business),693,-1019
14,0272(brokerage business),893,758,14,0081(brokerage business),664,2,14,0272(brokerage business),681,210
15,0240(brokerage business),768,390,15,0240(brokerage business),655,-116,15,0153(brokerage business),660,-52
16,0249(brokerage business),600,598,16,0169(brokerage business),635,9,16,0139(brokerage business),641,-24
17,0274(brokerage business),580,542,17,0253(brokerage business),605,-12,17,0163(brokerage business),625,-71
18,0103(brokerage business),573,402,18,0137(brokerage business),545,-290,18,0082(brokerage business),579,257
19,0018(brokerage business),564,265,19,0008(brokerage business),525,3,19,0003(brokerage business),460,405
20,0253(brokerage business),543,20,20,0123(brokerage business),477,-58,20,0321(brokerage business),359,33
Total,,33148,28178,Total,,32708,-3303,Total,,32587,-1896
Ranking,Name of FF Member /OSBPs,Volume,Change from Previous Trading Day,Ranking,Name of FF Member /OSBPs,Long Position,Change from Previous Trading Day,Ranking,Name of FF Member /OSBPs,Short Position,Change from Previous Trading Day
Contract Code：al2702,,,,,,,,,,2026-09-09,
1,0163(brokerage business),3110,2630,1,0034(brokerage business),1780,183,1,0004(brokerage business),2797,-392
2,0271(brokerage business),2022,2012,2,0049(brokerage business),1643,-23,2,0148(brokerage business),1704,418
3,0004(brokerage business),2008,1819,3,0004(brokerage business),1444,-86,3,0323(brokerage business),1549,-1098
4,0323(brokerage business),1597,1474,4,0148(brokerage business),1434,92,4,0103(brokerage business),1537,413
5,0148(brokerage business),972,794,5,0069(brokerage business),1007,44,5,0349(brokerage business),1141,659
6,0103(brokerage business),780,775,6,0268(brokerage business),910,2,6,0268(brokerage business),979,38
7,0275(brokerage business),687,617,7,0272(brokerage business),804,-299,7,0261(brokerage business),700,0
8,0308(brokerage business),671,590,8,0007(brokerage business),701,0,8,0077(brokerage business),610,-2
9,0349(brokerage business),659,630,9,0042(brokerage business),700,0,9,0048(brokerage business),580,-250
10,0161(brokerage business),629,623,10,0323(brokerage business),658,-1,10,0082(brokerage business),573,135
11,0333(brokerage business),549,503,11,0254(brokerage business),622,0,11,0277(brokerage business),521,374
12,0018(brokerage business),499,344,12,0315(brokerage business),420,0,12,0163(brokerage business),453,256
13,0253(brokerage business),491,189,13,0009(brokerage business),403,9,13,0153(brokerage business),446,30
14,0272(brokerage business),488,351,14,0372(brokerage business),401,0,14,0029(brokerage business),403,146
15,0069(brokerage business),484,474,15,0082(brokerage business),384,0,15,0311(brokerage business),380,-278
16,0137(brokerage business),443,397,16,0253(brokerage business),340,18,16,0161(brokerage business),350,-424
17,0077(brokerage business),399,327,17,0048(brokerage business),330,0,17,0069(brokerage business),267,86
18,0274(brokerage business),395,382,18,0333(brokerage business),322,-74,18,0335(brokerage business),235,-25
19,0277(brokerage business),376,372,19,0008(brokerage business),300,0,19,0274(brokerage business),217,47
20,0034(brokerage business),333,296,20,0169(brokerage business),286,0,20,0295(brokerage business),209,-101
Total,,17592,15599,Total,,14889,-135,Total,,15651,32
Member/OSP Type,Total Volume,Change from Previous Trading Day,Member/OSP Type,Total Long Position,Change from Previous Trading Day,Member/OSP Type,Total Short Position,Change from Previous Trading Day,,,
Contract Code：znall,,,,,,,2026-09-09,,,,
Name of FF Member/OSBP,525536,-87352,Name of FF Member/OSBP,351713,3735,Name of FF Member/OSBP,351713,3735,,,
Name of Non-FF Member/OSNBP,0,0,Name of Non-FF Member/OSNBP,0,0,Name of Non-FF Member/OSNBP,0,0,,,
Ranking,Name of FF Member /OSBPs,Volume,Change from Previous Trading Day,Ranking,Name of FF Member /OSBPs,Long Position,Change from Previous Trading Day,Ranking,Name of FF Member /OSBPs,Short Position,Change from Previous Trading Day
Contract Code：zn2609,,,,,,,,,,2026-09-09,
1,0004(brokerage business),615,245,1,0272(brokerage business),1600,0,1,0139(brokerage business),1325,-340
2,0163(brokerage business),480,-1490,2,0004(brokerage business),1415,-280,2,0272(brokerage business),875,-205
3,0081(brokerage business),395,395,3,0058(brokerage business),980,0,3,0103(brokerage business),695,0
4,0139(brokerage business),340,235,4,0148(brokerage business),495,-55,4,0077(brokerage business),685,-15
5,0272(brokerage business),245,-605,5,0059(brokerage business),485,0,5,0121(brokerage business),400,0
6,0253(brokerage business),165,-185,6,0048(brokerage business),300,0,6,0253(brokerage business),365,-55
7,0049(brokerage business),125,20,7,0082(brokerage business),255,0,7,0315(brokerage business),345,60
8,0275(brokerage business),100,-1635,8,0069(brokerage business),200,0,8,0148(brokerage business),330,0
9,0073(brokerage business),95,50,9,0081(brokerage business),200,-395,9,0025(brokerage business),240,0
10,0315(brokerage business),60,60,10,0052(brokerage business),140,0,10,0052(brokerage business),230,0
11,0148(brokerage business),55,-490,11,0163(brokerage business),115,65,11,0004(brokerage business),215,-15
12,0123(brokerage business),50,-380,12,0275(brokerage business),105,-100,12,0059(brokerage business),195,0
13,0019(brokerage business),40,-125,13,0123(brokerage business),100,0,13,0049(brokerage business),145,-5
14,0096(brokerage business),40,-60,14,0253(brokerage business),95,0,14,0047(brokerage business),135,-5
15,0323(brokerage business),40,10,15,0051(brokerage business),85,0,15,0240(brokerage business),100,0
16,0308(brokerage business),35,-45,16,0299(brokerage business),85,0,16,0009(brokerage business),70,0
17,0077(brokerage business),15,15,17,0003(brokerage business),45,0,17,0081(brokerage business),70,0
18,0125(brokerage business),15,-90,18,0240(brokerage business),40,0,18,0321(brokerage business),65,0
19,0134(brokerage business),15,10,19,0134(brokerage business),30,-15,19,0108(brokerage business),60,0
20,0047(brokerage business),5,-5,20,0108(brokerage business),5,5,20,0069(brokerage business),50,0
Total,,2930,-4070,Total,,6775,-775,Total,,6595,-580
Ranking,Name of FF Member /OSBPs,Volume,Change from Previous Trading Day,Ranking,Name of FF Member /OSBPs,Long Position,Change from Previous Trading Day,Ranking,Name of FF Member /OSBPs,Short Position,Change from Previous Trading Day
Contract Code：zn2610,,,,,,,,,,2026-09-09,
1,0163(brokerage business),55664,-3761,1,0148(brokerage business),17621,-911,1,0148(brokerage business),14161,400
2,0148(brokerage business),50325,-10146,2,0004(brokerage business),15980,-201,2,0139(brokerage business),10594,110
3,0004(brokerage business),35428,94,3,0163(brokerage business),13246,94,3,0004(brokerage business),7320,-507
4,0275(brokerage business),28054,-1554,4,0239(brokerage business),5153,-248,4,0163(brokerage business),6955,20
5,0253(brokerage business),12948,2116,5,0272(brokerage business),4958,34,5,0272(brokerage business),6466,-109
6,0081(brokerage business),8636,-652,6,0253(brokerage business),4138,-512,6,0058(brokerage business),4869,83
7,0096(brokerage business),8054,613,7,0240(brokerage business),3987,49,7,0049(brokerage business),4799,567
8,0272(brokerage business),6483,-1504,8,0335(brokerage business),3935,-269,8,0003(brokerage business),4211,-37
9,0298(brokerage business),6200,-481,9,0308(brokerage business),3855,69,9,0315(brokerage business),4120,-79
10,0259(brokerage business),5407,2824,10,0019(brokerage business),3635,29,10,0059(brokerage business),4029,61
11,0240(brokerage business),3609,-145,11,0003(brokerage business),3154,-42,11,0253(brokerage business),3853,-48
12,0069(brokerage business),3211,673,12,0275(brokerage business),3096,126,12,0042(brokerage business),3516,14
13,0034(brokerage business),3099,-1453,13,0059(brokerage business),2981,-268,13,0069(brokerage business),3439,162
14,0123(brokerage business),2878,-5628,14,0139(brokerage business),2905,-223,14,0240(brokerage business),3429,-272
15,0308(brokerage business),2743,-809,15,0323(brokerage business),2814,215,15,0034(brokerage business),3382,-244
16,0151(brokerage business),2723,-584,16,0268(brokerage business),2660,14,16,0096(brokerage business),3224,-138
17,0042(brokerage business),2699,-1223,17,0274(brokerage business),2551,50,17,0277(brokerage business),3217,-44
18,0059(brokerage business),2551,-1440,18,0103(brokerage business),2471,-263,18,0275(brokerage business),2789,-266
19,0323(brokerage business),2207,443,19,0009(brokerage business),2362,-100,19,0052(brokerage business),2765,-38
20,0161(brokerage business),2188,-750,20,0123(brokerage business),2203,-78,20,0103(brokerage business),2729,-20
Total,,245107,-23367,Total,,103705,-2435,Total,,99867,-385
Ranking,Name of FF Member /OSBPs,Volume,Change from Previous Trading Day,Ranking,Name of FF Member /OSBPs,Long Position,Change from Previous Trading Day,Ranking,Name of FF Member /OSBPs,Short Position,Change from Previous Trading Day
Contract Code：zn2611,,,,,,,,,,2026-09-09,
1,0148(brokerage business),29993,-4460,1,0239(brokerage business),22068,340,1,0148(brokerage business),9970,20
2,0275(brokerage business),25425,-6632,2,0148(brokerage business),18194,539,2,0004(brokerage business),7155,1408
3,0004(brokerage business),20043,2004,3,0004(brokerage business),11333,275,3,0058(brokerage business),6311,49
4,0163(brokerage business),19070,-194,4,0272(brokerage business),10259,1268,4,0272(brokerage business),6026,345
5,0081(brokerage business),6627,-1376,5,0163(brokerage business),7793,-120,5,0308(brokerage business),5630,395
6,0253(brokerage business),4313,-1303,6,0335(brokerage business),6382,623,6,0069(brokerage business),5544,178
7,0123(brokerage business),3159,-4634,7,0123(brokerage business),5051,367,7,0059(brokerage business),4242,59
8,0272(brokerage business),3097,-1597,8,0103(brokerage business),4907,104,8,0315(brokerage business),3773,419
9,0069(brokerage business),1871,55,9,0240(brokerage business),3070,96,9,0253(brokerage business),3551,356
10,0156(brokerage business),1761,-1537,10,0268(brokerage business),2917,-88,10,0077(brokerage business),3542,14
11,0059(brokerage business),1730,193,11,0184(brokerage business),2832,-84,11,0003(brokerage business),2910,102
12,0308(brokerage business),1608,-1515,12,0084(brokerage business),2448,-55,12,0139(brokerage business),2899,153
13,0240(brokerage business),1519,-744,13,0139(brokerage business),2131,0,13,0025(brokerage business),2850,57
14,0274(brokerage business),1376,-252,14,0274(brokerage business),1973,35,14,0321(brokerage business),2794,1
15,0049(brokerage business),1337,13,15,0253(brokerage business),1565,25,15,0275(brokerage business),2648,76
16,0006(brokerage business),1192,999,16,0308(brokerage business),1448,107,16,0277(brokerage business),2607,222
17,0025(brokerage business),1085,-53,17,0049(brokerage business),1373,-6,17,0163(brokerage business),2327,-114
18,0268(brokerage business),978,28,18,0081(brokerage business),1293,-218,18,0049(brokerage business),2279,-537
19,0239(brokerage business),975,-1427,19,0042(brokerage business),1239,121,19,0034(brokerage business),2182,91
20,0338(brokerage business),943,328,20,0323(brokerage business),1148,191,20,0009(brokerage business),2107,189
Total,,128102,-22104,Total,,109424,3520,Total,,81347,3483
Ranking,Name of FF Member /OSBPs,Volume,Change from Previous Trading Day,Ranking,Name of FF Member /OSBPs,Long Position,Change from Previous Trading Day,Ranking,Name of FF Member /OSBPs,Short Position,Change from Previous Trading Day
Contract Code：zn2612,,,,,,,,,,2026-09-09,
1,0148(brokerage business),6691,-2696,1,0239(brokerage business),8878,200,1,0321(brokerage business),7063,178
2,0163(brokerage business),6613,-38,2,0148(brokerage business),5767,150,2,0272(brokerage business),3071,131
3,0004(brokerage business),6331,401,3,0004(brokerage business),3426,-432,3,0148(brokerage business),1887,47
4,0275(brokerage business),3717,-1757,4,0308(brokerage business),2670,287,4,0009(brokerage business),1881,-65
5,0081(brokerage business),3703,-300,5,0163(brokerage business),1965,-46,5,0049(brokerage business),1673,-72
6,0253(brokerage business),3665,-274,6,0123(brokerage business),1586,16,6,0004(brokerage business),1617,-83
7,0034(brokerage business),1823,683,7,0059(brokerage business),1551,2,7,0025(brokerage business),1532,6
8,0308(brokerage business),1005,-1143,8,0058(brokerage business),1430,2,8,0069(brokerage business),1489,56
9,0240(brokerage business),951,165,9,0042(brokerage business),1303,78,9,0034(brokerage business),1283,61
10,0123(brokerage business),922,147,10,0272(brokerage business),1120,-7,10,0169(brokerage business),1111,-2
11,0059(brokerage business),577,-1426,11,0240(brokerage business),998,137,11,0082(brokerage business),987,6
12,0049(brokerage business),572,299,12,0323(brokerage business),898,76,12,0253(brokerage business),958,48
13,0018(brokerage business),514,34,13,0268(brokerage business),882,80,13,0315(brokerage business),954,0
14,0272(brokerage business),492,-940,14,0077(brokerage business),801,1,14,0058(brokerage business),805,-1
15,0274(brokerage business),466,-152,15,0003(brokerage business),747,50,15,0103(brokerage business),798,-19
16,0069(brokerage business),457,120,16,0295(brokerage business),668,1,16,0077(brokerage business),774,6
17,0321(brokerage business),423,7,17,0253(brokerage business),584,-115,17,0239(brokerage business),759,-65
18,0268(brokerage business),399,-183,18,0137(brokerage business),515,3,18,0059(brokerage business),654,23
19,0239(brokerage business),323,-25,19,0259(brokerage business),477,-15,19,0123(brokerage business),586,20
20,0019(brokerage business),262,24,20,0321(brokerage business),433,1,20,0157(brokerage business),586,12
Total,,39906,-7054,Total,,36699,469,Total,,30468,287
Member/OSP Type,Total Volume,Change from Previous Trading Day,Member/OSP Type,Total Long Position,Change from Previous Trading Day,Member/OSP Type,Total Short Position,Change from Previous Trading Day,,,
Contract Code：pball,,,,,,,2026-09-09,,,,
Name of FF Member/OSBP,128836,-44282,Name of FF Member/OSBP,123599,-985,Name of FF Member/OSBP,123599,-985,,,
Name of Non-FF Member/OSNBP,0,0,Name of Non-FF Member/OSNBP,0,0,Name of Non-FF Member/OSNBP,0,0,,,
Ranking,Name of FF Member /OSBPs,Volume,Change from Previous Trading Day,Ranking,Name of FF Member /OSBPs,Long Position,Change from Previous Trading Day,Ranking,Name of FF Member /OSBPs,Short Position,Change from Previous Trading Day
Contract Code：pb2609,,,,,,,,,,2026-09-09,
1,0049(brokerage business),5,-55,1,0049(brokerage business),1860,0,1,0148(brokerage business),1425,-5
2,0148(brokerage business),5,-135,2,0139(brokerage business),940,0,2,0049(brokerage business),670,5
3,,,,3,0069(brokerage business),310,0,3,0007(brokerage business),500,0
4,,,,4,0272(brokerage business),310,0,4,0029(brokerage business),330,0
5,,,,5,0320(brokerage business),260,0,5,0004(brokerage business),210,0
6,,,,6,0059(brokerage business),240,0,6,0275(brokerage business),195,0
7,,,,7,0081(brokerage business),95,0,7,0308(brokerage business),190,0
8,,,,8,0308(brokerage business),40,0,8,0272(brokerage business),165,0
9,,,,9,0295(brokerage business),35,0,9,0177(brokerage business),95,0
10,,,,10,0004(brokerage business),30,0,10,0052(brokerage business),85,0
11,,,,11,0096(brokerage business),5,0,11,0069(brokerage business),85,0
12,,,,12,,,,12,0077(brokerage business),55,0
13,,,,13,,,,13,0051(brokerage business),30,0
14,,,,14,,,,14,0059(brokerage business),30,0
15,,,,15,,,,15,0161(brokerage business),25,0
16,,,,16,,,,16,0253(brokerage business),20,0
17,,,,17,,,,17,0320(brokerage business),10,0
18,,,,18,,,,18,0163(brokerage business),5,0
Total,,10,-190,Total,,4125,0,Total,,4125,0
Ranking,Name of FF Member /OSBPs,Volume,Change from Previous Trading Day,Ranking,Name of FF Member /OSBPs,Long Position,Change from Previous Trading Day,Ranking,Name of FF Member /OSBPs,Short Position,Change from Previous Trading Day
Contract Code：pb2610,,,,,,,,,,2026-09-09,
1,0004(brokerage business),17661,-6033,1,0004(brokerage business),6566,-155,1,0148(brokerage business),8051,242
2,0163(brokerage business),14610,-4364,2,0148(brokerage business),5249,-1441,2,0004(brokerage business),5942,116
3,0148(brokerage business),10363,-2866,3,0308(brokerage business),4194,-29,3,0163(brokerage business),4715,-47
4,0253(brokerage business),6469,-1530,4,0163(brokerage business),4016,-7,4,0006(brokerage business),3444,75
5,0275(brokerage business),4462,-2794,5,0049(brokerage business),3538,-308,5,0153(brokerage business),2129,54
6,0259(brokerage business),4411,28,6,0103(brokerage business),3523,-22,6,0103(brokerage business),2100,-35
7,0272(brokerage business),3627,-500,7,0275(brokerage business),2504,-69,7,0081(brokerage business),2078,-77
8,0081(brokerage business),2352,-960,8,0288(brokerage business),2499,-242,8,0272(brokerage business),2034,-303
9,0123(brokerage business),2000,-370,9,0139(brokerage business),2491,-11,9,0253(brokerage business),1646,-128
10,0240(brokerage business),1729,-447,10,0272(brokerage business),2283,18,10,0069(brokerage business),1600,106
11,0268(brokerage business),1222,-309,11,0253(brokerage business),1476,199,11,0268(brokerage business),1439,177
12,0335(brokerage business),1216,1,12,0335(brokerage business),1323,413,12,0049(brokerage business),1292,20
13,0019(brokerage business),1099,173,13,0274(brokerage business),1307,-21,13,0335(brokerage business),1257,-183
14,0034(brokerage business),989,-449,14,0082(brokerage business),1220,111,14,0009(brokerage business),1188,12
15,0103(brokerage business),851,-416,15,0161(brokerage business),930,44,15,0184(brokerage business),1107,-249
16,0153(brokerage business),771,86,16,0034(brokerage business),849,-36,16,0137(brokerage business),1013,-3
17,0151(brokerage business),654,134,17,0019(brokerage business),746,148,17,0059(brokerage business),1011,66
18,0389(brokerage business),639,-365,18,0042(brokerage business),729,60,18,0315(brokerage business),952,-39
19,0311(brokerage business),626,-504,19,0268(brokerage business),670,-17,19,0088(brokerage business),888,4
20,0058(brokerage business),564,-210,20,0123(brokerage business),652,-27,20,0308(brokerage business),848,-78
Total,,76315,-21695,Total,,46765,-1392,Total,,44734,-270
Ranking,Name of FF Member /OSBPs,Volume,Change from Previous Trading Day,Ranking,Name of FF Member /OSBPs,Long Position,Change from Previous Trading Day,Ranking,Name of FF Member /OSBPs,Short Position,Change from Previous Trading Day
Contract Code：pb2611,,,,,,,,,,2026-09-09,
1,0148(brokerage business),7384,492,1,0272(brokerage business),8838,-688,1,0239(brokerage business),6076,-43
2,0004(brokerage business),4817,-562,2,0148(brokerage business),5859,578,2,0148(brokerage business),4679,-326
3,0163(brokerage business),3859,-891,3,0288(brokerage business),5182,69,3,0103(brokerage business),3959,97
4,0253(brokerage business),3074,-1543,4,0004(brokerage business),4538,-79,4,0004(brokerage business),3942,72
5,0081(brokerage business),1708,-1033,5,0268(brokerage business),2468,12,5,0163(brokerage business),3154,-202
6,0272(brokerage business),1193,-569,6,0163(brokerage business),1979,211,6,0123(brokerage business),3096,-23
7,0240(brokerage business),828,55,7,0069(brokerage business),1969,-102,7,0082(brokerage business),1921,-49
8,0275(brokerage business),734,560,8,0034(brokerage business),1676,-135,8,0335(brokerage business),1819,-42
9,0259(brokerage business),588,468,9,0184(brokerage business),1616,3,9,0081(brokerage business),1648,5
10,0335(brokerage business),469,182,10,0081(brokerage business),1470,19,10,0084(brokerage business),1570,-191
11,0274(brokerage business),398,-213,11,0339(brokerage business),1196,19,11,0308(brokerage business),1296,-42
12,0308(brokerage business),377,-318,12,0239(brokerage business),1136,-6,12,0139(brokerage business),1290,30
13,0082(brokerage business),363,-630,13,0253(brokerage business),1131,-68,13,0274(brokerage business),1273,119
14,0096(brokerage business),363,-139,14,0335(brokerage business),1071,187,14,0253(brokerage business),1207,-28
15,0271(brokerage business),293,-145,15,0077(brokerage business),855,-3,15,0042(brokerage business),1067,4
16,0320(brokerage business),275,71,16,0006(brokerage business),478,10,16,0272(brokerage business),889,187
17,0034(brokerage business),272,-122,17,0153(brokerage business),401,-9,17,0049(brokerage business),790,-26
18,0299(brokerage business),238,55,18,0295(brokerage business),373,-30,18,0177(brokerage business),728,47
19,0239(brokerage business),223,-274,19,0067(brokerage business),337,0,19,0315(brokerage business),727,35
20,0069(brokerage business),207,-266,20,0323(brokerage business),329,2,20,0320(brokerage business),724,-11
Total,,27663,-4822,Total,,42902,-10,Total,,41855,-387
Member/OSP Type,Total Volume,Change from Previous Trading Day,Member/OSP Type,Total Long Position,Change from Previous Trading Day,Member/OSP Type,Total Short Position,Change from Previous Trading Day,,,
Contract Code：niall,,,,,,,2026-09-09,,,,
Name of FF Member/OSBP,443535,-26261,Name of FF Member/OSBP,340063,2872,Name of FF Member/OSBP,337018,2845,,,
Name of Non-FF Member/OSNBP,31,-139,Name of Non-FF Member/OSNBP,30,0,Name of Non-FF Member/OSNBP,3075,27,,,
Ranking,Name of FF Member /OSBPs,Volume,Change from Previous Trading Day,Ranking,Name of FF Member /OSBPs,Long Position,Change from Previous Trading Day,Ranking,Name of FF Member /OSBPs,Short Position,Change from Previous Trading Day
Contract Code：ni2609,,,,,,,,,,2026-09-09,
1,0052(brokerage business),222,222,1,0148(brokerage business),1992,-18,1,0004(brokerage business),2514,0
2,0103(brokerage business),222,-108,2,0004(brokerage business),1980,6,2,0148(brokerage business),1950,0
3,0323(brokerage business),90,84,3,0253(brokerage business),1566,6,3,0272(brokerage business),1446,6
4,0311(brokerage business),78,72,4,0139(brokerage business),1200,0,4,0169(brokerage business),906,0
5,0148(brokerage business),18,-318,5,0275(brokerage business),1074,0,5,0305(brokerage business),750,0
6,0034(brokerage business),12,-252,6,0272(brokerage business),606,0,6,0059(brokerage business),690,0
7,0004(brokerage business),6,-1200,7,0082(brokerage business),600,0,7,0316(brokerage business),600,0
8,0006(brokerage business),6,0,8,0096(brokerage business),516,0,8,0323(brokerage business),510,-90
9,0007(brokerage business),6,-6,9,0003(brokerage business),438,0,9,0418(brokerage business),450,0
10,0069(brokerage business),6,-270,10,0240(brokerage business),396,0,10,0007(brokerage business),444,6
11,0134(brokerage business),6,-48,11,0059(brokerage business),360,0,11,0058(brokerage business),336,0
12,0253(brokerage business),6,-282,12,0311(brokerage business),348,-66,12,0052(brokerage business),300,-222
13,0272(brokerage business),6,-36,13,0049(brokerage business),330,0,13,0275(brokerage business),294,0
14,,,,14,0103(brokerage business),306,-222,14,0153(brokerage business),288,0
15,,,,15,0322(brokerage business),300,0,15,0081(brokerage business),282,0
16,,,,16,0136(brokerage business),252,0,16,0240(brokerage business),276,0
17,,,,17,0058(brokerage business),228,0,17,0277(brokerage business),204,0
18,,,,18,0069(brokerage business),216,0,18,0308(brokerage business),204,0
19,,,,19,0323(brokerage business),150,0,19,0069(brokerage business),192,-6
20,,,,20,0320(brokerage business),102,0,20,0161(brokerage business),156,0
Total,,684,-2142,Total,,12960,-294,Total,,12792,-306
Ranking,Name of FF Member /OSBPs,Volume,Change from Previous Trading Day,Ranking,Name of FF Member /OSBPs,Long Position,Change from Previous Trading Day,Ranking,Name of FF Member /OSBPs,Short Position,Change from Previous Trading Day
Contract Code：ni2610,,,,,,,,,,2026-09-09,
1,0004(brokerage business),49156,-3218,1,0004(brokerage business),9603,-1246,1,0004(brokerage business),17678,68
2,0163(brokerage business),31252,1892,2,0163(brokerage business),6838,-141,2,0148(brokerage business),15477,210
3,0148(brokerage business),28334,-770,3,0148(brokerage business),6796,-704,3,0082(brokerage business),9716,2
4,0123(brokerage business),10799,-4087,4,0253(brokerage business),5953,516,4,0253(brokerage business),5231,-281
5,0275(brokerage business),10088,1122,5,0103(brokerage business),5794,248,5,0272(brokerage business),5021,-4
6,0081(brokerage business),9335,-479,6,0272(brokerage business),3992,-22,6,0059(brokerage business),4341,99
7,0253(brokerage business),8833,-128,7,0240(brokerage business),3654,66,7,0240(brokerage business),3901,-369
8,0272(brokerage business),8096,-1281,8,0096(brokerage business),3519,-58,8,0163(brokerage business),3887,-1303
9,0240(brokerage business),7833,-1827,9,0034(brokerage business),3346,-120,9,0139(brokerage business),3652,1
10,0059(brokerage business),6227,-736,10,0077(brokerage business),3317,-40,10,0335(brokerage business),3116,-614
11,0034(brokerage business),5440,-1056,11,0042(brokerage business),3251,-92,11,0275(brokerage business),2605,94
12,0268(brokerage business),5408,321,12,0003(brokerage business),3169,73,12,0323(brokerage business),2324,188
13,0298(brokerage business),5225,558,13,0308(brokerage business),3103,42,13,0288(brokerage business),2303,-30
14,0186(brokerage business),4427,-420,14,0268(brokerage business),2568,-67,14,0268(brokerage business),2072,211
15,0308(brokerage business),4351,-1191,15,0081(brokerage business),2291,-959,15,0161(brokerage business),2050,265
16,0009(brokerage business),3668,6,16,0049(brokerage business),2243,-72,16,0043(brokerage business),1803,308
17,0161(brokerage business),3644,1615,17,0275(brokerage business),2239,-20,17,0169(brokerage business),1729,83
18,0103(brokerage business),3429,-368,18,0123(brokerage business),1966,-5,18,0018(brokerage business),1727,-68
19,0288(brokerage business),3412,442,19,0316(brokerage business),1854,-5,19,0184(brokerage business),1647,173
20,0042(brokerage business),2837,-254,20,0161(brokerage business),1798,-31,20,0003(brokerage business),1509,-460
Total,,211794,-9859,Total,,77294,-2637,Total,,91789,-1427
Ranking,Name of FF Member /OSBPs,Volume,Change from Previous Trading Day,Ranking,Name of FF Member /OSBPs,Long Position,Change from Previous Trading Day,Ranking,Name of FF Member /OSBPs,Short Position,Change from Previous Trading Day
Contract Code：ni2611,,,,,,,,,,2026-09-09,
1,0004(brokerage business),18862,349,1,0103(brokerage business),15560,345,1,0004(brokerage business),18752,370
2,0148(brokerage business),16036,2810,2,0148(brokerage business),11697,307,2,0148(brokerage business),13450,-229
3,0163(brokerage business),9491,1797,3,0004(brokerage business),11019,200,3,0184(brokerage business),12504,243
4,0123(brokerage business),3807,-1002,4,0096(brokerage business),7155,35,4,0272(brokerage business),5908,1057
5,0275(brokerage business),3791,-330,5,0077(brokerage business),6132,8,5,0239(brokerage business),5484,-46
6,0253(brokerage business),3209,-170,6,0272(brokerage business),3688,243,6,0009(brokerage business),4509,60
7,0081(brokerage business),3132,-466,7,0163(brokerage business),2849,44,7,0082(brokerage business),4133,15
8,0272(brokerage business),3076,1088,8,0268(brokerage business),2704,-19,8,0163(brokerage business),3600,1243
9,0059(brokerage business),2764,383,9,0003(brokerage business),2490,-277,9,0335(brokerage business),3421,491
10,0009(brokerage business),2198,-139,10,0059(brokerage business),2433,525,10,0042(brokerage business),3382,-79
11,0240(brokerage business),1658,-843,11,0082(brokerage business),2126,9,11,0003(brokerage business),2836,-134
12,0018(brokerage business),1576,266,12,0178(brokerage business),1979,100,12,0123(brokerage business),2557,55
13,0308(brokerage business),1393,-683,13,0316(brokerage business),1927,0,13,0253(brokerage business),2189,-324
14,0298(brokerage business),1099,126,14,0240(brokerage business),1914,249,14,0022(brokerage business),1718,-326
15,0103(brokerage business),985,306,15,0335(brokerage business),1679,33,15,0240(brokerage business),1679,-71
16,0239(brokerage business),974,-322,16,0253(brokerage business),1405,49,16,0029(brokerage business),1635,-1
17,0259(brokerage business),938,-1072,17,0034(brokerage business),1281,147,17,0275(brokerage business),1571,206
18,0034(brokerage business),912,-287,18,0081(brokerage business),1214,-80,18,0103(brokerage business),1473,-76
19,0058(brokerage business),898,415,19,0308(brokerage business),1204,101,19,0323(brokerage business),1326,-3
20,0042(brokerage business),842,376,20,0161(brokerage business),1170,31,20,0308(brokerage business),1273,124
Total,,77641,2602,Total,,81626,2050,Total,,93400,2575
Ranking,Name of FF Member /OSBPs,Volume,Change from Previous Trading Day,Ranking,Name of FF Member /OSBPs,Long Position,Change from Previous Trading Day,Ranking,Name of FF Member /OSBPs,Short Position,Change from Previous Trading Day
Contract Code：ni2612,,,,,,,,,,2026-09-09,
1,0148(brokerage business),3056,379,1,0148(brokerage business),13228,133,1,0004(brokerage business),21103,22
2,0004(brokerage business),3029,-776,2,0103(brokerage business),7612,41,2,0148(brokerage business),5043,-349
3,0253(brokerage business),1222,-75,3,0096(brokerage business),5283,35,3,0272(brokerage business),4734,40
4,0163(brokerage business),1088,-584,4,0316(brokerage business),2198,8,4,0253(brokerage business),4609,476
5,0275(brokerage business),1039,-452,5,0003(brokerage business),1747,8,5,0123(brokerage business),2600,-39
6,0081(brokerage business),982,-394,6,0272(brokerage business),1722,96,6,0139(brokerage business),2292,0
7,0059(brokerage business),827,-90,7,0178(brokerage business),1486,-2,7,0042(brokerage business),2171,-4
8,0240(brokerage business),566,-316,8,0004(brokerage business),1340,-55,8,0240(brokerage business),1563,51
9,0123(brokerage business),485,-631,9,0163(brokerage business),1311,-29,9,0022(brokerage business),1115,-1
10,0308(brokerage business),444,-458,10,0253(brokerage business),901,102,10,0009(brokerage business),998,133
11,0272(brokerage business),406,-294,11,0240(brokerage business),898,77,11,0308(brokerage business),881,101
12,0319(brokerage business),405,282,12,0311(brokerage business),881,7,12,0007(brokerage business),771,-3
13,0327(brokerage business),293,-78,13,0268(brokerage business),840,8,13,0077(brokerage business),716,-57
14,0058(brokerage business),264,155,14,0034(brokerage business),781,61,14,0153(brokerage business),533,-1
15,0103(brokerage business),260,-56,15,0059(brokerage business),749,13,15,0103(brokerage business),429,5
16,0003(brokerage business),224,148,16,0263(brokerage business),749,1,16,0163(brokerage business),425,-15
17,0034(brokerage business),214,-96,17,0308(brokerage business),734,19,17,0295(brokerage business),409,3
18,0042(brokerage business),211,146,18,0123(brokerage business),559,8,18,0239(brokerage business),402,28
19,0298(brokerage business),188,2,19,0288(brokerage business),506,7,19,0331(brokerage business),367,0
20,0009(brokerage business),179,-88,20,0038(brokerage business),448,4,20,0259(brokerage business),349,54
Total,,15382,-3276,Total,,43973,542,Total,,51510,444
Ranking,Name of FF Member /OSBPs,Volume,Change from Previous Trading Day,Ranking,Name of FF Member /OSBPs,Long Position,Change from Previous Trading Day,Ranking,Name of FF Member /OSBPs,Short Position,Change from Previous Trading Day
Contract Code：ni2701,,,,,,,,,,2026-09-09,
1,0275(brokerage business),2001,416,1,0096(brokerage business),3848,2,1,0272(brokerage business),4224,33
2,0163(brokerage business),1433,94,2,0103(brokerage business),3020,95,2,0148(brokerage business),4118,-87
3,0004(brokerage business),1387,-155,3,0148(brokerage business),1850,138,3,0004(brokerage business),2737,216
4,0148(brokerage business),1175,82,4,0004(brokerage business),982,-119,4,0253(brokerage business),2507,239
5,0081(brokerage business),971,-322,5,0025(brokerage business),645,10,5,0042(brokerage business),2395,-108
6,0059(brokerage business),529,154,6,0069(brokerage business),537,8,6,0240(brokerage business),1633,134
7,0253(brokerage business),508,90,7,0123(brokerage business),535,3,7,0311(brokerage business),1165,5
8,0186(brokerage business),348,196,8,0253(brokerage business),520,-7,8,0320(brokerage business),889,94
9,0123(brokerage business),341,-173,9,0323(brokerage business),495,10,9,0022(brokerage business),711,0
10,0238(brokerage business),266,47,10,0163(brokerage business),463,-19,10,0103(brokerage business),615,0
11,0042(brokerage business),256,48,11,0272(brokerage business),422,0,11,0163(brokerage business),406,6
12,0103(brokerage business),229,-263,12,0240(brokerage business),369,11,12,0288(brokerage business),396,-1
13,0272(brokerage business),225,-32,13,0186(brokerage business),341,93,13,0058(brokerage business),385,0
14,0259(brokerage business),215,-3,14,0277(brokerage business),341,0,14,0268(brokerage business),333,-1
15,0139(brokerage business),214,94,15,0018(brokerage business),332,2,15,0331(brokerage business),122,0
16,0240(brokerage business),213,-435,16,0268(brokerage business),331,19,16,0019(brokerage business),109,0
17,0311(brokerage business),188,169,17,0038(brokerage business),324,0,17,0096(brokerage business),101,1
18,0058(brokerage business),182,-140,18,0125(brokerage business),305,0,18,0275(brokerage business),82,19
19,0319(brokerage business),161,-8,19,0003(brokerage business),283,13,19,0048(brokerage business),72,0
20,0308(brokerage business),157,-177,20,0308(brokerage business),250,9,20,0151(brokerage business),62,4
Total,,10999,-318,Total,,16193,268,Total,,23062,554
Member/OSP Type,Total Volume,Change from Previous Trading Day,Member/OSP Type,Total Long Position,Change from Previous Trading Day,Member/OSP Type,Total Short Position,Change from Previous Trading Day,,,
Contract Code：snall,,,,,,,2026-09-09,,,,
Name of FF Member/OSBP,251868,-16042,Name of FF Member/OSBP,66646,-304,Name of FF Member/OSBP,66646,-304,,,
Name of Non-FF Member/OSNBP,0,0,Name of Non-FF Member/OSNBP,0,0,Name of Non-FF Member/OSNBP,0,0,,,
Ranking,Name of FF Member /OSBPs,Volume,Change from Previous Trading Day,Ranking,Name of FF Member /OSBPs,Long Position,Change from Previous Trading Day,Ranking,Name of FF Member /OSBPs,Short Position,Change from Previous Trading Day
Contract Code：sn2609,,,,,,,,,,2026-09-09,
1,0323(brokerage business),20,-44,1,0148(brokerage business),476,-4,1,0272(brokerage business),1284,0
2,0163(brokerage business),12,-48,2,0004(brokerage business),416,-2,2,0042(brokerage business),658,0
3,0034(brokerage business),10,-60,3,0034(brokerage business),202,-2,3,0349(brokerage business),120,0
4,0308(brokerage business),10,-16,4,0049(brokerage business),192,0,4,0007(brokerage business),72,0
5,0103(brokerage business),8,-2,5,0058(brokerage business),170,0,5,0103(brokerage business),64,8
6,0299(brokerage business),6,2,6,0048(brokerage business),160,0,6,0311(brokerage business),46,0
7,0004(brokerage business),4,-100,7,0268(brokerage business),142,0,7,0268(brokerage business),42,0
8,0148(brokerage business),4,-48,8,0009(brokerage business),120,0,8,0069(brokerage business),34,0
9,0049(brokerage business),2,-14,9,0316(brokerage business),100,0,9,0163(brokerage business),20,4
10,0082(brokerage business),2,0,10,0069(brokerage business),76,0,10,0009(brokerage business),6,0
11,0275(brokerage business),2,-48,11,0042(brokerage business),50,0,11,0052(brokerage business),6,0
12,,,,12,0082(brokerage business),48,0,12,0153(brokerage business),6,0
13,,,,13,0338(brokerage business),40,0,13,0004(brokerage business),4,2
14,,,,14,0240(brokerage business),38,0,14,0059(brokerage business),4,0
15,,,,15,0163(brokerage business),28,0,15,0148(brokerage business),2,0
16,,,,16,0308(brokerage business),22,2,16,,,
17,,,,17,0299(brokerage business),18,-6,17,,,
18,,,,18,0275(brokerage business),16,2,18,,,
19,,,,19,0077(brokerage business),14,0,19,,,
20,,,,20,0103(brokerage business),10,0,20,,,
Total,,80,-378,Total,,2338,-10,Total,,2368,14
Ranking,Name of FF Member /OSBPs,Volume,Change from Previous Trading Day,Ranking,Name of FF Member /OSBPs,Long Position,Change from Previous Trading Day,Ranking,Name of FF Member /OSBPs,Short Position,Change from Previous Trading Day
Contract Code：sn2610,,,,,,,,,,2026-09-09,
1,0004(brokerage business),31600,1074,1,0004(brokerage business),3506,-148,1,0004(brokerage business),4152,52
2,0148(brokerage business),23343,-475,2,0148(brokerage business),3384,-185,2,0240(brokerage business),3239,-71
3,0163(brokerage business),14759,-36,3,0163(brokerage business),2109,-193,3,0148(brokerage business),2491,10
4,0275(brokerage business),10733,-438,4,0268(brokerage business),1931,169,4,0272(brokerage business),1721,82
5,0253(brokerage business),8453,-312,5,0059(brokerage business),1064,74,5,0163(brokerage business),1315,-64
6,0240(brokerage business),6296,-487,6,0272(brokerage business),943,11,6,0034(brokerage business),1283,51
7,0123(brokerage business),5910,-469,7,0082(brokerage business),876,40,7,0042(brokerage business),1266,-81
8,0272(brokerage business),5691,-523,8,0081(brokerage business),793,9,8,0323(brokerage business),815,-16
9,0081(brokerage business),5592,-1041,9,0096(brokerage business),769,56,9,0153(brokerage business),789,99
10,0298(brokerage business),5130,595,10,0240(brokerage business),751,-61,10,0103(brokerage business),782,17
11,0268(brokerage business),4930,76,11,0253(brokerage business),669,-96,11,0139(brokerage business),779,-6
12,0059(brokerage business),4799,-821,12,0275(brokerage business),669,14,12,0096(brokerage business),768,12
13,0186(brokerage business),4495,-206,13,0034(brokerage business),662,-63,13,0253(brokerage business),689,-1
14,0308(brokerage business),3099,-223,14,0049(brokerage business),625,-65,14,0007(brokerage business),651,-255
15,0259(brokerage business),2935,-632,15,0007(brokerage business),617,4,15,0059(brokerage business),646,-83
16,0034(brokerage business),2826,-415,16,0123(brokerage business),610,-5,16,0268(brokerage business),616,-41
17,0103(brokerage business),2657,6,17,0288(brokerage business),566,27,17,0049(brokerage business),599,-52
18,0161(brokerage business),2218,176,18,0103(brokerage business),507,-50,18,0018(brokerage business),588,-7
19,0009(brokerage business),2034,-138,19,0067(brokerage business),498,-6,19,0003(brokerage business),573,-24
20,0007(brokerage business),1909,-183,20,0042(brokerage business),455,21,20,0275(brokerage business),519,-7
Total,,149409,-4472,Total,,22004,-447,Total,,24281,-385
Ranking,Name of FF Member /OSBPs,Volume,Change from Previous Trading Day,Ranking,Name of FF Member /OSBPs,Long Position,Change from Previous Trading Day,Ranking,Name of FF Member /OSBPs,Short Position,Change from Previous Trading Day
Contract Code：sn2611,,,,,,,,,,2026-09-09,
1,0004(brokerage business),6450,-262,1,0004(brokerage business),2061,-240,1,0272(brokerage business),1898,2
2,0148(brokerage business),5458,-243,2,0148(brokerage business),1797,-100,2,0004(brokerage business),1614,68
3,0275(brokerage business),4264,-469,3,0239(brokerage business),1268,98,3,0148(brokerage business),1473,-46
4,0163(brokerage business),3375,-235,4,0084(brokerage business),1135,0,4,0323(brokerage business),1386,0
5,0253(brokerage business),1750,91,5,0268(brokerage business),1009,-90,5,0042(brokerage business),924,14
6,0059(brokerage business),1444,-382,6,0163(brokerage business),962,91,6,0163(brokerage business),912,-22
7,0081(brokerage business),1333,-601,7,0096(brokerage business),780,2,7,0007(brokerage business),819,6
8,0240(brokerage business),998,-484,8,0123(brokerage business),684,-3,8,0096(brokerage business),695,-12
9,0123(brokerage business),974,-13,9,0052(brokerage business),540,0,9,0034(brokerage business),693,5
10,0272(brokerage business),784,-319,10,0274(brokerage business),502,-4,10,0077(brokerage business),404,46
11,0268(brokerage business),676,235,11,0049(brokerage business),497,3,11,0139(brokerage business),381,0
12,0096(brokerage business),612,-47,12,0103(brokerage business),417,4,12,0178(brokerage business),374,31
13,0298(brokerage business),501,146,13,0272(brokerage business),412,54,13,0003(brokerage business),361,1
14,0001(brokerage business),482,304,14,0009(brokerage business),333,-11,14,0240(brokerage business),308,10
15,0082(brokerage business),422,11,15,0253(brokerage business),322,69,15,0059(brokerage business),285,-20
16,0034(brokerage business),413,-255,16,0240(brokerage business),257,16,16,0058(brokerage business),279,42
17,0271(brokerage business),411,25,17,0019(brokerage business),208,-11,17,0268(brokerage business),270,96
18,0342(brokerage business),378,4,18,0082(brokerage business),206,50,18,0045(brokerage business),264,-21
19,0186(brokerage business),336,54,19,0151(brokerage business),178,8,19,0019(brokerage business),238,-21
20,0259(brokerage business),321,-88,20,0059(brokerage business),172,4,20,0299(brokerage business),206,5
Total,,31382,-2528,Total,,13740,-60,Total,,13784,184
Member/OSP Type,Total Volume,Change from Previous Trading Day,Member/OSP Type,Total Long Position,Change from Previous Trading Day,Member/OSP Type,Total Short Position,Change from Previous Trading Day,,,
Contract Code：aoall,,,,,,,2026-09-09,,,,
Name of FF Member/OSBP,719758,230536,Name of FF Member/OSBP,443427,8053,Name of FF Member/OSBP,440377,7853,,,
Name of Non-FF Member/OSNBP,200,200,Name of Non-FF Member/OSNBP,0,0,Name of Non-FF Member/OSNBP,3050,200,,,
Ranking,Name of FF Member /OSBPs,Volume,Change from Previous Trading Day,Ranking,Name of FF Member /OSBPs,Long Position,Change from Previous Trading Day,Ranking,Name of FF Member /OSBPs,Short Position,Change from Previous Trading Day
Contract Code：ao2609,,,,,,,,,,2026-09-09,
1,0136(brokerage business),180,-15,1,0018(brokerage business),1050,0,1,0148(brokerage business),915,-90
2,0151(brokerage business),150,-240,2,0327(brokerage business),990,0,2,0004(brokerage business),855,0
3,0148(brokerage business),90,-240,3,0034(brokerage business),900,0,3,0096(brokerage business),570,-15
4,0272(brokerage business),90,0,4,0136(brokerage business),300,105,4,0139(brokerage business),405,0
5,0311(brokerage business),90,45,5,0103(brokerage business),240,0,5,0136(brokerage business),225,-75
6,0004(brokerage business),60,-15,6,0148(brokerage business),150,0,6,0272(brokerage business),210,0
7,0123(brokerage business),45,-195,7,0277(brokerage business),90,0,7,0320(brokerage business),90,0
8,0163(brokerage business),45,-15,8,0275(brokerage business),75,-15,8,0123(brokerage business),45,0
9,0069(brokerage business),30,-30,9,,,,9,0268(brokerage business),30,0
10,0308(brokerage business),30,30,10,,,,10,,,
11,0096(brokerage business),15,-225,11,,,,11,,,
12,0275(brokerage business),15,-75,12,,,,12,,,
Total,,840,-975,Total,,3795,90,Total,,3345,-180
Ranking,Name of FF Member /OSBPs,Volume,Change from Previous Trading Day,Ranking,Name of FF Member /OSBPs,Long Position,Change from Previous Trading Day,Ranking,Name of FF Member /OSBPs,Short Position,Change from Previous Trading Day
Contract Code：ao2610,,,,,,,,,,2026-09-09,
1,0004(brokerage business),24014,-18243,1,0004(brokerage business),4536,-2208,1,0148(brokerage business),9667,-2351
2,0163(brokerage business),23129,2692,2,0163(brokerage business),3322,-1099,2,0004(brokerage business),7817,-2590
3,0148(brokerage business),18633,1940,3,0082(brokerage business),3245,-1690,3,0103(brokerage business),3590,-1304
4,0275(brokerage business),8565,175,4,0253(brokerage business),3034,-580,4,0151(brokerage business),2447,-484
5,0272(brokerage business),6443,2232,5,0148(brokerage business),2768,-1248,5,0323(brokerage business),2117,-90
6,0253(brokerage business),6171,1906,6,0096(brokerage business),2563,-197,6,0019(brokerage business),2050,-821
7,0081(brokerage business),5522,2324,7,0323(brokerage business),2324,-1155,7,0059(brokerage business),1937,-1332
8,0240(brokerage business),4598,-243,8,0034(brokerage business),1932,-408,8,0268(brokerage business),1925,-1494
9,0268(brokerage business),4278,1332,9,0298(brokerage business),1819,-437,9,0163(brokerage business),1893,-1896
10,0298(brokerage business),3766,-265,10,0272(brokerage business),1760,-2159,10,0274(brokerage business),1497,-344
11,0288(brokerage business),2743,960,11,0288(brokerage business),1686,57,11,0275(brokerage business),1444,-271
12,0103(brokerage business),2676,-57,12,0103(brokerage business),1544,-296,12,0003(brokerage business),1347,-24
13,0059(brokerage business),2620,634,13,0137(brokerage business),1421,-250,13,0272(brokerage business),1307,-1082
14,0323(brokerage business),2487,628,14,0018(brokerage business),1404,-261,14,0253(brokerage business),1301,-923
15,0082(brokerage business),2475,1722,15,0151(brokerage business),1290,-229,15,0240(brokerage business),1288,-326
16,0123(brokerage business),2449,-7274,16,0003(brokerage business),1172,-53,16,0288(brokerage business),1282,-1110
17,0308(brokerage business),2402,1388,17,0268(brokerage business),1145,-488,17,0081(brokerage business),1265,-178
18,0186(brokerage business),2344,14,18,0275(brokerage business),1144,-502,18,0139(brokerage business),1153,-75
19,0161(brokerage business),2192,616,19,0058(brokerage business),1112,-418,19,0321(brokerage business),1143,-13
20,0019(brokerage business),2163,764,20,0327(brokerage business),1083,-7,20,0259(brokerage business),1006,-121
Total,,129670,-6755,Total,,40304,-13628,Total,,47476,-16829
Ranking,Name of FF Member /OSBPs,Volume,Change from Previous Trading Day,Ranking,Name of FF Member /OSBPs,Long Position,Change from Previous Trading Day,Ranking,Name of FF Member /OSBPs,Short Position,Change from Previous Trading Day
Contract Code：ao2611,,,,,,,,,,2026-09-09,
1,0163(brokerage business),12668,5045,1,0272(brokerage business),16311,-52,1,0148(brokerage business),9396,-335
2,0275(brokerage business),8784,5025,2,0082(brokerage business),10714,8,2,0004(brokerage business),8560,984
3,0004(brokerage business),7834,3576,3,0323(brokerage business),9177,31,3,0323(brokerage business),8500,21
4,0148(brokerage business),5775,172,4,0151(brokerage business),6936,379,4,0151(brokerage business),7769,-134
5,0123(brokerage business),5379,-293,5,0240(brokerage business),6500,37,5,0240(brokerage business),7362,224
6,0253(brokerage business),3263,327,6,0253(brokerage business),6475,24,6,0163(brokerage business),7254,1012
7,0161(brokerage business),2969,351,7,0004(brokerage business),6318,2404,7,0268(brokerage business),5282,78
8,0049(brokerage business),2961,-222,8,0178(brokerage business),5156,-11,8,0178(brokerage business),5239,91
9,0268(brokerage business),2815,494,9,0161(brokerage business),4592,-2,9,0161(brokerage business),5144,19
10,0009(brokerage business),2289,-84,10,0163(brokerage business),3827,-296,10,0253(brokerage business),4918,39
11,0081(brokerage business),2273,1289,11,0077(brokerage business),2944,2,11,0103(brokerage business),4152,-65
12,0240(brokerage business),2015,401,12,0268(brokerage business),2885,-53,12,0019(brokerage business),3573,767
13,0058(brokerage business),1957,1391,13,0048(brokerage business),2364,4,13,0335(brokerage business),2671,27
14,0059(brokerage business),1898,800,14,0308(brokerage business),1574,-48,14,0048(brokerage business),2114,18
15,0151(brokerage business),1835,674,15,0034(brokerage business),1480,-91,15,0123(brokerage business),1148,154
16,0178(brokerage business),1630,208,16,0137(brokerage business),971,240,16,0275(brokerage business),1077,-273
17,0272(brokerage business),1317,329,17,0123(brokerage business),812,69,17,0288(brokerage business),1007,336
18,0103(brokerage business),1295,958,18,0009(brokerage business),763,-37,18,0082(brokerage business),941,-1
19,0019(brokerage business),1153,357,19,0139(brokerage business),754,-46,19,0058(brokerage business),923,-1147
20,0003(brokerage business),1026,1008,20,0103(brokerage business),749,320,20,0069(brokerage business),784,6
Total,,71136,21806,Total,,91302,2882,Total,,87814,1821
Ranking,Name of FF Member /OSBPs,Volume,Change from Previous Trading Day,Ranking,Name of FF Member /OSBPs,Long Position,Change from Previous Trading Day,Ranking,Name of FF Member /OSBPs,Short Position,Change from Previous Trading Day
Contract Code：ao2612,,,,,,,,,,2026-09-09,
1,0163(brokerage business),2585,567,1,0323(brokerage business),8009,1,1,0323(brokerage business),8244,28
2,0161(brokerage business),1389,455,2,0151(brokerage business),6057,-6,2,0151(brokerage business),6247,3
3,0034(brokerage business),1104,965,3,0240(brokerage business),4775,8,3,0240(brokerage business),5261,-17
4,0272(brokerage business),1015,295,4,0161(brokerage business),4515,-16,4,0161(brokerage business),4608,21
5,0103(brokerage business),1011,998,5,0268(brokerage business),4163,4,5,0268(brokerage business),4140,17
6,0081(brokerage business),962,385,6,0163(brokerage business),3994,17,6,0148(brokerage business),4062,-84
7,0009(brokerage business),944,-2863,7,0004(brokerage business),3381,118,7,0004(brokerage business),3708,99
8,0004(brokerage business),913,-346,8,0178(brokerage business),3019,88,8,0163(brokerage business),3567,-8
9,0178(brokerage business),898,-1,9,0272(brokerage business),2992,708,9,0178(brokerage business),3070,88
10,0123(brokerage business),895,413,10,0253(brokerage business),2638,27,10,0253(brokerage business),2978,-53
11,0148(brokerage business),833,-2688,11,0059(brokerage business),2022,10,11,0059(brokerage business),2029,1
12,0268(brokerage business),691,-4385,12,0048(brokerage business),1853,-61,12,0048(brokerage business),1969,-51
13,0240(brokerage business),583,128,13,0082(brokerage business),1650,0,13,0335(brokerage business),1320,363
14,0151(brokerage business),561,-224,14,0034(brokerage business),1612,-110,14,0103(brokerage business),1079,1008
15,0003(brokerage business),492,397,15,0139(brokerage business),1353,-18,15,0123(brokerage business),731,-1
16,0253(brokerage business),484,-118,16,0009(brokerage business),1230,409,16,0288(brokerage business),397,3
17,0029(brokerage business),385,346,17,0288(brokerage business),799,-233,17,0043(brokerage business),388,0
18,0323(brokerage business),377,-249,18,0095(brokerage business),571,0,18,0153(brokerage business),338,0
19,0059(brokerage business),375,157,19,0148(brokerage business),411,39,19,0082(brokerage business),311,1
20,0335(brokerage business),371,363,20,0029(brokerage business),355,332,20,0069(brokerage business),271,2
Total,,16868,-5405,Total,,55399,1317,Total,,54718,1420
Ranking,Name of FF Member /OSBPs,Volume,Change from Previous Trading Day,Ranking,Name of FF Member /OSBPs,Long Position,Change from Previous Trading Day,Ranking,Name of FF Member /OSBPs,Short Position,Change from Previous Trading Day
Contract Code：ao2701,,,,,,,,,,2026-09-09,
1,0004(brokerage business),87016,55502,1,0004(brokerage business),19097,5656,1,0004(brokerage business),20760,2892
2,0163(brokerage business),39804,15156,2,0034(brokerage business),13088,-53,2,0148(brokerage business),19326,1907
3,0148(brokerage business),31170,17537,3,0148(brokerage business),11283,1523,3,0103(brokerage business),16588,2137
4,0275(brokerage business),17160,6774,4,0082(brokerage business),10764,142,4,0335(brokerage business),10382,1619
5,0272(brokerage business),11214,5097,5,0077(brokerage business),7254,245,5,0272(brokerage business),8386,3193
6,0240(brokerage business),11108,5056,6,0123(brokerage business),5441,653,6,0163(brokerage business),7343,1730
7,0253(brokerage business),10651,4116,7,0163(brokerage business),5268,488,7,0253(brokerage business),7001,894
8,0268(brokerage business),9354,7051,8,0253(brokerage business),5111,41,8,0003(brokerage business),6177,170
9,0059(brokerage business),8019,2921,9,0272(brokerage business),4882,1625,9,0268(brokerage business),5717,1921
10,0081(brokerage business),7555,4680,10,0116(brokerage business),4685,31,10,0059(brokerage business),5091,-71
11,0186(brokerage business),6953,4567,11,0103(brokerage business),4662,1021,11,0082(brokerage business),4111,293
12,0103(brokerage business),6910,2762,12,0323(brokerage business),4461,155,12,0058(brokerage business),3645,1374
13,0298(brokerage business),5376,3879,13,0288(brokerage business),4323,371,13,0288(brokerage business),3210,647
14,0034(brokerage business),5034,2014,14,0003(brokerage business),3311,-561,14,0123(brokerage business),3108,549
15,0335(brokerage business),4260,741,15,0161(brokerage business),2917,703,15,0151(brokerage business),3071,397
16,0288(brokerage business),4228,3037,16,0096(brokerage business),2863,261,16,0274(brokerage business),3068,223
17,0151(brokerage business),4225,1640,17,0268(brokerage business),2650,537,17,0034(brokerage business),3065,1255
18,0123(brokerage business),4198,-1765,18,0240(brokerage business),2298,730,18,0240(brokerage business),3060,330
19,0069(brokerage business),3708,2466,19,0019(brokerage business),2272,740,19,0069(brokerage business),2435,556
20,0238(brokerage business),3555,2724,20,0186(brokerage business),2256,357,20,0009(brokerage business),2247,539
Total,,281498,145955,Total,,118886,14665,Total,,137791,22555
Member/OSP Type,Total Volume,Change from Previous Trading Day,Member/OSP Type,Total Long Position,Change from Previous Trading Day,Member/OSP Type,Total Short Position,Change from Previous Trading Day,,,
Contract Code：adall,,,,,,,2026-09-09,,,,
Name of FF Member/OSBP,29464,10084,Name of FF Member/OSBP,25109,282,Name of FF Member/OSBP,25109,282,,,
Name of Non-FF Member/OSNBP,0,0,Name of Non-FF Member/OSNBP,0,0,Name of Non-FF Member/OSNBP,0,0,,,
Ranking,Name of FF Member /OSBPs,Volume,Change from Previous Trading Day,Ranking,Name of FF Member /OSBPs,Long Position,Change from Previous Trading Day,Ranking,Name of FF Member /OSBPs,Short Position,Change from Previous Trading Day
Contract Code：ad2609,,,,,,,,,,2026-09-09,
1,0148(brokerage business),3,3,1,0320(brokerage business),186,0,1,0275(brokerage business),186,0
2,0163(brokerage business),3,-6,2,0018(brokerage business),180,0,2,0004(brokerage business),99,0
3,,,,3,0148(brokerage business),90,-3,3,0123(brokerage business),81,0
4,,,,4,0272(brokerage business),33,0,4,0103(brokerage business),63,0
5,,,,5,0004(brokerage business),18,0,5,0169(brokerage business),33,0
6,,,,6,0163(brokerage business),9,0,6,0277(brokerage business),27,0
7,,,,7,0125(brokerage business),6,0,7,0153(brokerage business),18,0
8,,,,8,,,,8,0139(brokerage business),12,0
9,,,,9,,,,9,0311(brokerage business),3,0
Total,,6,-3,Total,,522,-3,Total,,522,0
Ranking,Name of FF Member /OSBPs,Volume,Change from Previous Trading Day,Ranking,Name of FF Member /OSBPs,Long Position,Change from Previous Trading Day,Ranking,Name of FF Member /OSBPs,Short Position,Change from Previous Trading Day
Contract Code：ad2610,,,,,,,,,,2026-09-09,
1,0163(brokerage business),737,215,1,0004(brokerage business),659,16,1,0123(brokerage business),478,13
2,0148(brokerage business),593,253,2,0123(brokerage business),379,29,2,0139(brokerage business),382,9
3,0004(brokerage business),274,-12,3,0323(brokerage business),350,0,3,0275(brokerage business),353,24
4,0257(brokerage business),247,192,4,0253(brokerage business),328,-18,4,0253(brokerage business),347,19
5,0272(brokerage business),233,198,5,0139(brokerage business),319,-15,5,0009(brokerage business),342,25
6,0137(brokerage business),190,-122,6,0257(brokerage business),310,8,6,0323(brokerage business),319,-2
7,0320(brokerage business),173,32,7,0009(brokerage business),295,0,7,0048(brokerage business),306,-1
8,0123(brokerage business),168,135,8,0008(brokerage business),289,1,8,0257(brokerage business),291,-1
9,0096(brokerage business),140,54,9,0034(brokerage business),289,-24,9,0008(brokerage business),289,1
10,0275(brokerage business),125,7,10,0048(brokerage business),287,0,10,0004(brokerage business),280,-24
11,0253(brokerage business),107,-24,11,0137(brokerage business),285,4,11,0096(brokerage business),275,0
12,0048(brokerage business),99,3,12,0275(brokerage business),283,-1,12,0137(brokerage business),250,-6
13,0018(brokerage business),97,70,13,0096(brokerage business),269,0,13,0349(brokerage business),158,55
14,0009(brokerage business),87,-35,14,0163(brokerage business),128,13,14,0163(brokerage business),147,14
15,0349(brokerage business),76,55,15,0148(brokerage business),119,-229,15,0272(brokerage business),139,-187
16,0058(brokerage business),65,27,16,0268(brokerage business),71,28,16,0320(brokerage business),131,-44
17,0069(brokerage business),59,18,17,0043(brokerage business),45,0,17,0103(brokerage business),114,-23
18,0268(brokerage business),56,52,18,0299(brokerage business),45,0,18,0148(brokerage business),90,2
19,0171(brokerage business),52,52,19,0272(brokerage business),32,8,19,0335(brokerage business),52,0
20,0008(brokerage business),48,16,20,0320(brokerage business),29,-59,20,0277(brokerage business),30,0
Total,,3626,1186,Total,,4811,-239,Total,,4773,-126
Ranking,Name of FF Member /OSBPs,Volume,Change from Previous Trading Day,Ranking,Name of FF Member /OSBPs,Long Position,Change from Previous Trading Day,Ranking,Name of FF Member /OSBPs,Short Position,Change from Previous Trading Day
Contract Code：ad2611,,,,,,,,,,2026-09-09,
1,0123(brokerage business),2519,1971,1,0323(brokerage business),1939,34,1,0323(brokerage business),1895,35
2,0163(brokerage business),2174,490,2,0123(brokerage business),1886,18,2,0123(brokerage business),1744,109
3,0257(brokerage business),1590,1035,3,0139(brokerage business),1404,17,3,0139(brokerage business),1675,0
4,0004(brokerage business),1464,189,4,0148(brokerage business),1329,-55,4,0004(brokerage business),1435,-69
5,0081(brokerage business),1332,132,5,0257(brokerage business),1166,-19,5,0253(brokerage business),1307,-25
6,0253(brokerage business),1181,112,6,0048(brokerage business),1165,51,6,0257(brokerage business),1209,7
7,0275(brokerage business),1037,413,7,0253(brokerage business),1160,30,7,0048(brokerage business),1151,43
8,0008(brokerage business),1013,334,8,0137(brokerage business),1051,5,8,0137(brokerage business),1019,2
9,0272(brokerage business),764,38,9,0163(brokerage business),1017,53,9,0096(brokerage business),1010,71
10,0048(brokerage business),680,299,10,0096(brokerage business),1003,76,10,0272(brokerage business),974,-188
11,0139(brokerage business),583,209,11,0009(brokerage business),904,156,11,0008(brokerage business),898,-2
12,0148(brokerage business),442,-70,12,0008(brokerage business),898,-3,12,0009(brokerage business),891,153
13,0096(brokerage business),429,163,13,0275(brokerage business),887,-4,13,0275(brokerage business),886,15
14,0009(brokerage business),315,181,14,0034(brokerage business),408,22,14,0268(brokerage business),524,54
15,0137(brokerage business),277,110,15,0004(brokerage business),377,21,15,0148(brokerage business),485,-23
16,0161(brokerage business),272,0,16,0082(brokerage business),273,37,16,0067(brokerage business),303,3
17,0058(brokerage business),221,138,17,0288(brokerage business),158,2,17,0163(brokerage business),235,33
18,0067(brokerage business),190,47,18,0077(brokerage business),136,1,18,0018(brokerage business),173,92
19,0069(brokerage business),189,96,19,0240(brokerage business),111,-4,19,0151(brokerage business),167,30
20,0268(brokerage business),166,94,20,0042(brokerage business),93,-5,20,0069(brokerage business),144,143
Total,,16838,5981,Total,,17365,433,Total,,18125,483
Member/OSP Type,Total Volume,Change from Previous Trading Day,Member/OSP Type,Total Long Position,Change from Previous Trading Day,Member/OSP Type,Total Short Position,Change from Previous Trading Day,,,
Contract Code：auall,,,,,,,2026-09-09,,,,
Name of FF Member/OSBP,530399,78538,Name of FF Member/OSBP,318795,1800,Name of FF Member/OSBP,71776,1873,,,
Name of Non-FF Member/OSNBP,17867,950,Name of Non-FF Member/OSNBP,75718,2695,Name of Non-FF Member/OSNBP,322737,2622,,,
Ranking,Name of FF Member /OSBPs,Volume,Change from Previous Trading Day,Ranking,Name of FF Member /OSBPs,Long Position,Change from Previous Trading Day,Ranking,Name of FF Member /OSBPs,Short Position,Change from Previous Trading Day
Contract Code：au2609,,,,,,,,,,2026-09-09,
1,,,,1,0004(brokerage business),207,0,1,0186(brokerage business),69,0
2,,,,2,0277(brokerage business),12,0,2,0253(brokerage business),33,0
3,,,,3,0008(brokerage business),9,0,3,,,
4,,,,4,0272(brokerage business),9,0,4,,,
5,,,,5,0049(brokerage business),3,0,5,,,
6,,,,6,0123(brokerage business),3,0,6,,,
Total,,,,Total,,243,0,Total,,102,0
Ranking,Name of FF Member /OSBPs,Volume,Change from Previous Trading Day,Ranking,Name of FF Member /OSBPs,Long Position,Change from Previous Trading Day,Ranking,Name of FF Member /OSBPs,Short Position,Change from Previous Trading Day
Contract Code：au2610,,,,,,,,,,2026-09-09,
1,0004(brokerage business),69411,9264,1,0004(brokerage business),20285,306,1,0004(brokerage business),8953,-157
2,0148(brokerage business),50156,6688,2,0148(brokerage business),11721,16,2,0148(brokerage business),2289,-246
3,0163(brokerage business),35149,6763,3,0163(brokerage business),7240,665,3,0240(brokerage business),2129,25
4,0253(brokerage business),20698,5652,4,0272(brokerage business),7120,-21,4,0163(brokerage business),2001,132
5,0308(brokerage business),20600,6223,5,0288(brokerage business),4947,6,5,0253(brokerage business),1438,-50
6,0272(brokerage business),20512,1279,6,0082(brokerage business),4920,-80,6,0272(brokerage business),1324,113
7,0275(brokerage business),12365,3965,7,0253(brokerage business),4859,-86,7,0268(brokerage business),1194,39
8,0009(brokerage business),8718,770,8,0034(brokerage business),4668,-137,8,0372(brokerage business),940,480
9,0240(brokerage business),8269,1058,9,0240(brokerage business),4056,-20,9,0001(brokerage business),933,70
10,0268(brokerage business),7643,789,10,0103(brokerage business),4041,-99,10,0009(brokerage business),843,188
11,0034(brokerage business),7265,615,11,0268(brokerage business),3543,-102,11,0288(brokerage business),798,175
12,0372(brokerage business),7225,2460,12,0042(brokerage business),3302,-243,12,0077(brokerage business),765,267
13,0161(brokerage business),6664,1201,13,0169(brokerage business),2872,39,13,0049(brokerage business),754,-9
14,0123(brokerage business),6602,-94,14,0275(brokerage business),2858,-13,14,0096(brokerage business),754,172
15,0096(brokerage business),6465,1537,15,0067(brokerage business),2367,-179,15,0137(brokerage business),726,12
16,0298(brokerage business),6067,1145,16,0335(brokerage business),2341,-29,16,0059(brokerage business),705,-22
17,0081(brokerage business),5997,908,17,0161(brokerage business),2328,-4,17,0275(brokerage business),690,106
18,0274(brokerage business),4793,708,18,0274(brokerage business),1991,-45,18,0308(brokerage business),618,263
19,0077(brokerage business),4570,855,19,0081(brokerage business),1968,88,19,0034(brokerage business),568,-22
20,0186(brokerage business),3584,1087,20,0323(brokerage business),1857,-33,20,0095(brokerage business),549,-22
Total,,312753,52873,Total,,99284,29,Total,,28971,1514
Ranking,Name of FF Member /OSBPs,Volume,Change from Previous Trading Day,Ranking,Name of FF Member /OSBPs,Long Position,Change from Previous Trading Day,Ranking,Name of FF Member /OSBPs,Short Position,Change from Previous Trading Day
Contract Code：au2612,,,,,,,,,,2026-09-09,
1,0004(brokerage business),13379,2521,1,0004(brokerage business),22027,467,1,0148(brokerage business),3309,217
2,0272(brokerage business),10979,548,2,0148(brokerage business),15597,237,2,0004(brokerage business),1887,474
3,0148(brokerage business),9758,1319,3,0163(brokerage business),7882,70,3,0025(brokerage business),1801,0
4,0163(brokerage business),7353,3102,4,0253(brokerage business),5668,179,4,0268(brokerage business),1544,80
5,0253(brokerage business),6608,2116,5,0103(brokerage business),5014,21,5,0001(brokerage business),1232,-66
6,0009(brokerage business),4647,1534,6,0272(brokerage business),4409,676,6,0082(brokerage business),1217,49
7,0306(brokerage business),3911,2662,7,0240(brokerage business),3667,11,7,0049(brokerage business),1103,-68
8,0274(brokerage business),3212,604,8,0067(brokerage business),2606,77,8,0089(brokerage business),961,-2
9,0308(brokerage business),2741,688,9,0003(brokerage business),2508,31,9,0052(brokerage business),805,1
10,0240(brokerage business),2320,243,10,0082(brokerage business),2395,27,10,0272(brokerage business),737,-51
11,0001(brokerage business),2297,609,11,0123(brokerage business),2387,-8,11,0096(brokerage business),623,-31
12,0161(brokerage business),2128,226,12,0268(brokerage business),2362,174,12,0009(brokerage business),602,0
13,0096(brokerage business),1835,737,13,0288(brokerage business),2199,-378,13,0034(brokerage business),569,34
14,0275(brokerage business),1794,26,14,0069(brokerage business),1905,46,14,0253(brokerage business),554,65
15,0103(brokerage business),1463,326,15,0239(brokerage business),1896,-179,15,0042(brokerage business),436,14
16,0059(brokerage business),1413,183,16,0034(brokerage business),1801,100,16,0372(brokerage business),426,-18
17,0081(brokerage business),1406,322,17,0096(brokerage business),1705,-6,17,0007(brokerage business),375,-18
18,0019(brokerage business),1375,7,18,0042(brokerage business),1655,-21,18,0161(brokerage business),302,-33
19,0268(brokerage business),1252,141,19,0349(brokerage business),1641,2,19,0163(brokerage business),284,-17
20,0123(brokerage business),1101,-449,20,0323(brokerage business),1633,-9,20,0139(brokerage business),246,-10
Total,,80972,17465,Total,,90957,1517,Total,,19013,620
Ranking,Name of FF Member /OSBPs,Volume,Change from Previous Trading Day,Ranking,Name of FF Member /OSBPs,Long Position,Change from Previous Trading Day,Ranking,Name of FF Member /OSBPs,Short Position,Change from Previous Trading Day
Contract Code：au2702,,,,,,,,,,2026-09-09,
1,0272(brokerage business),3198,709,1,0148(brokerage business),2702,49,1,0323(brokerage business),1027,-9
2,0148(brokerage business),2719,-1910,2,0272(brokerage business),2640,41,2,0004(brokerage business),1010,-52
3,0004(brokerage business),2593,83,3,0004(brokerage business),2065,31,3,0148(brokerage business),497,-88
4,0161(brokerage business),2502,-468,4,0067(brokerage business),2030,9,4,0025(brokerage business),300,60
5,0308(brokerage business),1983,94,5,0323(brokerage business),1160,3,5,0275(brokerage business),292,-7
6,0253(brokerage business),1315,-492,6,0163(brokerage business),969,-8,6,0253(brokerage business),241,27
7,0274(brokerage business),1042,618,7,0288(brokerage business),829,9,7,0042(brokerage business),240,1
8,0163(brokerage business),987,190,8,0103(brokerage business),631,34,8,0169(brokerage business),235,-1
9,0288(brokerage business),691,559,9,0123(brokerage business),574,0,9,0272(brokerage business),145,-1
10,0275(brokerage business),579,-106,10,0025(brokerage business),499,1,10,0058(brokerage business),116,6
11,0009(brokerage business),539,19,11,0009(brokerage business),463,16,11,0163(brokerage business),101,39
12,0081(brokerage business),487,134,12,0311(brokerage business),414,4,12,0240(brokerage business),98,9
13,0268(brokerage business),474,250,13,0268(brokerage business),397,48,13,0308(brokerage business),82,-25
14,0019(brokerage business),413,133,14,0253(brokerage business),390,26,14,0268(brokerage business),81,20
15,0137(brokerage business),304,114,15,0274(brokerage business),366,-2,15,0034(brokerage business),70,3
16,0240(brokerage business),294,-107,16,0308(brokerage business),325,-2,16,0239(brokerage business),66,-5
17,0059(brokerage business),287,262,17,0008(brokerage business),287,1,17,0137(brokerage business),60,-9
18,0259(brokerage business),234,13,18,0240(brokerage business),271,-25,18,0009(brokerage business),59,25
19,0096(brokerage business),184,69,19,0161(brokerage business),263,20,19,0288(brokerage business),47,-6
20,0018(brokerage business),88,2,20,0081(brokerage business),244,4,20,0081(brokerage business),44,3
Total,,20913,166,Total,,17519,259,Total,,4811,-10
Ranking,Name of FF Member /OSBPs,Volume,Change from Previous Trading Day,Ranking,Name of FF Member /OSBPs,Long Position,Change from Previous Trading Day,Ranking,Name of FF Member /OSBPs,Short Position,Change from Previous Trading Day
Contract Code：au2704,,,,,,,,,,2026-09-09,
1,0163(brokerage business),853,396,1,0148(brokerage business),2461,0,1,0323(brokerage business),1001,1
2,0308(brokerage business),791,358,2,0067(brokerage business),1313,-4,2,0004(brokerage business),209,-4
3,0161(brokerage business),605,291,3,0004(brokerage business),1209,-23,3,0272(brokerage business),81,1
4,0004(brokerage business),355,-23,4,0323(brokerage business),1050,-6,4,0009(brokerage business),36,-5
5,0148(brokerage business),317,110,5,0123(brokerage business),567,0,5,0244(brokerage business),29,0
6,0137(brokerage business),250,92,6,0275(brokerage business),353,2,6,0163(brokerage business),28,-6
7,0253(brokerage business),162,95,7,0253(brokerage business),279,7,7,0049(brokerage business),27,7
8,0081(brokerage business),138,78,8,0272(brokerage business),220,0,8,0042(brokerage business),26,-3
9,0268(brokerage business),126,3,9,0163(brokerage business),197,19,9,0268(brokerage business),25,-5
10,0272(brokerage business),97,-51,10,0327(brokerage business),193,0,10,0148(brokerage business),23,-1
11,0271(brokerage business),89,39,11,0288(brokerage business),171,-4,11,0332(brokerage business),22,0
12,0034(brokerage business),42,21,12,0156(brokerage business),161,1,12,0333(brokerage business),22,0
13,0058(brokerage business),42,28,13,0001(brokerage business),121,0,13,0137(brokerage business),16,0
14,0009(brokerage business),40,23,14,0268(brokerage business),105,-1,14,0253(brokerage business),16,-3
15,0338(brokerage business),36,36,15,0308(brokerage business),77,1,15,0081(brokerage business),15,3
16,0275(brokerage business),28,-86,16,0240(brokerage business),73,0,16,0153(brokerage business),14,-1
17,0238(brokerage business),27,9,17,0003(brokerage business),66,-1,17,0238(brokerage business),14,0
18,0139(brokerage business),26,16,18,0311(brokerage business),63,0,18,0240(brokerage business),14,0
19,0240(brokerage business),22,5,19,0018(brokerage business),61,5,19,0274(brokerage business),11,1
20,0123(brokerage business),20,14,20,0048(brokerage business),60,1,20,0161(brokerage business),10,0
Total,,4066,1454,Total,,8800,-3,Total,,1639,-15
Member/OSP Type,Total Volume,Change from Previous Trading Day,Member/OSP Type,Total Long Position,Change from Previous Trading Day,Member/OSP Type,Total Short Position,Change from Previous Trading Day,,,
Contract Code：agall,,,,,,,2026-09-09,,,,
Name of FF Member/OSBP,1340387,83599,Name of FF Member/OSBP,491664,-238,Name of FF Member/OSBP,339281,-615,,,
Name of Non-FF Member/OSNBP,5741,-5465,Name of Non-FF Member/OSNBP,55647,1106,Name of Non-FF Member/OSNBP,208030,1483,,,
Ranking,Name of FF Member /OSBPs,Volume,Change from Previous Trading Day,Ranking,Name of FF Member /OSBPs,Long Position,Change from Previous Trading Day,Ranking,Name of FF Member /OSBPs,Short Position,Change from Previous Trading Day
Contract Code：ag2609,,,,,,,,,,2026-09-09,
1,0268(brokerage business),96,84,1,0004(brokerage business),1084,12,1,0001(brokerage business),526,-22
2,0069(brokerage business),40,34,2,0148(brokerage business),302,6,2,0311(brokerage business),474,0
3,0272(brokerage business),32,-60,3,0321(brokerage business),268,0,3,0049(brokerage business),472,0
4,0001(brokerage business),22,14,4,0272(brokerage business),182,16,4,0004(brokerage business),212,0
5,0034(brokerage business),20,-24,5,0058(brokerage business),170,0,5,0275(brokerage business),202,2
6,0163(brokerage business),18,-12,6,0308(brokerage business),144,0,6,0052(brokerage business),96,0
7,0067(brokerage business),16,12,7,0268(brokerage business),130,-96,7,0034(brokerage business),82,0
8,0277(brokerage business),14,2,8,0025(brokerage business),100,0,8,0321(brokerage business),58,0
9,0004(brokerage business),12,-212,9,0276(brokerage business),100,-4,9,0153(brokerage business),32,0
10,0151(brokerage business),12,-24,10,0299(brokerage business),84,0,10,0306(brokerage business),24,2
11,0043(brokerage business),6,-20,11,0240(brokerage business),82,0,11,0051(brokerage business),16,0
12,0148(brokerage business),6,-84,12,0253(brokerage business),70,0,12,0043(brokerage business),14,6
13,0240(brokerage business),4,-86,13,0171(brokerage business),60,0,13,0067(brokerage business),4,-16
14,0276(brokerage business),4,-96,14,0322(brokerage business),60,0,14,0177(brokerage business),4,0
15,0275(brokerage business),2,-246,15,0069(brokerage business),50,40,15,0123(brokerage business),2,0
16,0306(brokerage business),2,-2,16,0077(brokerage business),40,0,16,0161(brokerage business),2,0
17,,,,17,0096(brokerage business),36,0,17,,,
18,,,,18,0042(brokerage business),20,0,18,,,
19,,,,19,0081(brokerage business),20,0,19,,,
20,,,,20,0103(brokerage business),20,0,20,,,
Total,,306,-720,Total,,3022,-26,Total,,2220,-28
Ranking,Name of FF Member /OSBPs,Volume,Change from Previous Trading Day,Ranking,Name of FF Member /OSBPs,Long Position,Change from Previous Trading Day,Ranking,Name of FF Member /OSBPs,Short Position,Change from Previous Trading Day
Contract Code：ag2610,,,,,,,,,,2026-09-09,
1,0004(brokerage business),110323,11065,1,0004(brokerage business),14945,1128,1,0004(brokerage business),17202,-705
2,0148(brokerage business),77214,6103,2,0148(brokerage business),13801,-999,2,0148(brokerage business),15638,-409
3,0163(brokerage business),51525,6311,3,0163(brokerage business),9991,-140,3,0137(brokerage business),8626,-414
4,0240(brokerage business),31778,-115,4,0272(brokerage business),7387,-188,4,0049(brokerage business),7044,-87
5,0275(brokerage business),29644,863,5,0034(brokerage business),6814,-637,5,0163(brokerage business),6328,457
6,0272(brokerage business),26933,7578,6,0253(brokerage business),6363,237,6,0272(brokerage business),5046,-279
7,0253(brokerage business),23255,-1633,7,0288(brokerage business),5651,-750,7,0253(brokerage business),4621,-376
8,0308(brokerage business),22430,7451,8,0240(brokerage business),5252,-584,8,0001(brokerage business),3769,-112
9,0034(brokerage business),19967,724,9,0275(brokerage business),5013,-428,9,0240(brokerage business),3587,288
10,0268(brokerage business),17917,-331,10,0268(brokerage business),4420,-39,10,0034(brokerage business),2869,164
11,0298(brokerage business),16515,974,11,0009(brokerage business),4381,96,11,0042(brokerage business),2639,143
12,0081(brokerage business),15482,-220,12,0049(brokerage business),4180,282,12,0288(brokerage business),2614,-96
13,0186(brokerage business),14338,623,13,0082(brokerage business),3796,-169,13,0139(brokerage business),2435,-670
14,0123(brokerage business),12134,-1092,14,0323(brokerage business),3545,552,14,0275(brokerage business),2404,-112
15,0137(brokerage business),11419,944,15,0059(brokerage business),3368,-117,15,0059(brokerage business),2380,-247
16,0103(brokerage business),11251,2684,16,0042(brokerage business),3350,-153,16,0082(brokerage business),2039,174
17,0059(brokerage business),9926,-444,17,0081(brokerage business),3210,-13,17,0315(brokerage business),1850,-1
18,0288(brokerage business),9804,1002,18,0103(brokerage business),3076,-179,18,0103(brokerage business),1781,4
19,0323(brokerage business),8586,2413,19,0069(brokerage business),3013,-105,19,0025(brokerage business),1764,63
20,0042(brokerage business),8212,814,20,0003(brokerage business),2863,-58,20,0006(brokerage business),1755,-28
Total,,528653,45714,Total,,114419,-2264,Total,,96391,-2243
Ranking,Name of FF Member /OSBPs,Volume,Change from Previous Trading Day,Ranking,Name of FF Member /OSBPs,Long Position,Change from Previous Trading Day,Ranking,Name of FF Member /OSBPs,Short Position,Change from Previous Trading Day
Contract Code：ag2612,,,,,,,,,,2026-09-09,
1,0004(brokerage business),18642,-1306,1,0272(brokerage business),14143,-582,1,0148(brokerage business),25376,-179
2,0275(brokerage business),16140,43,2,0082(brokerage business),11584,27,2,0004(brokerage business),12911,739
3,0148(brokerage business),14167,-1197,3,0004(brokerage business),10788,-75,3,0163(brokerage business),6403,686
4,0163(brokerage business),11733,422,4,0163(brokerage business),10293,481,4,0103(brokerage business),5237,11
5,0240(brokerage business),7437,-856,5,0049(brokerage business),8866,-9,5,0049(brokerage business),4887,75
6,0272(brokerage business),6628,735,6,0148(brokerage business),7446,374,6,0272(brokerage business),3901,-286
7,0123(brokerage business),5967,50,7,0103(brokerage business),6212,199,7,0042(brokerage business),3264,24
8,0081(brokerage business),4723,1810,8,0067(brokerage business),6039,-343,8,0025(brokerage business),3074,11
9,0253(brokerage business),4446,-872,9,0288(brokerage business),5982,798,9,0034(brokerage business),3042,-6
10,0308(brokerage business),3902,-47,10,0268(brokerage business),5261,-38,10,0123(brokerage business),2717,-90
11,0034(brokerage business),3747,-210,11,0253(brokerage business),5075,77,11,0139(brokerage business),2359,6
12,0103(brokerage business),3512,552,12,0025(brokerage business),4347,-47,12,0240(brokerage business),2352,241
13,0096(brokerage business),3262,-1003,13,0042(brokerage business),4188,-56,13,0315(brokerage business),2347,176
14,0059(brokerage business),2937,554,14,0043(brokerage business),4097,2,14,0372(brokerage business),2253,-172
15,0009(brokerage business),2571,-10,15,0240(brokerage business),4051,-56,15,0082(brokerage business),2000,10
16,0268(brokerage business),2550,65,16,0034(brokerage business),3982,57,16,0274(brokerage business),1992,54
17,0186(brokerage business),1986,278,17,0275(brokerage business),2515,56,17,0137(brokerage business),1930,-36
18,0288(brokerage business),1938,710,18,0161(brokerage business),2472,71,18,0006(brokerage business),1906,-8
19,0298(brokerage business),1926,465,19,0123(brokerage business),2237,7,19,0096(brokerage business),1872,-150
20,0137(brokerage business),1884,270,20,0096(brokerage business),2224,34,20,0009(brokerage business),1848,-196
Total,,120098,453,Total,,121802,977,Total,,91671,910
Ranking,Name of FF Member /OSBPs,Volume,Change from Previous Trading Day,Ranking,Name of FF Member /OSBPs,Long Position,Change from Previous Trading Day,Ranking,Name of FF Member /OSBPs,Short Position,Change from Previous Trading Day
Contract Code：ag2702,,,,,,,,,,2026-09-09,
1,0004(brokerage business),39549,936,1,0148(brokerage business),6783,466,1,0148(brokerage business),9625,95
2,0163(brokerage business),33194,-1893,2,0082(brokerage business),3875,-3,2,0004(brokerage business),9620,-84
3,0148(brokerage business),28293,1717,3,0043(brokerage business),3318,-9,3,0372(brokerage business),6653,8
4,0275(brokerage business),19536,-357,4,0272(brokerage business),3318,-60,4,0163(brokerage business),5207,41
5,0240(brokerage business),14825,1209,5,0163(brokerage business),2989,137,5,0272(brokerage business),3467,-84
6,0009(brokerage business),11789,1028,6,0253(brokerage business),2908,-27,6,0049(brokerage business),3141,4
7,0308(brokerage business),10168,4658,7,0004(brokerage business),2427,157,7,0042(brokerage business),1805,7
8,0123(brokerage business),9868,-1687,8,0049(brokerage business),1877,-19,8,0123(brokerage business),1495,13
9,0253(brokerage business),9555,-2631,9,0067(brokerage business),1746,-5,9,0069(brokerage business),1123,9
10,0272(brokerage business),7870,2060,10,0009(brokerage business),1437,16,10,0034(brokerage business),1016,62
11,0081(brokerage business),6999,66,11,0003(brokerage business),1388,3,11,0240(brokerage business),733,-39
12,0298(brokerage business),5849,148,12,0123(brokerage business),1253,41,12,0315(brokerage business),684,12
13,0186(brokerage business),5842,395,13,0103(brokerage business),915,-7,13,0253(brokerage business),467,56
14,0268(brokerage business),5400,677,14,0268(brokerage business),898,115,14,0275(brokerage business),447,75
15,0038(brokerage business),4125,-371,15,0151(brokerage business),890,4,15,0009(brokerage business),425,33
16,0096(brokerage business),3742,388,16,0240(brokerage business),860,4,16,0136(brokerage business),300,0
17,0137(brokerage business),3715,-191,17,0333(brokerage business),792,-4,17,0311(brokerage business),293,-3
18,0059(brokerage business),3466,624,18,0034(brokerage business),677,11,18,0298(brokerage business),274,24
19,0034(brokerage business),3415,524,19,0059(brokerage business),655,-12,19,0052(brokerage business),249,123
20,0238(brokerage business),3035,1449,20,0308(brokerage business),645,41,20,0003(brokerage business),245,191
Total,,230235,8749,Total,,39651,849,Total,,47269,543
Member/OSP Type,Total Volume,Change from Previous Trading Day,Member/OSP Type,Total Long Position,Change from Previous Trading Day,Member/OSP Type,Total Short Position,Change from Previous Trading Day,,,
Contract Code：rball,,,,,,,2026-09-09,,,,
Name of FF Member/OSBP,1582228,-89330,Name of FF Member/OSBP,2732189,4584,Name of FF Member/OSBP,2732189,4584,,,
Name of Non-FF Member/OSNBP,0,0,Name of Non-FF Member/OSNBP,0,0,Name of Non-FF Member/OSNBP,0,0,,,
Ranking,Name of FF Member /OSBPs,Volume,Change from Previous Trading Day,Ranking,Name of FF Member /OSBPs,Long Position,Change from Previous Trading Day,Ranking,Name of FF Member /OSBPs,Short Position,Change from Previous Trading Day
Contract Code：rb2609,,,,,,,,,,2026-09-09,
1,0151(brokerage business),60,-180,1,0008(brokerage business),750,30,1,0007(brokerage business),630,0
2,0008(brokerage business),30,-90,2,0163(brokerage business),600,0,2,0004(brokerage business),480,0
3,0163(brokerage business),30,0,3,0240(brokerage business),330,0,3,0277(brokerage business),330,0
4,,,,4,0067(brokerage business),150,0,4,0253(brokerage business),270,0
5,,,,5,0151(brokerage business),60,-60,5,0275(brokerage business),90,0
6,,,,6,0268(brokerage business),30,0,6,0274(brokerage business),60,0
7,,,,7,,,,7,0272(brokerage business),30,0
8,,,,8,,,,8,0323(brokerage business),30,0
Total,,120,-270,Total,,1920,-30,Total,,1920,0
Ranking,Name of FF Member /OSBPs,Volume,Change from Previous Trading Day,Ranking,Name of FF Member /OSBPs,Long Position,Change from Previous Trading Day,Ranking,Name of FF Member /OSBPs,Short Position,Change from Previous Trading Day
Contract Code：rb2610,,,,,,,,,,2026-09-09,
1,0004(brokerage business),30602,-4032,1,0004(brokerage business),57619,-4281,1,0004(brokerage business),63033,-2735
2,0148(brokerage business),23753,-2093,2,0148(brokerage business),24277,-5423,2,0163(brokerage business),39608,-490
3,0163(brokerage business),21627,-32076,3,0163(brokerage business),20902,-4655,3,0103(brokerage business),35822,-5465
4,0034(brokerage business),14301,7491,4,0103(brokerage business),16146,-42,4,0148(brokerage business),30661,-2602
5,0275(brokerage business),13232,-4025,5,0272(brokerage business),15297,-206,5,0034(brokerage business),26961,-1692
6,0253(brokerage business),9699,2409,6,0253(brokerage business),14024,-1948,6,0275(brokerage business),17979,-1707
7,0123(brokerage business),8820,6113,7,0125(brokerage business),11852,-251,7,0096(brokerage business),16593,-1237
8,0103(brokerage business),6333,-1230,8,0009(brokerage business),11804,-80,8,0123(brokerage business),13304,363
9,0081(brokerage business),5954,-672,9,0275(brokerage business),11452,-349,9,0272(brokerage business),12154,-1116
10,0272(brokerage business),4752,-2462,10,0178(brokerage business),11081,-122,10,0059(brokerage business),11273,-3184
11,0059(brokerage business),4500,-1067,11,0058(brokerage business),10168,168,11,0253(brokerage business),9694,-1151
12,0042(brokerage business),3745,1027,12,0123(brokerage business),10068,699,12,0042(brokerage business),9621,-1088
13,0240(brokerage business),2823,-2657,13,0082(brokerage business),8984,149,13,0274(brokerage business),8560,143
14,0295(brokerage business),2752,2120,14,0069(brokerage business),8641,-181,14,0058(brokerage business),8249,-1062
15,0186(brokerage business),2588,575,15,0034(brokerage business),8528,-11087,15,0306(brokerage business),8109,-4
16,0268(brokerage business),2297,-855,16,0137(brokerage business),8316,168,16,0178(brokerage business),7968,-456
17,0009(brokerage business),2089,-275,17,0059(brokerage business),7682,142,17,0082(brokerage business),7516,-313
18,0151(brokerage business),1913,-928,18,0159(brokerage business),7507,-175,18,0259(brokerage business),7507,-542
19,0259(brokerage business),1826,626,19,0186(brokerage business),7470,-554,19,0238(brokerage business),7248,3
20,0271(brokerage business),1777,690,20,0323(brokerage business),7308,-48,20,0081(brokerage business),7218,-924
Total,,165383,-31321,Total,,279126,-28076,Total,,349078,-25259
Ranking,Name of FF Member /OSBPs,Volume,Change from Previous Trading Day,Ranking,Name of FF Member /OSBPs,Long Position,Change from Previous Trading Day,Ranking,Name of FF Member /OSBPs,Short Position,Change from Previous Trading Day
Contract Code：rb2611,,,,,,,,,,2026-09-09,
1,0163(brokerage business),5957,-2911,1,0323(brokerage business),54312,3,1,0323(brokerage business),52588,0
2,0004(brokerage business),3623,-1047,2,0004(brokerage business),33900,1274,2,0148(brokerage business),34212,-421
3,0253(brokerage business),2682,-3796,3,0148(brokerage business),30790,23,3,0004(brokerage business),29336,445
4,0275(brokerage business),2617,743,4,0253(brokerage business),30724,-397,4,0151(brokerage business),28352,555
5,0148(brokerage business),2476,-4401,5,0163(brokerage business),29984,-421,5,0253(brokerage business),28165,-189
6,0082(brokerage business),2419,-2121,6,0151(brokerage business),25912,335,6,0163(brokerage business),27854,-2
7,0034(brokerage business),1300,-1310,7,0268(brokerage business),18717,-227,7,0081(brokerage business),18631,441
8,0272(brokerage business),1226,-690,8,0081(brokerage business),18714,412,8,0082(brokerage business),18091,-40
9,0103(brokerage business),1209,-1293,9,0082(brokerage business),18023,21,9,0272(brokerage business),17467,538
10,0081(brokerage business),1197,-1474,10,0272(brokerage business),17426,462,10,0268(brokerage business),17423,-246
11,0096(brokerage business),1181,-698,11,0069(brokerage business),15684,-37,11,0069(brokerage business),15937,-2
12,0139(brokerage business),1053,-1091,12,0139(brokerage business),13113,11,12,0139(brokerage business),13080,0
13,0151(brokerage business),1030,-676,13,0103(brokerage business),9910,-474,13,0103(brokerage business),9987,-691
14,0268(brokerage business),945,-1120,14,0096(brokerage business),6618,-14,14,0096(brokerage business),9740,-13
15,0312(brokerage business),615,612,15,0244(brokerage business),6552,19,15,0275(brokerage business),8645,54
16,0007(brokerage business),545,357,16,0372(brokerage business),5912,2,16,0244(brokerage business),6439,-4
17,0240(brokerage business),377,106,17,0019(brokerage business),5896,19,17,0034(brokerage business),6407,1072
18,0323(brokerage business),369,-101,18,0263(brokerage business),2634,0,18,0019(brokerage business),3942,39
19,0308(brokerage business),361,205,19,0275(brokerage business),2614,-521,19,0042(brokerage business),3734,0
20,0069(brokerage business),323,-514,20,0240(brokerage business),2049,99,20,0077(brokerage business),3714,-11
Total,,31505,-21220,Total,,349484,589,Total,,353744,1525
Ranking,Name of FF Member /OSBPs,Volume,Change from Previous Trading Day,Ranking,Name of FF Member /OSBPs,Long Position,Change from Previous Trading Day,Ranking,Name of FF Member /OSBPs,Short Position,Change from Previous Trading Day
Contract Code：rb2701,,,,,,,,,,2026-09-09,
1,0148(brokerage business),213420,15899,1,0148(brokerage business),219780,14698,1,0004(brokerage business),150562,2795
2,0004(brokerage business),154562,13416,2,0004(brokerage business),136433,6665,2,0148(brokerage business),103042,-2192
3,0163(brokerage business),139339,-9182,3,0272(brokerage business),79610,-1026,3,0239(brokerage business),97854,-6268
4,0275(brokerage business),57276,4936,4,0103(brokerage business),76860,1043,4,0103(brokerage business),90012,71
5,0253(brokerage business),54355,-4049,5,0163(brokerage business),74522,-10169,5,0163(brokerage business),74256,9556
6,0272(brokerage business),49645,-17903,6,0034(brokerage business),68479,11112,6,0082(brokerage business),53982,973
7,0034(brokerage business),44410,-2338,7,0253(brokerage business),52548,996,7,0007(brokerage business),48469,351
8,0059(brokerage business),29954,5500,8,0323(brokerage business),40100,-1074,8,0272(brokerage business),45723,255
9,0103(brokerage business),28152,-2387,9,0268(brokerage business),35549,2378,9,0058(brokerage business),42773,1632
10,0259(brokerage business),24121,7312,10,0042(brokerage business),31442,294,10,0084(brokerage business),36897,-2237
11,0268(brokerage business),20386,301,11,0274(brokerage business),31086,329,11,0274(brokerage business),36190,1793
12,0240(brokerage business),17228,-1308,12,0059(brokerage business),30462,-485,12,0277(brokerage business),34716,874
13,0186(brokerage business),15690,1609,13,0240(brokerage business),27805,-368,13,0253(brokerage business),34434,-119
14,0308(brokerage business),14986,5287,14,0069(brokerage business),23455,-77,14,0034(brokerage business),30065,-2014
15,0274(brokerage business),14632,-6495,15,0009(brokerage business),23105,905,15,0059(brokerage business),29350,8117
16,0081(brokerage business),13849,-1553,16,0096(brokerage business),22780,-1642,16,0275(brokerage business),28861,-1483
17,0123(brokerage business),12736,1852,17,0153(brokerage business),21293,1931,17,0123(brokerage business),28641,2078
18,0153(brokerage business),12637,4917,18,0019(brokerage business),18744,182,18,0003(brokerage business),26896,592
19,0042(brokerage business),10646,-1867,19,0081(brokerage business),18650,212,19,0125(brokerage business),25918,1492
20,0271(brokerage business),9715,2851,20,0238(brokerage business),18447,-226,20,0067(brokerage business),23101,2064
Total,,937739,16798,Total,,1051150,25678,Total,,1041742,18330
Ranking,Name of FF Member /OSBPs,Volume,Change from Previous Trading Day,Ranking,Name of FF Member /OSBPs,Long Position,Change from Previous Trading Day,Ranking,Name of FF Member /OSBPs,Short Position,Change from Previous Trading Day
Contract Code：rb2703,,,,,,,,,,2026-09-09,
1,0163(brokerage business),11167,3563,1,0323(brokerage business),39821,9,1,0323(brokerage business),39470,2
2,0123(brokerage business),6396,2891,2,0253(brokerage business),21878,1154,2,0253(brokerage business),21726,1335
3,0096(brokerage business),4741,846,3,0274(brokerage business),20187,0,3,0274(brokerage business),20787,0
4,0138(brokerage business),4027,4003,4,0082(brokerage business),17986,-66,4,0082(brokerage business),18078,13
5,0253(brokerage business),3557,2697,5,0103(brokerage business),15310,438,5,0103(brokerage business),15402,425
6,0148(brokerage business),3022,-968,6,0163(brokerage business),15183,233,6,0163(brokerage business),14935,196
7,0082(brokerage business),2977,-430,7,0151(brokerage business),15067,1068,7,0151(brokerage business),14849,1061
8,0081(brokerage business),2708,14,8,0268(brokerage business),14126,405,8,0004(brokerage business),14378,5
9,0151(brokerage business),2277,314,9,0004(brokerage business),12446,32,9,0268(brokerage business),14186,371
10,0311(brokerage business),1584,-81,10,0139(brokerage business),12129,289,10,0139(brokerage business),12094,281
11,0272(brokerage business),1263,382,11,0081(brokerage business),12065,953,11,0081(brokerage business),12010,941
12,0004(brokerage business),1145,-84,12,0272(brokerage business),10682,599,12,0272(brokerage business),10500,570
13,0275(brokerage business),1028,-2491,13,0148(brokerage business),10406,27,13,0148(brokerage business),9921,63
14,0268(brokerage business),926,94,14,0096(brokerage business),8406,-132,14,0096(brokerage business),8487,43
15,0103(brokerage business),909,120,15,0069(brokerage business),7082,1,15,0069(brokerage business),7062,30
16,0323(brokerage business),665,3,16,0238(brokerage business),5627,2,16,0238(brokerage business),5606,1
17,0139(brokerage business),604,-205,17,0254(brokerage business),2930,0,17,0254(brokerage business),2931,0
18,0069(brokerage business),453,71,18,0259(brokerage business),2633,1,18,0019(brokerage business),2649,110
19,0019(brokerage business),339,-172,19,0019(brokerage business),2552,99,19,0259(brokerage business),2615,-17
20,0308(brokerage business),328,213,20,0138(brokerage business),2222,1975,20,0138(brokerage business),2003,2000
Total,,50116,10780,Total,,248738,7087,Total,,249689,7430
Member/OSP Type,Total Volume,Change from Previous Trading Day,Member/OSP Type,Total Long Position,Change from Previous Trading Day,Member/OSP Type,Total Short Position,Change from Previous Trading Day,,,
Contract Code：hcall,,,,,,,2026-09-09,,,,
Name of FF Member/OSBP,751204,-189854,Name of FF Member/OSBP,2179157,-1172,Name of FF Member/OSBP,2179157,-1172,,,
Name of Non-FF Member/OSNBP,0,0,Name of Non-FF Member/OSNBP,0,0,Name of Non-FF Member/OSNBP,0,0,,,
Ranking,Name of FF Member /OSBPs,Volume,Change from Previous Trading Day,Ranking,Name of FF Member /OSBPs,Long Position,Change from Previous Trading Day,Ranking,Name of FF Member /OSBPs,Short Position,Change from Previous Trading Day
Contract Code：hc2609,,,,,,,,,,2026-09-09,
1,,,,1,0004(brokerage business),930,0,1,0004(brokerage business),1590,0
2,,,,2,0151(brokerage business),720,0,2,0008(brokerage business),870,0
3,,,,3,0076(brokerage business),660,0,3,0159(brokerage business),480,0
4,,,,4,0125(brokerage business),540,0,4,0171(brokerage business),210,0
5,,,,5,0067(brokerage business),360,0,5,0067(brokerage business),180,0
6,,,,6,0148(brokerage business),210,0,6,0125(brokerage business),150,0
7,,,,7,0277(brokerage business),120,0,7,0042(brokerage business),120,0
8,,,,8,0103(brokerage business),60,0,8,0019(brokerage business),60,0
9,,,,9,0163(brokerage business),30,0,9,,,
10,,,,10,0272(brokerage business),30,0,10,,,
Total,,,,Total,,3660,0,Total,,3660,0
Ranking,Name of FF Member /OSBPs,Volume,Change from Previous Trading Day,Ranking,Name of FF Member /OSBPs,Long Position,Change from Previous Trading Day,Ranking,Name of FF Member /OSBPs,Short Position,Change from Previous Trading Day
Contract Code：hc2610,,,,,,,,,,2026-09-09,
1,0163(brokerage business),15978,-5601,1,0004(brokerage business),65930,-143,1,0004(brokerage business),37992,-4786
2,0004(brokerage business),15029,-2416,2,0103(brokerage business),26548,-35,2,0275(brokerage business),24623,-317
3,0148(brokerage business),7668,-1155,3,0009(brokerage business),17823,1,3,0272(brokerage business),21504,-737
4,0253(brokerage business),7323,-1534,4,0163(brokerage business),16080,-1650,4,0058(brokerage business),21394,-825
5,0275(brokerage business),5437,1443,5,0253(brokerage business),13981,-1093,5,0163(brokerage business),16364,-600
6,0081(brokerage business),3565,779,6,0272(brokerage business),13441,-438,6,0148(brokerage business),15547,-338
7,0076(brokerage business),3542,3429,7,0042(brokerage business),12624,-246,7,0103(brokerage business),15271,-320
8,0272(brokerage business),2465,-2448,8,0148(brokerage business),10886,-436,8,0042(brokerage business),10899,-487
9,0042(brokerage business),2019,1179,9,0059(brokerage business),10245,-308,9,0253(brokerage business),10531,-1874
10,0123(brokerage business),1655,374,10,0082(brokerage business),7997,27,10,0009(brokerage business),8906,335
11,0019(brokerage business),1572,238,11,0125(brokerage business),7822,-309,11,0153(brokerage business),8507,-170
12,0274(brokerage business),1473,-273,12,0275(brokerage business),7353,-2282,12,0123(brokerage business),7303,-1036
13,0096(brokerage business),1266,-111,13,0288(brokerage business),5748,-461,13,0259(brokerage business),7159,0
14,0171(brokerage business),1128,765,14,0095(brokerage business),5122,-6,14,0137(brokerage business),7037,-4
15,0069(brokerage business),1103,550,15,0019(brokerage business),5050,-790,15,0002(brokerage business),6530,-1
16,0009(brokerage business),1100,-1060,16,0240(brokerage business),4844,-140,16,0003(brokerage business),6149,3
17,0335(brokerage business),1089,118,17,0123(brokerage business),4839,-3,17,0125(brokerage business),5969,-13
18,0240(brokerage business),1062,-540,18,0058(brokerage business),4789,-137,18,0096(brokerage business),5654,-465
19,0184(brokerage business),1000,1000,19,0034(brokerage business),4510,-345,19,0007(brokerage business),5221,33
20,0058(brokerage business),996,-534,20,0081(brokerage business),3940,-525,20,0034(brokerage business),5093,-136
Total,,76470,-5797,Total,,249572,-9319,Total,,247653,-11738
Ranking,Name of FF Member /OSBPs,Volume,Change from Previous Trading Day,Ranking,Name of FF Member /OSBPs,Long Position,Change from Previous Trading Day,Ranking,Name of FF Member /OSBPs,Short Position,Change from Previous Trading Day
Contract Code：hc2611,,,,,,,,,,2026-09-09,
1,0103(brokerage business),7361,6568,1,0148(brokerage business),48666,-210,1,0323(brokerage business),45789,-306
2,0163(brokerage business),4582,242,2,0323(brokerage business),45348,-293,2,0240(brokerage business),37366,-971
3,0148(brokerage business),4294,-2391,3,0240(brokerage business),34125,-794,3,0148(brokerage business),31137,-224
4,0253(brokerage business),3590,1143,4,0268(brokerage business),28803,-751,4,0004(brokerage business),28943,1297
5,0096(brokerage business),3350,2330,5,0004(brokerage business),26186,128,5,0268(brokerage business),28681,-882
6,0268(brokerage business),3331,1230,6,0081(brokerage business),24499,-168,6,0081(brokerage business),24495,-263
7,0034(brokerage business),3126,2906,7,0178(brokerage business),23947,-1549,7,0178(brokerage business),22729,-1485
8,0178(brokerage business),3034,1582,8,0161(brokerage business),22090,11,8,0161(brokerage business),21995,-16
9,0004(brokerage business),2665,998,9,0253(brokerage business),18789,-279,9,0253(brokerage business),18503,-449
10,0240(brokerage business),2141,468,10,0048(brokerage business),18379,-259,10,0048(brokerage business),18409,-260
11,0081(brokerage business),1415,-71,11,0137(brokerage business),14687,4,11,0137(brokerage business),14361,-24
12,0161(brokerage business),1391,-1123,12,0139(brokerage business),14288,-387,12,0139(brokerage business),13172,-391
13,0171(brokerage business),965,733,13,0019(brokerage business),6645,-69,13,0019(brokerage business),6622,-195
14,0139(brokerage business),808,-487,14,0103(brokerage business),5156,25,14,0103(brokerage business),5885,338
15,0323(brokerage business),745,453,15,0034(brokerage business),4237,-1499,15,0034(brokerage business),5116,-1489
16,0137(brokerage business),588,-42,16,0275(brokerage business),2009,-66,16,0042(brokerage business),4917,-3
17,0048(brokerage business),527,-19,17,0115(brokerage business),1750,0,17,0372(brokerage business),3849,-21
18,0019(brokerage business),440,194,18,0186(brokerage business),1517,-6,18,0008(brokerage business),2638,0
19,0125(brokerage business),301,-28,19,0151(brokerage business),1432,-139,19,0275(brokerage business),2449,-1
20,0151(brokerage business),294,-582,20,0271(brokerage business),1165,4,20,0259(brokerage business),1992,-7
Total,,44948,14104,Total,,343718,-6297,Total,,339048,-5352
Ranking,Name of FF Member /OSBPs,Volume,Change from Previous Trading Day,Ranking,Name of FF Member /OSBPs,Long Position,Change from Previous Trading Day,Ranking,Name of FF Member /OSBPs,Short Position,Change from Previous Trading Day
Contract Code：hc2701,,,,,,,,,,2026-09-09,
1,0163(brokerage business),87785,-5071,1,0004(brokerage business),216688,-946,1,0004(brokerage business),271260,7709
2,0004(brokerage business),72071,-21808,2,0148(brokerage business),140770,2083,2,0272(brokerage business),92036,4010
3,0148(brokerage business),58692,-25067,3,0042(brokerage business),130393,-892,3,0058(brokerage business),89530,-337
4,0272(brokerage business),29763,-6119,4,0163(brokerage business),86292,7048,4,0148(brokerage business),87100,691
5,0253(brokerage business),23123,-5993,5,0272(brokerage business),51185,1085,5,0163(brokerage business),82626,-2723
6,0275(brokerage business),23005,-7115,6,0009(brokerage business),51175,-403,6,0103(brokerage business),51571,-371
7,0007(brokerage business),15632,5781,7,0323(brokerage business),43470,24,7,0275(brokerage business),36978,-735
8,0034(brokerage business),13116,4193,8,0103(brokerage business),39136,79,8,0125(brokerage business),30228,1021
9,0081(brokerage business),11849,413,9,0034(brokerage business),38178,-1740,9,0259(brokerage business),29304,67
10,0103(brokerage business),11300,-5243,10,0058(brokerage business),35932,587,10,0253(brokerage business),28819,684
11,0096(brokerage business),10554,-6667,11,0253(brokerage business),29700,-907,11,0003(brokerage business),28336,101
12,0268(brokerage business),8632,-534,12,0239(brokerage business),26797,904,12,0059(brokerage business),26637,986
13,0240(brokerage business),8226,-1577,13,0268(brokerage business),24473,1031,13,0096(brokerage business),26385,1167
14,0335(brokerage business),7961,1149,14,0275(brokerage business),24324,1128,14,0034(brokerage business),25501,-1330
15,0323(brokerage business),7302,-2994,15,0139(brokerage business),20930,-23,15,0009(brokerage business),24654,157
16,0125(brokerage business),7078,-6813,16,0123(brokerage business),20881,348,16,0042(brokerage business),23234,-621
17,0259(brokerage business),6785,1771,17,0335(brokerage business),18750,-1335,17,0123(brokerage business),22753,-465
18,0019(brokerage business),5847,-615,18,0081(brokerage business),17917,1998,18,0019(brokerage business),17983,954
19,0058(brokerage business),5568,-8738,19,0082(brokerage business),17739,-116,19,0277(brokerage business),17700,41
20,0137(brokerage business),5524,-183,20,0277(brokerage business),16005,-17,20,0311(brokerage business),15219,1101
Total,,419813,-91230,Total,,1050735,9936,Total,,1027854,12107
Member/OSP Type,Total Volume,Change from Previous Trading Day,Member/OSP Type,Total Long Position,Change from Previous Trading Day,Member/OSP Type,Total Short Position,Change from Previous Trading Day,,,
Contract Code：ssall,,,,,,,2026-09-09,,,,
Name of FF Member/OSBP,457040,25618,Name of FF Member/OSBP,193825,7294,Name of FF Member/OSBP,193825,7294,,,
Name of Non-FF Member/OSNBP,0,0,Name of Non-FF Member/OSNBP,0,0,Name of Non-FF Member/OSNBP,0,0,,,
Ranking,Name of FF Member /OSBPs,Volume,Change from Previous Trading Day,Ranking,Name of FF Member /OSBPs,Long Position,Change from Previous Trading Day,Ranking,Name of FF Member /OSBPs,Short Position,Change from Previous Trading Day
Contract Code：ss2609,,,,,,,,,,2026-09-09,
1,0163(brokerage business),60,60,1,0004(brokerage business),1632,-24,1,0148(brokerage business),1260,0
2,0004(brokerage business),48,-312,2,0148(brokerage business),1488,0,2,0253(brokerage business),972,0
3,0125(brokerage business),36,36,3,0003(brokerage business),480,0,3,0004(brokerage business),516,0
4,0018(brokerage business),24,24,4,0069(brokerage business),276,0,4,0151(brokerage business),480,-12
5,0277(brokerage business),24,24,5,0277(brokerage business),240,24,5,0349(brokerage business),432,0
6,0073(brokerage business),12,12,6,0125(brokerage business),180,36,6,0163(brokerage business),360,0
7,0151(brokerage business),12,-12,7,0163(brokerage business),168,-60,7,0038(brokerage business),300,0
8,,,,8,0253(brokerage business),132,0,8,0240(brokerage business),156,0
9,,,,9,0018(brokerage business),48,24,9,0372(brokerage business),60,0
10,,,,10,0076(brokerage business),36,0,10,0096(brokerage business),48,0
11,,,,11,0268(brokerage business),24,0,11,0009(brokerage business),36,0
12,,,,12,,,,12,0338(brokerage business),36,0
13,,,,13,,,,13,0103(brokerage business),24,0
14,,,,14,,,,14,0316(brokerage business),24,0
Total,,216,-168,Total,,4704,0,Total,,4704,-12
Ranking,Name of FF Member /OSBPs,Volume,Change from Previous Trading Day,Ranking,Name of FF Member /OSBPs,Long Position,Change from Previous Trading Day,Ranking,Name of FF Member /OSBPs,Short Position,Change from Previous Trading Day
Contract Code：ss2610,,,,,,,,,,2026-09-09,
1,0004(brokerage business),54536,3855,1,0004(brokerage business),10407,364,1,0148(brokerage business),14634,35
2,0163(brokerage business),52529,5599,2,0148(brokerage business),9426,540,2,0004(brokerage business),10370,-12
3,0148(brokerage business),41119,-12,3,0253(brokerage business),5802,105,3,0163(brokerage business),5718,-28
4,0123(brokerage business),27407,-11145,4,0163(brokerage business),4206,-1273,4,0253(brokerage business),5179,-45
5,0275(brokerage business),10065,1361,5,0240(brokerage business),3809,-61,5,0335(brokerage business),3391,263
6,0259(brokerage business),8812,6621,6,0272(brokerage business),3701,-154,6,0272(brokerage business),2905,-46
7,0253(brokerage business),8756,-4655,7,0288(brokerage business),3297,200,7,0161(brokerage business),2822,164
8,0240(brokerage business),7790,1732,8,0082(brokerage business),3292,233,8,0240(brokerage business),2794,-25
9,0081(brokerage business),6122,-1270,9,0018(brokerage business),2765,-224,9,0003(brokerage business),2746,-46
10,0272(brokerage business),4848,-3597,10,0103(brokerage business),2702,15,10,0059(brokerage business),2346,-541
11,0298(brokerage business),3946,169,11,0268(brokerage business),2439,-167,11,0081(brokerage business),1933,235
12,0288(brokerage business),2873,426,12,0275(brokerage business),2370,18,12,0288(brokerage business),1616,-29
13,0268(brokerage business),2605,503,13,0161(brokerage business),2237,77,13,0082(brokerage business),1611,147
14,0034(brokerage business),2583,101,14,0298(brokerage business),2169,117,14,0137(brokerage business),1554,8
15,0069(brokerage business),2262,-1454,15,0081(brokerage business),2119,37,15,0103(brokerage business),1481,114
16,0082(brokerage business),2044,218,16,0096(brokerage business),2042,61,16,0259(brokerage business),1355,63
17,0308(brokerage business),1965,729,17,0008(brokerage business),1833,45,17,0049(brokerage business),1331,-30
18,0018(brokerage business),1926,518,18,0125(brokerage business),1792,-465,18,0308(brokerage business),1321,28
19,0059(brokerage business),1671,338,19,0069(brokerage business),1515,335,19,0042(brokerage business),1287,249
20,0103(brokerage business),1329,156,20,0323(brokerage business),1409,-166,20,0019(brokerage business),1231,122
Total,,245188,193,Total,,69332,-363,Total,,67625,626
Ranking,Name of FF Member /OSBPs,Volume,Change from Previous Trading Day,Ranking,Name of FF Member /OSBPs,Long Position,Change from Previous Trading Day,Ranking,Name of FF Member /OSBPs,Short Position,Change from Previous Trading Day
Contract Code：ss2611,,,,,,,,,,2026-09-09,
1,0163(brokerage business),30427,7312,1,0004(brokerage business),7346,583,1,0148(brokerage business),8208,1129
2,0004(brokerage business),16634,539,2,0148(brokerage business),5681,-1426,2,0239(brokerage business),7504,-685
3,0148(brokerage business),14987,2078,3,0253(brokerage business),5090,-1461,3,0163(brokerage business),7472,356
4,0253(brokerage business),12526,732,4,0163(brokerage business),4648,1079,4,0004(brokerage business),6394,567
5,0081(brokerage business),11174,-3506,5,0272(brokerage business),4229,214,5,0335(brokerage business),5040,615
6,0240(brokerage business),6824,4040,6,0018(brokerage business),4222,705,6,0139(brokerage business),4472,14
7,0123(brokerage business),6371,-551,7,0239(brokerage business),4165,1101,7,0272(brokerage business),4107,465
8,0275(brokerage business),5878,1356,8,0103(brokerage business),3384,2014,8,0084(brokerage business),3472,332
9,0272(brokerage business),4851,1473,9,0082(brokerage business),3097,-103,9,0253(brokerage business),3082,-197
10,0034(brokerage business),3521,1049,10,0240(brokerage business),2643,137,10,0161(brokerage business),2589,33
11,0018(brokerage business),3464,705,11,0125(brokerage business),2150,467,11,0240(brokerage business),2215,269
12,0103(brokerage business),2878,2276,12,0034(brokerage business),1704,95,12,0274(brokerage business),1271,46
13,0298(brokerage business),2723,109,13,0310(brokerage business),1556,101,13,0308(brokerage business),1194,70
14,0069(brokerage business),2278,1390,14,0008(brokerage business),1385,121,14,0137(brokerage business),1139,61
15,0259(brokerage business),2263,600,15,0184(brokerage business),1254,-21,15,0034(brokerage business),1076,-370
16,0082(brokerage business),2131,308,16,0338(brokerage business),1212,174,16,0123(brokerage business),1024,-440
17,0239(brokerage business),1986,122,17,0298(brokerage business),1101,190,17,0288(brokerage business),971,464
18,0105(brokerage business),1391,397,18,0059(brokerage business),1011,46,18,0069(brokerage business),875,772
19,0059(brokerage business),1326,382,19,0244(brokerage business),951,-108,19,0103(brokerage business),861,114
20,0288(brokerage business),1048,321,20,0323(brokerage business),917,-77,20,0082(brokerage business),760,372
Total,,134681,21132,Total,,57746,3831,Total,,63726,3987
Ranking,Name of FF Member /OSBPs,Volume,Change from Previous Trading Day,Ranking,Name of FF Member /OSBPs,Long Position,Change from Previous Trading Day,Ranking,Name of FF Member /OSBPs,Short Position,Change from Previous Trading Day
Contract Code：lu2610,,,,,,,,,,2026-09-09,
1,8163(brokerage business),11088,-3892,1,8163(brokerage business),2218,-1300,1,8372(brokerage business),6119,-702
2,8275(brokerage business),10761,-123,2,8004(brokerage business),1953,-442,2,8103(brokerage business),1880,-1461
3,8253(brokerage business),10230,-3340,3,8148(brokerage business),1225,-814,3,8004(brokerage business),1787,-197
4,8004(brokerage business),8543,1674,4,8096(brokerage business),931,-265,4,8163(brokerage business),1656,-220
5,8148(brokerage business),7648,-2208,5,8288(brokerage business),621,-658,5,8333(brokerage business),1138,-78
6,8123(brokerage business),4210,-520,6,8272(brokerage business),560,-361,6,8148(brokerage business),1123,-662
7,8103(brokerage business),2384,948,7,8240(brokerage business),556,319,7,8253(brokerage business),890,-103
8,8271(brokerage business),1522,140,8,8103(brokerage business),529,-31,8,8272(brokerage business),336,-36
9,8272(brokerage business),1491,-647,9,8075(brokerage business),500,498,9,8123(brokerage business),306,-28
10,8372(brokerage business),1227,318,10,8151(brokerage business),499,-40,10,8298(brokerage business),259,-85
11,8240(brokerage business),1215,-14,11,8308(brokerage business),416,-321,11,8137(brokerage business),246,-27
12,8342(brokerage business),900,-88,12,8274(brokerage business),398,-41,12,8067(brokerage business),231,-16
13,8059(brokerage business),850,96,13,8141(brokerage business),396,-5,13,8319(brokerage business),217,168
14,8007(brokerage business),838,-148,14,8335(brokerage business),383,-101,14,8169(brokerage business),206,-31
15,8308(brokerage business),752,39,15,8389(brokerage business),358,-12,15,8186(brokerage business),206,-43
16,8288(brokerage business),744,-230,16,8137(brokerage business),299,-28,16,8034(brokerage business),195,-28
17,8186(brokerage business),722,-248,17,8081(brokerage business),287,-42,17,8288(brokerage business),187,-2
18,8096(brokerage business),683,18,18,8018(brokerage business),276,-25,18,8018(brokerage business),146,-7
19,8069(brokerage business),651,-453,19,8253(brokerage business),274,-165,19,8178(brokerage business),136,-35
20,8333(brokerage business),612,9,20,8153(brokerage business),260,-33,20,8308(brokerage business),135,-95
Total,,67071,-8669,Total,,12939,-3867,Total,,17399,-3688
Ranking,Name of FF Member /OSBPs,Volume,Change from Previous Trading Day,Ranking,Name of FF Member /OSBPs,Long Position,Change from Previous Trading Day,Ranking,Name of FF Member /OSBPs,Short Position,Change from Previous Trading Day
Contract Code：lu2611,,,,,,,,,,2026-09-09,
1,8163(brokerage business),37432,487,1,8004(brokerage business),7694,-212,1,8004(brokerage business),8265,-1766
2,8148(brokerage business),35231,5796,2,8148(brokerage business),6734,259,2,8163(brokerage business),7299,-1800
3,8004(brokerage business),31562,5853,3,8163(brokerage business),5082,-1076,3,8103(brokerage business),6727,370
4,8275(brokerage business),16846,75,4,8272(brokerage business),2589,-181,4,8148(brokerage business),5566,-1082
5,8123(brokerage business),12434,2356,5,8288(brokerage business),2175,130,5,8372(brokerage business),5401,2
6,8253(brokerage business),12115,-156,6,8333(brokerage business),2040,-26,6,8239(brokerage business),2114,-43
7,8081(brokerage business),6611,-212,7,8335(brokerage business),2009,-717,7,8272(brokerage business),1643,-186
8,8272(brokerage business),6103,980,8,8268(brokerage business),1996,296,8,8253(brokerage business),1602,-87
9,8103(brokerage business),4393,1735,9,8253(brokerage business),1947,-18,9,8319(brokerage business),1587,90
10,8342(brokerage business),4369,1129,10,8082(brokerage business),1746,-157,10,8177(brokerage business),1583,93
11,8308(brokerage business),4268,2380,11,8086(brokerage business),1634,23,11,8096(brokerage business),1507,119
12,8069(brokerage business),3874,266,12,8274(brokerage business),1568,-423,12,8333(brokerage business),1341,-99
13,8240(brokerage business),3798,633,13,8018(brokerage business),1566,-306,13,8288(brokerage business),1078,-894
14,8335(brokerage business),3271,2506,14,8103(brokerage business),1500,-45,14,8042(brokerage business),984,-13
15,8034(brokerage business),2943,1058,15,8240(brokerage business),1485,-362,15,8088(brokerage business),963,1
16,8096(brokerage business),2922,405,16,8081(brokerage business),1395,65,16,8018(brokerage business),893,50
17,8059(brokerage business),2870,319,17,8084(brokerage business),1379,-85,17,8311(brokerage business),888,275
18,8288(brokerage business),2838,410,18,8161(brokerage business),1196,-30,18,8141(brokerage business),852,71
19,8268(brokerage business),2793,670,19,8259(brokerage business),1113,233,19,8059(brokerage business),807,82
20,8186(brokerage business),2567,110,20,8239(brokerage business),1112,-327,20,8123(brokerage business),764,-13
Total,,199240,26800,Total,,47960,-2959,Total,,51864,-4830
Ranking,Name of FF Member /OSBPs,Volume,Change from Previous Trading Day,Ranking,Name of FF Member /OSBPs,Long Position,Change from Previous Trading Day,Ranking,Name of FF Member /OSBPs,Short Position,Change from Previous Trading Day
Contract Code：lu2612,,,,,,,,,,2026-09-09,
1,8163(brokerage business),8459,784,1,8184(brokerage business),11945,133,1,7002(brokerage business),6887,0
2,8253(brokerage business),7465,1171,2,8081(brokerage business),6002,50,2,8004(brokerage business),6810,387
3,8096(brokerage business),6544,2277,3,8239(brokerage business),5473,505,3,8372(brokerage business),5902,0
4,8004(brokerage business),6199,267,4,8148(brokerage business),3988,-250,4,8163(brokerage business),3995,-476
5,8148(brokerage business),5415,1251,5,8004(brokerage business),2995,-64,5,8239(brokerage business),3702,697
6,8275(brokerage business),4744,262,6,8335(brokerage business),2717,41,6,8103(brokerage business),3326,983
7,8103(brokerage business),4233,3652,7,8084(brokerage business),2368,26,7,8096(brokerage business),2617,-2161
8,8123(brokerage business),3412,1387,8,8163(brokerage business),1941,-1265,8,8148(brokerage business),1874,651
9,8308(brokerage business),1599,1189,9,8274(brokerage business),1126,288,9,8059(brokerage business),1640,-17
10,8288(brokerage business),1580,293,10,8268(brokerage business),913,49,10,8272(brokerage business),1328,-243
11,8034(brokerage business),1526,1026,11,8253(brokerage business),828,-32,11,8275(brokerage business),1051,476
12,8271(brokerage business),1460,403,12,8240(brokerage business),778,89,12,8253(brokerage business),1031,397
13,8239(brokerage business),1424,630,13,8034(brokerage business),661,-13,13,8034(brokerage business),995,-7
14,8059(brokerage business),1420,85,14,8288(brokerage business),560,48,14,8259(brokerage business),866,1
15,8077(brokerage business),1330,1116,15,8018(brokerage business),469,236,15,8268(brokerage business),798,90
16,8342(brokerage business),1144,488,16,8082(brokerage business),458,1,16,8288(brokerage business),748,66
17,8240(brokerage business),877,257,17,8103(brokerage business),427,140,17,8335(brokerage business),681,6
18,8272(brokerage business),860,375,18,8141(brokerage business),415,17,18,8018(brokerage business),554,14
19,8081(brokerage business),843,-82,19,8308(brokerage business),322,12,19,8308(brokerage business),499,-89
20,8274(brokerage business),828,-243,20,8153(brokerage business),315,34,20,8082(brokerage business),478,-74
Total,,61362,16588,Total,,44701,45,Total,,45782,701
Member/OSP Type,Total Volume,Change from Previous Trading Day,Member/OSP Type,Total Long Position,Change from Previous Trading Day,Member/OSP Type,Total Short Position,Change from Previous Trading Day,,,
Contract Code：fuall,,,,,,,2026-09-09,,,,
Name of FF Member/OSBP,2245204,413380,Name of FF Member/OSBP,468871,1941,Name of FF Member/OSBP,468869,1941,,,
Name of Non-FF Member/OSNBP,0,0,Name of Non-FF Member/OSNBP,0,0,Name of Non-FF Member/OSNBP,2,0,,,
Ranking,Name of FF Member /OSBPs,Volume,Change from Previous Trading Day,Ranking,Name of FF Member /OSBPs,Long Position,Change from Previous Trading Day,Ranking,Name of FF Member /OSBPs,Short Position,Change from Previous Trading Day
Contract Code：fu2610,,,,,,,,,,2026-09-09,
1,0163(brokerage business),18848,3038,1,0163(brokerage business),2220,-21,1,0004(brokerage business),1820,74
2,0148(brokerage business),15865,5912,2,0148(brokerage business),2065,745,2,0148(brokerage business),1294,285
3,0004(brokerage business),14259,6605,3,0004(brokerage business),1682,233,3,0163(brokerage business),1164,229
4,0275(brokerage business),13599,5056,4,0103(brokerage business),1631,620,4,0240(brokerage business),1057,34
5,0123(brokerage business),11947,7013,5,0253(brokerage business),742,-306,5,0298(brokerage business),980,-32
6,0268(brokerage business),4972,2572,6,0275(brokerage business),574,7,6,0268(brokerage business),746,-101
7,0272(brokerage business),4570,2026,7,0034(brokerage business),569,185,7,0081(brokerage business),735,510
8,0298(brokerage business),3914,754,8,0295(brokerage business),533,476,8,0034(brokerage business),619,43
9,0240(brokerage business),3902,1604,9,0077(brokerage business),511,-158,9,0161(brokerage business),565,10
10,0259(brokerage business),3628,3319,10,0272(brokerage business),455,114,10,0253(brokerage business),538,63
11,0103(brokerage business),3515,2145,11,0323(brokerage business),452,58,11,0319(brokerage business),530,22
12,0271(brokerage business),2746,1218,12,0019(brokerage business),442,305,12,0288(brokerage business),525,83
13,0069(brokerage business),2645,1627,13,0018(brokerage business),438,80,13,0272(brokerage business),495,-32
14,0253(brokerage business),2630,1300,14,0298(brokerage business),436,-80,14,0295(brokerage business),493,475
15,0059(brokerage business),2433,1019,15,0319(brokerage business),409,300,15,0043(brokerage business),486,44
16,0081(brokerage business),2353,-269,16,0082(brokerage business),393,83,16,0275(brokerage business),437,98
17,0342(brokerage business),2249,1319,17,0153(brokerage business),377,21,17,0042(brokerage business),417,102
18,0295(brokerage business),2069,1731,18,0288(brokerage business),363,-31,18,0067(brokerage business),365,-30
19,0288(brokerage business),2016,1151,19,0151(brokerage business),330,65,19,0082(brokerage business),321,-46
20,0034(brokerage business),2006,366,20,0259(brokerage business),324,114,20,0018(brokerage business),316,143
Total,,120166,49506,Total,,14946,2810,Total,,13903,1974
Ranking,Name of FF Member /OSBPs,Volume,Change from Previous Trading Day,Ranking,Name of FF Member /OSBPs,Long Position,Change from Previous Trading Day,Ranking,Name of FF Member /OSBPs,Short Position,Change from Previous Trading Day
Contract Code：fu2611,,,,,,,,,,2026-09-09,
1,0004(brokerage business),275212,71191,1,0004(brokerage business),20855,-788,1,0004(brokerage business),32329,-2384
2,0163(brokerage business),189404,33611,2,0163(brokerage business),17497,3940,2,0148(brokerage business),15884,-2373
3,0148(brokerage business),167113,24130,3,0148(brokerage business),17329,-168,3,0103(brokerage business),15549,-289
4,0275(brokerage business),71526,-20607,4,0103(brokerage business),9797,370,4,0163(brokerage business),9808,1286
5,0240(brokerage business),60258,16133,5,0272(brokerage business),8751,-316,5,0372(brokerage business),8417,541
6,0081(brokerage business),51411,3867,6,0253(brokerage business),8458,-75,6,0253(brokerage business),7774,214
7,0272(brokerage business),48188,11868,7,0268(brokerage business),5752,2,7,0298(brokerage business),5761,598
8,0268(brokerage business),43119,9183,8,0240(brokerage business),5693,227,8,0268(brokerage business),5624,231
9,0123(brokerage business),42547,2458,9,0059(brokerage business),5589,653,9,0240(brokerage business),4711,87
10,0253(brokerage business),38935,495,10,0335(brokerage business),5203,-283,10,0288(brokerage business),4652,-86
11,0298(brokerage business),29955,3083,11,0081(brokerage business),4514,82,11,0034(brokerage business),4454,279
12,0308(brokerage business),28038,7128,12,0288(brokerage business),3514,-306,12,0123(brokerage business),4448,1636
13,0034(brokerage business),25950,608,13,0018(brokerage business),3485,166,13,0272(brokerage business),4219,-250
14,0009(brokerage business),24829,3197,14,0034(brokerage business),3206,-971,14,0018(brokerage business),3965,-672
15,0186(brokerage business),24714,4964,15,0275(brokerage business),3093,-462,15,0319(brokerage business),3745,-540
16,0059(brokerage business),21588,7603,16,0009(brokerage business),3092,292,16,0009(brokerage business),3040,223
17,0259(brokerage business),19365,3842,17,0082(brokerage business),3036,-200,17,0274(brokerage business),2523,-289
18,0019(brokerage business),17275,4562,18,0161(brokerage business),2810,122,18,0186(brokerage business),2456,241
19,0103(brokerage business),15457,4226,19,0308(brokerage business),2801,-108,19,0338(brokerage business),2453,626
20,0137(brokerage business),14838,3634,20,0042(brokerage business),2776,42,20,0082(brokerage business),2437,-236
Total,,1209722,195176,Total,,137251,2219,Total,,144249,-1157
Ranking,Name of FF Member /OSBPs,Volume,Change from Previous Trading Day,Ranking,Name of FF Member /OSBPs,Long Position,Change from Previous Trading Day,Ranking,Name of FF Member /OSBPs,Short Position,Change from Previous Trading Day
Contract Code：fu2612,,,,,,,,,,2026-09-09,
1,0163(brokerage business),16594,273,1,0163(brokerage business),10138,2136,1,0004(brokerage business),13676,-1159
2,0275(brokerage business),14319,2611,2,0004(brokerage business),7798,3,2,0163(brokerage business),10307,2294
3,0148(brokerage business),13113,340,3,0034(brokerage business),6549,-163,3,0253(brokerage business),6052,-158
4,0123(brokerage business),9855,2749,4,0008(brokerage business),6007,0,4,0008(brokerage business),6000,0
5,0004(brokerage business),6894,2038,5,0161(brokerage business),5617,35,5,0034(brokerage business),5790,-125
6,0161(brokerage business),4732,-1399,6,0253(brokerage business),5548,7,6,0161(brokerage business),5767,103
7,0240(brokerage business),4397,1342,7,0123(brokerage business),5281,-78,7,0123(brokerage business),5126,-73
8,0178(brokerage business),3146,972,8,0137(brokerage business),4810,76,8,0137(brokerage business),4670,58
9,0069(brokerage business),3054,962,9,0275(brokerage business),4245,23,9,0069(brokerage business),4413,54
10,0272(brokerage business),2537,595,10,0069(brokerage business),4123,-138,10,0275(brokerage business),4227,-32
11,0308(brokerage business),2103,891,11,0178(brokerage business),4032,-498,11,0178(brokerage business),4112,-480
12,0253(brokerage business),1867,-4965,12,0148(brokerage business),2248,-27,12,0372(brokerage business),1192,167
13,0034(brokerage business),1822,701,13,0335(brokerage business),1867,141,13,0148(brokerage business),1110,292
14,0298(brokerage business),1756,805,14,0103(brokerage business),1819,14,14,0268(brokerage business),578,60
15,0299(brokerage business),1584,467,15,0272(brokerage business),1540,-481,15,0240(brokerage business),454,26
16,0342(brokerage business),1394,328,16,0240(brokerage business),745,335,16,0288(brokerage business),424,-79
17,0137(brokerage business),1382,367,17,0058(brokerage business),573,388,17,0081(brokerage business),412,65
18,0008(brokerage business),1294,-249,18,0081(brokerage business),482,97,18,0308(brokerage business),385,88
19,0268(brokerage business),1233,-344,19,0319(brokerage business),478,-43,19,0323(brokerage business),333,-3
20,0259(brokerage business),1221,724,20,0049(brokerage business),384,1,20,0272(brokerage business),313,26
Total,,94297,9208,Total,,74284,1828,Total,,75341,1124
Ranking,Name of FF Member /OSBPs,Volume,Change from Previous Trading Day,Ranking,Name of FF Member /OSBPs,Long Position,Change from Previous Trading Day,Ranking,Name of FF Member /OSBPs,Short Position,Change from Previous Trading Day
Contract Code：fu2701,,,,,,,,,,2026-09-09,
1,0163(brokerage business),44853,10937,1,0148(brokerage business),10501,333,1,0004(brokerage business),16984,-1030
2,0148(brokerage business),33989,6051,2,0004(brokerage business),8927,-205,2,0148(brokerage business),12770,444
3,0004(brokerage business),26857,2869,3,0272(brokerage business),8257,171,3,0272(brokerage business),11232,-556
4,0275(brokerage business),25345,3797,4,0335(brokerage business),6006,-295,4,0163(brokerage business),5528,-737
5,0123(brokerage business),8934,85,5,0239(brokerage business),5091,573,5,0103(brokerage business),4801,437
6,0272(brokerage business),7431,-1757,6,0084(brokerage business),5000,73,6,0240(brokerage business),3462,29
7,0081(brokerage business),6491,1812,7,0253(brokerage business),4992,148,7,0253(brokerage business),2735,-21
8,0240(brokerage business),6367,2040,8,0123(brokerage business),4621,311,8,0372(brokerage business),2601,19
9,0009(brokerage business),5805,2090,9,0163(brokerage business),4296,-832,9,0082(brokerage business),2220,-77
10,0253(brokerage business),5261,2139,10,0103(brokerage business),3807,-440,10,0151(brokerage business),2094,467
11,0096(brokerage business),4248,2276,11,0319(brokerage business),2544,-595,11,0298(brokerage business),1933,83
12,0338(brokerage business),3897,1225,12,0096(brokerage business),2520,1134,12,0275(brokerage business),1829,91
13,0034(brokerage business),3794,1283,13,0240(brokerage business),2389,490,13,0268(brokerage business),1652,487
14,0239(brokerage business),3603,2522,14,0018(brokerage business),1873,-164,14,0252(brokerage business),1597,-140
15,0103(brokerage business),3473,821,15,0274(brokerage business),1556,366,15,0081(brokerage business),1420,219
16,0259(brokerage business),3261,2695,16,0034(brokerage business),1441,-272,16,0059(brokerage business),1327,29
17,0069(brokerage business),3025,865,17,0081(brokerage business),1382,242,17,0034(brokerage business),1270,34
18,0268(brokerage business),2730,-1560,18,0137(brokerage business),1239,-10,18,0186(brokerage business),1202,58
19,0319(brokerage business),2384,736,19,0042(brokerage business),1204,-78,19,0335(brokerage business),1175,42
20,0308(brokerage business),2347,472,20,0161(brokerage business),1198,135,20,0338(brokerage business),1165,31
Total,,204095,41398,Total,,78844,1085,Total,,78997,-91
Member/OSP Type,Total Volume,Change from Previous Trading Day,Member/OSP Type,Total Long Position,Change from Previous Trading Day,Member/OSP Type,Total Short Position,Change from Previous Trading Day,,,
Contract Code：buall,,,,,,,2026-09-09,,,,
Name of FF Member/OSBP,1712754,340586,Name of FF Member/OSBP,683342,1936,Name of FF Member/OSBP,683342,1936,,,
Name of Non-FF Member/OSNBP,0,0,Name of Non-FF Member/OSNBP,0,0,Name of Non-FF Member/OSNBP,0,0,,,
Ranking,Name of FF Member /OSBPs,Volume,Change from Previous Trading Day,Ranking,Name of FF Member /OSBPs,Long Position,Change from Previous Trading Day,Ranking,Name of FF Member /OSBPs,Short Position,Change from Previous Trading Day
Contract Code：bu2609,,,,,,,,,,2026-09-09,
1,0177(brokerage business),218,200,1,0123(brokerage business),994,-6,1,0103(brokerage business),3100,0
2,0019(brokerage business),78,12,2,0103(brokerage business),955,0,2,0272(brokerage business),2247,-2
3,0004(brokerage business),69,-1131,3,0004(brokerage business),929,-69,3,0299(brokerage business),1190,0
4,0163(brokerage business),68,-260,4,0148(brokerage business),533,-8,4,0123(brokerage business),298,0
5,0275(brokerage business),51,-2601,5,0299(brokerage business),515,0,5,0148(brokerage business),65,0
6,0123(brokerage business),34,-33,6,0096(brokerage business),500,0,6,0389(brokerage business),4,-1
7,0323(brokerage business),30,-207,7,0385(brokerage business),500,0,7,,,
8,0095(brokerage business),21,-41,8,0275(brokerage business),482,50,8,,,
9,0311(brokerage business),18,6,9,0095(brokerage business),444,21,9,,,
10,0272(brokerage business),17,-534,10,0277(brokerage business),350,0,10,,,
11,0148(brokerage business),8,-522,11,0272(brokerage business),237,5,11,,,
12,0103(brokerage business),6,-280,12,0177(brokerage business),118,-109,12,,,
13,0240(brokerage business),4,-236,13,0163(brokerage business),113,10,13,,,
14,0389(brokerage business),3,-2,14,0034(brokerage business),100,0,14,,,
15,0118(brokerage business),1,1,15,0082(brokerage business),100,0,15,,,
16,0268(brokerage business),1,-36,16,0321(brokerage business),16,0,16,,,
17,0276(brokerage business),1,0,17,0137(brokerage business),10,0,17,,,
18,,,,18,0081(brokerage business),5,0,18,,,
19,,,,19,0389(brokerage business),3,-2,19,,,
Total,,628,-5664,Total,,6904,-108,Total,,6904,-3
Ranking,Name of FF Member /OSBPs,Volume,Change from Previous Trading Day,Ranking,Name of FF Member /OSBPs,Long Position,Change from Previous Trading Day,Ranking,Name of FF Member /OSBPs,Short Position,Change from Previous Trading Day
Contract Code：bu2610,,,,,,,,,,2026-09-09,
1,0163(brokerage business),179485,30932,1,0004(brokerage business),23668,-5,1,0148(brokerage business),13783,95
2,0004(brokerage business),104546,16617,2,0148(brokerage business),13737,-971,2,0272(brokerage business),11324,-451
3,0148(brokerage business),85259,17988,3,0163(brokerage business),10780,-611,3,0275(brokerage business),10148,-481
4,0275(brokerage business),69093,14695,4,0103(brokerage business),7269,-2337,4,0004(brokerage business),9626,-435
5,0123(brokerage business),53247,25205,5,0272(brokerage business),6747,-1200,5,0139(brokerage business),7136,37
6,0272(brokerage business),34679,8773,6,0059(brokerage business),6085,-294,6,0240(brokerage business),6209,-770
7,0240(brokerage business),26565,4131,7,0253(brokerage business),5373,-1024,7,0123(brokerage business),5832,-1934
8,0253(brokerage business),24652,9607,8,0082(brokerage business),4732,-346,8,0253(brokerage business),4847,-280
9,0081(brokerage business),21974,4539,9,0240(brokerage business),4084,282,9,0081(brokerage business),4610,349
10,0059(brokerage business),16265,6649,10,0151(brokerage business),3649,483,10,0163(brokerage business),4404,46
11,0268(brokerage business),14839,331,11,0288(brokerage business),3544,22,11,0298(brokerage business),4312,-309
12,0103(brokerage business),14501,6087,12,0018(brokerage business),3275,18,12,0161(brokerage business),4073,-76
13,0034(brokerage business),13768,3231,13,0323(brokerage business),3074,27,13,0121(brokerage business),4016,-7
14,0186(brokerage business),13180,1519,14,0333(brokerage business),3019,-69,14,0103(brokerage business),3917,-936
15,0308(brokerage business),13131,3601,15,0096(brokerage business),3018,180,15,0034(brokerage business),3823,-253
16,0298(brokerage business),12948,1162,16,0137(brokerage business),2915,-568,16,0288(brokerage business),3770,-40
17,0095(brokerage business),12465,7443,17,0335(brokerage business),2841,-507,17,0268(brokerage business),3563,-476
18,0323(brokerage business),11385,4200,18,0275(brokerage business),2808,352,18,0018(brokerage business),2993,-100
19,0043(brokerage business),11208,3776,19,0268(brokerage business),2608,-91,19,0186(brokerage business),2914,-213
20,0069(brokerage business),11059,2409,20,0308(brokerage business),2598,165,20,0177(brokerage business),2778,-832
Total,,744249,172895,Total,,115824,-6494,Total,,114078,-7066
Ranking,Name of FF Member /OSBPs,Volume,Change from Previous Trading Day,Ranking,Name of FF Member /OSBPs,Long Position,Change from Previous Trading Day,Ranking,Name of FF Member /OSBPs,Short Position,Change from Previous Trading Day
Contract Code：bu2611,,,,,,,,,,2026-09-09,
1,0004(brokerage business),55739,18013,1,0148(brokerage business),35043,2671,1,0272(brokerage business),18130,1197
2,0148(brokerage business),55129,12470,2,0272(brokerage business),19812,1134,2,0148(brokerage business),17163,808
3,0163(brokerage business),53074,10479,3,0004(brokerage business),15296,1109,3,0004(brokerage business),14922,-4
4,0275(brokerage business),28939,9857,4,0163(brokerage business),12939,-124,4,0009(brokerage business),13921,375
5,0123(brokerage business),28075,12575,5,0239(brokerage business),12215,-100,5,0082(brokerage business),11850,-3
6,0253(brokerage business),14422,3451,6,0103(brokerage business),10807,1033,6,0275(brokerage business),10852,434
7,0240(brokerage business),13126,7276,7,0069(brokerage business),10355,-116,7,0123(brokerage business),8171,1484
8,0081(brokerage business),13116,2667,8,0123(brokerage business),10209,-143,8,0103(brokerage business),8032,1746
9,0059(brokerage business),13070,3700,9,0082(brokerage business),8679,-180,9,0253(brokerage business),7664,895
10,0272(brokerage business),11255,2704,10,0268(brokerage business),8536,270,10,0059(brokerage business),7643,345
11,0268(brokerage business),9151,3010,11,0161(brokerage business),8073,142,11,0069(brokerage business),7445,69
12,0069(brokerage business),7291,1042,12,0059(brokerage business),7345,209,12,0081(brokerage business),7097,172
13,0009(brokerage business),5661,-3118,13,0253(brokerage business),6942,683,13,0137(brokerage business),7026,-489
14,0095(brokerage business),5545,3736,14,0335(brokerage business),6500,-56,14,0161(brokerage business),6431,-67
15,0137(brokerage business),5372,1076,15,0137(brokerage business),6430,-1,15,0139(brokerage business),6323,114
16,0082(brokerage business),5247,-127,16,0081(brokerage business),6306,-288,16,0268(brokerage business),5810,3
17,0338(brokerage business),4901,-25,17,0009(brokerage business),5279,116,17,0177(brokerage business),5639,817
18,0103(brokerage business),4741,2767,18,0139(brokerage business),4960,22,18,0163(brokerage business),5225,-770
19,0308(brokerage business),4374,-864,19,0275(brokerage business),4897,219,19,0333(brokerage business),4564,5
20,0342(brokerage business),4019,947,20,0238(brokerage business),4647,-10,20,0288(brokerage business),4108,-56
Total,,342247,91636,Total,,205270,6590,Total,,178016,7075
Ranking,Name of FF Member /OSBPs,Volume,Change from Previous Trading Day,Ranking,Name of FF Member /OSBPs,Long Position,Change from Previous Trading Day,Ranking,Name of FF Member /OSBPs,Short Position,Change from Previous Trading Day
Contract Code：bu2612,,,,,,,,,,2026-09-09,
1,0163(brokerage business),27484,7333,1,0004(brokerage business),16214,254,1,0103(brokerage business),13989,-450
2,0148(brokerage business),19071,4547,2,0148(brokerage business),16207,1672,2,0272(brokerage business),10074,552
3,0004(brokerage business),15099,2344,3,0335(brokerage business),9907,-406,3,0004(brokerage business),9099,-647
4,0275(brokerage business),13566,1606,4,0239(brokerage business),9340,72,4,0123(brokerage business),9066,-25
5,0123(brokerage business),10263,27,5,0009(brokerage business),6931,193,5,0333(brokerage business),7364,-201
6,0308(brokerage business),5977,1122,6,0103(brokerage business),6368,-126,6,0253(brokerage business),6919,301
7,0333(brokerage business),4717,533,7,0177(brokerage business),5228,31,7,0244(brokerage business),6242,162
8,0253(brokerage business),4703,1985,8,0163(brokerage business),4373,-1104,8,0082(brokerage business),5040,65
9,0059(brokerage business),4052,1313,9,0272(brokerage business),4149,271,9,0275(brokerage business),5019,18
10,0272(brokerage business),3849,1142,10,0253(brokerage business),3702,40,10,0238(brokerage business),4941,-5
11,0240(brokerage business),3498,1069,11,0275(brokerage business),3455,-192,11,0096(brokerage business),4286,75
12,0271(brokerage business),3285,-428,12,0059(brokerage business),3206,11,12,0148(brokerage business),4181,-375
13,0095(brokerage business),3017,2332,13,0084(brokerage business),3000,0,13,0240(brokerage business),3434,42
14,0069(brokerage business),2866,770,14,0277(brokerage business),2572,679,14,0069(brokerage business),3185,5
15,0342(brokerage business),2407,655,15,0389(brokerage business),2479,348,15,0018(brokerage business),2941,-41
16,0103(brokerage business),2336,-3320,16,0308(brokerage business),2358,-91,16,0095(brokerage business),2479,391
17,0137(brokerage business),1947,37,17,0082(brokerage business),2284,24,17,0153(brokerage business),2342,-183
18,0268(brokerage business),1820,-331,18,0034(brokerage business),2163,-35,18,0067(brokerage business),2298,-31
19,0186(brokerage business),1804,498,19,0240(brokerage business),1759,186,19,0268(brokerage business),2185,0
20,0034(brokerage business),1662,160,20,0069(brokerage business),1692,55,20,0335(brokerage business),2079,-64
Total,,133423,23394,Total,,107387,1882,Total,,107163,-411
Ranking,Name of FF Member /OSBPs,Volume,Change from Previous Trading Day,Ranking,Name of FF Member /OSBPs,Long Position,Change from Previous Trading Day,Ranking,Name of FF Member /OSBPs,Short Position,Change from Previous Trading Day
Contract Code：bu2701,,,,,,,,,,2026-09-09,
1,0163(brokerage business),10851,69,1,0272(brokerage business),8323,1460,1,0272(brokerage business),8626,1260
2,0148(brokerage business),5913,-1811,2,0148(brokerage business),7620,-647,2,0275(brokerage business),5713,-25
3,0004(brokerage business),3362,681,3,0137(brokerage business),5093,15,3,0137(brokerage business),5409,-75
4,0272(brokerage business),3246,-4220,4,0081(brokerage business),4209,3,4,0148(brokerage business),4090,-58
5,0123(brokerage business),3228,-1290,5,0059(brokerage business),3596,352,5,0123(brokerage business),4048,-55
6,0059(brokerage business),2699,876,6,0275(brokerage business),3389,59,6,0059(brokerage business),3825,413
7,0275(brokerage business),2694,106,7,0161(brokerage business),3376,-15,7,0069(brokerage business),3188,206
8,0253(brokerage business),2012,355,8,0123(brokerage business),3271,-35,8,0081(brokerage business),3134,-26
9,0240(brokerage business),1956,558,9,0082(brokerage business),2915,495,9,0082(brokerage business),3080,592
10,0268(brokerage business),1624,89,10,0139(brokerage business),2725,289,10,0161(brokerage business),3063,-10
11,0069(brokerage business),1404,-254,11,0069(brokerage business),2656,200,11,0139(brokerage business),2779,283
12,0082(brokerage business),1381,272,12,0009(brokerage business),2597,95,12,0009(brokerage business),2461,121
13,0161(brokerage business),1197,467,13,0004(brokerage business),1841,-41,13,0103(brokerage business),2191,-113
14,0342(brokerage business),1155,85,14,0268(brokerage business),1806,41,14,0268(brokerage business),2022,55
15,0043(brokerage business),970,235,15,0335(brokerage business),1719,85,15,0238(brokerage business),1867,-2
16,0137(brokerage business),930,-478,16,0163(brokerage business),1489,-99,16,0333(brokerage business),1641,14
17,0333(brokerage business),922,219,17,0253(brokerage business),1173,71,17,0004(brokerage business),1519,-321
18,0271(brokerage business),918,201,18,0042(brokerage business),1069,66,18,0163(brokerage business),1090,118
19,0139(brokerage business),860,260,19,0308(brokerage business),1041,22,19,0018(brokerage business),956,42
20,0009(brokerage business),858,473,20,0240(brokerage business),764,-204,20,0299(brokerage business),816,202
Total,,48180,-3107,Total,,60672,2212,Total,,61518,2621
Member/OSP Type,Total Volume,Change from Previous Trading Day,Member/OSP Type,Total Long Position,Change from Previous Trading Day,Member/OSP Type,Total Short Position,Change from Previous Trading Day,,,
Contract Code：brall,,,,,,,2026-09-09,,,,
Name of FF Member/OSBP,533502,-68976,Name of FF Member/OSBP,163898,1159,Name of FF Member/OSBP,163898,1159,,,
Name of Non-FF Member/OSNBP,0,0,Name of Non-FF Member/OSNBP,0,0,Name of Non-FF Member/OSNBP,0,0,,,
Ranking,Name of FF Member /OSBPs,Volume,Change from Previous Trading Day,Ranking,Name of FF Member /OSBPs,Long Position,Change from Previous Trading Day,Ranking,Name of FF Member /OSBPs,Short Position,Change from Previous Trading Day
Contract Code：br2609,,,,,,,,,,2026-09-09,
1,0163(brokerage business),54,-44,1,0004(brokerage business),390,0,1,0123(brokerage business),278,2
2,0058(brokerage business),40,24,2,0029(brokerage business),156,-4,2,0004(brokerage business),86,0
3,0151(brokerage business),20,-12,3,0059(brokerage business),60,0,3,0253(brokerage business),60,0
4,0096(brokerage business),18,-12,4,0163(brokerage business),60,0,4,0125(brokerage business),56,0
5,0014(brokerage business),12,12,5,0018(brokerage business),36,0,5,0148(brokerage business),52,0
6,0272(brokerage business),10,-42,6,0007(brokerage business),24,0,6,0003(brokerage business),44,0
7,0029(brokerage business),4,-18,7,,,,7,0058(brokerage business),40,40
8,0016(brokerage business),2,-6,8,,,,8,0082(brokerage business),24,0
9,0123(brokerage business),2,-28,9,,,,9,0311(brokerage business),24,0
10,0177(brokerage business),2,-228,10,,,,10,0096(brokerage business),18,0
11,,,,11,,,,11,0103(brokerage business),18,0
12,,,,12,,,,12,0069(brokerage business),12,0
13,,,,13,,,,13,0177(brokerage business),10,-2
14,,,,14,,,,14,0163(brokerage business),2,-42
15,,,,15,,,,15,0272(brokerage business),2,-10
Total,,164,-354,Total,,726,-4,Total,,726,-12
Ranking,Name of FF Member /OSBPs,Volume,Change from Previous Trading Day,Ranking,Name of FF Member /OSBPs,Long Position,Change from Previous Trading Day,Ranking,Name of FF Member /OSBPs,Short Position,Change from Previous Trading Day
Contract Code：br2610,,,,,,,,,,2026-09-09,
1,0148(brokerage business),48256,-11588,1,0004(brokerage business),5014,-105,1,0004(brokerage business),6724,-97
2,0275(brokerage business),33492,-5203,2,0148(brokerage business),3258,33,2,0163(brokerage business),2988,-456
3,0004(brokerage business),32564,-4751,3,0103(brokerage business),1975,-4,3,0148(brokerage business),2313,-433
4,0163(brokerage business),28950,-853,4,0253(brokerage business),1422,-79,4,0253(brokerage business),1523,-24
5,0253(brokerage business),13113,-2676,5,0059(brokerage business),1302,-81,5,0272(brokerage business),1437,179
6,0081(brokerage business),13006,329,6,0163(brokerage business),1274,-379,6,0123(brokerage business),1295,-96
7,0123(brokerage business),11198,-3219,7,0272(brokerage business),1012,206,7,0058(brokerage business),1269,26
8,0240(brokerage business),10615,-1547,8,0268(brokerage business),995,100,8,0103(brokerage business),1265,-41
9,0298(brokerage business),8689,-925,9,0321(brokerage business),869,-96,9,0275(brokerage business),1248,-56
10,0259(brokerage business),8019,-337,10,0288(brokerage business),815,-15,10,0082(brokerage business),955,-2
11,0272(brokerage business),7735,1985,11,0081(brokerage business),768,62,11,0186(brokerage business),885,-8
12,0019(brokerage business),5604,892,12,0311(brokerage business),746,-195,12,0298(brokerage business),808,-128
13,0034(brokerage business),5462,718,13,0153(brokerage business),732,29,13,0177(brokerage business),678,-6
14,0186(brokerage business),4913,-1702,14,0240(brokerage business),725,-123,14,0034(brokerage business),675,-20
15,0059(brokerage business),4824,-1274,15,0043(brokerage business),706,17,15,0240(brokerage business),672,-30
16,0308(brokerage business),4424,-329,16,0001(brokerage business),702,-229,16,0268(brokerage business),647,19
17,0268(brokerage business),4357,-1325,17,0151(brokerage business),645,75,17,0007(brokerage business),584,-14
18,0161(brokerage business),3673,-236,18,0308(brokerage business),618,-46,18,0418(brokerage business),580,-31
19,0069(brokerage business),2994,330,19,0137(brokerage business),593,-38,19,0018(brokerage business),569,-7
20,0323(brokerage business),2631,-217,20,0058(brokerage business),586,-55,20,0069(brokerage business),546,-9
Total,,254519,-31928,Total,,24757,-923,Total,,27661,-1234
Ranking,Name of FF Member /OSBPs,Volume,Change from Previous Trading Day,Ranking,Name of FF Member /OSBPs,Long Position,Change from Previous Trading Day,Ranking,Name of FF Member /OSBPs,Short Position,Change from Previous Trading Day
Contract Code：br2611,,,,,,,,,,2026-09-09,
1,0004(brokerage business),27842,-1374,1,0148(brokerage business),9369,217,1,0004(brokerage business),20923,1372
2,0148(brokerage business),18570,-3867,2,0004(brokerage business),8952,94,2,0323(brokerage business),8391,105
3,0275(brokerage business),15766,4725,3,0323(brokerage business),8792,270,3,0148(brokerage business),7497,229
4,0081(brokerage business),11691,-843,4,0268(brokerage business),8382,59,4,0268(brokerage business),7411,-141
5,0163(brokerage business),10274,-1076,5,0163(brokerage business),5261,63,5,0272(brokerage business),5383,-495
6,0253(brokerage business),7054,-1535,6,0103(brokerage business),5029,268,6,0103(brokerage business),4642,-7
7,0123(brokerage business),6329,-1404,7,0123(brokerage business),4605,-110,7,0163(brokerage business),4339,101
8,0240(brokerage business),5842,3358,8,0253(brokerage business),4420,-209,8,0123(brokerage business),3647,253
9,0268(brokerage business),3872,-6589,9,0048(brokerage business),2707,-52,9,0253(brokerage business),3272,-51
10,0272(brokerage business),3077,-375,10,0335(brokerage business),2592,74,10,0029(brokerage business),2483,-52
11,0059(brokerage business),2935,369,11,0043(brokerage business),2412,-11,11,0043(brokerage business),2140,-7
12,0058(brokerage business),1962,-43,12,0275(brokerage business),2349,288,12,0096(brokerage business),2107,-39
13,0308(brokerage business),1928,-1617,13,0272(brokerage business),2254,164,13,0275(brokerage business),2016,74
14,0009(brokerage business),1877,151,14,0096(brokerage business),2164,-122,14,0082(brokerage business),1971,81
15,0096(brokerage business),1589,-152,15,0240(brokerage business),1601,417,15,0081(brokerage business),1874,263
16,0186(brokerage business),1553,235,16,0311(brokerage business),1254,32,16,0048(brokerage business),1326,-29
17,0069(brokerage business),1520,253,17,0058(brokerage business),1013,41,17,0254(brokerage business),940,-21
18,0169(brokerage business),1512,330,18,0007(brokerage business),958,-67,18,0177(brokerage business),730,47
19,0137(brokerage business),1500,489,19,0161(brokerage business),957,35,19,0107(brokerage business),715,-41
20,0342(brokerage business),1460,383,20,0274(brokerage business),925,99,20,0059(brokerage business),689,-12
Total,,128153,-8582,Total,,75996,1550,Total,,82496,1630
Member/OSP Type,Total Volume,Change from Previous Trading Day,Member/OSP Type,Total Long Position,Change from Previous Trading Day,Member/OSP Type,Total Short Position,Change from Previous Trading Day,,,
Contract Code：ruall,,,,,,,2026-09-09,,,,
Name of FF Member/OSBP,833496,-68250,Name of FF Member/OSBP,214070,3255,Name of FF Member/OSBP,213890,3255,,,
Name of Non-FF Member/OSNBP,0,0,Name of Non-FF Member/OSNBP,50,0,Name of Non-FF Member/OSNBP,230,0,,,
Ranking,Name of FF Member /OSBPs,Volume,Change from Previous Trading Day,Ranking,Name of FF Member /OSBPs,Long Position,Change from Previous Trading Day,Ranking,Name of FF Member /OSBPs,Short Position,Change from Previous Trading Day
Contract Code：ru2609,,,,,,,,,,2026-09-09,
1,0096(brokerage business),205,203,1,0004(brokerage business),515,-84,1,0151(brokerage business),1708,4
2,0004(brokerage business),103,7,2,0096(brokerage business),347,-95,2,0240(brokerage business),309,-1
3,0151(brokerage business),74,-68,3,0082(brokerage business),323,-9,3,0177(brokerage business),210,10
4,0272(brokerage business),44,-24,4,0163(brokerage business),297,-3,4,0123(brokerage business),200,0
5,0163(brokerage business),42,-197,5,0177(brokerage business),277,-11,5,0004(brokerage business),180,-15
6,0148(brokerage business),30,-4,6,0148(brokerage business),259,0,6,0148(brokerage business),100,-30
7,0177(brokerage business),21,-194,7,0058(brokerage business),220,0,7,0163(brokerage business),99,-11
8,0077(brokerage business),20,13,8,0103(brokerage business),203,0,8,0125(brokerage business),50,0
9,0275(brokerage business),11,-125,9,0125(brokerage business),123,0,9,0067(brokerage business),49,-1
10,0082(brokerage business),9,8,10,0385(brokerage business),66,0,10,0322(brokerage business),40,0
11,0029(brokerage business),3,0,11,0059(brokerage business),50,0,11,0272(brokerage business),33,-22
12,0253(brokerage business),2,-2,12,0121(brokerage business),50,0,12,0139(brokerage business),30,0
13,0067(brokerage business),1,-17,13,0272(brokerage business),50,0,13,0321(brokerage business),9,0
14,0240(brokerage business),1,-14,14,0276(brokerage business),50,0,14,0315(brokerage business),2,0
15,,,,15,0254(brokerage business),34,0,15,,,
16,,,,16,0275(brokerage business),30,0,16,,,
17,,,,17,0322(brokerage business),30,0,17,,,
18,,,,18,0067(brokerage business),16,0,18,,,
19,,,,19,0048(brokerage business),15,0,19,,,
20,,,,20,0123(brokerage business),10,0,20,,,
Total,,566,-414,Total,,2965,-202,Total,,3019,-66
Ranking,Name of FF Member /OSBPs,Volume,Change from Previous Trading Day,Ranking,Name of FF Member /OSBPs,Long Position,Change from Previous Trading Day,Ranking,Name of FF Member /OSBPs,Short Position,Change from Previous Trading Day
Contract Code：ru2611,,,,,,,,,,2026-09-09,
1,0253(brokerage business),1020,-791,1,0004(brokerage business),629,5,1,0240(brokerage business),907,7
2,0163(brokerage business),892,-829,2,0151(brokerage business),492,-2,2,0004(brokerage business),714,-15
3,0004(brokerage business),822,-990,3,0058(brokerage business),464,-22,3,0151(brokerage business),608,50
4,0161(brokerage business),652,-484,4,0177(brokerage business),413,-125,4,0163(brokerage business),377,-45
5,0148(brokerage business),588,-1123,5,0163(brokerage business),380,3,5,0148(brokerage business),335,-47
6,0272(brokerage business),373,-530,6,0123(brokerage business),371,-1,6,0349(brokerage business),327,0
7,0308(brokerage business),260,-33,7,0148(brokerage business),353,47,7,0077(brokerage business),307,0
8,0123(brokerage business),247,-597,8,0240(brokerage business),288,24,8,0253(brokerage business),234,22
9,0137(brokerage business),197,-15,9,0009(brokerage business),198,1,9,0081(brokerage business),200,0
10,0151(brokerage business),146,-36,10,0272(brokerage business),184,15,10,0335(brokerage business),108,0
11,0082(brokerage business),132,-179,11,0096(brokerage business),173,3,11,0069(brokerage business),107,0
12,0177(brokerage business),125,19,12,0253(brokerage business),149,-2,12,0123(brokerage business),100,-4
13,0240(brokerage business),115,-120,13,0082(brokerage business),129,5,13,0268(brokerage business),92,7
14,0268(brokerage business),108,-20,14,0323(brokerage business),103,16,14,0047(brokerage business),91,0
15,0271(brokerage business),96,66,15,0312(brokerage business),92,0,15,0096(brokerage business),88,2
16,0034(brokerage business),92,53,16,0103(brokerage business),86,4,16,0082(brokerage business),79,-3
17,0121(brokerage business),91,58,17,0335(brokerage business),78,0,17,0177(brokerage business),66,0
18,0275(brokerage business),90,-1304,18,0034(brokerage business),72,3,18,0048(brokerage business),63,14
19,0274(brokerage business),88,-15,19,0042(brokerage business),66,0,19,0105(brokerage business),61,0
20,0009(brokerage business),87,-181,20,0007(brokerage business),64,-9,20,0058(brokerage business),60,-19
Total,,6221,-7051,Total,,4784,-35,Total,,4924,-31
Ranking,Name of FF Member /OSBPs,Volume,Change from Previous Trading Day,Ranking,Name of FF Member /OSBPs,Long Position,Change from Previous Trading Day,Ranking,Name of FF Member /OSBPs,Short Position,Change from Previous Trading Day
Contract Code：ru2701,,,,,,,,,,2026-09-09,
1,0004(brokerage business),177281,22142,1,0004(brokerage business),13592,715,1,0004(brokerage business),17657,-656
2,0163(brokerage business),91398,942,2,0148(brokerage business),12849,-992,2,0123(brokerage business),11825,639
3,0275(brokerage business),67198,-4305,3,0163(brokerage business),10301,-1001,3,0148(brokerage business),10733,1543
4,0148(brokerage business),65099,-2285,4,0103(brokerage business),7627,490,4,0272(brokerage business),6755,229
5,0123(brokerage business),26297,-3690,5,0272(brokerage business),7405,84,5,0163(brokerage business),5551,-1103
6,0253(brokerage business),25205,2984,6,0253(brokerage business),5653,30,6,0372(brokerage business),5527,7
7,0323(brokerage business),16947,2068,7,0240(brokerage business),4134,-223,7,0151(brokerage business),4499,-241
8,0272(brokerage business),12329,-2999,8,0323(brokerage business),4051,499,8,0253(brokerage business),4336,-141
9,0240(brokerage business),12070,-16221,9,0077(brokerage business),3946,106,9,0275(brokerage business),4095,17
10,0259(brokerage business),11458,-936,10,0082(brokerage business),3805,-2,10,0096(brokerage business),3951,-140
11,0081(brokerage business),11408,-2068,11,0268(brokerage business),3436,-334,11,0240(brokerage business),3916,-351
12,0096(brokerage business),9895,-458,12,0274(brokerage business),3304,189,12,0103(brokerage business),3651,-348
13,0059(brokerage business),8444,-84,13,0018(brokerage business),2715,25,13,0125(brokerage business),3535,121
14,0268(brokerage business),7025,-1367,14,0275(brokerage business),2473,143,14,0077(brokerage business),3477,41
15,0069(brokerage business),7024,99,15,0239(brokerage business),2444,-28,15,0058(brokerage business),3377,610
16,0161(brokerage business),6824,-1190,16,0034(brokerage business),2404,10,16,0082(brokerage business),3263,-668
17,0034(brokerage business),6669,-1975,17,0019(brokerage business),2388,68,17,0177(brokerage business),3184,-53
18,0186(brokerage business),6361,-1287,18,0137(brokerage business),2266,29,18,0034(brokerage business),2943,65
19,0009(brokerage business),5990,-50,19,0288(brokerage business),2171,257,19,0186(brokerage business),2462,54
20,0103(brokerage business),5870,-190,20,0059(brokerage business),2166,-109,20,0069(brokerage business),2379,68
Total,,580792,-10870,Total,,99130,-44,Total,,107116,-307
Ranking,Name of FF Member /OSBPs,Volume,Change from Previous Trading Day,Ranking,Name of FF Member /OSBPs,Long Position,Change from Previous Trading Day,Ranking,Name of FF Member /OSBPs,Short Position,Change from Previous Trading Day
Contract Code：ru2705,,,,,,,,,,2026-09-09,
1,0163(brokerage business),13828,-1908,1,0163(brokerage business),2332,270,1,0082(brokerage business),11207,697
2,0148(brokerage business),9058,-3560,2,0004(brokerage business),2319,1,2,0272(brokerage business),1937,675
3,0253(brokerage business),8790,126,3,0148(brokerage business),1935,187,3,0004(brokerage business),1611,127
4,0275(brokerage business),7718,192,4,0277(brokerage business),1582,0,4,0125(brokerage business),1343,-18
5,0004(brokerage business),5310,-2370,5,0272(brokerage business),1561,83,5,0275(brokerage business),1296,-27
6,0081(brokerage business),2527,-149,6,0103(brokerage business),1351,269,6,0148(brokerage business),1141,41
7,0009(brokerage business),2203,171,7,0295(brokerage business),1226,101,7,0338(brokerage business),959,3
8,0059(brokerage business),2072,-410,8,0240(brokerage business),1168,51,8,0372(brokerage business),824,-12
9,0272(brokerage business),1800,405,9,0323(brokerage business),847,6,9,0137(brokerage business),754,7
10,0240(brokerage business),1785,195,10,0253(brokerage business),838,-52,10,0123(brokerage business),568,22
11,0323(brokerage business),946,326,11,0274(brokerage business),787,-18,11,0240(brokerage business),551,-22
12,0123(brokerage business),877,-6369,12,0069(brokerage business),665,65,12,0096(brokerage business),545,15
13,0082(brokerage business),747,-355,13,0139(brokerage business),563,43,13,0103(brokerage business),530,17
14,0274(brokerage business),666,-224,14,0034(brokerage business),468,86,14,0139(brokerage business),530,4
15,0007(brokerage business),641,6,15,0067(brokerage business),454,24,15,0019(brokerage business),413,43
16,0178(brokerage business),623,155,16,0107(brokerage business),437,56,16,0163(brokerage business),402,38
17,0103(brokerage business),558,148,17,0161(brokerage business),409,106,17,0121(brokerage business),375,2
18,0308(brokerage business),526,-142,18,0077(brokerage business),381,-22,18,0151(brokerage business),322,0
19,0043(brokerage business),430,-478,19,0018(brokerage business),368,-4,19,0136(brokerage business),276,1
20,0069(brokerage business),409,-129,20,0059(brokerage business),351,1,20,0253(brokerage business),272,2
Total,,61514,-14370,Total,,20042,1253,Total,,25856,1615
Ranking,Name of FF Member /OSBPs,Volume,Change from Previous Trading Day,Ranking,Name of FF Member /OSBPs,Long Position,Change from Previous Trading Day,Ranking,Name of FF Member /OSBPs,Short Position,Change from Previous Trading Day
Contract Code：nr2609,,,,,,,,,,2026-09-09,
1,8004(brokerage business),20,20,1,8253(brokerage business),140,0,1,8253(brokerage business),80,0
2,8096(brokerage business),10,-20,2,8148(brokerage business),80,0,2,8096(brokerage business),70,10
3,8272(brokerage business),10,0,3,8077(brokerage business),20,0,3,8004(brokerage business),40,-20
4,,,,4,8004(brokerage business),10,0,4,8148(brokerage business),40,0
5,,,,5,8151(brokerage business),10,0,5,8321(brokerage business),20,0
6,,,,6,,,,6,8323(brokerage business),10,0
Total,,40,0,Total,,260,0,Total,,260,-10
Ranking,Name of FF Member /OSBPs,Volume,Change from Previous Trading Day,Ranking,Name of FF Member /OSBPs,Long Position,Change from Previous Trading Day,Ranking,Name of FF Member /OSBPs,Short Position,Change from Previous Trading Day
Contract Code：nr2610,,,,,,,,,,2026-09-09,
1,8163(brokerage business),3021,-1891,1,8004(brokerage business),4130,23,1,8004(brokerage business),3142,-159
2,8253(brokerage business),2319,23,2,8148(brokerage business),2339,-152,2,8148(brokerage business),2495,66
3,8004(brokerage business),2228,-262,3,8096(brokerage business),1596,-12,3,8272(brokerage business),1710,-106
4,8275(brokerage business),1549,-621,4,8253(brokerage business),1128,-53,4,8163(brokerage business),1466,-248
5,8148(brokerage business),1062,-598,5,8058(brokerage business),863,-5,5,8177(brokerage business),1392,0
6,8103(brokerage business),930,662,6,8077(brokerage business),738,-14,6,8103(brokerage business),1103,-40
7,8123(brokerage business),563,-252,7,8059(brokerage business),632,-10,7,8275(brokerage business),1035,1
8,8271(brokerage business),539,-158,8,8272(brokerage business),544,56,8,8240(brokerage business),697,0
9,8007(brokerage business),532,-546,9,8163(brokerage business),481,75,9,8019(brokerage business),674,2
10,8272(brokerage business),396,-27,10,8151(brokerage business),455,-11,10,8139(brokerage business),617,-1
11,8059(brokerage business),336,-570,11,8389(brokerage business),444,-14,11,8349(brokerage business),600,0
12,8268(brokerage business),273,-103,12,8001(brokerage business),428,10,12,8253(brokerage business),452,-496
13,8240(brokerage business),233,20,13,8103(brokerage business),392,-870,13,8123(brokerage business),450,8
14,8069(brokerage business),221,148,14,8003(brokerage business),353,1,14,8069(brokerage business),445,-118
15,8029(brokerage business),205,154,15,8095(brokerage business),344,0,15,8077(brokerage business),429,-117
16,8081(brokerage business),197,-82,16,8153(brokerage business),343,-15,16,8305(brokerage business),400,0
17,8308(brokerage business),191,-157,17,8171(brokerage business),332,0,17,8058(brokerage business),381,40
18,8009(brokerage business),183,-444,18,8161(brokerage business),321,-51,18,8096(brokerage business),273,0
19,8077(brokerage business),147,-34,19,8274(brokerage business),304,-46,19,8125(brokerage business),266,0
20,8001(brokerage business),133,54,20,8082(brokerage business),271,-1,20,8418(brokerage business),200,-20
Total,,15258,-4684,Total,,16438,-1089,Total,,18227,-1188
Ranking,Name of FF Member /OSBPs,Volume,Change from Previous Trading Day,Ranking,Name of FF Member /OSBPs,Long Position,Change from Previous Trading Day,Ranking,Name of FF Member /OSBPs,Short Position,Change from Previous Trading Day
Contract Code：nr2611,,,,,,,,,,2026-09-09,
1,8163(brokerage business),42753,-1930,1,8004(brokerage business),6841,319,1,8004(brokerage business),11546,300
2,8275(brokerage business),18001,2641,2,8239(brokerage business),6162,891,2,8148(brokerage business),6680,449
3,8253(brokerage business),17414,-3080,3,8103(brokerage business),6004,199,3,8163(brokerage business),4511,-459
4,8004(brokerage business),15995,-632,4,8148(brokerage business),5961,61,4,8272(brokerage business),3975,148
5,8148(brokerage business),13822,1560,5,8163(brokerage business),5568,-130,5,8096(brokerage business),3791,-23
6,8081(brokerage business),5999,1335,6,8184(brokerage business),5268,-649,6,8253(brokerage business),3690,75
7,8272(brokerage business),5125,1640,7,8084(brokerage business),2649,-6,7,8240(brokerage business),3406,-72
8,8123(brokerage business),5010,-7087,8,8274(brokerage business),2311,28,8,8123(brokerage business),3389,-9
9,8308(brokerage business),3094,-431,9,8349(brokerage business),2185,0,9,8103(brokerage business),2698,30
10,8096(brokerage business),2838,182,10,8253(brokerage business),2104,-33,10,8125(brokerage business),2675,837
11,8186(brokerage business),2721,-402,11,8272(brokerage business),2093,225,11,8082(brokerage business),2649,-8
12,8240(brokerage business),2513,391,12,8240(brokerage business),1873,151,12,8275(brokerage business),2443,2
13,8103(brokerage business),2429,-315,13,8277(brokerage business),1829,21,13,8009(brokerage business),2288,23
14,8298(brokerage business),2329,-353,14,8268(brokerage business),1819,-4,14,8058(brokerage business),2093,-46
15,8268(brokerage business),2292,-96,15,8335(brokerage business),1723,34,15,8059(brokerage business),1825,-18
16,8239(brokerage business),2226,288,16,8288(brokerage business),1266,231,16,8077(brokerage business),1791,52
17,8151(brokerage business),1846,468,17,8177(brokerage business),1265,-34,17,8177(brokerage business),1472,-110
18,8069(brokerage business),1839,39,18,8305(brokerage business),1246,2,18,8308(brokerage business),1381,154
19,8043(brokerage business),1828,-583,19,8077(brokerage business),1146,-29,19,8069(brokerage business),1212,202
20,8323(brokerage business),1742,-18,20,8323(brokerage business),1124,82,20,8153(brokerage business),1019,148
Total,,151816,-6383,Total,,60437,1359,Total,,64534,1675
Ranking,Name of FF Member /OSBPs,Volume,Change from Previous Trading Day,Ranking,Name of FF Member /OSBPs,Long Position,Change from Previous Trading Day,Ranking,Name of FF Member /OSBPs,Short Position,Change from Previous Trading Day
Contract Code：nr2612,,,,,,,,,,2026-09-09,
1,8163(brokerage business),15691,-890,1,8004(brokerage business),6944,264,1,8004(brokerage business),7430,685
2,8253(brokerage business),10088,2393,2,8148(brokerage business),4597,176,2,8148(brokerage business),3599,-79
3,8004(brokerage business),6821,-992,3,8323(brokerage business),3078,103,3,8372(brokerage business),3204,-97
4,8148(brokerage business),6589,-94,4,8163(brokerage business),2887,207,4,8253(brokerage business),3032,-86
5,8275(brokerage business),5153,-104,5,8103(brokerage business),2654,215,5,8103(brokerage business),2790,350
6,8081(brokerage business),3702,199,6,8268(brokerage business),2294,147,6,8268(brokerage business),2668,162
7,8096(brokerage business),3263,167,7,8034(brokerage business),2110,-48,7,8163(brokerage business),2511,-154
8,8009(brokerage business),2436,1237,8,8082(brokerage business),1930,-9,8,8240(brokerage business),2214,-20
9,8123(brokerage business),2062,-2435,9,8274(brokerage business),1894,11,9,8082(brokerage business),2188,31
10,8268(brokerage business),1279,369,10,8253(brokerage business),1854,6,10,8123(brokerage business),2104,-1
11,8271(brokerage business),1240,760,11,8161(brokerage business),1647,7,11,8323(brokerage business),2095,15
12,8007(brokerage business),1063,-440,12,8295(brokerage business),1601,7,12,8034(brokerage business),1924,-36
13,8240(brokerage business),1012,305,13,8009(brokerage business),1379,-1902,13,8058(brokerage business),1903,53
14,8274(brokerage business),994,-19,14,8372(brokerage business),1345,5,14,8275(brokerage business),1574,43
15,8059(brokerage business),969,-627,15,8277(brokerage business),1231,31,15,8161(brokerage business),1524,-2
16,8323(brokerage business),892,79,16,8139(brokerage business),1155,0,16,8277(brokerage business),1202,100
17,8103(brokerage business),795,171,17,8308(brokerage business),759,58,17,8096(brokerage business),1172,-104
18,8069(brokerage business),723,-315,18,8240(brokerage business),645,148,18,8177(brokerage business),849,1
19,8308(brokerage business),670,128,19,8123(brokerage business),623,-3,19,8254(brokerage business),470,-119
20,8272(brokerage business),521,83,20,8259(brokerage business),623,63,20,8019(brokerage business),420,28
Total,,65963,-25,Total,,41250,-514,Total,,44873,770
Ranking,Name of FF Member /OSBPs,Volume,Change from Previous Trading Day,Ranking,Name of FF Member /OSBPs,Long Position,Change from Previous Trading Day,Ranking,Name of FF Member /OSBPs,Short Position,Change from Previous Trading Day
Contract Code：nr2701,,,,,,,,,,2026-09-09,
1,8163(brokerage business),6031,-1363,1,8004(brokerage business),4533,365,1,8004(brokerage business),5520,33
2,8275(brokerage business),3994,1165,2,8148(brokerage business),2938,456,2,8148(brokerage business),3989,-13
3,8004(brokerage business),3120,-2352,3,8103(brokerage business),1773,220,3,8123(brokerage business),1995,-11
4,8148(brokerage business),2441,392,4,8139(brokerage business),1574,34,4,8275(brokerage business),1976,-19
5,8009(brokerage business),2408,1932,5,8295(brokerage business),1483,6,5,8349(brokerage business),1885,38
6,8253(brokerage business),2326,-1125,6,8323(brokerage business),1448,1,6,8254(brokerage business),1238,160
7,8271(brokerage business),1092,-181,7,8272(brokerage business),1439,71,7,8103(brokerage business),1237,-9
8,8123(brokerage business),1047,-667,8,8163(brokerage business),1288,36,8,8305(brokerage business),1215,0
9,8308(brokerage business),950,445,9,8253(brokerage business),1246,19,9,8058(brokerage business),1052,55
10,8059(brokerage business),903,-322,10,8335(brokerage business),1195,-6,10,8059(brokerage business),1032,195
11,8007(brokerage business),801,-315,11,8274(brokerage business),1070,17,11,8253(brokerage business),1024,-31
12,8274(brokerage business),484,-54,12,8059(brokerage business),910,36,12,8163(brokerage business),982,-205
13,8069(brokerage business),466,-335,13,8240(brokerage business),833,0,13,8081(brokerage business),975,22
14,8138(brokerage business),441,4,14,8077(brokerage business),820,62,14,8321(brokerage business),906,-93
15,8272(brokerage business),367,36,15,8009(brokerage business),770,-1901,15,8082(brokerage business),847,31
16,8103(brokerage business),363,-76,16,8137(brokerage business),756,-29,16,8019(brokerage business),839,-13
17,8240(brokerage business),331,-394,17,8288(brokerage business),752,-11,17,8385(brokerage business),774,0
18,8081(brokerage business),288,32,18,8121(brokerage business),738,21,18,8372(brokerage business),761,0
19,8323(brokerage business),287,-46,19,8107(brokerage business),590,5,19,8034(brokerage business),748,91
20,8254(brokerage business),262,222,20,8043(brokerage business),549,2,20,8418(brokerage business),606,0
Total,,28402,-3002,Total,,26705,-596,Total,,29601,231
Member/OSP Type,Total Volume,Change from Previous Trading Day,Member/OSP Type,Total Long Position,Change from Previous Trading Day,Member/OSP Type,Total Short Position,Change from Previous Trading Day,,,
Contract Code：spall,,,,,,,2026-09-09,,,,
Name of FF Member/OSBP,1167208,412834,Name of FF Member/OSBP,404655,-6552,Name of FF Member/OSBP,404655,-6552,,,
Name of Non-FF Member/OSNBP,0,0,Name of Non-FF Member/OSNBP,0,0,Name of Non-FF Member/OSNBP,0,0,,,
Ranking,Name of FF Member /OSBPs,Volume,Change from Previous Trading Day,Ranking,Name of FF Member /OSBPs,Long Position,Change from Previous Trading Day,Ranking,Name of FF Member /OSBPs,Short Position,Change from Previous Trading Day
Contract Code：sp2609,,,,,,,,,,2026-09-09,
1,0163(brokerage business),106,-32,1,0004(brokerage business),2356,0,1,0059(brokerage business),1470,0
2,0103(brokerage business),60,-84,2,0081(brokerage business),1152,0,2,0125(brokerage business),1324,0
3,0004(brokerage business),32,-752,3,0103(brokerage business),1002,0,3,0004(brokerage business),1192,-28
4,0009(brokerage business),30,30,4,0082(brokerage business),796,0,4,0148(brokerage business),614,0
5,0268(brokerage business),30,26,5,0148(brokerage business),638,0,5,0177(brokerage business),558,-8
6,0137(brokerage business),14,-14,6,0123(brokerage business),360,-6,6,0163(brokerage business),484,-26
7,0272(brokerage business),10,-26,7,0029(brokerage business),304,0,7,0299(brokerage business),400,0
8,0177(brokerage business),8,-88,8,0003(brokerage business),300,0,8,0081(brokerage business),322,0
9,0123(brokerage business),6,-188,9,0159(brokerage business),300,0,9,0327(brokerage business),300,0
10,0019(brokerage business),4,-36,10,0169(brokerage business),300,0,10,0019(brokerage business),288,0
11,,,,11,0009(brokerage business),216,-30,11,0082(brokerage business),250,0
12,,,,12,0034(brokerage business),200,0,12,0138(brokerage business),238,0
13,,,,13,0349(brokerage business),200,0,13,0268(brokerage business),230,0
14,,,,14,0019(brokerage business),142,0,14,0159(brokerage business),218,0
15,,,,15,0139(brokerage business),120,0,15,0096(brokerage business),200,0
16,,,,16,0177(brokerage business),120,0,16,0418(brokerage business),200,0
17,,,,17,0272(brokerage business),110,-6,17,0272(brokerage business),178,0
18,,,,18,0385(brokerage business),84,0,18,0321(brokerage business),178,0
19,,,,19,0138(brokerage business),80,0,19,0153(brokerage business),100,0
20,,,,20,0268(brokerage business),10,-30,20,0103(brokerage business),56,0
Total,,300,-1164,Total,,8790,-72,Total,,8800,-62
Ranking,Name of FF Member /OSBPs,Volume,Change from Previous Trading Day,Ranking,Name of FF Member /OSBPs,Long Position,Change from Previous Trading Day,Ranking,Name of FF Member /OSBPs,Short Position,Change from Previous Trading Day
Contract Code：sp2611,,,,,,,,,,2026-09-09,
1,0004(brokerage business),202596,60920,1,0004(brokerage business),22449,-5275,1,0004(brokerage business),24372,1369
2,0163(brokerage business),125098,31568,2,0148(brokerage business),15023,1369,2,0163(brokerage business),20286,1035
3,0148(brokerage business),85091,30473,3,0272(brokerage business),11091,-157,3,0148(brokerage business),20024,-2626
4,0275(brokerage business),73958,11773,4,0268(brokerage business),8226,-441,4,0272(brokerage business),11097,-351
5,0081(brokerage business),53425,42976,5,0163(brokerage business),6907,-2615,5,0239(brokerage business),10857,-1137
6,0253(brokerage business),30631,164,6,0240(brokerage business),6578,733,6,0253(brokerage business),7747,393
7,0240(brokerage business),20200,4119,7,0253(brokerage business),4934,-740,7,0103(brokerage business),7192,-393
8,0272(brokerage business),19980,6440,8,0096(brokerage business),4500,94,8,0335(brokerage business),6789,-545
9,0123(brokerage business),18838,10974,9,0077(brokerage business),4342,307,9,0081(brokerage business),6420,791
10,0259(brokerage business),17730,16115,10,0081(brokerage business),4288,-540,10,0059(brokerage business),6289,-2541
11,0096(brokerage business),12656,4951,11,0043(brokerage business),3866,-120,11,0177(brokerage business),5916,-122
12,0103(brokerage business),12508,3070,12,0103(brokerage business),3824,191,12,0123(brokerage business),5576,-1231
13,0186(brokerage business),10315,3057,13,0034(brokerage business),3665,211,13,0125(brokerage business),4108,-153
14,0059(brokerage business),9844,4733,14,0186(brokerage business),3544,308,14,0058(brokerage business),3754,-1273
15,0323(brokerage business),9435,5466,15,0275(brokerage business),3419,178,15,0034(brokerage business),3532,-597
16,0274(brokerage business),9152,4943,16,0298(brokerage business),3326,485,16,0043(brokerage business),3327,-153
17,0268(brokerage business),8901,3887,17,0238(brokerage business),3153,101,17,0082(brokerage business),3111,107
18,0034(brokerage business),8624,4288,18,0169(brokerage business),3113,248,18,0308(brokerage business),3035,-296
19,0308(brokerage business),7914,2866,19,0082(brokerage business),3108,-106,19,0084(brokerage business),3001,-13
20,0069(brokerage business),7312,3175,20,0137(brokerage business),3047,-147,20,0077(brokerage business),2891,166
Total,,744208,255958,Total,,122403,-5916,Total,,159324,-7570
Ranking,Name of FF Member /OSBPs,Volume,Change from Previous Trading Day,Ranking,Name of FF Member /OSBPs,Long Position,Change from Previous Trading Day,Ranking,Name of FF Member /OSBPs,Short Position,Change from Previous Trading Day
Contract Code：sp2701,,,,,,,,,,2026-09-09,
1,0148(brokerage business),36387,12274,1,0004(brokerage business),10325,-2327,1,0004(brokerage business),17053,2480
2,0163(brokerage business),26127,11147,2,0123(brokerage business),9747,-567,2,0148(brokerage business),16690,848
3,0275(brokerage business),24300,8597,3,0163(brokerage business),8642,-332,3,0163(brokerage business),5713,2407
4,0004(brokerage business),21505,9676,4,0272(brokerage business),6904,141,4,0418(brokerage business),5549,-170
5,0123(brokerage business),13427,6329,5,0177(brokerage business),5654,53,5,0169(brokerage business),4918,400
6,0240(brokerage business),8169,4000,6,0043(brokerage business),4595,27,6,0009(brokerage business),4195,72
7,0253(brokerage business),6843,1778,7,0042(brokerage business),4430,-199,7,0177(brokerage business),4103,202
8,0081(brokerage business),6025,3719,8,0148(brokerage business),3669,-55,8,0125(brokerage business),4088,108
9,0058(brokerage business),5248,4933,9,0103(brokerage business),3505,-29,9,0253(brokerage business),3982,-42
10,0034(brokerage business),4865,4092,10,0018(brokerage business),2905,113,10,0335(brokerage business),3826,-718
11,0086(brokerage business),2106,-571,11,0253(brokerage business),2690,183,11,0103(brokerage business),3763,-72
12,0259(brokerage business),1987,1906,12,0275(brokerage business),2496,8,12,0059(brokerage business),3473,601
13,0272(brokerage business),1932,634,13,0186(brokerage business),2213,156,13,0029(brokerage business),3421,0
14,0186(brokerage business),1911,689,14,0288(brokerage business),2061,44,14,0034(brokerage business),3154,-318
15,0007(brokerage business),1880,1286,15,0077(brokerage business),1979,208,15,0081(brokerage business),3114,220
16,0082(brokerage business),1829,1666,16,0137(brokerage business),1825,218,16,0096(brokerage business),2949,-116
17,0059(brokerage business),1813,409,17,0262(brokerage business),1784,-6,17,0003(brokerage business),2865,13
18,0077(brokerage business),1761,1098,18,0069(brokerage business),1762,29,18,0272(brokerage business),2734,-221
19,0139(brokerage business),1641,1523,19,0136(brokerage business),1748,-10,19,0139(brokerage business),2660,-116
20,0103(brokerage business),1471,573,20,0096(brokerage business),1715,174,20,0082(brokerage business),2586,-52
Total,,171227,75758,Total,,80649,-2171,Total,,100836,5526
Member/OSP Type,Total Volume,Change from Previous Trading Day,Member/OSP Type,Total Long Position,Change from Previous Trading Day,Member/OSP Type,Total Short Position,Change from Previous Trading Day,,,
Contract Code：opall,,,,,,,2026-09-09,,,,
Name of FF Member/OSBP,41880,5336,Name of FF Member/OSBP,25692,-79,Name of FF Member/OSBP,25692,-79,,,
Name of Non-FF Member/OSNBP,0,0,Name of Non-FF Member/OSNBP,0,0,Name of Non-FF Member/OSNBP,0,0,,,
Ranking,Name of FF Member /OSBPs,Volume,Change from Previous Trading Day,Ranking,Name of FF Member /OSBPs,Long Position,Change from Previous Trading Day,Ranking,Name of FF Member /OSBPs,Short Position,Change from Previous Trading Day
Contract Code：op2609,,,,,,,,,,2026-09-09,
1,,,,1,0004(brokerage business),30,0,1,0321(brokerage business),28,0
2,,,,2,,,,2,0082(brokerage business),2,0
Total,,,,Total,,30,0,Total,,30,0
Ranking,Name of FF Member /OSBPs,Volume,Change from Previous Trading Day,Ranking,Name of FF Member /OSBPs,Long Position,Change from Previous Trading Day,Ranking,Name of FF Member /OSBPs,Short Position,Change from Previous Trading Day
Contract Code：op2610,,,,,,,,,,2026-09-09,
1,0257(brokerage business),1236,-2841,1,0268(brokerage business),970,-6,1,0268(brokerage business),903,-4
2,0268(brokerage business),1216,-1520,2,0082(brokerage business),594,-1,2,0004(brokerage business),820,-23
3,0275(brokerage business),768,-1414,3,0148(brokerage business),538,10,3,0148(brokerage business),511,5
4,0148(brokerage business),497,28,4,0004(brokerage business),506,-1,4,0082(brokerage business),502,-1
5,0004(brokerage business),444,-98,5,0008(brokerage business),494,7,5,0257(brokerage business),497,-2
6,0163(brokerage business),344,105,6,0257(brokerage business),489,4,6,0008(brokerage business),494,7
7,0123(brokerage business),328,137,7,0123(brokerage business),485,0,7,0123(brokerage business),485,0
8,0081(brokerage business),89,-137,8,0275(brokerage business),473,0,8,0275(brokerage business),457,-4
9,0059(brokerage business),38,34,9,0013(brokerage business),157,0,9,0163(brokerage business),54,6
10,0008(brokerage business),30,-32,10,0059(brokerage business),35,-32,10,0018(brokerage business),50,0
11,0082(brokerage business),10,0,11,0137(brokerage business),34,0,11,0319(brokerage business),38,0
12,0389(brokerage business),10,10,12,0067(brokerage business),30,0,12,0125(brokerage business),32,0
13,0058(brokerage business),8,8,13,0048(brokerage business),24,2,13,0103(brokerage business),27,0
14,0069(brokerage business),7,7,14,0034(brokerage business),23,0,14,0136(brokerage business),20,0
15,0089(brokerage business),5,2,15,0182(brokerage business),19,0,15,0389(brokerage business),20,-10
16,0095(brokerage business),5,-3,16,0069(brokerage business),15,-7,16,0151(brokerage business),15,-2
17,0240(brokerage business),5,3,17,0240(brokerage business),13,1,17,0137(brokerage business),11,0
18,0161(brokerage business),4,3,18,0049(brokerage business),12,0,18,0009(brokerage business),9,0
19,0009(brokerage business),2,-4,19,0103(brokerage business),11,0,19,0299(brokerage business),9,0
20,0019(brokerage business),2,1,20,0323(brokerage business),11,0,20,0001(brokerage business),7,0
Total,,5048,-5711,Total,,4933,-23,Total,,4961,-28
Ranking,Name of FF Member /OSBPs,Volume,Change from Previous Trading Day,Ranking,Name of FF Member /OSBPs,Long Position,Change from Previous Trading Day,Ranking,Name of FF Member /OSBPs,Short Position,Change from Previous Trading Day
Contract Code：op2611,,,,,,,,,,2026-09-09,
1,0004(brokerage business),3748,1222,1,0268(brokerage business),3790,64,1,0268(brokerage business),3811,59
2,0268(brokerage business),3309,1149,2,0004(brokerage business),3000,-9,2,0123(brokerage business),2866,-33
3,0163(brokerage business),3187,241,3,0148(brokerage business),2635,2,3,0148(brokerage business),2592,13
4,0257(brokerage business),2458,-261,4,0123(brokerage business),2408,-38,4,0004(brokerage business),2508,-13
5,0123(brokerage business),1991,-346,5,0008(brokerage business),2001,-1,5,0008(brokerage business),1997,-1
6,0275(brokerage business),1617,604,6,0257(brokerage business),1803,-11,6,0257(brokerage business),1798,1
7,0148(brokerage business),1457,-76,7,0082(brokerage business),1565,2,7,0082(brokerage business),1498,-5
8,0008(brokerage business),902,-301,8,0275(brokerage business),1420,1,8,0275(brokerage business),1405,0
9,0019(brokerage business),277,-21,9,0163(brokerage business),176,-19,9,0103(brokerage business),495,0
10,0081(brokerage business),245,-235,10,0059(brokerage business),63,36,10,0163(brokerage business),471,0
11,0253(brokerage business),147,110,11,0034(brokerage business),62,2,11,0253(brokerage business),291,-3
12,0058(brokerage business),91,2,12,0018(brokerage business),53,5,12,0058(brokerage business),31,-27
13,0309(brokerage business),87,14,13,0137(brokerage business),51,3,13,0186(brokerage business),27,-6
14,0186(brokerage business),79,32,14,0308(brokerage business),51,-5,14,0042(brokerage business),26,0
15,0298(brokerage business),73,-64,15,0086(brokerage business),47,-10,15,0137(brokerage business),26,2
16,0018(brokerage business),72,44,16,0319(brokerage business),45,-1,16,0252(brokerage business),24,-2
17,0238(brokerage business),61,24,17,0125(brokerage business),42,0,17,0272(brokerage business),23,-8
18,0034(brokerage business),50,-47,18,0169(brokerage business),41,28,18,0048(brokerage business),21,-2
19,0059(brokerage business),42,24,19,0001(brokerage business),39,-3,19,0067(brokerage business),19,-4
20,0067(brokerage business),33,18,20,0272(brokerage business),35,0,20,0018(brokerage business),11,-3
Total,,19926,2133,Total,,19327,46,Total,,19940,-32
