"SHFE Member/OSP Volume, Open Interest Rankings",,,,,,,,,,,
,,,,,,,,,,,
Date: 2026-09-17,,,,,,,,,,,
"Note: FF Member/OSBP may not engage in trading of its own futures, the above volume and positions ranking data of FF Member/OSBP Clearing Members refers to he participation of all clients who are engaging in brokerage business during the statistical period. FF Member/OSBP engaging in brokerage business shall accept entrustment by its clients to conduct futures trading in its own name on behalf of the client.",,,,,,,,,,,
Member/OSP Type,Total Volume,Change from Previous Trading Day,Member/OSP Type,Total Long Position,Change from Previous Trading Day,Member/OSP Type,Total Short Position,Change from Previous Trading Day,,,
Contract Code：cuall,,,,,,,2026-09-17,,,,
Name of FF Member/OSBP,280113,-12178,Name of FF Member/OSBP,521232,1014,Name of FF Member/OSBP,511401,267,,,
Name of Non-FF Member/OSNBP,2519,-1756,Name of Non-FF Member/OSNBP,3655,-47,Name of Non-FF Member/OSNBP,13486,700,,,
Ranking,Name of FF Member /OSBPs,Volume,Change from Previous Trading Day,Ranking,Name of FF Member /OSBPs,Long Position,Change from Previous Trading Day,Ranking,Name of FF Member /OSBPs,Short Position,Change from Previous Trading Day
Contract Code：cu2610,,,,,,,,,,2026-09-17,
1,0148(brokerage business),18490,287,1,0148(brokerage business),18472,-76,1,0148(brokerage business),17252,-534
2,0163(brokerage business),16809,-2714,2,0004(brokerage business),17897,-290,2,0049(brokerage business),10219,-537
3,0004(brokerage business),11724,-1785,3,0049(brokerage business),14742,-670,3,0163(brokerage business),9291,-1397
4,0049(brokerage business),6456,-1917,4,0272(brokerage business),8078,-266,4,0004(brokerage business),7376,-1024
5,0272(brokerage business),6084,-248,5,0163(brokerage business),6670,598,5,0139(brokerage business),7106,-1348
6,0096(brokerage business),5842,253,6,0077(brokerage business),5096,194,6,0009(brokerage business),7075,-403
7,0253(brokerage business),4082,-517,7,0103(brokerage business),4182,-132,7,0025(brokerage business),6476,429
8,0308(brokerage business),4043,-502,8,0253(brokerage business),3904,27,8,0321(brokerage business),5151,-293
9,0123(brokerage business),3492,842,9,0240(brokerage business),3425,-76,9,0082(brokerage business),4999,-981
10,0275(brokerage business),3484,-274,10,0268(brokerage business),3303,-104,10,0272(brokerage business),4099,396
11,0321(brokerage business),2925,2110,11,0096(brokerage business),2747,-304,11,0240(brokerage business),4016,105
12,0034(brokerage business),2923,-1426,12,0042(brokerage business),2634,-7,12,0315(brokerage business),3871,230
13,0240(brokerage business),2507,-955,13,0321(brokerage business),2484,-866,13,0253(brokerage business),3402,-225
14,0315(brokerage business),2502,-300,14,0081(brokerage business),2209,279,14,0169(brokerage business),3014,-38
15,0082(brokerage business),2486,959,15,0003(brokerage business),2033,-267,15,0034(brokerage business),2990,190
16,0081(brokerage business),2478,162,16,0323(brokerage business),1932,18,16,0096(brokerage business),2833,-134
17,0009(brokerage business),1877,265,17,0308(brokerage business),1887,-17,17,0308(brokerage business),2750,32
18,0268(brokerage business),1824,-354,18,0136(brokerage business),1868,-133,18,0018(brokerage business),2570,126
19,0058(brokerage business),1768,-778,19,0034(brokerage business),1838,-255,19,0081(brokerage business),2565,139
20,0103(brokerage business),1576,-1925,20,0338(brokerage business),1802,-211,20,0058(brokerage business),2362,-716
Total,,103372,-8817,Total,,107203,-2558,Total,,109417,-5983
Ranking,Name of FF Member /OSBPs,Volume,Change from Previous Trading Day,Ranking,Name of FF Member /OSBPs,Long Position,Change from Previous Trading Day,Ranking,Name of FF Member /OSBPs,Short Position,Change from Previous Trading Day
Contract Code：cu2611,,,,,,,,,,2026-09-17,
1,0163(brokerage business),9138,429,1,0148(brokerage business),22814,848,1,0148(brokerage business),16279,113
2,0004(brokerage business),7805,-1744,2,0004(brokerage business),9955,320,2,0004(brokerage business),15259,43
3,0148(brokerage business),7585,-205,3,0272(brokerage business),7003,-1266,3,0049(brokerage business),9861,502
4,0272(brokerage business),5401,926,4,0239(brokerage business),6485,446,4,0163(brokerage business),5673,172
5,0096(brokerage business),3496,-43,5,0049(brokerage business),5206,254,5,0315(brokerage business),5255,1
6,0275(brokerage business),3473,86,6,0003(brokerage business),5054,44,6,0272(brokerage business),4319,101
7,0308(brokerage business),2758,-134,7,0163(brokerage business),4160,-648,7,0009(brokerage business),4273,321
8,0253(brokerage business),2063,-318,8,0259(brokerage business),3175,-269,8,0042(brokerage business),4027,170
9,0049(brokerage business),2032,305,9,0034(brokerage business),3110,-90,9,0321(brokerage business),3726,57
10,0059(brokerage business),1476,373,10,0268(brokerage business),3036,-3,10,0253(brokerage business),3458,-25
11,0103(brokerage business),1312,840,11,0308(brokerage business),2859,98,11,0139(brokerage business),3309,6
12,0034(brokerage business),1278,484,12,0125(brokerage business),2698,291,12,0069(brokerage business),3205,-7
13,0123(brokerage business),1271,378,13,0123(brokerage business),2373,47,13,0082(brokerage business),2710,10
14,0240(brokerage business),1192,108,14,0253(brokerage business),2357,64,14,0067(brokerage business),2496,-322
15,0333(brokerage business),1072,304,15,0323(brokerage business),2315,7,15,0169(brokerage business),2485,19
16,0151(brokerage business),966,413,16,0103(brokerage business),2310,177,16,0034(brokerage business),2323,50
17,0259(brokerage business),950,149,17,0385(brokerage business),2297,-4,17,0240(brokerage business),2305,89
18,0137(brokerage business),856,553,18,0178(brokerage business),2142,2,18,0177(brokerage business),2069,-151
19,0019(brokerage business),837,-126,19,0096(brokerage business),1938,-160,19,0025(brokerage business),1846,-169
20,0009(brokerage business),833,131,20,0274(brokerage business),1887,101,20,0138(brokerage business),1830,22
Total,,55794,2909,Total,,93174,259,Total,,96708,1002
Ranking,Name of FF Member /OSBPs,Volume,Change from Previous Trading Day,Ranking,Name of FF Member /OSBPs,Long Position,Change from Previous Trading Day,Ranking,Name of FF Member /OSBPs,Short Position,Change from Previous Trading Day
Contract Code：cu2612,,,,,,,,,,2026-09-17,
1,0163(brokerage business),4182,264,1,0148(brokerage business),9038,-161,1,0148(brokerage business),12399,207
2,0004(brokerage business),3387,-2193,2,0004(brokerage business),7493,560,2,0004(brokerage business),10844,585
3,0148(brokerage business),2140,-1626,3,0272(brokerage business),4800,581,3,0049(brokerage business),9444,296
4,0272(brokerage business),2068,426,4,0163(brokerage business),4263,1163,4,0372(brokerage business),5198,10
5,0308(brokerage business),1697,-40,5,0049(brokerage business),4150,-69,5,0272(brokerage business),4931,-149
6,0123(brokerage business),1181,927,6,0136(brokerage business),4108,-8,6,0042(brokerage business),3434,73
7,0333(brokerage business),991,8,7,0268(brokerage business),3509,-8,7,0163(brokerage business),3425,127
8,0275(brokerage business),939,-436,8,0103(brokerage business),3255,-18,8,0125(brokerage business),3187,44
9,0082(brokerage business),844,538,9,0274(brokerage business),3005,55,9,0034(brokerage business),3037,15
10,0323(brokerage business),687,97,10,0323(brokerage business),2868,-123,10,0067(brokerage business),2634,-3
11,0151(brokerage business),676,160,11,0081(brokerage business),2246,-23,11,0082(brokerage business),2573,518
12,0049(brokerage business),581,252,12,0178(brokerage business),2164,8,12,0096(brokerage business),2571,11
13,0025(brokerage business),512,232,13,0031(brokerage business),2038,53,13,0169(brokerage business),2202,-30
14,0253(brokerage business),494,83,14,0333(brokerage business),1971,-58,14,0308(brokerage business),2040,-123
15,0042(brokerage business),479,-899,15,0042(brokerage business),1924,272,15,0138(brokerage business),1970,17
16,0259(brokerage business),441,61,16,0034(brokerage business),1920,23,16,0253(brokerage business),1752,-99
17,0019(brokerage business),408,-79,17,0003(brokerage business),1788,8,17,0025(brokerage business),1634,147
18,0240(brokerage business),406,98,18,0069(brokerage business),1765,-8,18,0321(brokerage business),1603,227
19,0268(brokerage business),356,162,19,0077(brokerage business),1755,-2,19,0333(brokerage business),1523,-17
20,0321(brokerage business),330,313,20,0253(brokerage business),1691,-55,20,0240(brokerage business),1428,-17
Total,,22799,-1652,Total,,65751,2190,Total,,77829,1839
Ranking,Name of FF Member /OSBPs,Volume,Change from Previous Trading Day,Ranking,Name of FF Member /OSBPs,Long Position,Change from Previous Trading Day,Ranking,Name of FF Member /OSBPs,Short Position,Change from Previous Trading Day
Contract Code：cu2701,,,,,,,,,,2026-09-17,
1,0163(brokerage business),1804,69,1,0148(brokerage business),4003,53,1,0148(brokerage business),13077,-4
2,0148(brokerage business),601,157,2,0049(brokerage business),2804,3,2,0049(brokerage business),6832,221
3,0333(brokerage business),502,-230,3,0004(brokerage business),2245,-11,3,0272(brokerage business),4913,-27
4,0004(brokerage business),473,-30,4,0136(brokerage business),2145,6,4,0034(brokerage business),2217,13
5,0096(brokerage business),323,149,5,0034(brokerage business),1986,-7,5,0169(brokerage business),1421,52
6,0019(brokerage business),289,59,6,0333(brokerage business),1888,124,6,0042(brokerage business),1402,-28
7,0025(brokerage business),260,22,7,0069(brokerage business),1866,0,7,0067(brokerage business),1372,-1
8,0240(brokerage business),256,92,8,0096(brokerage business),1716,-149,8,0333(brokerage business),1311,-40
9,0049(brokerage business),244,-506,9,0323(brokerage business),1473,31,9,0372(brokerage business),1234,140
10,0323(brokerage business),228,167,10,0031(brokerage business),1332,5,10,0103(brokerage business),1181,1
11,0275(brokerage business),224,-49,11,0103(brokerage business),1317,7,11,0163(brokerage business),742,128
12,0308(brokerage business),210,-194,12,0177(brokerage business),1033,3,12,0029(brokerage business),672,0
13,0372(brokerage business),209,29,13,0272(brokerage business),1003,6,13,0082(brokerage business),574,7
14,0268(brokerage business),196,62,14,0163(brokerage business),997,174,14,0025(brokerage business),518,4
15,0272(brokerage business),191,-141,15,0274(brokerage business),925,-1,15,0321(brokerage business),447,0
16,0253(brokerage business),174,-45,16,0178(brokerage business),920,51,16,0018(brokerage business),439,-4
17,0103(brokerage business),170,42,17,0125(brokerage business),740,-87,17,0077(brokerage business),426,0
18,0082(brokerage business),167,94,18,0003(brokerage business),702,0,18,0004(brokerage business),395,12
19,0042(brokerage business),129,-174,19,0042(brokerage business),689,37,19,0240(brokerage business),386,2
20,0125(brokerage business),117,30,20,0339(brokerage business),637,0,20,0125(brokerage business),353,18
Total,,6767,-397,Total,,30421,245,Total,,39912,494
Ranking,Name of FF Member /OSBPs,Volume,Change from Previous Trading Day,Ranking,Name of FF Member /OSBPs,Long Position,Change from Previous Trading Day,Ranking,Name of FF Member /OSBPs,Short Position,Change from Previous Trading Day
Contract Code：cu2702,,,,,,,,,,2026-09-17,
1,0333(brokerage business),402,-80,1,0004(brokerage business),2972,32,1,0148(brokerage business),7244,-16
2,0031(brokerage business),369,369,2,0272(brokerage business),2110,-83,2,0004(brokerage business),2471,55
3,0004(brokerage business),359,-2,3,0148(brokerage business),1989,10,3,0025(brokerage business),2179,2
4,0163(brokerage business),326,9,4,0031(brokerage business),1403,369,4,0042(brokerage business),1416,0
5,0272(brokerage business),290,26,5,0069(brokerage business),1277,-1,5,0333(brokerage business),1149,96
6,0240(brokerage business),254,123,6,0323(brokerage business),1077,66,6,0163(brokerage business),1140,52
7,0253(brokerage business),148,23,7,0049(brokerage business),1058,6,7,0103(brokerage business),1051,3
8,0148(brokerage business),138,-72,8,0081(brokerage business),855,101,8,0049(brokerage business),789,10
9,0177(brokerage business),117,112,9,0333(brokerage business),743,94,9,0067(brokerage business),659,0
10,0081(brokerage business),115,54,10,0139(brokerage business),700,2,10,0272(brokerage business),494,-11
11,0123(brokerage business),90,68,11,0034(brokerage business),693,17,11,0077(brokerage business),399,-2
12,0323(brokerage business),82,79,12,0178(brokerage business),534,-7,12,0253(brokerage business),312,114
13,0137(brokerage business),72,48,13,0003(brokerage business),417,1,13,0139(brokerage business),216,66
14,0139(brokerage business),68,-63,14,0103(brokerage business),412,0,14,0082(brokerage business),202,0
15,0308(brokerage business),57,-10,15,0008(brokerage business),360,2,15,0323(brokerage business),176,0
16,0096(brokerage business),56,-6,16,0161(brokerage business),357,1,16,0096(brokerage business),166,-17
17,0238(brokerage business),51,32,17,0253(brokerage business),331,-10,17,0088(brokerage business),159,4
18,0069(brokerage business),46,-3,18,0268(brokerage business),303,-1,18,0059(brokerage business),143,0
19,0171(brokerage business),46,46,19,0042(brokerage business),257,-3,19,0034(brokerage business),139,4
20,0049(brokerage business),32,-38,20,0096(brokerage business),251,-9,20,0008(brokerage business),131,0
Total,,3118,715,Total,,18099,587,Total,,20635,360
Ranking,Name of FF Member /OSBPs,Volume,Change from Previous Trading Day,Ranking,Name of FF Member /OSBPs,Long Position,Change from Previous Trading Day,Ranking,Name of FF Member /OSBPs,Short Position,Change from Previous Trading Day
Contract Code：cu2703,,,,,,,,,,2026-09-17,
1,0096(brokerage business),710,52,1,0323(brokerage business),2207,6,1,0148(brokerage business),11039,85
2,0163(brokerage business),654,-104,2,0148(brokerage business),2181,-3,2,0049(brokerage business),2874,4
3,0272(brokerage business),489,-165,3,0049(brokerage business),1964,7,3,0004(brokerage business),2384,11
4,0333(brokerage business),404,-88,4,0272(brokerage business),1512,-20,4,0077(brokerage business),1858,-3
5,0148(brokerage business),268,87,5,0069(brokerage business),1488,8,5,0422(brokerage business),1040,0
6,0240(brokerage business),179,21,6,0034(brokerage business),1305,60,6,0323(brokerage business),1018,0
7,0004(brokerage business),171,-71,7,0004(brokerage business),1204,8,7,0042(brokerage business),1012,1
8,0034(brokerage business),107,-19,8,0163(brokerage business),1113,200,8,0067(brokerage business),1003,0
9,0049(brokerage business),83,-15,9,0339(brokerage business),1087,-4,9,0103(brokerage business),859,16
10,0123(brokerage business),56,35,10,0136(brokerage business),1077,-1,10,0333(brokerage business),721,103
11,0308(brokerage business),51,-19,11,0003(brokerage business),992,0,11,0163(brokerage business),680,-4
12,0259(brokerage business),49,-9,12,0031(brokerage business),929,2,12,0272(brokerage business),435,-13
13,0018(brokerage business),44,34,13,0372(brokerage business),831,1,13,0372(brokerage business),235,-1
14,0103(brokerage business),38,17,14,0333(brokerage business),795,-61,14,0025(brokerage business),145,1
15,0253(brokerage business),35,15,15,0338(brokerage business),784,0,15,0096(brokerage business),144,4
16,0095(brokerage business),34,11,16,0253(brokerage business),674,7,16,0240(brokerage business),138,-59
17,0069(brokerage business),32,16,17,0268(brokerage business),664,-9,17,0008(brokerage business),103,0
18,0107(brokerage business),30,30,18,0042(brokerage business),661,-2,18,0268(brokerage business),89,1
19,0081(brokerage business),29,-51,19,0096(brokerage business),568,2,19,0123(brokerage business),72,0
20,0088(brokerage business),26,-18,20,0178(brokerage business),432,-1,20,0088(brokerage business),70,3
Total,,3489,-241,Total,,22468,200,Total,,25919,149
Ranking,Name of FF Member /OSBPs,Volume,Change from Previous Trading Day,Ranking,Name of FF Member /OSBPs,Long Position,Change from Previous Trading Day,Ranking,Name of FF Member /OSBPs,Short Position,Change from Previous Trading Day
Contract Code：bc2610,,,,,,,,,,2026-09-17,
1,8163(brokerage business),1689,-494,1,8004(brokerage business),2974,-58,1,8148(brokerage business),3024,24
2,8148(brokerage business),1184,-683,2,8148(brokerage business),2416,-48,2,8004(brokerage business),2826,-99
3,8253(brokerage business),1067,-36,3,8081(brokerage business),864,-5,3,8081(brokerage business),750,-7
4,8123(brokerage business),1044,975,4,8082(brokerage business),647,9,4,8240(brokerage business),626,0
5,8004(brokerage business),707,9,5,8239(brokerage business),641,-101,5,8082(brokerage business),619,15
6,8081(brokerage business),452,26,6,8103(brokerage business),540,-24,6,8163(brokerage business),554,-183
7,8275(brokerage business),445,-490,7,8161(brokerage business),507,-64,7,8049(brokerage business),516,-3
8,8308(brokerage business),349,-77,8,8184(brokerage business),359,-59,8,8161(brokerage business),475,-102
9,8161(brokerage business),300,29,9,8323(brokerage business),309,-3,9,8103(brokerage business),462,-19
10,8096(brokerage business),255,-18,10,8048(brokerage business),291,9,10,8084(brokerage business),308,-45
11,8048(brokerage business),233,11,11,8163(brokerage business),218,20,11,8323(brokerage business),301,-1
12,8034(brokerage business),167,155,12,8253(brokerage business),213,-5,12,8048(brokerage business),270,10
13,8239(brokerage business),143,-70,13,8272(brokerage business),182,0,13,8051(brokerage business),223,-16
14,8184(brokerage business),134,-272,14,8001(brokerage business),142,-1,14,8253(brokerage business),199,-40
15,8272(brokerage business),92,-26,15,8311(brokerage business),97,-6,15,8139(brokerage business),95,-1
16,8082(brokerage business),78,26,16,8138(brokerage business),85,-7,16,8123(brokerage business),82,1
17,8103(brokerage business),69,-31,17,8259(brokerage business),64,-10,17,8308(brokerage business),76,43
18,8259(brokerage business),60,-3,18,8151(brokerage business),62,-9,18,8184(brokerage business),39,-17
19,8009(brokerage business),52,1,19,8389(brokerage business),61,9,19,8299(brokerage business),32,0
20,8280(brokerage business),46,44,20,8335(brokerage business),54,-3,20,8019(brokerage business),23,0
Total,,8566,-924,Total,,10726,-356,Total,,11500,-440
Member/OSP Type,Total Volume,Change from Previous Trading Day,Member/OSP Type,Total Long Position,Change from Previous Trading Day,Member/OSP Type,Total Short Position,Change from Previous Trading Day,,,
Contract Code：alall,,,,,,,2026-09-17,,,,
Name of FF Member/OSBP,548818,68480,Name of FF Member/OSBP,589723,10313,Name of FF Member/OSBP,581987,9533,,,
Name of Non-FF Member/OSNBP,820,700,Name of Non-FF Member/OSNBP,0,0,Name of Non-FF Member/OSNBP,7736,780,,,
Ranking,Name of FF Member /OSBPs,Volume,Change from Previous Trading Day,Ranking,Name of FF Member /OSBPs,Long Position,Change from Previous Trading Day,Ranking,Name of FF Member /OSBPs,Short Position,Change from Previous Trading Day
Contract Code：al2610,,,,,,,,,,2026-09-17,
1,0163(brokerage business),35334,-4268,1,0148(brokerage business),17956,-1112,1,0148(brokerage business),27660,-2102
2,0148(brokerage business),33486,-389,2,0004(brokerage business),16939,-1454,2,0004(brokerage business),21545,-806
3,0004(brokerage business),23298,-3456,3,0163(brokerage business),9328,9,3,0272(brokerage business),7417,267
4,0275(brokerage business),19717,6741,4,0139(brokerage business),5018,-683,4,0253(brokerage business),6380,-808
5,0253(brokerage business),16949,1465,5,0034(brokerage business),4427,-162,5,0034(brokerage business),5713,26
6,0081(brokerage business),6180,933,6,0069(brokerage business),4368,-197,6,0123(brokerage business),5530,-134
7,0259(brokerage business),4213,-2421,7,0272(brokerage business),4232,-335,7,0163(brokerage business),4877,-1923
8,0240(brokerage business),4050,-49,8,0123(brokerage business),3917,-29,8,0268(brokerage business),4691,-447
9,0272(brokerage business),4006,-3695,9,0103(brokerage business),3916,-86,9,0240(brokerage business),4167,-640
10,0323(brokerage business),2783,-1169,10,0253(brokerage business),3599,-1085,10,0275(brokerage business),3267,-81
11,0268(brokerage business),2539,35,11,0323(brokerage business),3529,-477,11,0103(brokerage business),3116,-114
12,0096(brokerage business),2004,-864,12,0161(brokerage business),3010,-111,12,0139(brokerage business),2848,-669
13,0139(brokerage business),1948,579,13,0077(brokerage business),2950,-33,13,0002(brokerage business),2548,-17
14,0049(brokerage business),1777,565,14,0096(brokerage business),2323,-260,14,0018(brokerage business),2251,-197
15,0003(brokerage business),1743,1368,15,0268(brokerage business),2255,-426,15,0003(brokerage business),1848,-23
16,0018(brokerage business),1512,289,16,0316(brokerage business),2189,-20,16,0049(brokerage business),1767,114
17,0069(brokerage business),1465,-800,17,0031(brokerage business),2144,-19,17,0048(brokerage business),1738,-53
18,0103(brokerage business),1430,-617,18,0240(brokerage business),2142,-172,18,0069(brokerage business),1640,200
19,0288(brokerage business),1405,-807,19,0042(brokerage business),2136,26,19,0161(brokerage business),1392,-433
20,0019(brokerage business),1357,26,20,0003(brokerage business),2064,-1336,20,0008(brokerage business),1382,-232
Total,,167196,-6534,Total,,98442,-7962,Total,,111777,-8072
Ranking,Name of FF Member /OSBPs,Volume,Change from Previous Trading Day,Ranking,Name of FF Member /OSBPs,Long Position,Change from Previous Trading Day,Ranking,Name of FF Member /OSBPs,Short Position,Change from Previous Trading Day
Contract Code：al2611,,,,,,,,,,2026-09-17,
1,0004(brokerage business),33941,10418,1,0148(brokerage business),31772,1889,1,0004(brokerage business),31364,1426
2,0163(brokerage business),30437,3531,2,0004(brokerage business),21477,1545,2,0123(brokerage business),28792,102
3,0148(brokerage business),29393,3392,3,0239(brokerage business),19805,-1386,3,0148(brokerage business),23806,-316
4,0272(brokerage business),25146,6536,4,0163(brokerage business),18373,1350,4,0058(brokerage business),13913,683
5,0253(brokerage business),17162,3561,5,0272(brokerage business),12897,362,5,0272(brokerage business),12429,694
6,0275(brokerage business),17072,-342,6,0268(brokerage business),9124,-646,6,0139(brokerage business),8010,564
7,0081(brokerage business),6523,3467,7,0034(brokerage business),8807,666,7,0096(brokerage business),7345,337
8,0240(brokerage business),4084,954,8,0335(brokerage business),8152,-1835,8,0240(brokerage business),6594,572
9,0323(brokerage business),3934,194,9,0253(brokerage business),5723,846,9,0275(brokerage business),6368,1502
10,0268(brokerage business),3755,438,10,0103(brokerage business),5400,766,10,0103(brokerage business),6241,598
11,0335(brokerage business),3632,2222,11,0077(brokerage business),5152,-126,11,0163(brokerage business),6010,897
12,0103(brokerage business),3538,1353,12,0323(brokerage business),5057,9,12,0323(brokerage business),4612,193
13,0034(brokerage business),3486,1201,13,0069(brokerage business),4930,160,13,0003(brokerage business),4513,163
14,0138(brokerage business),3196,2981,14,0275(brokerage business),4233,678,14,0372(brokerage business),4502,-8
15,0123(brokerage business),3185,121,15,0084(brokerage business),4125,-4,15,0002(brokerage business),4176,0
16,0069(brokerage business),2981,-215,16,0240(brokerage business),3302,260,16,0253(brokerage business),3764,-208
17,0096(brokerage business),2800,1662,17,0082(brokerage business),2984,95,17,0034(brokerage business),3342,368
18,0239(brokerage business),2731,54,18,0153(brokerage business),2870,235,18,0161(brokerage business),3188,-119
19,0259(brokerage business),2662,1365,19,0161(brokerage business),2711,332,19,0009(brokerage business),3131,238
20,0308(brokerage business),2333,659,20,0042(brokerage business),2670,55,20,0018(brokerage business),3112,174
Total,,201991,43552,Total,,179564,5251,Total,,185212,7860
Ranking,Name of FF Member /OSBPs,Volume,Change from Previous Trading Day,Ranking,Name of FF Member /OSBPs,Long Position,Change from Previous Trading Day,Ranking,Name of FF Member /OSBPs,Short Position,Change from Previous Trading Day
Contract Code：al2612,,,,,,,,,,2026-09-17,
1,0163(brokerage business),12650,3822,1,0148(brokerage business),13618,954,1,0148(brokerage business),14742,826
2,0148(brokerage business),9392,2250,2,0004(brokerage business),8430,227,2,0004(brokerage business),7814,304
3,0275(brokerage business),4593,2526,3,0268(brokerage business),8333,997,3,0123(brokerage business),7079,5
4,0004(brokerage business),4179,1495,4,0272(brokerage business),6554,290,4,0034(brokerage business),4302,17
5,0253(brokerage business),3820,595,5,0163(brokerage business),5275,684,5,0239(brokerage business),3685,100
6,0335(brokerage business),1965,1673,6,0069(brokerage business),3786,303,6,0103(brokerage business),3449,104
7,0308(brokerage business),1853,775,7,0323(brokerage business),3665,31,7,0139(brokerage business),3303,139
8,0081(brokerage business),1769,919,8,0034(brokerage business),3644,74,8,0042(brokerage business),3219,18
9,0268(brokerage business),1307,547,9,0335(brokerage business),2533,1924,9,0163(brokerage business),3135,1678
10,0323(brokerage business),1239,-470,10,0096(brokerage business),1931,79,10,0308(brokerage business),3055,-77
11,0259(brokerage business),1117,846,11,0315(brokerage business),1841,4,11,0249(brokerage business),3041,24
12,0069(brokerage business),877,-30,12,0042(brokerage business),1703,76,12,0323(brokerage business),2496,262
13,0272(brokerage business),778,-6,13,0059(brokerage business),1669,-29,13,0003(brokerage business),2405,4
14,0019(brokerage business),761,-197,14,0049(brokerage business),1576,18,14,0272(brokerage business),2112,108
15,0240(brokerage business),760,189,15,0007(brokerage business),1507,-187,15,0275(brokerage business),1748,52
16,0123(brokerage business),600,434,16,0239(brokerage business),1455,187,16,0082(brokerage business),1737,-1
17,0018(brokerage business),507,184,17,0123(brokerage business),1411,-91,17,0261(brokerage business),1546,251
18,0257(brokerage business),428,172,18,0103(brokerage business),1337,56,18,0268(brokerage business),1528,4
19,0034(brokerage business),415,-63,19,0274(brokerage business),1290,39,19,0019(brokerage business),1348,441
20,0137(brokerage business),410,14,20,0003(brokerage business),1271,13,20,0018(brokerage business),1179,423
Total,,49420,15675,Total,,72829,5649,Total,,72923,4682
Ranking,Name of FF Member /OSBPs,Volume,Change from Previous Trading Day,Ranking,Name of FF Member /OSBPs,Long Position,Change from Previous Trading Day,Ranking,Name of FF Member /OSBPs,Short Position,Change from Previous Trading Day
Contract Code：al2701,,,,,,,,,,2026-09-17,
1,0163(brokerage business),3306,571,1,0034(brokerage business),5324,27,1,0148(brokerage business),10891,-31
2,0003(brokerage business),1510,1455,2,0148(brokerage business),4378,-1,2,0004(brokerage business),3574,122
3,0148(brokerage business),1382,168,3,0323(brokerage business),4268,83,3,0249(brokerage business),2421,0
4,0253(brokerage business),1257,-26,4,0004(brokerage business),3920,-72,4,0042(brokerage business),2402,-7
5,0081(brokerage business),1149,480,5,0049(brokerage business),2630,2,5,0103(brokerage business),1745,-52
6,0275(brokerage business),1000,224,6,0268(brokerage business),2297,371,6,0275(brokerage business),1730,283
7,0004(brokerage business),812,-411,7,0069(brokerage business),1851,-37,7,0272(brokerage business),1709,-44
8,0308(brokerage business),740,-176,8,0003(brokerage business),1659,1464,8,0139(brokerage business),1500,-113
9,0323(brokerage business),706,-684,9,0163(brokerage business),1281,44,9,0153(brokerage business),1142,221
10,0240(brokerage business),592,-479,10,0272(brokerage business),1031,-32,10,0163(brokerage business),1000,142
11,0268(brokerage business),507,398,11,0240(brokerage business),868,24,11,0029(brokerage business),960,0
12,0018(brokerage business),482,114,12,0007(brokerage business),860,-16,12,0151(brokerage business),882,-124
13,0272(brokerage business),342,-37,13,0042(brokerage business),830,4,13,0274(brokerage business),865,3
14,0034(brokerage business),325,186,14,0254(brokerage business),793,-1,14,0268(brokerage business),816,14
15,0389(brokerage business),271,147,15,0253(brokerage business),764,-25,15,0239(brokerage business),777,21
16,0137(brokerage business),262,59,16,0103(brokerage business),714,-15,16,0311(brokerage business),639,-38
17,0153(brokerage business),234,-229,17,0139(brokerage business),714,22,17,0295(brokerage business),622,146
18,0134(brokerage business),222,111,18,0081(brokerage business),679,-1,18,0240(brokerage business),590,16
19,0059(brokerage business),186,108,19,0169(brokerage business),625,0,19,0003(brokerage business),538,4
20,0069(brokerage business),178,-232,20,0137(brokerage business),610,115,20,0059(brokerage business),529,180
Total,,15463,1747,Total,,36096,1956,Total,,35332,743
Ranking,Name of FF Member /OSBPs,Volume,Change from Previous Trading Day,Ranking,Name of FF Member /OSBPs,Long Position,Change from Previous Trading Day,Ranking,Name of FF Member /OSBPs,Short Position,Change from Previous Trading Day
Contract Code：al2702,,,,,,,,,,2026-09-17,
1,0275(brokerage business),754,-1199,1,0034(brokerage business),2224,1,1,0277(brokerage business),2493,0
2,0148(brokerage business),687,-560,2,0004(brokerage business),2017,30,2,0004(brokerage business),2296,-104
3,0163(brokerage business),505,-332,3,0049(brokerage business),1837,194,3,0275(brokerage business),1880,399
4,0253(brokerage business),482,87,4,0148(brokerage business),1595,51,4,0103(brokerage business),1667,-57
5,0081(brokerage business),464,-246,5,0069(brokerage business),1192,-39,5,0148(brokerage business),1523,-290
6,0004(brokerage business),396,-95,6,0268(brokerage business),919,0,6,0349(brokerage business),1163,0
7,0323(brokerage business),383,-378,7,0272(brokerage business),911,-9,7,0163(brokerage business),1070,2
8,0103(brokerage business),366,246,8,0254(brokerage business),832,22,8,0082(brokerage business),988,0
9,0029(brokerage business),279,70,9,0323(brokerage business),774,81,9,0323(brokerage business),753,52
10,0018(brokerage business),226,83,10,0007(brokerage business),701,0,10,0268(brokerage business),720,-73
11,0049(brokerage business),195,185,11,0042(brokerage business),599,-2,11,0261(brokerage business),700,0
12,0308(brokerage business),187,-45,12,0009(brokerage business),432,-1,12,0042(brokerage business),531,0
13,0058(brokerage business),143,135,13,0315(brokerage business),421,0,13,0153(brokerage business),446,0
14,0151(brokerage business),137,125,14,0372(brokerage business),417,0,14,0069(brokerage business),288,-4
15,0272(brokerage business),124,107,15,0082(brokerage business),385,5,15,0272(brokerage business),288,109
16,0271(brokerage business),118,-124,16,0081(brokerage business),384,0,16,0335(brokerage business),258,-53
17,0139(brokerage business),112,112,17,0253(brokerage business),335,-16,17,0338(brokerage business),238,0
18,0268(brokerage business),103,-111,18,0048(brokerage business),330,0,18,0295(brokerage business),209,0
19,0086(brokerage business),102,102,19,0123(brokerage business),326,20,19,0115(brokerage business),201,6
20,0069(brokerage business),83,-278,20,0008(brokerage business),300,0,20,0029(brokerage business),200,120
Total,,5846,-2116,Total,,16931,337,Total,,17912,107
Ranking,Name of FF Member /OSBPs,Volume,Change from Previous Trading Day,Ranking,Name of FF Member /OSBPs,Long Position,Change from Previous Trading Day,Ranking,Name of FF Member /OSBPs,Short Position,Change from Previous Trading Day
Contract Code：al2703,,,,,,,,,,2026-09-17,
1,0148(brokerage business),588,377,1,0148(brokerage business),3176,309,1,0148(brokerage business),2575,49
2,0257(brokerage business),420,170,2,0004(brokerage business),1831,99,2,0077(brokerage business),2345,0
3,0004(brokerage business),364,88,3,0069(brokerage business),1410,239,3,0103(brokerage business),2215,94
4,0069(brokerage business),356,-186,4,0042(brokerage business),1088,0,4,0004(brokerage business),1870,157
5,0103(brokerage business),181,-259,5,0268(brokerage business),1010,0,5,0069(brokerage business),1002,5
6,0269(brokerage business),166,52,6,0007(brokerage business),999,0,6,0257(brokerage business),970,420
7,0323(brokerage business),150,-478,7,0240(brokerage business),695,7,7,0323(brokerage business),887,91
8,0163(brokerage business),149,86,8,0082(brokerage business),677,3,8,0261(brokerage business),775,2
9,0333(brokerage business),125,-62,9,0034(brokerage business),631,26,9,0163(brokerage business),654,15
10,0240(brokerage business),104,66,10,0372(brokerage business),498,0,10,0272(brokerage business),512,26
11,0137(brokerage business),93,0,11,0315(brokerage business),419,0,11,0274(brokerage business),275,-57
12,0274(brokerage business),87,-17,12,0272(brokerage business),393,1,12,0139(brokerage business),261,1
13,0034(brokerage business),85,57,13,0051(brokerage business),337,0,13,0333(brokerage business),247,44
14,0259(brokerage business),71,6,14,0123(brokerage business),315,0,14,0177(brokerage business),241,20
15,0271(brokerage business),62,10,15,0081(brokerage business),308,0,15,0073(brokerage business),223,0
16,0308(brokerage business),57,42,16,0177(brokerage business),304,0,16,0269(brokerage business),222,-136
17,0049(brokerage business),56,6,17,0333(brokerage business),243,-7,17,0308(brokerage business),159,0
18,0272(brokerage business),41,37,18,0049(brokerage business),240,-1,18,0153(brokerage business),157,0
19,0013(brokerage business),40,10,19,0003(brokerage business),230,0,19,0051(brokerage business),142,0
20,0081(brokerage business),37,-25,20,0275(brokerage business),220,0,20,0013(brokerage business),140,40
Total,,3232,-20,Total,,15024,676,Total,,15872,771
Member/OSP Type,Total Volume,Change from Previous Trading Day,Member/OSP Type,Total Long Position,Change from Previous Trading Day,Member/OSP Type,Total Short Position,Change from Previous Trading Day,,,
Contract Code：znall,,,,,,,2026-09-17,,,,
Name of FF Member/OSBP,473420,-64024,Name of FF Member/OSBP,262070,-5632,Name of FF Member/OSBP,262070,-5632,,,
Name of Non-FF Member/OSNBP,0,0,Name of Non-FF Member/OSNBP,0,0,Name of Non-FF Member/OSNBP,0,0,,,
Ranking,Name of FF Member /OSBPs,Volume,Change from Previous Trading Day,Ranking,Name of FF Member /OSBPs,Long Position,Change from Previous Trading Day,Ranking,Name of FF Member /OSBPs,Short Position,Change from Previous Trading Day
Contract Code：zn2610,,,,,,,,,,2026-09-17,
1,0163(brokerage business),34002,-12394,1,0163(brokerage business),9258,-270,1,0148(brokerage business),8351,-865
2,0148(brokerage business),26489,-5206,2,0148(brokerage business),7812,-1008,2,0139(brokerage business),6075,-319
3,0275(brokerage business),18453,-3691,3,0004(brokerage business),6786,-583,3,0004(brokerage business),4131,-379
4,0004(brokerage business),17752,-7315,4,0272(brokerage business),2879,-274,4,0058(brokerage business),3939,-466
5,0253(brokerage business),12804,-6835,5,0139(brokerage business),2757,-14,5,0272(brokerage business),3669,-100
6,0272(brokerage business),11704,-1438,6,0003(brokerage business),2431,-367,6,0163(brokerage business),2902,-406
7,0123(brokerage business),6624,259,7,0275(brokerage business),2366,63,7,0042(brokerage business),2145,-455
8,0081(brokerage business),6212,240,8,0019(brokerage business),2172,-324,8,0315(brokerage business),2140,-751
9,0096(brokerage business),5374,244,9,0239(brokerage business),2122,0,9,0082(brokerage business),2100,30
10,0308(brokerage business),3873,-1267,10,0184(brokerage business),1923,-208,10,0052(brokerage business),2067,-144
11,0259(brokerage business),3602,-4774,11,0123(brokerage business),1898,37,11,0103(brokerage business),1732,-97
12,0298(brokerage business),2002,-514,12,0253(brokerage business),1738,-326,12,0253(brokerage business),1655,-130
13,0240(brokerage business),1833,-904,13,0082(brokerage business),1633,8,13,0096(brokerage business),1646,-145
14,0042(brokerage business),1520,3,14,0274(brokerage business),1626,0,14,0059(brokerage business),1594,-206
15,0139(brokerage business),1519,-632,15,0308(brokerage business),1488,-886,15,0049(brokerage business),1452,-391
16,0161(brokerage business),1500,-995,16,0372(brokerage business),1479,-73,16,0240(brokerage business),1423,-87
17,0059(brokerage business),1374,-259,17,0240(brokerage business),1478,-90,17,0323(brokerage business),1367,-41
18,0323(brokerage business),1371,-173,18,0049(brokerage business),1330,17,18,0069(brokerage business),1352,-57
19,0003(brokerage business),1278,399,19,0177(brokerage business),1300,35,19,0137(brokerage business),1296,332
20,0268(brokerage business),1197,-320,20,0009(brokerage business),1214,-33,20,0003(brokerage business),1170,-615
Total,,160483,-45572,Total,,55690,-4296,Total,,52206,-5292
Ranking,Name of FF Member /OSBPs,Volume,Change from Previous Trading Day,Ranking,Name of FF Member /OSBPs,Long Position,Change from Previous Trading Day,Ranking,Name of FF Member /OSBPs,Short Position,Change from Previous Trading Day
Contract Code：zn2611,,,,,,,,,,2026-09-17,
1,0163(brokerage business),28684,-1471,1,0239(brokerage business),18495,-2184,1,0148(brokerage business),13765,4
2,0148(brokerage business),27257,-5178,2,0148(brokerage business),16595,-139,2,0272(brokerage business),7192,-123
3,0004(brokerage business),20747,3027,3,0004(brokerage business),14381,-368,3,0004(brokerage business),6654,9
4,0275(brokerage business),20621,1182,4,0163(brokerage business),7855,415,4,0058(brokerage business),5324,-369
5,0253(brokerage business),15147,-834,5,0272(brokerage business),7194,35,5,0069(brokerage business),5025,-95
6,0081(brokerage business),6795,-140,6,0123(brokerage business),4720,168,6,0315(brokerage business),4083,-1
7,0308(brokerage business),6691,965,7,0184(brokerage business),3821,35,7,0139(brokerage business),3772,-277
8,0049(brokerage business),4096,-66,8,0308(brokerage business),2521,186,8,0003(brokerage business),3497,346
9,0272(brokerage business),3700,-556,9,0274(brokerage business),2287,167,9,0077(brokerage business),3407,-84
10,0335(brokerage business),3044,673,10,0268(brokerage business),2256,-348,10,0308(brokerage business),3252,-1407
11,0042(brokerage business),2805,-541,11,0139(brokerage business),2165,23,11,0059(brokerage business),3063,0
12,0239(brokerage business),2802,-146,12,0103(brokerage business),2156,402,12,0163(brokerage business),2952,117
13,0058(brokerage business),2612,1677,13,0084(brokerage business),2077,-43,13,0323(brokerage business),2867,115
14,0268(brokerage business),2349,935,14,0240(brokerage business),1877,102,14,0253(brokerage business),2751,87
15,0123(brokerage business),2318,-4677,15,0323(brokerage business),1657,52,15,0025(brokerage business),2730,26
16,0259(brokerage business),2245,-1725,16,0253(brokerage business),1557,64,16,0034(brokerage business),2305,-5
17,0059(brokerage business),2181,531,17,0019(brokerage business),1505,107,17,0096(brokerage business),2171,-139
18,0240(brokerage business),2115,-661,18,0081(brokerage business),1401,-60,18,0321(brokerage business),2083,-693
19,0323(brokerage business),2037,536,19,0335(brokerage business),1372,-1937,19,0275(brokerage business),2020,-68
20,0298(brokerage business),1814,685,20,0049(brokerage business),1304,-433,20,0103(brokerage business),1964,-196
Total,,160060,-5784,Total,,97196,-3756,Total,,80877,-2753
Ranking,Name of FF Member /OSBPs,Volume,Change from Previous Trading Day,Ranking,Name of FF Member /OSBPs,Long Position,Change from Previous Trading Day,Ranking,Name of FF Member /OSBPs,Short Position,Change from Previous Trading Day
Contract Code：zn2612,,,,,,,,,,2026-09-17,
1,0163(brokerage business),10940,564,1,0239(brokerage business),9518,127,1,0321(brokerage business),5665,425
2,0148(brokerage business),8996,2293,2,0148(brokerage business),7479,1135,2,0272(brokerage business),4311,-5
3,0253(brokerage business),6262,648,3,0004(brokerage business),3643,28,3,0049(brokerage business),2021,6
4,0004(brokerage business),6128,-1516,4,0163(brokerage business),3072,155,4,0148(brokerage business),1933,157
5,0275(brokerage business),4419,-862,5,0268(brokerage business),2246,210,5,0004(brokerage business),1921,-72
6,0081(brokerage business),4203,392,6,0335(brokerage business),1997,1815,6,0025(brokerage business),1711,106
7,0335(brokerage business),1918,1720,7,0019(brokerage business),1974,349,7,0253(brokerage business),1552,-19
8,0308(brokerage business),1436,247,8,0059(brokerage business),1803,7,8,0069(brokerage business),1515,220
9,0321(brokerage business),1239,791,9,0123(brokerage business),1468,12,9,0009(brokerage business),1508,-25
10,0259(brokerage business),1210,-62,10,0042(brokerage business),1402,-4,10,0058(brokerage business),1452,151
11,0123(brokerage business),982,702,11,0308(brokerage business),1348,-682,11,0082(brokerage business),1230,16
12,0240(brokerage business),873,113,12,0272(brokerage business),978,44,12,0103(brokerage business),1142,66
13,0268(brokerage business),803,607,13,0253(brokerage business),891,347,13,0163(brokerage business),1127,411
14,0019(brokerage business),664,410,14,0003(brokerage business),789,26,14,0315(brokerage business),1088,2
15,0001(brokerage business),573,139,15,0077(brokerage business),721,0,15,0169(brokerage business),1020,-8
16,0069(brokerage business),542,99,16,0274(brokerage business),554,8,16,0123(brokerage business),1001,332
17,0272(brokerage business),509,-143,17,0323(brokerage business),499,-224,17,0139(brokerage business),1001,0
18,0034(brokerage business),463,115,18,0058(brokerage business),497,4,18,0034(brokerage business),870,25
19,0049(brokerage business),414,-290,19,0321(brokerage business),442,0,19,0077(brokerage business),789,86
20,0096(brokerage business),410,222,20,0096(brokerage business),433,76,20,0240(brokerage business),723,152
Total,,52984,6189,Total,,41754,3433,Total,,33580,2026
Member/OSP Type,Total Volume,Change from Previous Trading Day,Member/OSP Type,Total Long Position,Change from Previous Trading Day,Member/OSP Type,Total Short Position,Change from Previous Trading Day,,,
Contract Code：pball,,,,,,,2026-09-17,,,,
Name of FF Member/OSBP,265708,91424,Name of FF Member/OSBP,136256,-5718,Name of FF Member/OSBP,136256,-5718,,,
Name of Non-FF Member/OSNBP,0,0,Name of Non-FF Member/OSNBP,0,0,Name of Non-FF Member/OSNBP,0,0,,,
Ranking,Name of FF Member /OSBPs,Volume,Change from Previous Trading Day,Ranking,Name of FF Member /OSBPs,Long Position,Change from Previous Trading Day,Ranking,Name of FF Member /OSBPs,Short Position,Change from Previous Trading Day
Contract Code：pb2610,,,,,,,,,,2026-09-17,
1,0163(brokerage business),25467,7789,1,0004(brokerage business),5422,-844,1,0148(brokerage business),9141,-712
2,0004(brokerage business),24768,8428,2,0163(brokerage business),4790,456,2,0004(brokerage business),5380,-870
3,0148(brokerage business),11098,1964,3,0272(brokerage business),4439,-1276,3,0163(brokerage business),4645,65
4,0253(brokerage business),10352,696,4,0049(brokerage business),3773,-420,4,0153(brokerage business),1885,130
5,0259(brokerage business),4560,595,5,0148(brokerage business),3586,-328,5,0272(brokerage business),1884,44
6,0081(brokerage business),4178,685,6,0103(brokerage business),2670,-1040,6,0103(brokerage business),1815,-349
7,0272(brokerage business),3914,2002,7,0139(brokerage business),2542,14,7,0253(brokerage business),1332,-645
8,0308(brokerage business),3248,2567,8,0275(brokerage business),2102,-296,8,0268(brokerage business),1273,-199
9,0275(brokerage business),3135,738,9,0308(brokerage business),1757,-2061,9,0274(brokerage business),1266,-231
10,0123(brokerage business),2510,-2348,10,0274(brokerage business),1316,29,10,0081(brokerage business),1163,-486
11,0069(brokerage business),2052,841,11,0288(brokerage business),1282,-462,11,0069(brokerage business),1128,-174
12,0103(brokerage business),1801,851,12,0253(brokerage business),1094,-339,12,0184(brokerage business),1107,0
13,0240(brokerage business),1745,1001,13,0069(brokerage business),1059,-120,13,0335(brokerage business),1062,-539
14,0034(brokerage business),1607,551,14,0082(brokerage business),999,-14,14,0009(brokerage business),942,-108
15,0389(brokerage business),1288,325,15,0006(brokerage business),992,-273,15,0240(brokerage business),906,-54
16,0268(brokerage business),1247,538,16,0034(brokerage business),972,-152,16,0259(brokerage business),816,-183
17,0161(brokerage business),1152,666,17,0320(brokerage business),768,46,17,0137(brokerage business),785,-322
18,0288(brokerage business),1092,559,18,0029(brokerage business),643,635,18,0082(brokerage business),678,-96
19,0006(brokerage business),1062,4,19,0107(brokerage business),638,-25,19,0288(brokerage business),645,-202
20,0335(brokerage business),1036,-34,20,0081(brokerage business),565,48,20,0003(brokerage business),640,-21
Total,,107312,28418,Total,,41409,-6422,Total,,38493,-4952
Ranking,Name of FF Member /OSBPs,Volume,Change from Previous Trading Day,Ranking,Name of FF Member /OSBPs,Long Position,Change from Previous Trading Day,Ranking,Name of FF Member /OSBPs,Short Position,Change from Previous Trading Day
Contract Code：pb2611,,,,,,,,,,2026-09-17,
1,0253(brokerage business),13859,4863,1,0272(brokerage business),10963,-412,1,0148(brokerage business),6244,-87
2,0004(brokerage business),12845,4403,2,0148(brokerage business),8032,-409,2,0004(brokerage business),6136,137
3,0148(brokerage business),11890,4767,3,0004(brokerage business),5986,-354,3,0239(brokerage business),5766,-1791
4,0163(brokerage business),10813,1958,4,0288(brokerage business),5162,-14,4,0163(brokerage business),4394,68
5,0123(brokerage business),10246,7647,5,0069(brokerage business),2970,-410,5,0123(brokerage business),3887,197
6,0259(brokerage business),4673,1892,6,0034(brokerage business),2454,82,6,0253(brokerage business),2727,167
7,0275(brokerage business),4278,1210,7,0308(brokerage business),2405,2166,7,0081(brokerage business),2634,69
8,0308(brokerage business),3102,2601,8,0081(brokerage business),1841,-63,8,0335(brokerage business),2283,59
9,0081(brokerage business),2902,712,9,0275(brokerage business),1563,28,9,0274(brokerage business),2281,-26
10,0034(brokerage business),2568,2194,10,0184(brokerage business),1551,0,10,0103(brokerage business),2260,-336
11,0239(brokerage business),2160,1422,11,0103(brokerage business),1474,551,11,0308(brokerage business),1321,184
12,0271(brokerage business),2146,1228,12,0058(brokerage business),1352,0,12,0272(brokerage business),1315,67
13,0335(brokerage business),2138,1344,13,0253(brokerage business),1343,366,13,0268(brokerage business),1256,132
14,0272(brokerage business),2061,444,14,0163(brokerage business),1280,-55,14,0320(brokerage business),1188,216
15,0103(brokerage business),1595,858,15,0153(brokerage business),1201,180,15,0042(brokerage business),1172,303
16,0042(brokerage business),1524,1302,16,0339(brokerage business),1189,35,16,0139(brokerage business),1132,-8
17,0082(brokerage business),1259,758,17,0049(brokerage business),1110,1,17,0240(brokerage business),1084,-41
18,0069(brokerage business),1179,761,18,0077(brokerage business),867,-2,18,0315(brokerage business),1016,88
19,0096(brokerage business),1073,604,19,0268(brokerage business),786,-441,19,0288(brokerage business),990,10
20,0274(brokerage business),1063,-214,20,0331(brokerage business),764,-13,20,0084(brokerage business),974,-96
Total,,93374,40754,Total,,54293,1236,Total,,50060,-688
Ranking,Name of FF Member /OSBPs,Volume,Change from Previous Trading Day,Ranking,Name of FF Member /OSBPs,Long Position,Change from Previous Trading Day,Ranking,Name of FF Member /OSBPs,Short Position,Change from Previous Trading Day
Contract Code：pb2612,,,,,,,,,,2026-09-17,
1,0253(brokerage business),3394,1462,1,0004(brokerage business),3017,1493,1,0139(brokerage business),1839,20
2,0004(brokerage business),2879,1994,2,0268(brokerage business),2006,144,2,0006(brokerage business),1834,792
3,0163(brokerage business),2641,320,3,0339(brokerage business),1696,0,3,0148(brokerage business),1589,826
4,0271(brokerage business),2301,1453,4,0069(brokerage business),1534,325,4,0004(brokerage business),1084,-30
5,0148(brokerage business),2012,1050,5,0163(brokerage business),1487,23,5,0069(brokerage business),829,121
6,0069(brokerage business),1484,1386,6,0148(brokerage business),1483,96,6,0163(brokerage business),761,418
7,0006(brokerage business),792,591,7,0077(brokerage business),1120,-43,7,0058(brokerage business),680,8
8,0272(brokerage business),583,513,8,0272(brokerage business),951,267,8,0240(brokerage business),644,91
9,0268(brokerage business),565,523,9,0022(brokerage business),797,0,9,0082(brokerage business),642,35
10,0274(brokerage business),432,301,10,0288(brokerage business),776,399,10,0308(brokerage business),408,-1
11,0288(brokerage business),406,394,11,0049(brokerage business),225,45,11,0081(brokerage business),385,-59
12,0308(brokerage business),379,145,12,0025(brokerage business),205,85,12,0103(brokerage business),371,18
13,0029(brokerage business),322,302,13,0253(brokerage business),202,131,13,0253(brokerage business),327,19
14,0323(brokerage business),276,207,14,0295(brokerage business),197,0,14,0029(brokerage business),326,320
15,0275(brokerage business),244,102,15,0275(brokerage business),192,0,15,0096(brokerage business),305,96
16,0049(brokerage business),226,156,16,0059(brokerage business),150,0,16,0295(brokerage business),303,16
17,0333(brokerage business),222,204,17,0096(brokerage business),119,30,17,0272(brokerage business),268,128
18,0123(brokerage business),213,200,18,0178(brokerage business),70,-35,18,0059(brokerage business),266,177
19,0096(brokerage business),206,182,19,0240(brokerage business),57,26,19,0268(brokerage business),257,25
20,0240(brokerage business),199,117,20,0103(brokerage business),56,-5,20,0320(brokerage business),245,193
Total,,19776,11602,Total,,16340,2981,Total,,13363,3213
Member/OSP Type,Total Volume,Change from Previous Trading Day,Member/OSP Type,Total Long Position,Change from Previous Trading Day,Member/OSP Type,Total Short Position,Change from Previous Trading Day,,,
Contract Code：niall,,,,,,,2026-09-17,,,,
Name of FF Member/OSBP,561158,-185841,Name of FF Member/OSBP,354573,-11055,Name of FF Member/OSBP,351007,-11431,,,
Name of Non-FF Member/OSNBP,380,371,Name of Non-FF Member/OSNBP,30,0,Name of Non-FF Member/OSNBP,3596,376,,,
Ranking,Name of FF Member /OSBPs,Volume,Change from Previous Trading Day,Ranking,Name of FF Member /OSBPs,Long Position,Change from Previous Trading Day,Ranking,Name of FF Member /OSBPs,Short Position,Change from Previous Trading Day
Contract Code：ni2610,,,,,,,,,,2026-09-17,
1,0004(brokerage business),44568,-15140,1,0004(brokerage business),10281,-709,1,0004(brokerage business),15516,-2088
2,0163(brokerage business),31418,-13314,2,0163(brokerage business),5620,-143,2,0148(brokerage business),9798,-2289
3,0148(brokerage business),22822,-15881,3,0253(brokerage business),5596,-562,3,0082(brokerage business),9005,34
4,0253(brokerage business),17222,-7949,4,0103(brokerage business),4866,-402,4,0253(brokerage business),4266,-668
5,0272(brokerage business),12405,-4165,5,0148(brokerage business),4856,-509,5,0240(brokerage business),3766,-67
6,0123(brokerage business),11061,-6307,6,0034(brokerage business),4259,-374,6,0163(brokerage business),3572,-649
7,0081(brokerage business),10431,-3480,7,0096(brokerage business),3471,-143,7,0272(brokerage business),3292,-917
8,0275(brokerage business),8532,-3415,8,0240(brokerage business),3007,-666,8,0059(brokerage business),3056,-287
9,0240(brokerage business),7035,-5337,9,0275(brokerage business),2922,-433,9,0139(brokerage business),3052,-449
10,0268(brokerage business),5276,-3493,10,0272(brokerage business),2763,-618,10,0161(brokerage business),2443,-246
11,0161(brokerage business),4872,-1174,11,0042(brokerage business),2607,-254,11,0259(brokerage business),2214,726
12,0186(brokerage business),4845,-1368,12,0003(brokerage business),2509,-641,12,0103(brokerage business),2142,-529
13,0034(brokerage business),4673,-2882,13,0081(brokerage business),2291,-225,13,0018(brokerage business),2025,-95
14,0059(brokerage business),4627,-762,14,0049(brokerage business),2086,-152,14,0323(brokerage business),1981,-251
15,0298(brokerage business),4443,-1103,15,0161(brokerage business),2034,-372,15,0268(brokerage business),1903,-501
16,0308(brokerage business),3988,-1070,16,0308(brokerage business),1988,-263,16,0335(brokerage business),1800,-643
17,0259(brokerage business),3335,124,17,0123(brokerage business),1962,-216,17,0308(brokerage business),1762,359
18,0288(brokerage business),3022,-60,18,0316(brokerage business),1846,-16,18,0275(brokerage business),1485,-406
19,0069(brokerage business),2935,-3754,19,0268(brokerage business),1742,-743,19,0288(brokerage business),1425,-211
20,0096(brokerage business),2774,-2094,20,0067(brokerage business),1713,42,20,0043(brokerage business),1423,140
Total,,210284,-92624,Total,,68419,-7399,Total,,75926,-9037
Ranking,Name of FF Member /OSBPs,Volume,Change from Previous Trading Day,Ranking,Name of FF Member /OSBPs,Long Position,Change from Previous Trading Day,Ranking,Name of FF Member /OSBPs,Short Position,Change from Previous Trading Day
Contract Code：ni2611,,,,,,,,,,2026-09-17,
1,0148(brokerage business),24566,-4277,1,0103(brokerage business),17049,381,1,0004(brokerage business),22852,204
2,0004(brokerage business),23477,-13985,2,0004(brokerage business),13115,345,2,0184(brokerage business),14020,455
3,0163(brokerage business),16154,-1076,3,0148(brokerage business),12831,372,3,0148(brokerage business),11498,-1792
4,0272(brokerage business),12204,7566,4,0096(brokerage business),7356,-20,4,0239(brokerage business),7817,248
5,0253(brokerage business),9310,-4208,5,0077(brokerage business),6796,50,5,0272(brokerage business),4998,40
6,0123(brokerage business),7961,-1542,6,0272(brokerage business),5235,728,6,0009(brokerage business),4828,98
7,0275(brokerage business),6643,-2802,7,0163(brokerage business),4937,748,7,0082(brokerage business),4469,167
8,0081(brokerage business),4770,-3202,8,0253(brokerage business),4033,584,8,0335(brokerage business),4031,-322
9,0308(brokerage business),4741,-727,9,0003(brokerage business),3668,31,9,0163(brokerage business),3847,284
10,0059(brokerage business),3634,26,10,0178(brokerage business),2890,255,10,0042(brokerage business),3457,392
11,0034(brokerage business),3468,174,11,0240(brokerage business),2613,-658,11,0323(brokerage business),3234,321
12,0240(brokerage business),3089,-3261,12,0308(brokerage business),2534,931,12,0308(brokerage business),2719,200
13,0335(brokerage business),3051,1159,13,0059(brokerage business),2081,0,13,0123(brokerage business),2673,53
14,0259(brokerage business),3033,389,14,0316(brokerage business),2013,2,14,0096(brokerage business),2630,163
15,0268(brokerage business),2510,-99,15,0034(brokerage business),1996,-172,15,0103(brokerage business),2606,254
16,0103(brokerage business),1931,-122,16,0259(brokerage business),1981,1453,16,0240(brokerage business),2574,-113
17,0009(brokerage business),1677,-1420,17,0018(brokerage business),1774,-145,17,0253(brokerage business),2494,164
18,0323(brokerage business),1573,-8,18,0069(brokerage business),1756,-73,18,0275(brokerage business),2388,35
19,0096(brokerage business),1505,-1171,19,0161(brokerage business),1558,83,19,0059(brokerage business),2087,-140
20,0018(brokerage business),1406,-205,20,0335(brokerage business),1371,-13,20,0274(brokerage business),1647,-202
Total,,136703,-28791,Total,,97587,4882,Total,,106869,509
Ranking,Name of FF Member /OSBPs,Volume,Change from Previous Trading Day,Ranking,Name of FF Member /OSBPs,Long Position,Change from Previous Trading Day,Ranking,Name of FF Member /OSBPs,Short Position,Change from Previous Trading Day
Contract Code：ni2612,,,,,,,,,,2026-09-17,
1,0004(brokerage business),9795,1793,1,0148(brokerage business),14670,50,1,0004(brokerage business),22861,-404
2,0148(brokerage business),7677,-964,2,0103(brokerage business),7992,-6,2,0148(brokerage business),6046,-743
3,0163(brokerage business),3918,227,3,0096(brokerage business),5115,-125,3,0253(brokerage business),4099,-785
4,0253(brokerage business),3255,-1318,4,0004(brokerage business),3550,759,4,0272(brokerage business),3257,-1422
5,0081(brokerage business),2523,-817,5,0268(brokerage business),2690,297,5,0042(brokerage business),2950,26
6,0275(brokerage business),2467,634,6,0272(brokerage business),2495,14,6,0003(brokerage business),2615,-1
7,0272(brokerage business),2138,989,7,0316(brokerage business),2253,0,7,0123(brokerage business),2608,-4
8,0259(brokerage business),1917,1455,8,0178(brokerage business),2013,95,8,0009(brokerage business),2224,185
9,0123(brokerage business),1810,125,9,0163(brokerage business),1967,-69,9,0139(brokerage business),2171,-18
10,0335(brokerage business),1719,1590,10,0003(brokerage business),1938,6,10,0335(brokerage business),1732,1578
11,0308(brokerage business),1513,518,11,0253(brokerage business),1074,-2,11,0022(brokerage business),1432,0
12,0059(brokerage business),1499,-64,12,0034(brokerage business),969,-49,12,0240(brokerage business),1414,54
13,0240(brokerage business),892,-134,13,0308(brokerage business),969,-19,13,0184(brokerage business),884,300
14,0058(brokerage business),773,157,14,0240(brokerage business),899,18,14,0043(brokerage business),804,-5
15,0034(brokerage business),722,-45,15,0311(brokerage business),877,1,15,0007(brokerage business),784,3
16,0096(brokerage business),630,-3,16,0338(brokerage business),877,186,16,0308(brokerage business),753,360
17,0268(brokerage business),595,104,17,0042(brokerage business),829,-21,17,0163(brokerage business),742,137
18,0077(brokerage business),448,-248,18,0018(brokerage business),775,-31,18,0058(brokerage business),701,42
19,0029(brokerage business),439,152,19,0263(brokerage business),760,-12,19,0323(brokerage business),697,206
20,0298(brokerage business),415,-8,20,0298(brokerage business),705,-55,20,0096(brokerage business),681,367
Total,,45145,4143,Total,,53417,1037,Total,,59455,-124
Ranking,Name of FF Member /OSBPs,Volume,Change from Previous Trading Day,Ranking,Name of FF Member /OSBPs,Long Position,Change from Previous Trading Day,Ranking,Name of FF Member /OSBPs,Short Position,Change from Previous Trading Day
Contract Code：ni2701,,,,,,,,,,2026-09-17,
1,0148(brokerage business),3990,200,1,0096(brokerage business),4165,-35,1,0253(brokerage business),4775,805
2,0004(brokerage business),2751,-1307,2,0103(brokerage business),2912,7,2,0148(brokerage business),4172,-1605
3,0253(brokerage business),2497,1548,3,0148(brokerage business),1573,-39,3,0004(brokerage business),4059,714
4,0163(brokerage business),2305,-1229,4,0004(brokerage business),1254,29,4,0272(brokerage business),2821,-1605
5,0272(brokerage business),2105,1475,5,0163(brokerage business),978,-109,5,0042(brokerage business),2455,91
6,0275(brokerage business),2086,-879,6,0240(brokerage business),889,-25,6,0240(brokerage business),1984,27
7,0081(brokerage business),1392,-430,7,0034(brokerage business),886,580,7,0311(brokerage business),1131,0
8,0059(brokerage business),1118,474,8,0253(brokerage business),745,16,8,0320(brokerage business),1124,486
9,0034(brokerage business),932,720,9,0025(brokerage business),733,6,9,0022(brokerage business),711,0
10,0123(brokerage business),710,-416,10,0123(brokerage business),605,-28,10,0103(brokerage business),624,8
11,0320(brokerage business),510,161,11,0069(brokerage business),584,14,11,0163(brokerage business),565,116
12,0308(brokerage business),443,-117,12,0178(brokerage business),545,52,12,0268(brokerage business),428,50
13,0268(brokerage business),430,38,13,0169(brokerage business),519,-2,13,0288(brokerage business),419,2
14,0330(brokerage business),409,407,14,0272(brokerage business),519,-8,14,0058(brokerage business),394,9
15,0319(brokerage business),376,10,15,0003(brokerage business),463,0,15,0269(brokerage business),250,250
16,0339(brokerage business),354,-61,16,0038(brokerage business),459,0,16,0009(brokerage business),248,241
17,0051(brokerage business),277,263,17,0081(brokerage business),380,61,17,0051(brokerage business),123,123
18,0103(brokerage business),273,-241,18,0268(brokerage business),374,10,18,0331(brokerage business),121,0
19,0269(brokerage business),271,267,19,0323(brokerage business),373,-29,19,0019(brokerage business),114,0
20,0009(brokerage business),266,187,20,0298(brokerage business),361,-84,20,0275(brokerage business),82,10
Total,,23495,1070,Total,,19317,416,Total,,26600,-278
Member/OSP Type,Total Volume,Change from Previous Trading Day,Member/OSP Type,Total Long Position,Change from Previous Trading Day,Member/OSP Type,Total Short Position,Change from Previous Trading Day,,,
Contract Code：snall,,,,,,,2026-09-17,,,,
Name of FF Member/OSBP,303344,-62528,Name of FF Member/OSBP,70723,-1100,Name of FF Member/OSBP,70723,-1100,,,
Name of Non-FF Member/OSNBP,0,0,Name of Non-FF Member/OSNBP,0,0,Name of Non-FF Member/OSNBP,0,0,,,
Ranking,Name of FF Member /OSBPs,Volume,Change from Previous Trading Day,Ranking,Name of FF Member /OSBPs,Long Position,Change from Previous Trading Day,Ranking,Name of FF Member /OSBPs,Short Position,Change from Previous Trading Day
Contract Code：sn2610,,,,,,,,,,2026-09-17,
1,0004(brokerage business),34836,-6419,1,0004(brokerage business),2843,-161,1,0004(brokerage business),3867,-315
2,0148(brokerage business),22924,-5263,2,0148(brokerage business),2459,-134,2,0148(brokerage business),2827,-374
3,0163(brokerage business),15098,-3576,3,0268(brokerage business),2322,31,3,0163(brokerage business),1984,-67
4,0275(brokerage business),8772,-2900,4,0163(brokerage business),2020,71,4,0240(brokerage business),1842,-228
5,0253(brokerage business),8171,-1528,5,0240(brokerage business),1143,-201,5,0272(brokerage business),1337,-61
6,0081(brokerage business),7068,-59,6,0272(brokerage business),816,-105,6,0018(brokerage business),1009,147
7,0240(brokerage business),6921,-2306,7,0096(brokerage business),814,22,7,0103(brokerage business),1007,-38
8,0272(brokerage business),6020,-576,8,0275(brokerage business),808,41,8,0034(brokerage business),764,-132
9,0298(brokerage business),4754,-389,9,0059(brokerage business),776,-34,9,0253(brokerage business),758,-58
10,0268(brokerage business),4717,-350,10,0034(brokerage business),765,-188,10,0153(brokerage business),735,17
11,0259(brokerage business),4650,743,11,0049(brokerage business),755,-81,11,0042(brokerage business),699,-15
12,0034(brokerage business),4196,-276,12,0007(brokerage business),664,-105,12,0323(brokerage business),682,-92
13,0186(brokerage business),3610,-374,13,0082(brokerage business),579,-86,13,0335(brokerage business),596,-74
14,0308(brokerage business),3304,-114,14,0123(brokerage business),558,0,14,0096(brokerage business),539,-19
15,0059(brokerage business),3188,-825,15,0081(brokerage business),491,61,15,0161(brokerage business),507,-7
16,0103(brokerage business),2291,-481,16,0103(brokerage business),483,49,16,0139(brokerage business),502,-3
17,0137(brokerage business),2253,9,17,0009(brokerage business),466,100,17,0082(brokerage business),458,38
18,0161(brokerage business),2236,-16,18,0252(brokerage business),439,7,18,0007(brokerage business),440,25
19,0323(brokerage business),2065,-507,19,0288(brokerage business),430,-34,19,0048(brokerage business),433,-1
20,0096(brokerage business),1827,-473,20,0042(brokerage business),428,-55,20,0049(brokerage business),431,40
Total,,148901,-25680,Total,,20059,-802,Total,,21417,-1217
Ranking,Name of FF Member /OSBPs,Volume,Change from Previous Trading Day,Ranking,Name of FF Member /OSBPs,Long Position,Change from Previous Trading Day,Ranking,Name of FF Member /OSBPs,Short Position,Change from Previous Trading Day
Contract Code：sn2611,,,,,,,,,,2026-09-17,
1,0004(brokerage business),13201,-935,1,0004(brokerage business),2341,-132,1,0004(brokerage business),2035,-49
2,0148(brokerage business),9418,-1132,2,0148(brokerage business),2102,83,2,0148(brokerage business),1966,-107
3,0163(brokerage business),6233,-2342,3,0163(brokerage business),1067,61,3,0272(brokerage business),1824,-62
4,0275(brokerage business),6072,-911,4,0272(brokerage business),1036,-28,4,0323(brokerage business),1470,26
5,0253(brokerage business),3821,-1596,5,0084(brokerage business),949,-35,5,0163(brokerage business),1170,-70
6,0059(brokerage business),2118,-161,6,0096(brokerage business),879,-64,6,0042(brokerage business),993,-35
7,0272(brokerage business),1940,-273,7,0268(brokerage business),874,-21,7,0007(brokerage business),865,22
8,0081(brokerage business),1907,-613,8,0034(brokerage business),865,29,8,0096(brokerage business),751,65
9,0259(brokerage business),1748,216,9,0049(brokerage business),758,30,9,0240(brokerage business),609,54
10,0240(brokerage business),1638,-1066,10,0123(brokerage business),638,15,10,0139(brokerage business),600,97
11,0123(brokerage business),1354,-390,11,0059(brokerage business),609,-70,11,0178(brokerage business),567,18
12,0034(brokerage business),1228,390,12,0253(brokerage business),453,-32,12,0077(brokerage business),485,-3
13,0268(brokerage business),1015,71,13,0240(brokerage business),441,80,13,0335(brokerage business),439,-12
14,0137(brokerage business),995,215,14,0052(brokerage business),419,-4,14,0003(brokerage business),404,5
15,0298(brokerage business),832,-456,15,0274(brokerage business),386,19,15,0268(brokerage business),363,-34
16,0096(brokerage business),807,-390,16,0103(brokerage business),377,-8,16,0059(brokerage business),354,38
17,0271(brokerage business),747,32,17,0082(brokerage business),349,13,17,0103(brokerage business),350,-4
18,0186(brokerage business),738,-86,18,0069(brokerage business),325,37,18,0239(brokerage business),339,0
19,0043(brokerage business),736,-78,19,0315(brokerage business),319,-2,19,0086(brokerage business),290,2
20,0007(brokerage business),713,-213,20,0275(brokerage business),302,69,20,0253(brokerage business),287,-39
Total,,57261,-9718,Total,,15489,40,Total,,16161,-88
Ranking,Name of FF Member /OSBPs,Volume,Change from Previous Trading Day,Ranking,Name of FF Member /OSBPs,Long Position,Change from Previous Trading Day,Ranking,Name of FF Member /OSBPs,Short Position,Change from Previous Trading Day
Contract Code：sn2612,,,,,,,,,,2026-09-17,
1,0148(brokerage business),3081,-445,1,0004(brokerage business),2105,109,1,0240(brokerage business),1271,-30
2,0004(brokerage business),2869,-359,2,0148(brokerage business),1071,10,2,0148(brokerage business),1227,25
3,0275(brokerage business),2292,-657,3,0096(brokerage business),911,0,3,0004(brokerage business),1091,14
4,0163(brokerage business),1697,-205,4,0268(brokerage business),806,-7,4,0163(brokerage business),950,-29
5,0253(brokerage business),1298,-811,5,0272(brokerage business),624,-4,5,0272(brokerage business),848,-3
6,0059(brokerage business),1086,-246,6,0049(brokerage business),557,-3,6,0007(brokerage business),658,-19
7,0123(brokerage business),845,-129,7,0288(brokerage business),348,34,7,0034(brokerage business),564,-15
8,0096(brokerage business),636,-20,8,0163(brokerage business),347,-52,8,0077(brokerage business),529,0
9,0034(brokerage business),461,-146,9,0016(brokerage business),322,17,9,0315(brokerage business),325,-9
10,0240(brokerage business),402,-239,10,0240(brokerage business),317,18,10,0096(brokerage business),254,14
11,0081(brokerage business),366,-117,11,0009(brokerage business),310,0,11,0295(brokerage business),178,11
12,0342(brokerage business),348,-33,12,0019(brokerage business),226,4,12,0349(brokerage business),161,161
13,0007(brokerage business),337,-289,13,0034(brokerage business),178,-16,13,0320(brokerage business),125,3
14,0259(brokerage business),292,-151,14,0123(brokerage business),161,-3,14,0009(brokerage business),123,-6
15,0103(brokerage business),274,-87,15,0252(brokerage business),152,1,15,0067(brokerage business),121,2
16,0257(brokerage business),272,39,16,0253(brokerage business),145,-1,16,0268(brokerage business),99,12
17,0272(brokerage business),253,-139,17,0052(brokerage business),91,0,17,0253(brokerage business),85,7
18,0271(brokerage business),223,-151,18,0007(brokerage business),82,8,18,0288(brokerage business),78,-6
19,0137(brokerage business),206,-112,19,0136(brokerage business),74,0,19,0103(brokerage business),75,14
20,0268(brokerage business),185,-20,20,0157(brokerage business),72,0,20,0141(brokerage business),72,-4
Total,,17423,-4317,Total,,8899,115,Total,,8834,142
Member/OSP Type,Total Volume,Change from Previous Trading Day,Member/OSP Type,Total Long Position,Change from Previous Trading Day,Member/OSP Type,Total Short Position,Change from Previous Trading Day,,,
Contract Code：aoall,,,,,,,2026-09-17,,,,
Name of FF Member/OSBP,364492,97870,Name of FF Member/OSBP,476781,8926,Name of FF Member/OSBP,474481,8926,,,
Name of Non-FF Member/OSNBP,0,0,Name of Non-FF Member/OSNBP,0,0,Name of Non-FF Member/OSNBP,2300,0,,,
Ranking,Name of FF Member /OSBPs,Volume,Change from Previous Trading Day,Ranking,Name of FF Member /OSBPs,Long Position,Change from Previous Trading Day,Ranking,Name of FF Member /OSBPs,Short Position,Change from Previous Trading Day
Contract Code：ao2610,,,,,,,,,,2026-09-17,
1,0163(brokerage business),4195,750,1,0096(brokerage business),2496,-214,1,0148(brokerage business),8083,277
2,0004(brokerage business),3118,956,2,0004(brokerage business),2306,-128,2,0004(brokerage business),3851,-384
3,0148(brokerage business),2365,1207,3,0148(brokerage business),1703,-20,3,0163(brokerage business),2079,-6
4,0275(brokerage business),1803,722,4,0082(brokerage business),1498,-652,4,0103(brokerage business),1856,-70
5,0081(brokerage business),1394,531,5,0253(brokerage business),1483,-220,5,0323(brokerage business),1287,-275
6,0029(brokerage business),1071,171,6,0163(brokerage business),1470,-189,6,0253(brokerage business),1186,194
7,0151(brokerage business),1015,892,7,0298(brokerage business),1231,-78,7,0139(brokerage business),1089,12
8,0312(brokerage business),1000,975,8,0327(brokerage business),993,-37,8,0003(brokerage business),1064,-1
9,0123(brokerage business),995,427,9,0288(brokerage business),968,167,9,0059(brokerage business),999,45
10,0253(brokerage business),856,99,10,0323(brokerage business),962,-15,10,0268(brokerage business),884,-130
11,0069(brokerage business),823,227,11,0034(brokerage business),950,-61,11,0274(brokerage business),800,-9
12,0240(brokerage business),689,231,12,0240(brokerage business),932,36,12,0136(brokerage business),792,15
13,0082(brokerage business),672,-12,13,0029(brokerage business),926,23,13,0019(brokerage business),750,-357
14,0268(brokerage business),631,306,14,0018(brokerage business),922,-38,14,0272(brokerage business),681,-57
15,0298(brokerage business),629,282,15,0161(brokerage business),894,-22,15,0029(brokerage business),641,-976
16,0259(brokerage business),587,480,16,0272(brokerage business),890,-58,16,0275(brokerage business),631,80
17,0288(brokerage business),495,226,17,0275(brokerage business),839,-37,17,0081(brokerage business),565,-10
18,0096(brokerage business),471,234,18,0003(brokerage business),796,-349,18,0349(brokerage business),563,16
19,0272(brokerage business),467,14,19,0007(brokerage business),730,-5,19,0082(brokerage business),535,2
20,0323(brokerage business),454,73,20,0055(brokerage business),715,0,20,0321(brokerage business),517,0
Total,,23730,8791,Total,,23704,-1897,Total,,28853,-1634
Ranking,Name of FF Member /OSBPs,Volume,Change from Previous Trading Day,Ranking,Name of FF Member /OSBPs,Long Position,Change from Previous Trading Day,Ranking,Name of FF Member /OSBPs,Short Position,Change from Previous Trading Day
Contract Code：ao2611,,,,,,,,,,2026-09-17,
1,0163(brokerage business),4942,1117,1,0272(brokerage business),13369,-527,1,0151(brokerage business),9041,283
2,0253(brokerage business),3839,1780,2,0323(brokerage business),12188,147,2,0323(brokerage business),8633,127
3,0004(brokerage business),3258,449,3,0082(brokerage business),10668,13,3,0004(brokerage business),7383,-238
4,0148(brokerage business),2475,363,4,0151(brokerage business),8162,6,4,0148(brokerage business),7373,-488
5,0240(brokerage business),1486,68,5,0004(brokerage business),6982,-62,5,0163(brokerage business),6601,200
6,0275(brokerage business),1481,506,6,0253(brokerage business),6654,-197,6,0240(brokerage business),6098,-178
7,0178(brokerage business),1465,439,7,0240(brokerage business),5624,-134,7,0178(brokerage business),4387,-1
8,0009(brokerage business),1220,761,8,0178(brokerage business),4614,114,8,0253(brokerage business),4203,-312
9,0161(brokerage business),1155,295,9,0077(brokerage business),3808,106,9,0161(brokerage business),3925,78
10,0058(brokerage business),996,467,10,0161(brokerage business),3767,-5,10,0103(brokerage business),3762,54
11,0059(brokerage business),943,96,11,0148(brokerage business),3370,89,11,0058(brokerage business),3495,860
12,0029(brokerage business),931,472,12,0163(brokerage business),3145,-136,12,0274(brokerage business),3195,426
13,0151(brokerage business),861,114,13,0048(brokerage business),1834,25,13,0019(brokerage business),2874,-106
14,0268(brokerage business),808,56,14,0009(brokerage business),1774,471,14,0082(brokerage business),2770,328
15,0272(brokerage business),807,348,15,0308(brokerage business),1577,5,15,0268(brokerage business),2629,-184
16,0081(brokerage business),702,266,16,0034(brokerage business),1522,13,16,0335(brokerage business),2524,-35
17,0048(brokerage business),543,268,17,0029(brokerage business),1246,460,17,0288(brokerage business),1828,-7
18,0082(brokerage business),493,224,18,0103(brokerage business),1100,46,18,0048(brokerage business),1717,-126
19,0274(brokerage business),480,407,19,0268(brokerage business),990,-166,19,0081(brokerage business),1283,63
20,0096(brokerage business),354,100,20,0244(brokerage business),939,304,20,0295(brokerage business),1102,-6
Total,,29239,8596,Total,,93333,572,Total,,84823,738
Ranking,Name of FF Member /OSBPs,Volume,Change from Previous Trading Day,Ranking,Name of FF Member /OSBPs,Long Position,Change from Previous Trading Day,Ranking,Name of FF Member /OSBPs,Short Position,Change from Previous Trading Day
Contract Code：ao2612,,,,,,,,,,2026-09-17,
1,0163(brokerage business),3870,3088,1,0323(brokerage business),8010,0,1,0323(brokerage business),8007,-197
2,0253(brokerage business),2592,1623,2,0151(brokerage business),6284,-61,2,0151(brokerage business),6028,-330
3,0268(brokerage business),1969,1074,3,0240(brokerage business),5049,40,3,0240(brokerage business),5071,-152
4,0272(brokerage business),1221,899,4,0272(brokerage business),4623,554,4,0161(brokerage business),4540,-12
5,0178(brokerage business),1217,743,5,0178(brokerage business),4538,8,5,0178(brokerage business),4501,-51
6,0148(brokerage business),1207,881,6,0161(brokerage business),4524,2,6,0268(brokerage business),4072,64
7,0029(brokerage business),1201,1063,7,0268(brokerage business),4042,-133,7,0004(brokerage business),3881,-243
8,0308(brokerage business),1064,1060,8,0163(brokerage business),3819,19,8,0163(brokerage business),3759,179
9,0151(brokerage business),1053,703,9,0004(brokerage business),3465,12,9,0103(brokerage business),3114,609
10,0161(brokerage business),944,417,10,0253(brokerage business),2595,-6,10,0009(brokerage business),2667,801
11,0009(brokerage business),916,765,11,0059(brokerage business),2021,-5,11,0253(brokerage business),2642,-306
12,0058(brokerage business),722,702,12,0082(brokerage business),1758,2,12,0059(brokerage business),2006,-16
13,0288(brokerage business),717,478,13,0034(brokerage business),1660,3,13,0048(brokerage business),1648,5
14,0103(brokerage business),714,342,14,0048(brokerage business),1526,0,14,0335(brokerage business),1614,-247
15,0240(brokerage business),702,413,15,0139(brokerage business),1357,1,15,0029(brokerage business),1104,1023
16,0335(brokerage business),697,502,16,0288(brokerage business),960,-313,16,0123(brokerage business),850,40
17,0004(brokerage business),641,300,17,0148(brokerage business),572,161,17,0272(brokerage business),846,3
18,0081(brokerage business),491,312,18,0095(brokerage business),570,-1,18,0148(brokerage business),760,-190
19,0323(brokerage business),415,313,19,0009(brokerage business),387,31,19,0058(brokerage business),728,697
20,0271(brokerage business),375,368,20,0038(brokerage business),248,-2,20,0003(brokerage business),438,0
Total,,22728,16046,Total,,58008,312,Total,,58276,1677
Ranking,Name of FF Member /OSBPs,Volume,Change from Previous Trading Day,Ranking,Name of FF Member /OSBPs,Long Position,Change from Previous Trading Day,Ranking,Name of FF Member /OSBPs,Short Position,Change from Previous Trading Day
Contract Code：ao2701,,,,,,,,,,2026-09-17,
1,0004(brokerage business),44838,8317,1,0004(brokerage business),19153,650,1,0148(brokerage business),30002,1018
2,0163(brokerage business),29085,3837,2,0148(brokerage business),17292,767,2,0004(brokerage business),27928,1436
3,0148(brokerage business),18423,-465,3,0034(brokerage business),15013,610,3,0103(brokerage business),19154,561
4,0253(brokerage business),14251,3855,4,0082(brokerage business),13567,2408,4,0335(brokerage business),14048,922
5,0275(brokerage business),7892,2187,5,0163(brokerage business),10727,1034,5,0253(brokerage business),11144,490
6,0240(brokerage business),7067,2809,6,0288(brokerage business),7119,365,6,0163(brokerage business),9026,-1213
7,0259(brokerage business),6663,4351,7,0077(brokerage business),6890,13,7,0272(brokerage business),8527,475
8,0272(brokerage business),6521,1175,8,0272(brokerage business),6580,364,8,0082(brokerage business),5456,2
9,0029(brokerage business),5123,3917,9,0323(brokerage business),5928,-73,9,0059(brokerage business),5019,-117
10,0186(brokerage business),4725,750,10,0253(brokerage business),5920,421,10,0268(brokerage business),4598,169
11,0298(brokerage business),4504,737,11,0103(brokerage business),5871,325,11,0240(brokerage business),4540,413
12,0268(brokerage business),4415,-364,12,0123(brokerage business),5652,38,12,0034(brokerage business),4279,-58
13,0034(brokerage business),3874,1005,13,0052(brokerage business),4202,19,13,0288(brokerage business),4256,176
14,0081(brokerage business),3735,-4,14,0275(brokerage business),4171,667,14,0151(brokerage business),3845,1173
15,0137(brokerage business),3555,1231,15,0003(brokerage business),3994,294,15,0274(brokerage business),3037,184
16,0059(brokerage business),3509,-1821,16,0298(brokerage business),3994,274,16,0123(brokerage business),2903,55
17,0323(brokerage business),3469,2066,17,0268(brokerage business),3894,-154,17,0018(brokerage business),2830,112
18,0082(brokerage business),3328,1541,18,0009(brokerage business),3788,560,18,0308(brokerage business),2811,230
19,0151(brokerage business),3260,1155,19,0139(brokerage business),3316,189,19,0259(brokerage business),2794,253
20,0103(brokerage business),3230,112,20,0096(brokerage business),3234,177,20,0007(brokerage business),2778,132
Total,,181467,36391,Total,,150305,8948,Total,,168975,6413
Member/OSP Type,Total Volume,Change from Previous Trading Day,Member/OSP Type,Total Long Position,Change from Previous Trading Day,Member/OSP Type,Total Short Position,Change from Previous Trading Day,,,
Contract Code：adall,,,,,,,2026-09-17,,,,
Name of FF Member/OSBP,26098,1356,Name of FF Member/OSBP,24191,-418,Name of FF Member/OSBP,24191,-418,,,
Name of Non-FF Member/OSNBP,0,0,Name of Non-FF Member/OSNBP,0,0,Name of Non-FF Member/OSNBP,0,0,,,
Ranking,Name of FF Member /OSBPs,Volume,Change from Previous Trading Day,Ranking,Name of FF Member /OSBPs,Long Position,Change from Previous Trading Day,Ranking,Name of FF Member /OSBPs,Short Position,Change from Previous Trading Day
Contract Code：ad2610,,,,,,,,,,2026-09-17,
1,0004(brokerage business),195,-96,1,0253(brokerage business),414,7,1,0123(brokerage business),452,-2
2,0275(brokerage business),179,89,2,0123(brokerage business),333,-5,2,0275(brokerage business),378,0
3,0137(brokerage business),170,47,3,0323(brokerage business),300,0,3,0323(brokerage business),318,0
4,0163(brokerage business),152,52,4,0009(brokerage business),292,0,4,0139(brokerage business),310,-36
5,0253(brokerage business),111,64,5,0048(brokerage business),290,6,5,0253(brokerage business),310,4
6,0096(brokerage business),102,62,6,0257(brokerage business),285,-2,6,0048(brokerage business),309,5
7,0139(brokerage business),93,61,7,0275(brokerage business),283,-1,7,0009(brokerage business),292,0
8,0268(brokerage business),82,27,8,0008(brokerage business),278,-9,8,0257(brokerage business),290,-2
9,0148(brokerage business),74,22,9,0137(brokerage business),263,23,9,0008(brokerage business),278,-9
10,0123(brokerage business),65,25,10,0034(brokerage business),256,0,10,0096(brokerage business),257,10
11,0257(brokerage business),62,41,11,0096(brokerage business),251,10,11,0137(brokerage business),254,11
12,0008(brokerage business),60,44,12,0004(brokerage business),250,27,12,0004(brokerage business),150,-4
13,0272(brokerage business),40,18,13,0139(brokerage business),242,-57,13,0272(brokerage business),117,15
14,0058(brokerage business),34,16,14,0272(brokerage business),138,25,14,0163(brokerage business),97,0
15,0059(brokerage business),29,5,15,0148(brokerage business),133,-10,15,0349(brokerage business),94,20
16,0320(brokerage business),27,15,16,0163(brokerage business),74,34,16,0103(brokerage business),79,7
17,0009(brokerage business),24,-8,17,0268(brokerage business),38,3,17,0335(brokerage business),48,0
18,0349(brokerage business),20,18,18,0277(brokerage business),24,0,18,0148(brokerage business),47,0
19,0048(brokerage business),17,6,19,0320(brokerage business),23,-27,19,0107(brokerage business),37,7
20,0259(brokerage business),13,4,20,0059(brokerage business),21,2,20,0268(brokerage business),32,-13
Total,,1549,512,Total,,4188,26,Total,,4149,13
Ranking,Name of FF Member /OSBPs,Volume,Change from Previous Trading Day,Ranking,Name of FF Member /OSBPs,Long Position,Change from Previous Trading Day,Ranking,Name of FF Member /OSBPs,Short Position,Change from Previous Trading Day
Contract Code：ad2611,,,,,,,,,,2026-09-17,
1,0163(brokerage business),2310,239,1,0323(brokerage business),1898,23,1,0323(brokerage business),1847,38
2,0253(brokerage business),1657,302,2,0123(brokerage business),1816,-94,2,0139(brokerage business),1674,0
3,0004(brokerage business),1635,84,3,0253(brokerage business),1557,128,3,0123(brokerage business),1472,-43
4,0081(brokerage business),1594,186,4,0139(brokerage business),1420,27,4,0009(brokerage business),1347,156
5,0257(brokerage business),1241,526,5,0009(brokerage business),1340,150,5,0253(brokerage business),1233,-119
6,0139(brokerage business),965,-107,6,0257(brokerage business),1198,0,6,0257(brokerage business),1193,-1
7,0123(brokerage business),919,75,7,0096(brokerage business),1168,-11,7,0004(brokerage business),1177,-9
8,0008(brokerage business),914,-40,8,0048(brokerage business),1106,49,8,0096(brokerage business),1174,-12
9,0275(brokerage business),894,34,9,0148(brokerage business),1095,-51,9,0048(brokerage business),1104,53
10,0096(brokerage business),819,122,10,0137(brokerage business),1016,1,10,0272(brokerage business),1062,-440
11,0048(brokerage business),816,228,11,0163(brokerage business),920,-67,11,0137(brokerage business),1016,2
12,0272(brokerage business),534,-229,12,0275(brokerage business),909,-3,12,0008(brokerage business),889,-7
13,0148(brokerage business),480,-18,13,0008(brokerage business),889,-7,13,0275(brokerage business),886,-3
14,0137(brokerage business),419,-379,14,0277(brokerage business),445,112,14,0268(brokerage business),562,-37
15,0069(brokerage business),375,-20,15,0034(brokerage business),388,-10,15,0148(brokerage business),435,-61
16,0009(brokerage business),326,191,16,0004(brokerage business),378,-90,16,0067(brokerage business),367,65
17,0320(brokerage business),170,22,17,0069(brokerage business),286,-76,17,0069(brokerage business),286,281
18,0268(brokerage business),165,-29,18,0082(brokerage business),111,-36,18,0103(brokerage business),176,-54
19,0067(brokerage business),160,9,19,0321(brokerage business),71,22,19,0163(brokerage business),168,-39
20,0103(brokerage business),160,-43,20,0299(brokerage business),60,2,20,0320(brokerage business),147,31
Total,,16553,1153,Total,,18071,69,Total,,18215,-199
Member/OSP Type,Total Volume,Change from Previous Trading Day,Member/OSP Type,Total Long Position,Change from Previous Trading Day,Member/OSP Type,Total Short Position,Change from Previous Trading Day,,,
Contract Code：auall,,,,,,,2026-09-17,,,,
Name of FF Member/OSBP,841899,216867,Name of FF Member/OSBP,333652,1201,Name of FF Member/OSBP,75646,562,,,
Name of Non-FF Member/OSNBP,35213,-3583,Name of Non-FF Member/OSNBP,94579,133,Name of Non-FF Member/OSNBP,352585,772,,,
Ranking,Name of FF Member /OSBPs,Volume,Change from Previous Trading Day,Ranking,Name of FF Member /OSBPs,Long Position,Change from Previous Trading Day,Ranking,Name of FF Member /OSBPs,Short Position,Change from Previous Trading Day
Contract Code：au2610,,,,,,,,,,2026-09-17,
1,0004(brokerage business),114696,39414,1,0004(brokerage business),12676,-225,1,0004(brokerage business),8922,485
2,0148(brokerage business),54327,6877,2,0148(brokerage business),7822,-1388,2,0163(brokerage business),2247,253
3,0163(brokerage business),40772,5328,3,0163(brokerage business),6528,24,3,0240(brokerage business),2146,84
4,0272(brokerage business),35500,10754,4,0272(brokerage business),5300,-883,4,0148(brokerage business),1562,17
5,0253(brokerage business),29397,8498,5,0253(brokerage business),4389,-253,5,0272(brokerage business),1248,-10
6,0308(brokerage business),24868,2908,6,0082(brokerage business),4022,201,6,0306(brokerage business),1153,-424
7,0275(brokerage business),22114,9236,7,0034(brokerage business),3980,-284,7,0253(brokerage business),940,90
8,0096(brokerage business),14467,3349,8,0103(brokerage business),3298,-249,8,0049(brokerage business),868,16
9,0161(brokerage business),13677,4776,9,0169(brokerage business),2810,-102,9,0009(brokerage business),799,8
10,0123(brokerage business),11255,3489,10,0240(brokerage business),2803,-147,10,0186(brokerage business),706,510
11,0240(brokerage business),10615,2716,11,0268(brokerage business),2654,-175,11,0096(brokerage business),680,209
12,0268(brokerage business),9845,1340,12,0288(brokerage business),2611,-166,12,0268(brokerage business),631,-120
13,0081(brokerage business),9035,3526,13,0275(brokerage business),2463,-172,13,0034(brokerage business),558,-56
14,0372(brokerage business),8681,1477,14,0042(brokerage business),2024,-257,14,0137(brokerage business),471,-42
15,0077(brokerage business),8110,1760,15,0161(brokerage business),2024,-439,15,0001(brokerage business),464,0
16,0009(brokerage business),8031,2227,16,0323(brokerage business),1716,-36,16,0372(brokerage business),440,-31
17,0034(brokerage business),7824,2255,17,0001(brokerage business),1678,99,17,0095(brokerage business),435,-80
18,0274(brokerage business),7743,2497,18,0096(brokerage business),1471,9,18,0288(brokerage business),419,122
19,0298(brokerage business),6715,1313,19,0274(brokerage business),1466,-232,19,0042(brokerage business),408,-70
20,0082(brokerage business),6090,1721,20,0308(brokerage business),1462,1,20,0059(brokerage business),408,42
Total,,443762,115461,Total,,73197,-4674,Total,,25505,1003
Ranking,Name of FF Member /OSBPs,Volume,Change from Previous Trading Day,Ranking,Name of FF Member /OSBPs,Long Position,Change from Previous Trading Day,Ranking,Name of FF Member /OSBPs,Short Position,Change from Previous Trading Day
Contract Code：au2612,,,,,,,,,,2026-09-17,
1,0004(brokerage business),35800,9007,1,0004(brokerage business),29395,424,1,0148(brokerage business),3798,-27
2,0272(brokerage business),26792,10572,2,0148(brokerage business),19730,1529,2,0004(brokerage business),2694,-27
3,0148(brokerage business),23562,6349,3,0163(brokerage business),8892,183,3,0268(brokerage business),2048,72
4,0253(brokerage business),15326,5392,4,0067(brokerage business),7538,71,4,0025(brokerage business),1800,1
5,0163(brokerage business),11261,2127,5,0272(brokerage business),6130,616,5,0049(brokerage business),1674,78
6,0308(brokerage business),9468,3158,6,0103(brokerage business),5507,207,6,0082(brokerage business),1582,46
7,0009(brokerage business),7383,1763,7,0240(brokerage business),4081,707,7,0001(brokerage business),1580,-33
8,0096(brokerage business),7188,2721,8,0253(brokerage business),3843,-147,8,0009(brokerage business),1096,219
9,0274(brokerage business),6234,2278,9,0288(brokerage business),3742,218,9,0052(brokerage business),969,-1
10,0161(brokerage business),5385,1294,10,0268(brokerage business),3426,298,10,0272(brokerage business),965,-136
11,0240(brokerage business),4262,1788,11,0003(brokerage business),2646,80,11,0096(brokerage business),854,-168
12,0306(brokerage business),4234,-2,12,0042(brokerage business),2606,130,12,0288(brokerage business),840,-168
13,0081(brokerage business),3749,1655,13,0082(brokerage business),2464,23,13,0253(brokerage business),822,-201
14,0123(brokerage business),3724,1878,14,0034(brokerage business),2451,183,14,0137(brokerage business),812,4
15,0103(brokerage business),3407,1079,15,0123(brokerage business),2318,-33,15,0089(brokerage business),799,-3
16,0268(brokerage business),2858,642,16,0169(brokerage business),2188,206,16,0034(brokerage business),733,-15
17,0019(brokerage business),2567,648,17,0069(brokerage business),2146,6,17,0059(brokerage business),664,43
18,0034(brokerage business),2522,905,18,0239(brokerage business),1801,-333,18,0042(brokerage business),544,64
19,0275(brokerage business),2479,380,19,0308(brokerage business),1754,54,19,0007(brokerage business),533,40
20,0001(brokerage business),2197,-353,20,0349(brokerage business),1725,2,20,0372(brokerage business),456,8
Total,,180398,53281,Total,,114383,4424,Total,,25263,-204
Ranking,Name of FF Member /OSBPs,Volume,Change from Previous Trading Day,Ranking,Name of FF Member /OSBPs,Long Position,Change from Previous Trading Day,Ranking,Name of FF Member /OSBPs,Short Position,Change from Previous Trading Day
Contract Code：au2702,,,,,,,,,,2026-09-17,
1,0004(brokerage business),6179,-243,1,0148(brokerage business),4459,387,1,0323(brokerage business),1034,0
2,0148(brokerage business),4621,-1609,2,0067(brokerage business),2949,16,2,0025(brokerage business),683,63
3,0272(brokerage business),4594,1358,3,0004(brokerage business),2852,100,3,0004(brokerage business),347,-65
4,0161(brokerage business),4449,1155,4,0272(brokerage business),2796,-6,4,0169(brokerage business),235,-2
5,0308(brokerage business),3215,-1289,5,0288(brokerage business),1765,16,5,0335(brokerage business),166,21
6,0253(brokerage business),2000,-836,6,0323(brokerage business),1198,28,6,0009(brokerage business),134,-1
7,0096(brokerage business),1994,-376,7,0163(brokerage business),1073,28,7,0042(brokerage business),102,0
8,0163(brokerage business),1737,-273,8,0335(brokerage business),989,8,8,0272(brokerage business),101,2
9,0275(brokerage business),772,185,9,0308(brokerage business),845,49,9,0148(brokerage business),95,-38
10,0240(brokerage business),686,356,10,0082(brokerage business),768,-2,10,0058(brokerage business),85,0
11,0069(brokerage business),650,-22,11,0025(brokerage business),758,60,11,0034(brokerage business),76,3
12,0009(brokerage business),637,60,12,0103(brokerage business),638,-228,12,0240(brokerage business),67,-4
13,0081(brokerage business),591,-139,13,0123(brokerage business),605,17,13,0049(brokerage business),62,9
14,0137(brokerage business),436,-4,14,0059(brokerage business),572,53,14,0268(brokerage business),62,-10
15,0268(brokerage business),355,-6,15,0009(brokerage business),549,-6,15,0308(brokerage business),58,2
16,0156(brokerage business),333,273,16,0311(brokerage business),530,52,16,0163(brokerage business),57,-19
17,0103(brokerage business),332,236,17,0253(brokerage business),521,-109,17,0239(brokerage business),52,-5
18,0048(brokerage business),289,-39,18,0161(brokerage business),382,39,18,0253(brokerage business),52,-13
19,0123(brokerage business),279,18,19,0268(brokerage business),375,15,19,0007(brokerage business),40,0
20,0274(brokerage business),233,1,20,0274(brokerage business),373,6,20,0372(brokerage business),31,-6
Total,,34382,-1194,Total,,24997,523,Total,,3539,-63
Ranking,Name of FF Member /OSBPs,Volume,Change from Previous Trading Day,Ranking,Name of FF Member /OSBPs,Long Position,Change from Previous Trading Day,Ranking,Name of FF Member /OSBPs,Short Position,Change from Previous Trading Day
Contract Code：au2704,,,,,,,,,,2026-09-17,
1,0163(brokerage business),1406,264,1,0148(brokerage business),2378,-37,1,0323(brokerage business),1003,2
2,0161(brokerage business),1047,530,2,0067(brokerage business),2017,0,2,0004(brokerage business),229,-2
3,0148(brokerage business),953,337,3,0004(brokerage business),1124,4,3,0308(brokerage business),158,-2
4,0272(brokerage business),747,541,4,0323(brokerage business),1065,-1,4,0272(brokerage business),78,-8
5,0004(brokerage business),568,41,5,0123(brokerage business),570,0,5,0148(brokerage business),72,38
6,0069(brokerage business),505,-148,6,0275(brokerage business),404,2,6,0333(brokerage business),66,0
7,0137(brokerage business),406,118,7,0272(brokerage business),359,-59,7,0137(brokerage business),59,43
8,0308(brokerage business),373,-192,8,0253(brokerage business),223,19,8,0049(brokerage business),56,6
9,0253(brokerage business),332,126,9,0327(brokerage business),193,3,9,0268(brokerage business),39,4
10,0268(brokerage business),156,38,10,0288(brokerage business),181,-1,10,0009(brokerage business),37,0
11,0123(brokerage business),142,117,11,0156(brokerage business),164,-2,11,0163(brokerage business),36,-85
12,0081(brokerage business),139,-32,12,0163(brokerage business),155,-67,12,0042(brokerage business),25,0
13,0275(brokerage business),121,-92,13,0001(brokerage business),130,0,13,0244(brokerage business),24,-7
14,0271(brokerage business),115,-20,14,0268(brokerage business),129,10,14,0253(brokerage business),22,3
15,0009(brokerage business),100,24,15,0308(brokerage business),118,13,15,0275(brokerage business),21,-5
16,0018(brokerage business),64,35,16,0240(brokerage business),85,2,16,0151(brokerage business),20,1
17,0240(brokerage business),63,42,17,0003(brokerage business),75,1,17,0141(brokerage business),18,9
18,0034(brokerage business),62,32,18,0018(brokerage business),72,4,18,0069(brokerage business),16,-1
19,0019(brokerage business),59,43,19,0137(brokerage business),71,57,19,0161(brokerage business),16,-6
20,0244(brokerage business),56,36,20,0311(brokerage business),63,0,20,0238(brokerage business),14,1
Total,,7414,1840,Total,,9576,-52,Total,,2009,-9
Member/OSP Type,Total Volume,Change from Previous Trading Day,Member/OSP Type,Total Long Position,Change from Previous Trading Day,Member/OSP Type,Total Short Position,Change from Previous Trading Day,,,
Contract Code：agall,,,,,,,2026-09-17,,,,
Name of FF Member/OSBP,1687624,304751,Name of FF Member/OSBP,492396,-1418,Name of FF Member/OSBP,338892,-1448,,,
Name of Non-FF Member/OSNBP,5148,-815,Name of Non-FF Member/OSNBP,64884,873,Name of Non-FF Member/OSNBP,218388,903,,,
Ranking,Name of FF Member /OSBPs,Volume,Change from Previous Trading Day,Ranking,Name of FF Member /OSBPs,Long Position,Change from Previous Trading Day,Ranking,Name of FF Member /OSBPs,Short Position,Change from Previous Trading Day
Contract Code：ag2610,,,,,,,,,,2026-09-17,
1,0004(brokerage business),126545,21837,1,0148(brokerage business),9543,-1243,1,0004(brokerage business),14312,954
2,0148(brokerage business),82456,14547,2,0163(brokerage business),8801,545,2,0148(brokerage business),12187,-581
3,0163(brokerage business),60024,12646,3,0004(brokerage business),8657,-1515,3,0163(brokerage business),4490,155
4,0275(brokerage business),34233,9292,4,0034(brokerage business),6315,449,4,0049(brokerage business),4333,-1519
5,0240(brokerage business),34034,8344,5,0288(brokerage business),5219,277,5,0253(brokerage business),3164,-835
6,0253(brokerage business),33307,7004,6,0272(brokerage business),4938,61,6,0272(brokerage business),2990,-15
7,0272(brokerage business),28818,3946,7,0253(brokerage business),4493,572,7,0137(brokerage business),2840,-252
8,0308(brokerage business),23765,2858,8,0275(brokerage business),4254,-397,8,0240(brokerage business),2624,53
9,0034(brokerage business),21547,3276,9,0240(brokerage business),4094,-1003,9,0042(brokerage business),2406,109
10,0268(brokerage business),18795,2724,10,0082(brokerage business),3282,63,10,0001(brokerage business),2181,-349
11,0081(brokerage business),18508,5825,11,0268(brokerage business),3182,-45,11,0139(brokerage business),1931,-32
12,0298(brokerage business),17815,2950,12,0042(brokerage business),2997,522,12,0082(brokerage business),1858,26
13,0186(brokerage business),13100,2367,13,0009(brokerage business),2901,-112,13,0034(brokerage business),1748,-536
14,0123(brokerage business),12548,-79,14,0096(brokerage business),2713,47,14,0275(brokerage business),1742,116
15,0137(brokerage business),10220,1895,15,0081(brokerage business),2709,-69,15,0069(brokerage business),1427,-18
16,0103(brokerage business),10159,1837,16,0323(brokerage business),2582,-462,16,0103(brokerage business),1372,15
17,0161(brokerage business),10020,2845,17,0049(brokerage business),2568,-113,17,0308(brokerage business),1341,-163
18,0288(brokerage business),9953,449,18,0298(brokerage business),2214,-178,18,0288(brokerage business),1323,-234
19,0042(brokerage business),9561,2882,19,0161(brokerage business),2188,-204,19,0025(brokerage business),1290,-274
20,0323(brokerage business),8958,2405,20,0103(brokerage business),2161,326,20,0059(brokerage business),1222,86
Total,,584366,109850,Total,,85811,-2479,Total,,66781,-3294
Ranking,Name of FF Member /OSBPs,Volume,Change from Previous Trading Day,Ranking,Name of FF Member /OSBPs,Long Position,Change from Previous Trading Day,Ranking,Name of FF Member /OSBPs,Short Position,Change from Previous Trading Day
Contract Code：ag2612,,,,,,,,,,2026-09-17,
1,0004(brokerage business),48799,8412,1,0272(brokerage business),15709,259,1,0148(brokerage business),27860,225
2,0148(brokerage business),25843,5908,2,0004(brokerage business),14439,-246,2,0004(brokerage business),19256,448
3,0275(brokerage business),24979,5486,3,0082(brokerage business),12047,-14,3,0049(brokerage business),7274,658
4,0163(brokerage business),21531,5375,4,0163(brokerage business),9662,55,4,0272(brokerage business),6928,323
5,0240(brokerage business),15594,3831,5,0049(brokerage business),8617,293,5,0163(brokerage business),6784,-22
6,0272(brokerage business),13902,5727,6,0148(brokerage business),7719,-228,6,0103(brokerage business),4901,883
7,0253(brokerage business),13690,3255,7,0067(brokerage business),7340,181,7,0006(brokerage business),3649,602
8,0123(brokerage business),9473,24,8,0288(brokerage business),7015,103,8,0315(brokerage business),3611,44
9,0308(brokerage business),7496,2362,9,0253(brokerage business),6842,284,9,0137(brokerage business),3425,-47
10,0034(brokerage business),7468,2722,10,0103(brokerage business),6438,132,10,0372(brokerage business),3186,-92
11,0081(brokerage business),7420,2443,11,0268(brokerage business),5559,375,11,0123(brokerage business),3034,-223
12,0103(brokerage business),6791,392,12,0034(brokerage business),5086,465,12,0139(brokerage business),2864,35
13,0268(brokerage business),5819,76,13,0240(brokerage business),4672,-82,13,0240(brokerage business),2647,56
14,0009(brokerage business),5594,2550,14,0025(brokerage business),4497,107,14,0025(brokerage business),2569,-24
15,0059(brokerage business),5122,1041,15,0043(brokerage business),4234,87,15,0059(brokerage business),2289,276
16,0096(brokerage business),4493,8,16,0042(brokerage business),4206,82,16,0034(brokerage business),2198,-353
17,0186(brokerage business),4102,936,17,0275(brokerage business),3357,180,17,0009(brokerage business),2180,82
18,0042(brokerage business),4004,3012,18,0009(brokerage business),2783,-826,18,0042(brokerage business),2131,-862
19,0161(brokerage business),3815,1166,19,0323(brokerage business),2757,314,19,0096(brokerage business),2105,-819
20,0007(brokerage business),3288,2093,20,0058(brokerage business),2269,-22,20,0274(brokerage business),2034,-5
Total,,239223,56819,Total,,135248,1499,Total,,110925,1185
Ranking,Name of FF Member /OSBPs,Volume,Change from Previous Trading Day,Ranking,Name of FF Member /OSBPs,Long Position,Change from Previous Trading Day,Ranking,Name of FF Member /OSBPs,Short Position,Change from Previous Trading Day
Contract Code：ag2702,,,,,,,,,,2026-09-17,
1,0004(brokerage business),53398,1489,1,0148(brokerage business),6775,73,1,0004(brokerage business),13541,679
2,0163(brokerage business),47707,6628,2,0272(brokerage business),5218,234,2,0148(brokerage business),10484,327
3,0148(brokerage business),39904,15345,3,0004(brokerage business),4391,535,3,0372(brokerage business),8590,1053
4,0275(brokerage business),24881,4216,4,0082(brokerage business),3866,-12,4,0163(brokerage business),5701,-541
5,0009(brokerage business),22609,7944,5,0163(brokerage business),3518,576,5,0272(brokerage business),3456,-211
6,0240(brokerage business),16028,2453,6,0043(brokerage business),3346,33,6,0049(brokerage business),3249,52
7,0253(brokerage business),14585,2322,7,0067(brokerage business),3242,58,7,0123(brokerage business),1938,-6
8,0123(brokerage business),11608,-1226,8,0003(brokerage business),2643,16,8,0042(brokerage business),1781,-2
9,0308(brokerage business),10768,2422,9,0253(brokerage business),2181,22,9,0069(brokerage business),1599,2
10,0081(brokerage business),8194,2768,10,0049(brokerage business),1891,9,10,0034(brokerage business),1270,57
11,0298(brokerage business),7796,633,11,0009(brokerage business),1701,-3038,11,0315(brokerage business),713,-1
12,0272(brokerage business),7617,-1069,12,0240(brokerage business),1529,621,12,0253(brokerage business),598,-87
13,0059(brokerage business),7147,3254,13,0025(brokerage business),1371,130,13,0240(brokerage business),587,-535
14,0038(brokerage business),6056,2394,14,0323(brokerage business),1275,159,14,0335(brokerage business),443,46
15,0186(brokerage business),5724,473,15,0123(brokerage business),1256,44,15,0058(brokerage business),418,-141
16,0096(brokerage business),5492,194,16,0277(brokerage business),1098,-1,16,0096(brokerage business),380,-41
17,0034(brokerage business),5452,2035,17,0333(brokerage business),1076,-67,17,0298(brokerage business),340,1
18,0268(brokerage business),5021,-1750,18,0007(brokerage business),1055,7,18,0009(brokerage business),315,-29
19,0103(brokerage business),4245,463,19,0042(brokerage business),960,38,19,0311(brokerage business),296,0
20,0323(brokerage business),3594,-77,20,0268(brokerage business),936,49,20,0103(brokerage business),279,104
Total,,307826,50911,Total,,49328,-514,Total,,55978,727
Member/OSP Type,Total Volume,Change from Previous Trading Day,Member/OSP Type,Total Long Position,Change from Previous Trading Day,Member/OSP Type,Total Short Position,Change from Previous Trading Day,,,
Contract Code：rball,,,,,,,2026-09-17,,,,
Name of FF Member/OSBP,1515042,-339936,Name of FF Member/OSBP,2612583,-51,Name of FF Member/OSBP,2612583,-51,,,
Name of Non-FF Member/OSNBP,0,0,Name of Non-FF Member/OSNBP,0,0,Name of Non-FF Member/OSNBP,0,0,,,
Ranking,Name of FF Member /OSBPs,Volume,Change from Previous Trading Day,Ranking,Name of FF Member /OSBPs,Long Position,Change from Previous Trading Day,Ranking,Name of FF Member /OSBPs,Short Position,Change from Previous Trading Day
Contract Code：rb2610,,,,,,,,,,2026-09-17,
1,0163(brokerage business),17926,-19588,1,0004(brokerage business),35410,-4361,1,0004(brokerage business),40341,-2407
2,0004(brokerage business),17695,-6149,2,0163(brokerage business),18668,344,2,0148(brokerage business),25662,77
3,0148(brokerage business),10526,-5772,3,0148(brokerage business),16406,-1245,3,0163(brokerage business),21792,-824
4,0253(brokerage business),9970,-2853,4,0058(brokerage business),9789,-104,4,0034(brokerage business),18888,1288
5,0081(brokerage business),4664,-815,5,0272(brokerage business),9231,-49,5,0103(brokerage business),16226,-2416
6,0275(brokerage business),4439,-1683,6,0123(brokerage business),9131,-20,6,0042(brokerage business),11983,-195
7,0103(brokerage business),3450,380,7,0009(brokerage business),8563,-941,7,0123(brokerage business),11489,-117
8,0034(brokerage business),3085,-7458,8,0178(brokerage business),7875,-179,8,0275(brokerage business),10397,-90
9,0274(brokerage business),2557,-190,9,0069(brokerage business),7569,-91,9,0058(brokerage business),8244,428
10,0096(brokerage business),1843,-1486,10,0275(brokerage business),7322,-794,10,0253(brokerage business),7496,-1034
11,0238(brokerage business),1810,-345,11,0103(brokerage business),6309,-582,11,0096(brokerage business),7478,-1072
12,0272(brokerage business),1559,-5012,12,0253(brokerage business),5817,-1005,12,0238(brokerage business),7343,-805
13,0042(brokerage business),1536,218,13,0082(brokerage business),5804,-175,13,0306(brokerage business),7199,0
14,0059(brokerage business),1387,-2083,14,0323(brokerage business),5663,-1,14,0125(brokerage business),5514,-359
15,0240(brokerage business),1228,-783,15,0096(brokerage business),5191,-201,15,0418(brokerage business),5329,-258
16,0321(brokerage business),1151,993,16,0277(brokerage business),4933,-40,16,0178(brokerage business),5308,-96
17,0268(brokerage business),1112,-1404,17,0034(brokerage business),4458,-611,17,0059(brokerage business),4591,-858
18,0335(brokerage business),1106,796,18,0042(brokerage business),4292,245,18,0082(brokerage business),4440,-230
19,0009(brokerage business),1080,603,19,0240(brokerage business),4254,-118,19,0151(brokerage business),4425,-284
20,0137(brokerage business),1056,-568,20,0019(brokerage business),4252,-114,20,0272(brokerage business),4145,-344
Total,,89180,-53199,Total,,180937,-10042,Total,,228290,-9596
Ranking,Name of FF Member /OSBPs,Volume,Change from Previous Trading Day,Ranking,Name of FF Member /OSBPs,Long Position,Change from Previous Trading Day,Ranking,Name of FF Member /OSBPs,Short Position,Change from Previous Trading Day
Contract Code：rb2611,,,,,,,,,,2026-09-17,
1,0163(brokerage business),7817,-2383,1,0323(brokerage business),52944,-174,1,0323(brokerage business),52580,-8
2,0004(brokerage business),4203,-1133,2,0253(brokerage business),28490,210,2,0148(brokerage business),31030,519
3,0081(brokerage business),4072,463,3,0148(brokerage business),27503,-53,3,0253(brokerage business),28012,78
4,0275(brokerage business),4028,1516,4,0151(brokerage business),26658,-175,4,0151(brokerage business),27076,-160
5,0059(brokerage business),3839,3586,5,0163(brokerage business),26169,159,5,0163(brokerage business),26040,50
6,0148(brokerage business),3508,-134,6,0004(brokerage business),25595,-523,6,0004(brokerage business),25866,-148
7,0082(brokerage business),3336,-534,7,0272(brokerage business),19949,417,7,0272(brokerage business),20864,355
8,0253(brokerage business),3190,-1100,8,0082(brokerage business),18023,-14,8,0082(brokerage business),18085,-34
9,0103(brokerage business),2627,-245,9,0069(brokerage business),17371,599,9,0069(brokerage business),17266,609
10,0153(brokerage business),2383,2101,10,0268(brokerage business),16766,-469,10,0268(brokerage business),15831,-475
11,0274(brokerage business),2266,2106,11,0081(brokerage business),13873,-1411,11,0081(brokerage business),14155,-1079
12,0096(brokerage business),2134,-1006,12,0103(brokerage business),9572,-217,12,0096(brokerage business),9532,-498
13,0312(brokerage business),2062,948,13,0139(brokerage business),8996,-637,13,0139(brokerage business),9073,-635
14,0034(brokerage business),1735,891,14,0019(brokerage business),6917,481,14,0244(brokerage business),6274,-35
15,0123(brokerage business),1430,383,15,0244(brokerage business),6502,-5,15,0275(brokerage business),4896,-256
16,0069(brokerage business),1410,-137,16,0096(brokerage business),6233,68,16,0019(brokerage business),4126,-15
17,0268(brokerage business),1350,-156,17,0372(brokerage business),6128,393,17,0103(brokerage business),3915,-876
18,0139(brokerage business),1288,122,18,0312(brokerage business),3393,922,18,0312(brokerage business),3392,1140
19,0019(brokerage business),1042,669,19,0259(brokerage business),2799,268,19,0034(brokerage business),3284,-1631
20,0272(brokerage business),1040,-459,20,0007(brokerage business),2227,437,20,0084(brokerage business),3075,464
Total,,54760,5498,Total,,326108,276,Total,,324372,-2635
Ranking,Name of FF Member /OSBPs,Volume,Change from Previous Trading Day,Ranking,Name of FF Member /OSBPs,Long Position,Change from Previous Trading Day,Ranking,Name of FF Member /OSBPs,Short Position,Change from Previous Trading Day
Contract Code：rb2701,,,,,,,,,,2026-09-17,
1,0163(brokerage business),140409,-11329,1,0148(brokerage business),215869,885,1,0004(brokerage business),165382,5447
2,0004(brokerage business),133522,-56325,2,0004(brokerage business),139489,2625,2,0239(brokerage business),104125,-9194
3,0148(brokerage business),127597,-19719,3,0163(brokerage business),84957,3952,3,0148(brokerage business),95659,6888
4,0272(brokerage business),93219,-16310,4,0272(brokerage business),83733,9864,4,0103(brokerage business),85341,8857
5,0253(brokerage business),88908,-23025,5,0253(brokerage business),69556,2386,5,0163(brokerage business),61708,-449
6,0081(brokerage business),33888,-4009,6,0103(brokerage business),62218,-1813,6,0082(brokerage business),53305,251
7,0103(brokerage business),31804,5566,7,0034(brokerage business),50173,-2072,7,0272(brokerage business),45264,-605
8,0275(brokerage business),29446,-15363,8,0059(brokerage business),39617,580,8,0253(brokerage business),44385,3978
9,0259(brokerage business),27616,-603,9,0274(brokerage business),36638,325,9,0058(brokerage business),44298,3272
10,0034(brokerage business),26971,-1417,10,0268(brokerage business),34542,-1009,10,0007(brokerage business),43507,1072
11,0059(brokerage business),21528,-7058,11,0042(brokerage business),32456,-214,11,0059(brokerage business),36062,4872
12,0268(brokerage business),21254,-4907,12,0123(brokerage business),26515,-754,12,0084(brokerage business),35715,-190
13,0240(brokerage business),21216,-652,13,0009(brokerage business),25700,1908,13,0274(brokerage business),35648,-1122
14,0186(brokerage business),18954,-9368,14,0058(brokerage business),23495,-490,14,0034(brokerage business),35623,-7045
15,0153(brokerage business),17605,12567,15,0069(brokerage business),23039,467,15,0277(brokerage business),34929,378
16,0274(brokerage business),16431,-16126,16,0096(brokerage business),22074,-474,16,0275(brokerage business),31420,638
17,0271(brokerage business),14738,9405,17,0240(brokerage business),20232,-628,17,0335(brokerage business),28740,-158
18,0123(brokerage business),13374,-3082,18,0238(brokerage business),19217,-233,18,0067(brokerage business),22750,-3491
19,0009(brokerage business),12632,-6014,19,0186(brokerage business),18880,-1674,19,0042(brokerage business),22269,269
20,0308(brokerage business),12473,-1305,20,0081(brokerage business),18873,-282,20,0123(brokerage business),21618,-1494
Total,,903585,-169074,Total,,1047273,13349,Total,,1047748,12174
Ranking,Name of FF Member /OSBPs,Volume,Change from Previous Trading Day,Ranking,Name of FF Member /OSBPs,Long Position,Change from Previous Trading Day,Ranking,Name of FF Member /OSBPs,Short Position,Change from Previous Trading Day
Contract Code：rb2703,,,,,,,,,,2026-09-17,
1,0163(brokerage business),7262,-1752,1,0323(brokerage business),39731,-11,1,0323(brokerage business),39446,-15
2,0253(brokerage business),4970,2838,2,0253(brokerage business),27249,2166,2,0253(brokerage business),27070,2110
3,0148(brokerage business),4578,47,3,0274(brokerage business),20038,6,3,0274(brokerage business),20789,0
4,0151(brokerage business),1557,384,4,0082(brokerage business),17999,-25,4,0082(brokerage business),18081,14
5,0238(brokerage business),1554,433,5,0004(brokerage business),17964,247,5,0004(brokerage business),17705,134
6,0081(brokerage business),1323,194,6,0163(brokerage business),17078,62,6,0163(brokerage business),17318,-230
7,0275(brokerage business),1208,353,7,0151(brokerage business),16931,-51,7,0151(brokerage business),16767,52
8,0082(brokerage business),1081,-1071,8,0081(brokerage business),16789,528,8,0081(brokerage business),16684,447
9,0004(brokerage business),783,-1090,9,0268(brokerage business),15161,10,9,0268(brokerage business),15335,-4
10,0103(brokerage business),753,-20,10,0103(brokerage business),14609,-245,10,0103(brokerage business),15083,-12
11,0096(brokerage business),730,-898,11,0139(brokerage business),13725,80,11,0139(brokerage business),13656,81
12,0069(brokerage business),658,-482,12,0272(brokerage business),13443,175,12,0272(brokerage business),13292,204
13,0272(brokerage business),439,-402,13,0148(brokerage business),11235,191,13,0148(brokerage business),10940,-99
14,0123(brokerage business),375,245,14,0069(brokerage business),9445,301,14,0069(brokerage business),9362,303
15,0268(brokerage business),314,-525,15,0096(brokerage business),8376,0,15,0096(brokerage business),8809,236
16,0019(brokerage business),305,53,16,0238(brokerage business),7066,737,16,0238(brokerage business),7072,677
17,0323(brokerage business),268,-218,17,0138(brokerage business),4150,-12,17,0138(brokerage business),4000,0
18,0342(brokerage business),228,218,18,0019(brokerage business),3301,151,18,0019(brokerage business),3298,120
19,0259(brokerage business),212,155,19,0254(brokerage business),3040,0,19,0254(brokerage business),3031,0
20,0139(brokerage business),209,-172,20,0259(brokerage business),2633,-34,20,0259(brokerage business),2845,144
Total,,28807,-1710,Total,,279963,4276,Total,,280583,4162
Member/OSP Type,Total Volume,Change from Previous Trading Day,Member/OSP Type,Total Long Position,Change from Previous Trading Day,Member/OSP Type,Total Short Position,Change from Previous Trading Day,,,
Contract Code：hcall,,,,,,,2026-09-17,,,,
Name of FF Member/OSBP,787796,4440,Name of FF Member/OSBP,1951937,-5249,Name of FF Member/OSBP,1951937,-5249,,,
Name of Non-FF Member/OSNBP,0,0,Name of Non-FF Member/OSNBP,0,0,Name of Non-FF Member/OSNBP,0,0,,,
Ranking,Name of FF Member /OSBPs,Volume,Change from Previous Trading Day,Ranking,Name of FF Member /OSBPs,Long Position,Change from Previous Trading Day,Ranking,Name of FF Member /OSBPs,Short Position,Change from Previous Trading Day
Contract Code：hc2610,,,,,,,,,,2026-09-17,
1,0004(brokerage business),11628,28,1,0004(brokerage business),29487,-2804,1,0004(brokerage business),21447,-3060
2,0163(brokerage business),9462,-6763,2,0103(brokerage business),11906,-1515,2,0275(brokerage business),14559,-296
3,0148(brokerage business),5019,-799,3,0009(brokerage business),11440,303,3,0272(brokerage business),12905,-1614
4,0275(brokerage business),3321,156,4,0163(brokerage business),9358,-598,4,0103(brokerage business),9667,-548
5,0103(brokerage business),3023,-961,5,0253(brokerage business),8398,-449,5,0163(brokerage business),9247,168
6,0058(brokerage business),2816,1457,6,0272(brokerage business),7605,-289,6,0058(brokerage business),8401,-2478
7,0253(brokerage business),2453,-1387,7,0148(brokerage business),7497,-617,7,0259(brokerage business),7937,-177
8,0272(brokerage business),2275,-1389,8,0059(brokerage business),5856,-1141,8,0148(brokerage business),7652,-578
9,0125(brokerage business),2199,-801,9,0042(brokerage business),5811,-15,9,0042(brokerage business),6266,-467
10,0081(brokerage business),2150,148,10,0095(brokerage business),4880,-93,10,0137(brokerage business),5950,-126
11,0019(brokerage business),1854,1482,11,0125(brokerage business),4648,-1156,11,0153(brokerage business),5829,-249
12,0059(brokerage business),1449,575,12,0123(brokerage business),4278,-48,12,0009(brokerage business),5643,-34
13,0123(brokerage business),1356,406,13,0240(brokerage business),4177,-158,13,0123(brokerage business),3909,0
14,0007(brokerage business),1219,934,14,0082(brokerage business),4057,-20,14,0003(brokerage business),3554,-173
15,0330(brokerage business),1009,1005,15,0058(brokerage business),3888,20,15,0096(brokerage business),3532,-91
16,0002(brokerage business),1000,720,16,0034(brokerage business),3092,-236,16,0125(brokerage business),3344,-125
17,0288(brokerage business),950,842,17,0288(brokerage business),2113,-830,17,0253(brokerage business),2927,-694
18,0096(brokerage business),867,379,18,0007(brokerage business),2064,18,18,0034(brokerage business),2728,-390
19,0259(brokerage business),846,-130,19,0096(brokerage business),1848,-104,19,0067(brokerage business),2314,-46
20,0034(brokerage business),704,323,20,0186(brokerage business),1779,-35,20,0059(brokerage business),2028,-120
Total,,55600,-3775,Total,,134182,-9767,Total,,139839,-11098
Ranking,Name of FF Member /OSBPs,Volume,Change from Previous Trading Day,Ranking,Name of FF Member /OSBPs,Long Position,Change from Previous Trading Day,Ranking,Name of FF Member /OSBPs,Short Position,Change from Previous Trading Day
Contract Code：hc2611,,,,,,,,,,2026-09-17,
1,0253(brokerage business),4433,1929,1,0148(brokerage business),44221,-690,1,0323(brokerage business),35759,-935
2,0161(brokerage business),3794,1475,2,0323(brokerage business),35198,-976,2,0240(brokerage business),33214,-1087
3,0163(brokerage business),3025,-796,3,0240(brokerage business),32506,-711,3,0148(brokerage business),31235,51
4,0148(brokerage business),2713,-54,4,0268(brokerage business),25653,-194,4,0004(brokerage business),26971,77
5,0096(brokerage business),2344,873,5,0004(brokerage business),25509,232,5,0268(brokerage business),25639,-179
6,0004(brokerage business),2121,328,6,0081(brokerage business),21375,-376,6,0081(brokerage business),21527,-345
7,0323(brokerage business),2105,-9225,7,0178(brokerage business),18567,-600,7,0178(brokerage business),18504,-599
8,0240(brokerage business),2072,311,8,0161(brokerage business),16182,-1895,8,0161(brokerage business),16161,-1855
9,0048(brokerage business),1976,1682,9,0048(brokerage business),16055,-960,9,0048(brokerage business),15982,-968
10,0139(brokerage business),1698,-277,10,0253(brokerage business),14754,-1546,10,0137(brokerage business),14481,13
11,0081(brokerage business),1529,475,11,0137(brokerage business),14535,5,11,0253(brokerage business),14145,-1393
12,0268(brokerage business),1257,-479,12,0139(brokerage business),10465,-839,12,0139(brokerage business),9244,-859
13,0178(brokerage business),1201,147,13,0019(brokerage business),5811,-176,13,0372(brokerage business),6308,66
14,0059(brokerage business),1000,991,14,0103(brokerage business),4667,-83,14,0019(brokerage business),5870,-69
15,0103(brokerage business),744,-119,15,0275(brokerage business),2018,-22,15,0103(brokerage business),4826,-77
16,0125(brokerage business),706,626,16,0151(brokerage business),1420,0,16,0042(brokerage business),3063,-78
17,0137(brokerage business),688,19,17,0115(brokerage business),1250,0,17,0275(brokerage business),2078,4
18,0019(brokerage business),423,208,18,0271(brokerage business),1150,0,18,0272(brokerage business),1630,46
19,0263(brokerage business),300,110,19,0077(brokerage business),1041,0,19,0151(brokerage business),1247,6
20,0171(brokerage business),257,131,20,0059(brokerage business),1021,1000,20,0277(brokerage business),1181,60
Total,,34386,-1645,Total,,293398,-7831,Total,,289065,-8121
Ranking,Name of FF Member /OSBPs,Volume,Change from Previous Trading Day,Ranking,Name of FF Member /OSBPs,Long Position,Change from Previous Trading Day,Ranking,Name of FF Member /OSBPs,Short Position,Change from Previous Trading Day
Contract Code：hc2701,,,,,,,,,,2026-09-17,
1,0163(brokerage business),123010,14329,1,0004(brokerage business),219636,-2239,1,0004(brokerage business),255218,5189
2,0004(brokerage business),78692,-3150,2,0042(brokerage business),135605,5253,2,0148(brokerage business),88679,746
3,0148(brokerage business),57573,-6946,3,0148(brokerage business),124665,-4459,3,0272(brokerage business),83291,1149
4,0253(brokerage business),33853,-135,4,0163(brokerage business),79467,831,4,0058(brokerage business),81440,1833
5,0272(brokerage business),24128,-3620,5,0272(brokerage business),59931,3559,5,0163(brokerage business),63864,-2483
6,0275(brokerage business),22813,-2352,6,0009(brokerage business),51441,-756,6,0103(brokerage business),45670,2553
7,0103(brokerage business),16244,2592,7,0103(brokerage business),42316,1283,7,0275(brokerage business),32607,-440
8,0268(brokerage business),14033,4172,8,0253(brokerage business),32377,1302,8,0125(brokerage business),30472,1038
9,0259(brokerage business),13056,-5905,9,0034(brokerage business),29669,360,9,0253(brokerage business),29977,1383
10,0058(brokerage business),11463,2020,10,0275(brokerage business),29117,731,10,0059(brokerage business),29558,-611
11,0007(brokerage business),11191,-525,11,0123(brokerage business),27520,877,11,0003(brokerage business),28661,82
12,0081(brokerage business),10946,-894,12,0268(brokerage business),22958,235,12,0042(brokerage business),27584,923
13,0123(brokerage business),10308,3246,13,0058(brokerage business),22357,1086,13,0335(brokerage business),25836,-1930
14,0042(brokerage business),10122,1920,14,0139(brokerage business),21223,45,14,0259(brokerage business),24102,219
15,0034(brokerage business),10083,-682,15,0125(brokerage business),19969,4002,15,0019(brokerage business),23458,1642
16,0096(brokerage business),9515,-1530,16,0082(brokerage business),19817,-151,16,0009(brokerage business),22722,8
17,0059(brokerage business),9010,1622,17,0277(brokerage business),18340,-104,17,0177(brokerage business),22297,778
18,0186(brokerage business),8824,3367,18,0059(brokerage business),17808,133,18,0034(brokerage business),20244,-441
19,0335(brokerage business),7909,1105,19,0274(brokerage business),17199,-310,19,0239(brokerage business),19379,567
20,0019(brokerage business),7762,2191,20,0081(brokerage business),14833,-785,20,0096(brokerage business),19084,-258
Total,,490535,10825,Total,,1006248,10893,Total,,974143,11947
Ranking,Name of FF Member /OSBPs,Volume,Change from Previous Trading Day,Ranking,Name of FF Member /OSBPs,Long Position,Change from Previous Trading Day,Ranking,Name of FF Member /OSBPs,Short Position,Change from Previous Trading Day
Contract Code：hc2703,,,,,,,,,,2026-09-17,
1,0163(brokerage business),4225,-1315,1,0323(brokerage business),17431,432,1,0323(brokerage business),17530,452
2,0148(brokerage business),2929,-6,2,0081(brokerage business),13587,75,2,0081(brokerage business),13607,49
3,0096(brokerage business),1495,363,3,0004(brokerage business),10750,305,3,0004(brokerage business),10769,329
4,0081(brokerage business),1388,417,4,0268(brokerage business),10532,251,4,0268(brokerage business),10683,257
5,0178(brokerage business),1314,277,5,0253(brokerage business),10493,-25,5,0253(brokerage business),10490,8
6,0253(brokerage business),1097,52,6,0103(brokerage business),9035,1,6,0103(brokerage business),9020,2
7,0323(brokerage business),914,-619,7,0161(brokerage business),8798,426,7,0161(brokerage business),8770,430
8,0161(brokerage business),878,201,8,0148(brokerage business),7576,244,8,0139(brokerage business),6374,282
9,0103(brokerage business),747,131,9,0178(brokerage business),6836,657,9,0148(brokerage business),6171,481
10,0240(brokerage business),739,-178,10,0139(brokerage business),6353,281,10,0240(brokerage business),5924,297
11,0004(brokerage business),698,-392,11,0240(brokerage business),5979,280,11,0178(brokerage business),5659,655
12,0137(brokerage business),691,23,12,0137(brokerage business),5180,334,12,0137(brokerage business),5179,333
13,0268(brokerage business),690,-575,13,0048(brokerage business),3871,148,13,0048(brokerage business),3880,157
14,0139(brokerage business),565,206,14,0019(brokerage business),2128,137,14,0019(brokerage business),2081,100
15,0042(brokerage business),375,-136,15,0271(brokerage business),1125,0,15,0271(brokerage business),1128,0
16,0312(brokerage business),368,-327,16,0151(brokerage business),1014,-3,16,0151(brokerage business),1027,0
17,0034(brokerage business),318,147,17,0275(brokerage business),938,7,17,0288(brokerage business),1015,11
18,0048(brokerage business),313,15,18,0254(brokerage business),896,0,18,0275(brokerage business),925,-3
19,0019(brokerage business),273,76,19,0288(brokerage business),842,25,19,0254(brokerage business),896,0
20,0125(brokerage business),241,239,20,0259(brokerage business),547,-10,20,0163(brokerage business),813,15
Total,,20258,-1401,Total,,123911,3565,Total,,121941,3855
Member/OSP Type,Total Volume,Change from Previous Trading Day,Member/OSP Type,Total Long Position,Change from Previous Trading Day,Member/OSP Type,Total Short Position,Change from Previous Trading Day,,,
Contract Code：ssall,,,,,,,2026-09-17,,,,
Name of FF Member/OSBP,456820,-393276,Name of FF Member/OSBP,197412,-9129,Name of FF Member/OSBP,197412,-9129,,,
Name of Non-FF Member/OSNBP,0,0,Name of Non-FF Member/OSNBP,0,0,Name of Non-FF Member/OSNBP,0,0,,,
Ranking,Name of FF Member /OSBPs,Volume,Change from Previous Trading Day,Ranking,Name of FF Member /OSBPs,Long Position,Change from Previous Trading Day,Ranking,Name of FF Member /OSBPs,Short Position,Change from Previous Trading Day
Contract Code：ss2610,,,,,,,,,,2026-09-17,
1,0163(brokerage business),23512,-49905,1,0004(brokerage business),5121,-1402,1,0148(brokerage business),6507,-1682
2,0253(brokerage business),15708,-20271,2,0148(brokerage business),4344,-2236,2,0004(brokerage business),4666,-1351
3,0004(brokerage business),15421,-18358,3,0253(brokerage business),1902,-2076,3,0163(brokerage business),2182,-791
4,0148(brokerage business),13998,-45046,4,0240(brokerage business),1846,-427,4,0253(brokerage business),1684,-738
5,0081(brokerage business),6730,-2313,5,0163(brokerage business),1219,-1987,5,0049(brokerage business),1236,-57
6,0275(brokerage business),5378,-13317,6,0298(brokerage business),1148,-234,6,0058(brokerage business),1235,-204
7,0240(brokerage business),4868,-4701,7,0018(brokerage business),1048,-125,7,0335(brokerage business),1166,-722
8,0272(brokerage business),2531,-1650,8,0275(brokerage business),1005,-198,8,0272(brokerage business),1099,-391
9,0259(brokerage business),2464,-1112,9,0103(brokerage business),990,-93,9,0240(brokerage business),913,-449
10,0298(brokerage business),2092,-3664,10,0008(brokerage business),890,-203,10,0003(brokerage business),737,19
11,0123(brokerage business),2076,-20775,11,0153(brokerage business),807,-135,11,0274(brokerage business),704,82
12,0244(brokerage business),1690,1125,12,0096(brokerage business),724,-25,12,0048(brokerage business),700,-80
13,0161(brokerage business),1425,-2307,13,0139(brokerage business),688,-28,13,0081(brokerage business),667,-690
14,0288(brokerage business),1350,-839,14,0081(brokerage business),531,-2,14,0153(brokerage business),638,-144
15,0274(brokerage business),1032,-1606,15,0338(brokerage business),497,-307,15,0244(brokerage business),542,-130
16,0335(brokerage business),849,-221,16,0295(brokerage business),495,-7,16,0069(brokerage business),541,-65
17,0009(brokerage business),793,46,17,0161(brokerage business),489,-96,17,0137(brokerage business),490,-149
18,0059(brokerage business),774,-661,18,0177(brokerage business),464,-50,18,0103(brokerage business),444,-418
19,0156(brokerage business),766,617,19,0123(brokerage business),443,0,19,0372(brokerage business),443,-12
20,0058(brokerage business),711,-1800,20,0272(brokerage business),414,-476,20,0161(brokerage business),398,-1107
Total,,104168,-186758,Total,,25065,-10107,Total,,26992,-9079
Ranking,Name of FF Member /OSBPs,Volume,Change from Previous Trading Day,Ranking,Name of FF Member /OSBPs,Long Position,Change from Previous Trading Day,Ranking,Name of FF Member /OSBPs,Short Position,Change from Previous Trading Day
Contract Code：ss2611,,,,,,,,,,2026-09-17,
1,0163(brokerage business),81393,2988,1,0004(brokerage business),15278,-259,1,0148(brokerage business),16750,-371
2,0004(brokerage business),40027,-12959,2,0148(brokerage business),14352,-49,2,0004(brokerage business),10263,170
3,0148(brokerage business),24502,-13753,3,0253(brokerage business),9379,834,3,0163(brokerage business),9960,-181
4,0253(brokerage business),19319,-27981,4,0163(brokerage business),7515,60,4,0239(brokerage business),7988,114
5,0275(brokerage business),18744,-11662,5,0082(brokerage business),7323,-521,5,0335(brokerage business),7083,-482
6,0123(brokerage business),9402,-11323,6,0239(brokerage business),6913,1296,6,0139(brokerage business),6664,2050
7,0272(brokerage business),9003,-3102,7,0018(brokerage business),5205,46,7,0272(brokerage business),5798,816
8,0259(brokerage business),7712,-4996,8,0275(brokerage business),4710,381,8,0253(brokerage business),4898,-125
9,0240(brokerage business),6831,-4991,9,0272(brokerage business),4701,-433,9,0123(brokerage business),3648,34
10,0081(brokerage business),5759,-5254,10,0125(brokerage business),3909,-40,10,0240(brokerage business),3337,-61
11,0034(brokerage business),5375,-3129,11,0240(brokerage business),3294,-410,11,0103(brokerage business),3321,185
12,0298(brokerage business),4706,-445,12,0058(brokerage business),2952,-24,12,0084(brokerage business),3178,-263
13,0161(brokerage business),4084,890,13,0338(brokerage business),2597,304,13,0288(brokerage business),3087,379
14,0082(brokerage business),3999,-4441,14,0008(brokerage business),2232,-511,14,0034(brokerage business),2723,-278
15,0018(brokerage business),2801,-1316,15,0184(brokerage business),2228,89,15,0161(brokerage business),2490,718
16,0139(brokerage business),2582,1287,16,0244(brokerage business),1968,699,16,0082(brokerage business),2024,44
17,0059(brokerage business),2471,-519,17,0034(brokerage business),1844,-189,17,0081(brokerage business),1879,379
18,0103(brokerage business),2291,-1023,18,0059(brokerage business),1832,792,18,0308(brokerage business),1823,-323
19,0069(brokerage business),2274,-3496,19,0096(brokerage business),1540,27,19,0069(brokerage business),1643,-19
20,0186(brokerage business),2183,396,20,0310(brokerage business),1445,-140,20,0137(brokerage business),1579,-171
Total,,255458,-104829,Total,,101217,1952,Total,,100136,2615
Ranking,Name of FF Member /OSBPs,Volume,Change from Previous Trading Day,Ranking,Name of FF Member /OSBPs,Long Position,Change from Previous Trading Day,Ranking,Name of FF Member /OSBPs,Short Position,Change from Previous Trading Day
Contract Code：lu2610,,,,,,,,,,2026-09-17,
1,8275(brokerage business),2494,-7,1,8163(brokerage business),1146,-115,1,8372(brokerage business),1850,-700
2,8163(brokerage business),1790,-1216,2,8004(brokerage business),749,-699,2,8103(brokerage business),743,-720
3,8004(brokerage business),1764,-2987,3,8103(brokerage business),720,-108,3,8148(brokerage business),577,-101
4,8103(brokerage business),1084,-124,4,8319(brokerage business),527,523,4,8163(brokerage business),529,-183
5,8271(brokerage business),795,-534,5,8096(brokerage business),523,-22,5,8253(brokerage business),524,-3
6,8333(brokerage business),763,92,6,8240(brokerage business),523,-61,6,8004(brokerage business),509,-13
7,8372(brokerage business),711,-1,7,8075(brokerage business),500,0,7,8333(brokerage business),478,-180
8,8058(brokerage business),688,82,8,8335(brokerage business),168,-53,8,8272(brokerage business),280,12
9,8319(brokerage business),656,418,9,8148(brokerage business),139,-238,9,8067(brokerage business),230,0
10,8123(brokerage business),543,369,10,8081(brokerage business),126,-33,10,8319(brokerage business),151,-133
11,8148(brokerage business),431,-249,11,8274(brokerage business),126,-11,11,8137(brokerage business),106,-4
12,8077(brokerage business),326,-108,12,8151(brokerage business),106,-128,12,8298(brokerage business),89,-11
13,8069(brokerage business),325,-231,13,8288(brokerage business),104,-38,13,8288(brokerage business),74,-7
14,8308(brokerage business),235,-728,14,8385(brokerage business),101,0,14,8186(brokerage business),73,-1
15,8240(brokerage business),200,17,15,8022(brokerage business),100,0,15,8006(brokerage business),68,0
16,8272(brokerage business),191,-206,16,8034(brokerage business),88,-21,16,8018(brokerage business),63,20
17,8342(brokerage business),168,-145,17,8137(brokerage business),88,-57,17,8048(brokerage business),59,-46
18,8125(brokerage business),161,160,18,8018(brokerage business),86,-7,18,8268(brokerage business),59,6
19,8048(brokerage business),146,-108,19,8019(brokerage business),75,-11,19,8169(brokerage business),50,-70
20,8018(brokerage business),141,98,20,8389(brokerage business),73,-43,20,8178(brokerage business),45,-16
Total,,13612,-5408,Total,,6068,-1122,Total,,6557,-2150
Ranking,Name of FF Member /OSBPs,Volume,Change from Previous Trading Day,Ranking,Name of FF Member /OSBPs,Long Position,Change from Previous Trading Day,Ranking,Name of FF Member /OSBPs,Short Position,Change from Previous Trading Day
Contract Code：lu2611,,,,,,,,,,2026-09-17,
1,8148(brokerage business),34662,-11956,1,8148(brokerage business),8487,-608,1,8103(brokerage business),8139,137
2,8163(brokerage business),32014,-9959,2,8004(brokerage business),7767,44,2,8163(brokerage business),7830,442
3,8004(brokerage business),22121,-15663,3,8163(brokerage business),5343,74,3,8004(brokerage business),6937,23
4,8253(brokerage business),15710,-2099,4,8103(brokerage business),3817,302,4,8372(brokerage business),5902,-1
5,8272(brokerage business),14909,-2992,5,8335(brokerage business),1822,-97,5,8148(brokerage business),4613,438
6,8275(brokerage business),11046,-3445,6,8082(brokerage business),1780,99,6,8253(brokerage business),2067,139
7,8123(brokerage business),7163,-898,7,8268(brokerage business),1738,-92,7,8319(brokerage business),1996,26
8,8372(brokerage business),5459,2289,8,8272(brokerage business),1685,-1084,8,8177(brokerage business),1398,-87
9,8069(brokerage business),5349,-1569,9,8253(brokerage business),1678,-25,9,8096(brokerage business),1330,-126
10,8298(brokerage business),4800,-1036,10,8184(brokerage business),1624,712,10,8018(brokerage business),1314,-8
11,8186(brokerage business),4391,-543,11,8372(brokerage business),1522,1302,11,8084(brokerage business),1311,-3
12,8308(brokerage business),4224,22,12,8086(brokerage business),1454,-378,12,8333(brokerage business),1245,-72
13,8342(brokerage business),4016,-659,13,8274(brokerage business),1358,64,13,8042(brokerage business),1186,-193
14,8081(brokerage business),3916,-2690,14,8096(brokerage business),1337,18,14,8239(brokerage business),1094,-23
15,8161(brokerage business),3781,601,15,8018(brokerage business),1257,151,15,8298(brokerage business),951,162
16,8240(brokerage business),3503,-3118,16,8239(brokerage business),1205,140,16,8088(brokerage business),944,3
17,8268(brokerage business),3283,-1608,17,8240(brokerage business),1197,-101,17,8137(brokerage business),934,33
18,8059(brokerage business),3052,-984,18,8081(brokerage business),1180,-108,18,8272(brokerage business),928,-161
19,8103(brokerage business),2613,-1340,19,8161(brokerage business),1065,8,19,8059(brokerage business),921,55
20,8259(brokerage business),2609,-648,20,8288(brokerage business),957,-171,20,8082(brokerage business),838,291
Total,,188621,-58295,Total,,48273,250,Total,,51878,1075
Ranking,Name of FF Member /OSBPs,Volume,Change from Previous Trading Day,Ranking,Name of FF Member /OSBPs,Long Position,Change from Previous Trading Day,Ranking,Name of FF Member /OSBPs,Short Position,Change from Previous Trading Day
Contract Code：lu2612,,,,,,,,,,2026-09-17,
1,8163(brokerage business),19549,-2355,1,8184(brokerage business),10703,-51,1,8004(brokerage business),10786,850
2,8148(brokerage business),12842,-711,2,8148(brokerage business),9849,-320,2,8372(brokerage business),10506,402
3,8275(brokerage business),12817,-3929,3,8239(brokerage business),6227,-292,3,8103(brokerage business),7092,423
4,8004(brokerage business),10385,-3286,4,8081(brokerage business),5340,-292,4,7002(brokerage business),4103,-582
5,8253(brokerage business),9734,-2415,5,8004(brokerage business),5186,-139,5,8096(brokerage business),4025,-1271
6,8096(brokerage business),5187,-2625,6,8084(brokerage business),2534,155,6,8163(brokerage business),3927,-1447
7,8103(brokerage business),3691,-1164,7,8335(brokerage business),2364,-1184,7,8239(brokerage business),3376,140
8,8059(brokerage business),2864,-559,8,8272(brokerage business),2110,147,8,8253(brokerage business),2498,63
9,8272(brokerage business),2665,-1251,9,8333(brokerage business),1849,-441,9,8319(brokerage business),2312,696
10,8123(brokerage business),2248,-3825,10,8163(brokerage business),1630,-1544,10,8148(brokerage business),1957,-276
11,8239(brokerage business),2196,356,11,8268(brokerage business),1495,292,11,8272(brokerage business),1823,-1222
12,8034(brokerage business),1834,-1850,12,8274(brokerage business),1086,141,12,8059(brokerage business),1698,-181
13,8335(brokerage business),1665,603,13,8096(brokerage business),1079,986,13,8018(brokerage business),1162,493
14,8240(brokerage business),1593,-2083,14,8288(brokerage business),1030,-70,14,8275(brokerage business),1058,-112
15,8081(brokerage business),1552,-510,15,8253(brokerage business),890,63,15,8333(brokerage business),775,-64
16,8069(brokerage business),1436,-1315,16,8034(brokerage business),801,-74,16,8240(brokerage business),760,12
17,8342(brokerage business),1422,-868,17,8018(brokerage business),776,-77,17,8082(brokerage business),666,50
18,8268(brokerage business),1389,-824,18,8240(brokerage business),759,-65,18,8335(brokerage business),618,5
19,8298(brokerage business),1186,187,19,8103(brokerage business),555,-88,19,8034(brokerage business),565,-68
20,8308(brokerage business),1125,-665,20,8161(brokerage business),551,34,20,8137(brokerage business),374,118
Total,,97380,-29089,Total,,56814,-2819,Total,,60081,-1971
Member/OSP Type,Total Volume,Change from Previous Trading Day,Member/OSP Type,Total Long Position,Change from Previous Trading Day,Member/OSP Type,Total Short Position,Change from Previous Trading Day,,,
Contract Code：fuall,,,,,,,2026-09-17,,,,
Name of FF Member/OSBP,2529130,-382950,Name of FF Member/OSBP,483279,-32949,Name of FF Member/OSBP,483285,-32941,,,
Name of Non-FF Member/OSNBP,8,8,Name of Non-FF Member/OSNBP,6,3,Name of Non-FF Member/OSNBP,0,-5,,,
Ranking,Name of FF Member /OSBPs,Volume,Change from Previous Trading Day,Ranking,Name of FF Member /OSBPs,Long Position,Change from Previous Trading Day,Ranking,Name of FF Member /OSBPs,Short Position,Change from Previous Trading Day
Contract Code：fu2610,,,,,,,,,,2026-09-17,
1,0163(brokerage business),30037,-8635,1,0148(brokerage business),2013,-445,1,0148(brokerage business),1920,-810
2,0004(brokerage business),27046,-13370,2,0163(brokerage business),1690,-816,2,0004(brokerage business),1248,-404
3,0272(brokerage business),19565,-2187,3,0004(brokerage business),1257,-1402,3,0163(brokerage business),941,-477
4,0148(brokerage business),18177,-10097,4,0253(brokerage business),545,-529,4,0253(brokerage business),557,-232
5,0275(brokerage business),16296,-3393,5,0059(brokerage business),510,-283,5,0059(brokerage business),418,-350
6,0268(brokerage business),9095,-5823,6,0103(brokerage business),507,-82,6,0288(brokerage business),370,-201
7,0240(brokerage business),7941,-3437,7,0034(brokerage business),445,-167,7,0240(brokerage business),356,-142
8,0123(brokerage business),6914,-1540,8,0268(brokerage business),367,-335,8,0298(brokerage business),353,-163
9,0271(brokerage business),6319,2153,9,0298(brokerage business),365,38,9,0067(brokerage business),340,-2271
10,0342(brokerage business),5082,112,10,0082(brokerage business),335,-30,10,0272(brokerage business),331,-163
11,0067(brokerage business),4919,3690,11,0288(brokerage business),302,12,11,0238(brokerage business),306,-34
12,0253(brokerage business),4917,-10250,12,0161(brokerage business),243,1,12,0268(brokerage business),303,-560
13,0059(brokerage business),4671,1327,13,0077(brokerage business),238,119,13,0034(brokerage business),297,-320
14,0298(brokerage business),4655,-35,14,0240(brokerage business),225,-107,14,0043(brokerage business),294,-137
15,0288(brokerage business),4437,1428,15,0272(brokerage business),223,-548,15,0103(brokerage business),263,-898
16,0308(brokerage business),4261,1193,16,0049(brokerage business),210,-1,16,0137(brokerage business),257,-138
17,0034(brokerage business),4091,-354,17,0323(brokerage business),194,-286,17,0186(brokerage business),244,-102
18,0244(brokerage business),4074,1554,18,0121(brokerage business),181,5,18,0082(brokerage business),241,64
19,0103(brokerage business),3444,-2379,19,0295(brokerage business),157,127,19,0161(brokerage business),236,-28
20,0069(brokerage business),3309,-2715,20,0186(brokerage business),154,-56,20,0275(brokerage business),226,-686
Total,,189250,-52758,Total,,10161,-4785,Total,,9501,-8052
Ranking,Name of FF Member /OSBPs,Volume,Change from Previous Trading Day,Ranking,Name of FF Member /OSBPs,Long Position,Change from Previous Trading Day,Ranking,Name of FF Member /OSBPs,Short Position,Change from Previous Trading Day
Contract Code：fu2611,,,,,,,,,,2026-09-17,
1,0004(brokerage business),223894,-70324,1,0148(brokerage business),18909,-788,1,0004(brokerage business),22428,1589
2,0148(brokerage business),172583,-31552,2,0004(brokerage business),18752,-3057,2,0148(brokerage business),19479,-757
3,0163(brokerage business),135799,-7047,3,0163(brokerage business),11607,-1069,3,0163(brokerage business),9876,430
4,0275(brokerage business),111815,20677,4,0272(brokerage business),7889,-57,4,0103(brokerage business),9776,-280
5,0081(brokerage business),87688,-1599,5,0268(brokerage business),7443,-140,5,0123(brokerage business),6442,-191
6,0272(brokerage business),63396,-6204,6,0253(brokerage business),7220,-481,6,0298(brokerage business),6253,-1258
7,0240(brokerage business),59377,-11446,7,0103(brokerage business),6616,-1505,7,0034(brokerage business),5222,-597
8,0253(brokerage business),58260,-11006,8,0059(brokerage business),5073,-1130,8,0240(brokerage business),5215,-195
9,0268(brokerage business),45198,-4854,9,0335(brokerage business),4714,-43,9,0268(brokerage business),4851,-1164
10,0298(brokerage business),36934,-7656,10,0034(brokerage business),4041,436,10,0288(brokerage business),4379,29
11,0034(brokerage business),36721,-4000,11,0081(brokerage business),3999,-707,11,0272(brokerage business),4255,-751
12,0308(brokerage business),34489,-10303,12,0240(brokerage business),3867,-150,12,0253(brokerage business),3992,-237
13,0259(brokerage business),33775,-2637,13,0153(brokerage business),3714,58,13,0059(brokerage business),3534,205
14,0059(brokerage business),31925,5831,14,0288(brokerage business),3638,133,14,0018(brokerage business),3393,-523
15,0186(brokerage business),31276,34,15,0308(brokerage business),3291,287,15,0319(brokerage business),3347,-273
16,0161(brokerage business),28919,8171,16,0082(brokerage business),3072,-431,16,0275(brokerage business),3311,429
17,0123(brokerage business),20614,838,17,0161(brokerage business),3050,-63,17,0081(brokerage business),3089,247
18,0137(brokerage business),20607,2654,18,0042(brokerage business),2893,173,18,0042(brokerage business),2662,21
19,0299(brokerage business),20431,-1197,19,0275(brokerage business),2733,228,19,0186(brokerage business),2493,-305
20,0043(brokerage business),19021,-2088,20,0096(brokerage business),2673,-463,20,0372(brokerage business),2426,440
Total,,1272722,-133708,Total,,125194,-8769,Total,,126423,-3141
Ranking,Name of FF Member /OSBPs,Volume,Change from Previous Trading Day,Ranking,Name of FF Member /OSBPs,Long Position,Change from Previous Trading Day,Ranking,Name of FF Member /OSBPs,Short Position,Change from Previous Trading Day
Contract Code：fu2612,,,,,,,,,,2026-09-17,
1,0275(brokerage business),23955,-3229,1,0004(brokerage business),8500,-2429,1,0004(brokerage business),11428,-820
2,0148(brokerage business),21829,3802,2,0163(brokerage business),8466,-425,2,0163(brokerage business),8950,-35
3,0163(brokerage business),16900,-3898,3,0034(brokerage business),7053,-58,3,0034(brokerage business),6906,914
4,0004(brokerage business),13009,-2514,4,0008(brokerage business),5986,-16,4,0008(brokerage business),6014,-16
5,0069(brokerage business),7887,-869,5,0148(brokerage business),5943,180,5,0137(brokerage business),5960,-639
6,0123(brokerage business),6955,-780,6,0137(brokerage business),5657,-478,6,0253(brokerage business),4821,-48
7,0308(brokerage business),4773,-735,7,0253(brokerage business),5626,36,7,0123(brokerage business),4689,-60
8,0268(brokerage business),3666,-1379,8,0123(brokerage business),4814,-57,8,0069(brokerage business),4590,-469
9,0137(brokerage business),3213,604,9,0275(brokerage business),4357,62,9,0323(brokerage business),4294,-32
10,0298(brokerage business),3088,-94,10,0069(brokerage business),4313,36,10,0275(brokerage business),4236,-3
11,0240(brokerage business),2866,-916,11,0178(brokerage business),4009,3,11,0178(brokerage business),4169,20
12,0342(brokerage business),2786,-665,12,0161(brokerage business),3897,-599,12,0161(brokerage business),4080,-585
13,0059(brokerage business),2728,1052,13,0335(brokerage business),2169,-155,13,0148(brokerage business),1660,-495
14,0034(brokerage business),2696,110,14,0103(brokerage business),1267,-837,14,0272(brokerage business),1210,187
15,0272(brokerage business),2679,-1247,15,0313(brokerage business),982,225,15,0238(brokerage business),1047,57
16,0161(brokerage business),2532,-2581,16,0081(brokerage business),954,190,16,0268(brokerage business),656,-203
17,0081(brokerage business),2508,188,17,0272(brokerage business),878,274,17,0385(brokerage business),656,-1
18,0103(brokerage business),2166,313,18,0177(brokerage business),763,43,18,0169(brokerage business),618,1
19,0253(brokerage business),2108,-925,19,0319(brokerage business),690,-27,19,0240(brokerage business),572,37
20,0178(brokerage business),1783,-360,20,0058(brokerage business),608,-27,20,0288(brokerage business),519,-37
Total,,130127,-14123,Total,,76932,-4059,Total,,77075,-2227
Ranking,Name of FF Member /OSBPs,Volume,Change from Previous Trading Day,Ranking,Name of FF Member /OSBPs,Long Position,Change from Previous Trading Day,Ranking,Name of FF Member /OSBPs,Short Position,Change from Previous Trading Day
Contract Code：fu2701,,,,,,,,,,2026-09-17,
1,0004(brokerage business),36762,-12879,1,0004(brokerage business),15259,-838,1,0004(brokerage business),19841,-860
2,0163(brokerage business),36269,-11424,2,0148(brokerage business),11084,-3420,2,0148(brokerage business),14213,-135
3,0275(brokerage business),35233,11784,3,0239(brokerage business),8679,-498,3,0163(brokerage business),10366,3139
4,0148(brokerage business),23787,-4544,4,0272(brokerage business),8453,64,4,0103(brokerage business),6009,114
5,0253(brokerage business),10475,-2215,5,0163(brokerage business),6827,1082,5,0272(brokerage business),5516,-574
6,0240(brokerage business),8700,-2518,6,0335(brokerage business),5789,-216,6,0059(brokerage business),4816,-534
7,0081(brokerage business),6675,-3330,7,0123(brokerage business),5555,182,7,0323(brokerage business),4416,-10
8,0272(brokerage business),6506,-2847,8,0084(brokerage business),5000,0,8,0240(brokerage business),4107,-292
9,0123(brokerage business),5195,2082,9,0319(brokerage business),4404,-448,9,0253(brokerage business),3519,111
10,0268(brokerage business),4521,-445,10,0253(brokerage business),4053,-60,10,0268(brokerage business),2344,-124
11,0034(brokerage business),4353,-1914,11,0103(brokerage business),3914,-193,11,0298(brokerage business),2250,-210
12,0274(brokerage business),4142,737,12,0018(brokerage business),2868,14,12,0186(brokerage business),2085,-255
13,0308(brokerage business),3460,-2335,13,0288(brokerage business),2448,270,13,0082(brokerage business),1903,16
14,0298(brokerage business),3100,-1718,14,0096(brokerage business),2281,569,14,0151(brokerage business),1713,-1013
15,0069(brokerage business),3074,-789,15,0034(brokerage business),2127,-367,15,0313(brokerage business),1628,176
16,0186(brokerage business),2995,-1184,16,0338(brokerage business),1952,16,16,0372(brokerage business),1608,-6
17,0009(brokerage business),2976,-3749,17,0240(brokerage business),1927,-34,17,0252(brokerage business),1551,-178
18,0103(brokerage business),2927,-62,18,0274(brokerage business),1726,179,18,0137(brokerage business),1478,-389
19,0059(brokerage business),2864,-297,19,0333(brokerage business),1704,3,19,0275(brokerage business),1466,-195
20,0342(brokerage business),2855,-1472,20,0161(brokerage business),1449,-52,20,0042(brokerage business),1364,3
Total,,206869,-39119,Total,,97499,-3747,Total,,92193,-1216
Member/OSP Type,Total Volume,Change from Previous Trading Day,Member/OSP Type,Total Long Position,Change from Previous Trading Day,Member/OSP Type,Total Short Position,Change from Previous Trading Day,,,
Contract Code：buall,,,,,,,2026-09-17,,,,
Name of FF Member/OSBP,2796774,107866,Name of FF Member/OSBP,667492,14188,Name of FF Member/OSBP,667492,14188,,,
Name of Non-FF Member/OSNBP,0,0,Name of Non-FF Member/OSNBP,0,0,Name of Non-FF Member/OSNBP,0,0,,,
Ranking,Name of FF Member /OSBPs,Volume,Change from Previous Trading Day,Ranking,Name of FF Member /OSBPs,Long Position,Change from Previous Trading Day,Ranking,Name of FF Member /OSBPs,Short Position,Change from Previous Trading Day
Contract Code：bu2610,,,,,,,,,,2026-09-17,
1,0004(brokerage business),258511,11818,1,0004(brokerage business),18613,-199,1,0148(brokerage business),8894,-8
2,0163(brokerage business),219510,-784,2,0148(brokerage business),11760,-1368,2,0272(brokerage business),8634,-113
3,0148(brokerage business),102107,-5908,3,0103(brokerage business),9208,215,3,0275(brokerage business),8024,-500
4,0275(brokerage business),78685,9494,4,0163(brokerage business),7791,-423,4,0240(brokerage business),6854,517
5,0123(brokerage business),58745,583,5,0272(brokerage business),5801,1422,5,0163(brokerage business),5694,2093
6,0272(brokerage business),47898,3573,6,0059(brokerage business),5143,-122,6,0123(brokerage business),5287,108
7,0240(brokerage business),42930,5993,7,0275(brokerage business),4030,573,7,0004(brokerage business),5060,294
8,0081(brokerage business),41707,-163,8,0253(brokerage business),3753,-254,8,0139(brokerage business),4980,-24
9,0298(brokerage business),41672,14771,9,0018(brokerage business),3213,76,9,0298(brokerage business),4937,-85
10,0268(brokerage business),32751,2291,10,0323(brokerage business),2716,-618,10,0081(brokerage business),4577,371
11,0186(brokerage business),28528,6704,11,0240(brokerage business),2706,-514,11,0288(brokerage business),3969,-70
12,0253(brokerage business),27753,-10996,12,0288(brokerage business),2690,-468,12,0253(brokerage business),3949,59
13,0034(brokerage business),25606,4567,13,0069(brokerage business),2663,604,13,0103(brokerage business),3892,328
14,0059(brokerage business),25154,2918,14,0019(brokerage business),2551,57,14,0121(brokerage business),3522,-273
15,0323(brokerage business),21327,3436,15,0151(brokerage business),2510,139,15,0268(brokerage business),3397,-284
16,0308(brokerage business),19645,-2027,16,0137(brokerage business),2494,451,16,0034(brokerage business),3316,122
17,0103(brokerage business),19074,1383,17,0082(brokerage business),2402,-268,17,0161(brokerage business),3060,64
18,0259(brokerage business),18299,-7458,18,0308(brokerage business),2272,65,18,0042(brokerage business),2764,69
19,0288(brokerage business),18276,1539,19,0268(brokerage business),2091,104,19,0082(brokerage business),2340,-872
20,0043(brokerage business),18060,924,20,0311(brokerage business),1950,-506,20,0029(brokerage business),2325,40
Total,,1146238,42658,Total,,96357,-1034,Total,,95475,1836
Ranking,Name of FF Member /OSBPs,Volume,Change from Previous Trading Day,Ranking,Name of FF Member /OSBPs,Long Position,Change from Previous Trading Day,Ranking,Name of FF Member /OSBPs,Short Position,Change from Previous Trading Day
Contract Code：bu2611,,,,,,,,,,2026-09-17,
1,0004(brokerage business),135762,50981,1,0148(brokerage business),31038,1388,1,0272(brokerage business),19294,-326
2,0163(brokerage business),120371,-21761,2,0004(brokerage business),24130,3337,2,0148(brokerage business),16203,-1528
3,0148(brokerage business),59192,-1331,3,0272(brokerage business),19196,-182,3,0004(brokerage business),13472,1539
4,0275(brokerage business),45742,3277,4,0103(brokerage business),17703,1504,4,0082(brokerage business),12718,304
5,0123(brokerage business),42058,-8192,5,0163(brokerage business),10669,-532,5,0163(brokerage business),10828,3667
6,0253(brokerage business),22947,-19701,6,0082(brokerage business),10305,146,6,0275(brokerage business),10513,48
7,0081(brokerage business),18008,-2368,7,0123(brokerage business),10156,1032,7,0081(brokerage business),9923,662
8,0272(brokerage business),17550,1010,8,0268(brokerage business),9324,217,8,0009(brokerage business),9769,9
9,0240(brokerage business),16828,1639,9,0239(brokerage business),8870,-1501,9,0123(brokerage business),9413,278
10,0069(brokerage business),16693,2128,10,0059(brokerage business),7313,184,10,0059(brokerage business),8202,253
11,0059(brokerage business),15643,-1043,11,0253(brokerage business),6930,228,11,0137(brokerage business),7686,-23
12,0268(brokerage business),13662,1194,12,0137(brokerage business),6835,-40,12,0103(brokerage business),7342,-53
13,0186(brokerage business),12398,3530,13,0081(brokerage business),6445,-732,13,0268(brokerage business),6979,11
14,0034(brokerage business),9643,1188,14,0335(brokerage business),6102,-161,14,0253(brokerage business),6683,65
15,0342(brokerage business),9600,445,15,0161(brokerage business),5982,-305,15,0069(brokerage business),6101,-398
16,0298(brokerage business),9186,312,16,0275(brokerage business),5684,854,16,0139(brokerage business),6019,-462
17,0137(brokerage business),9093,2351,17,0116(brokerage business),5004,314,17,0177(brokerage business),5655,42
18,0103(brokerage business),8693,-7804,18,0009(brokerage business),4825,139,18,0288(brokerage business),4231,-123
19,0161(brokerage business),8470,-1087,19,0069(brokerage business),4762,141,19,0034(brokerage business),4189,259
20,0299(brokerage business),8387,3036,20,0333(brokerage business),3972,239,20,0333(brokerage business),4080,-162
Total,,599926,7804,Total,,205245,6270,Total,,179300,4062
Ranking,Name of FF Member /OSBPs,Volume,Change from Previous Trading Day,Ranking,Name of FF Member /OSBPs,Long Position,Change from Previous Trading Day,Ranking,Name of FF Member /OSBPs,Short Position,Change from Previous Trading Day
Contract Code：bu2612,,,,,,,,,,2026-09-17,
1,0163(brokerage business),29892,1750,1,0004(brokerage business),14911,-226,1,0103(brokerage business),8740,499
2,0148(brokerage business),19963,1959,2,0148(brokerage business),12651,964,2,0004(brokerage business),8587,1022
3,0004(brokerage business),18130,1615,3,0239(brokerage business),10335,250,3,0123(brokerage business),6902,-217
4,0275(brokerage business),13353,-2489,4,0335(brokerage business),9946,-252,4,0244(brokerage business),6807,-124
5,0123(brokerage business),11109,-4037,5,0103(brokerage business),7615,78,5,0253(brokerage business),6729,-33
6,0253(brokerage business),9531,-2041,6,0177(brokerage business),5145,-75,6,0333(brokerage business),5509,-649
7,0308(brokerage business),8655,598,7,0009(brokerage business),4988,60,7,0272(brokerage business),5412,-576
8,0059(brokerage business),5841,803,8,0163(brokerage business),4291,-3,8,0148(brokerage business),5313,415
9,0272(brokerage business),5548,-3871,9,0272(brokerage business),3815,288,9,0082(brokerage business),5287,170
10,0333(brokerage business),5217,-30,10,0253(brokerage business),3527,-576,10,0323(brokerage business),5272,358
11,0240(brokerage business),4482,150,11,0084(brokerage business),3000,0,11,0335(brokerage business),5121,-91
12,0069(brokerage business),4219,204,12,0275(brokerage business),2808,242,12,0275(brokerage business),5086,-391
13,0268(brokerage business),3226,-366,13,0161(brokerage business),2749,-52,13,0238(brokerage business),4465,-633
14,0103(brokerage business),2733,-2678,14,0034(brokerage business),2626,379,14,0240(brokerage business),4089,100
15,0186(brokerage business),2241,729,15,0059(brokerage business),2599,-256,15,0163(brokerage business),4024,697
16,0271(brokerage business),2230,-475,16,0277(brokerage business),2506,20,16,0096(brokerage business),3432,-365
17,0009(brokerage business),2099,86,17,0268(brokerage business),2374,177,17,0069(brokerage business),3109,79
18,0137(brokerage business),2052,-1031,18,0240(brokerage business),1942,60,18,0018(brokerage business),2701,-331
19,0151(brokerage business),2028,1164,19,0082(brokerage business),1862,193,19,0268(brokerage business),2427,-41
20,0259(brokerage business),2015,660,20,0153(brokerage business),1785,1,20,0068(brokerage business),1997,2
Total,,154564,-7300,Total,,101475,1272,Total,,101009,-109
Ranking,Name of FF Member /OSBPs,Volume,Change from Previous Trading Day,Ranking,Name of FF Member /OSBPs,Long Position,Change from Previous Trading Day,Ranking,Name of FF Member /OSBPs,Short Position,Change from Previous Trading Day
Contract Code：bu2701,,,,,,,,,,2026-09-17,
1,0163(brokerage business),20415,1019,1,0148(brokerage business),9606,-118,1,0272(brokerage business),9372,-380
2,0004(brokerage business),9772,858,2,0272(brokerage business),8114,-26,2,0275(brokerage business),5495,-158
3,0148(brokerage business),7073,-793,3,0161(brokerage business),4932,386,3,0161(brokerage business),4816,474
4,0275(brokerage business),6813,388,4,0139(brokerage business),4567,329,4,0137(brokerage business),4684,20
5,0059(brokerage business),5300,1086,5,0082(brokerage business),4438,19,5,0139(brokerage business),4589,316
6,0123(brokerage business),5076,1331,6,0081(brokerage business),4364,203,6,0082(brokerage business),4525,32
7,0308(brokerage business),5057,-218,7,0137(brokerage business),3941,-62,7,0004(brokerage business),4361,1005
8,0333(brokerage business),3747,402,8,0069(brokerage business),3791,236,8,0148(brokerage business),4173,-93
9,0272(brokerage business),3614,-1201,9,0059(brokerage business),3628,-14,9,0059(brokerage business),3920,-6
10,0253(brokerage business),3252,-1276,10,0275(brokerage business),3618,113,10,0123(brokerage business),3280,356
11,0069(brokerage business),2702,637,11,0009(brokerage business),3600,515,11,0069(brokerage business),3238,-74
12,0103(brokerage business),2328,2108,12,0123(brokerage business),3266,242,12,0009(brokerage business),3051,291
13,0268(brokerage business),2242,-486,13,0004(brokerage business),2443,775,13,0081(brokerage business),2730,90
14,0342(brokerage business),2070,-55,14,0268(brokerage business),2018,14,14,0238(brokerage business),2683,108
15,0271(brokerage business),1987,264,15,0335(brokerage business),1843,205,15,0103(brokerage business),2530,86
16,0240(brokerage business),1783,-299,16,0253(brokerage business),1665,74,16,0268(brokerage business),2201,0
17,0161(brokerage business),1734,-675,17,0163(brokerage business),1489,-254,17,0018(brokerage business),1693,498
18,0048(brokerage business),1409,874,18,0103(brokerage business),1346,548,18,0321(brokerage business),1497,683
19,0186(brokerage business),1379,14,19,0042(brokerage business),1296,149,19,0333(brokerage business),1235,-138
20,0018(brokerage business),1327,806,20,0141(brokerage business),1159,148,20,0048(brokerage business),1207,1140
Total,,89080,4784,Total,,71124,3482,Total,,71280,4250
Member/OSP Type,Total Volume,Change from Previous Trading Day,Member/OSP Type,Total Long Position,Change from Previous Trading Day,Member/OSP Type,Total Short Position,Change from Previous Trading Day,,,
Contract Code：brall,,,,,,,2026-09-17,,,,
Name of FF Member/OSBP,516126,-128820,Name of FF Member/OSBP,140535,-3690,Name of FF Member/OSBP,140535,-3690,,,
Name of Non-FF Member/OSNBP,0,0,Name of Non-FF Member/OSNBP,0,0,Name of Non-FF Member/OSNBP,0,0,,,
Ranking,Name of FF Member /OSBPs,Volume,Change from Previous Trading Day,Ranking,Name of FF Member /OSBPs,Long Position,Change from Previous Trading Day,Ranking,Name of FF Member /OSBPs,Short Position,Change from Previous Trading Day
Contract Code：br2610,,,,,,,,,,2026-09-17,
1,0148(brokerage business),36757,-10350,1,0004(brokerage business),3340,-32,1,0004(brokerage business),2647,124
2,0275(brokerage business),26990,-3701,2,0148(brokerage business),2112,90,2,0163(brokerage business),1881,-85
3,0004(brokerage business),25474,-3733,3,0103(brokerage business),1298,311,3,0148(brokerage business),1078,-559
4,0081(brokerage business),15067,-1229,4,0253(brokerage business),771,-135,4,0253(brokerage business),709,-107
5,0163(brokerage business),13081,-15681,5,0081(brokerage business),653,191,5,0275(brokerage business),686,-93
6,0253(brokerage business),12530,-4117,6,0275(brokerage business),536,19,6,0082(brokerage business),603,-118
7,0123(brokerage business),10964,-5334,7,0163(brokerage business),466,-292,7,0272(brokerage business),578,20
8,0298(brokerage business),8558,-300,8,0123(brokerage business),449,5,8,0123(brokerage business),502,-55
9,0259(brokerage business),6852,-2845,9,0007(brokerage business),446,9,9,0058(brokerage business),472,-102
10,0240(brokerage business),5171,-2302,10,0059(brokerage business),446,-40,10,0418(brokerage business),459,-2
11,0268(brokerage business),4131,-463,11,0272(brokerage business),443,-57,11,0034(brokerage business),413,-56
12,0186(brokerage business),3750,-792,12,0268(brokerage business),435,-76,12,0298(brokerage business),406,-265
13,0034(brokerage business),3296,-742,13,0052(brokerage business),372,-14,13,0019(brokerage business),384,-1
14,0272(brokerage business),2929,-2248,14,0096(brokerage business),372,17,14,0151(brokerage business),381,-53
15,0288(brokerage business),2850,-41,15,0321(brokerage business),370,-249,15,0240(brokerage business),372,-51
16,0059(brokerage business),2415,-1153,16,0034(brokerage business),312,-26,16,0018(brokerage business),371,-49
17,0308(brokerage business),2041,-551,17,0308(brokerage business),312,33,17,0103(brokerage business),370,-47
18,0323(brokerage business),2024,-835,18,0153(brokerage business),275,-24,18,0059(brokerage business),355,45
19,0019(brokerage business),1953,-1707,19,0058(brokerage business),267,-140,19,0068(brokerage business),349,-14
20,0244(brokerage business),1619,66,20,0067(brokerage business),267,-9,20,0069(brokerage business),333,-15
Total,,188452,-58058,Total,,13942,-419,Total,,13349,-1483
Ranking,Name of FF Member /OSBPs,Volume,Change from Previous Trading Day,Ranking,Name of FF Member /OSBPs,Long Position,Change from Previous Trading Day,Ranking,Name of FF Member /OSBPs,Short Position,Change from Previous Trading Day
Contract Code：br2611,,,,,,,,,,2026-09-17,
1,0004(brokerage business),36008,-8808,1,0148(brokerage business),15313,-859,1,0004(brokerage business),12821,10
2,0148(brokerage business),29568,-7716,2,0004(brokerage business),8554,-166,2,0323(brokerage business),8353,-161
3,0163(brokerage business),24081,4264,3,0323(brokerage business),8280,294,3,0148(brokerage business),8055,63
4,0081(brokerage business),16967,-5008,4,0268(brokerage business),7344,-112,4,0268(brokerage business),6754,84
5,0253(brokerage business),14215,-3316,5,0163(brokerage business),4920,24,5,0103(brokerage business),5481,1011
6,0275(brokerage business),12797,-3238,6,0253(brokerage business),4414,-224,6,0272(brokerage business),4673,45
7,0123(brokerage business),7955,-4441,7,0123(brokerage business),4195,57,7,0163(brokerage business),3885,125
8,0240(brokerage business),5964,-1202,8,0103(brokerage business),3575,-300,8,0253(brokerage business),3852,-29
9,0272(brokerage business),4995,828,9,0275(brokerage business),2230,-153,9,0123(brokerage business),3792,-384
10,0103(brokerage business),3229,-1937,10,0043(brokerage business),2106,-116,10,0029(brokerage business),2626,305
11,0268(brokerage business),3134,-842,11,0272(brokerage business),1982,-10,11,0275(brokerage business),2193,-264
12,0186(brokerage business),2947,496,12,0096(brokerage business),1935,-89,12,0096(brokerage business),2143,58
13,0059(brokerage business),2746,-264,13,0048(brokerage business),1584,136,13,0082(brokerage business),2085,-268
14,0096(brokerage business),2739,-362,14,0335(brokerage business),1420,-880,14,0043(brokerage business),1733,-170
15,0274(brokerage business),2588,-1081,15,0007(brokerage business),1103,-44,15,0058(brokerage business),1473,-304
16,0323(brokerage business),2447,-100,16,0240(brokerage business),1067,-125,16,0048(brokerage business),1283,65
17,0034(brokerage business),2394,517,17,0288(brokerage business),774,121,17,0254(brokerage business),1228,64
18,0029(brokerage business),2052,893,18,0081(brokerage business),757,220,18,0081(brokerage business),1195,-497
19,0298(brokerage business),2049,220,19,0321(brokerage business),729,149,19,0107(brokerage business),819,192
20,0009(brokerage business),1992,309,20,0059(brokerage business),694,-3,20,0019(brokerage business),747,104
Total,,180867,-30788,Total,,72976,-2080,Total,,75191,49
Member/OSP Type,Total Volume,Change from Previous Trading Day,Member/OSP Type,Total Long Position,Change from Previous Trading Day,Member/OSP Type,Total Short Position,Change from Previous Trading Day,,,
Contract Code：ruall,,,,,,,2026-09-17,,,,
Name of FF Member/OSBP,777476,246060,Name of FF Member/OSBP,176650,2858,Name of FF Member/OSBP,176420,2858,,,
Name of Non-FF Member/OSNBP,0,0,Name of Non-FF Member/OSNBP,0,0,Name of Non-FF Member/OSNBP,230,0,,,
Ranking,Name of FF Member /OSBPs,Volume,Change from Previous Trading Day,Ranking,Name of FF Member /OSBPs,Long Position,Change from Previous Trading Day,Ranking,Name of FF Member /OSBPs,Short Position,Change from Previous Trading Day
Contract Code：ru2611,,,,,,,,,,2026-09-17,
1,0253(brokerage business),1519,815,1,0004(brokerage business),617,-126,1,0004(brokerage business),1145,-13
2,0004(brokerage business),1015,115,2,0151(brokerage business),507,-21,2,0240(brokerage business),663,-41
3,0163(brokerage business),801,305,3,0058(brokerage business),462,-2,3,0163(brokerage business),367,21
4,0148(brokerage business),631,227,4,0163(brokerage business),418,28,4,0349(brokerage business),324,0
5,0161(brokerage business),571,210,5,0123(brokerage business),370,-7,5,0077(brokerage business),296,0
6,0151(brokerage business),543,-9,6,0177(brokerage business),352,-1,6,0151(brokerage business),291,-164
7,0308(brokerage business),515,167,7,0148(brokerage business),326,-11,7,0103(brokerage business),265,-222
8,0137(brokerage business),253,62,8,0082(brokerage business),217,0,8,0253(brokerage business),207,18
9,0103(brokerage business),229,223,9,0096(brokerage business),174,0,9,0148(brokerage business),206,-44
10,0240(brokerage business),206,-41,10,0272(brokerage business),164,-16,10,0081(brokerage business),199,1
11,0272(brokerage business),183,-104,11,0253(brokerage business),133,-9,11,0069(brokerage business),135,-3
12,0082(brokerage business),182,114,12,0125(brokerage business),102,2,12,0123(brokerage business),104,6
13,0312(brokerage business),169,32,13,0312(brokerage business),92,-4,13,0335(brokerage business),96,0
14,0123(brokerage business),157,86,14,0081(brokerage business),91,-11,14,0082(brokerage business),80,-4
15,0268(brokerage business),119,64,15,0137(brokerage business),77,-6,15,0096(brokerage business),78,-2
16,0009(brokerage business),117,106,16,0103(brokerage business),76,-3,16,0121(brokerage business),69,30
17,0034(brokerage business),91,62,17,0009(brokerage business),72,8,17,0059(brokerage business),62,4
18,0274(brokerage business),75,66,18,0069(brokerage business),71,12,18,0177(brokerage business),62,0
19,0013(brokerage business),74,66,19,0389(brokerage business),70,41,19,0058(brokerage business),59,0
20,0238(brokerage business),64,27,20,0240(brokerage business),66,-115,20,0029(brokerage business),46,0
Total,,7514,2593,Total,,4457,-241,Total,,4754,-413
Ranking,Name of FF Member /OSBPs,Volume,Change from Previous Trading Day,Ranking,Name of FF Member /OSBPs,Long Position,Change from Previous Trading Day,Ranking,Name of FF Member /OSBPs,Short Position,Change from Previous Trading Day
Contract Code：ru2701,,,,,,,,,,2026-09-17,
1,0163(brokerage business),117108,43177,1,0004(brokerage business),9522,-509,1,0004(brokerage business),17569,555
2,0004(brokerage business),105046,47567,2,0272(brokerage business),7864,556,2,0148(brokerage business),10297,716
3,0253(brokerage business),52055,17406,3,0148(brokerage business),7429,-1080,3,0123(brokerage business),9568,94
4,0148(brokerage business),43004,-817,4,0103(brokerage business),6389,30,4,0163(brokerage business),6204,1268
5,0275(brokerage business),41888,5109,5,0163(brokerage business),6161,-514,5,0275(brokerage business),4539,176
6,0272(brokerage business),35905,7995,6,0253(brokerage business),5576,-220,6,0151(brokerage business),4197,-85
7,0240(brokerage business),26090,11512,7,0240(brokerage business),3564,95,7,0372(brokerage business),4166,-128
8,0123(brokerage business),17209,-382,8,0082(brokerage business),3300,77,8,0272(brokerage business),3950,-1161
9,0259(brokerage business),17197,5094,9,0268(brokerage business),3156,285,9,0103(brokerage business),3620,-378
10,0161(brokerage business),14441,11950,10,0059(brokerage business),3116,1105,10,0059(brokerage business),3593,541
11,0096(brokerage business),9411,1602,11,0125(brokerage business),3067,785,11,0253(brokerage business),3544,63
12,0323(brokerage business),8404,3886,12,0323(brokerage business),2646,552,12,0082(brokerage business),3403,31
13,0034(brokerage business),8339,2675,13,0096(brokerage business),2637,188,13,0096(brokerage business),3352,-59
14,0081(brokerage business),7122,1021,14,0077(brokerage business),2621,-77,14,0240(brokerage business),3342,55
15,0186(brokerage business),6994,2805,15,0275(brokerage business),2294,252,15,0125(brokerage business),3072,15
16,0059(brokerage business),6942,3388,16,0277(brokerage business),2187,-36,16,0077(brokerage business),2899,-136
17,0298(brokerage business),5639,2141,17,0034(brokerage business),1929,-219,17,0177(brokerage business),2752,245
18,0018(brokerage business),5237,2020,18,0018(brokerage business),1923,-130,18,0058(brokerage business),2224,-524
19,0069(brokerage business),5078,2155,19,0274(brokerage business),1880,68,19,0034(brokerage business),1860,106
20,0268(brokerage business),5062,1773,20,0007(brokerage business),1876,-17,20,0019(brokerage business),1788,-63
Total,,538171,172077,Total,,79137,1191,Total,,95939,1331
Ranking,Name of FF Member /OSBPs,Volume,Change from Previous Trading Day,Ranking,Name of FF Member /OSBPs,Long Position,Change from Previous Trading Day,Ranking,Name of FF Member /OSBPs,Short Position,Change from Previous Trading Day
Contract Code：ru2705,,,,,,,,,,2026-09-17,
1,0148(brokerage business),11782,3061,1,0004(brokerage business),2189,55,1,0082(brokerage business),11196,6
2,0163(brokerage business),10904,502,2,0253(brokerage business),1941,93,2,0004(brokerage business),2376,41
3,0253(brokerage business),9322,2136,3,0277(brokerage business),1714,11,3,0272(brokerage business),1905,-497
4,0004(brokerage business),8002,2353,4,0148(brokerage business),1605,-350,4,0275(brokerage business),1730,10
5,0081(brokerage business),3070,659,5,0103(brokerage business),1526,-17,5,0372(brokerage business),1377,-9
6,0272(brokerage business),2854,2188,6,0163(brokerage business),1388,-84,6,0103(brokerage business),1130,479
7,0275(brokerage business),2819,612,7,0272(brokerage business),1316,9,7,0148(brokerage business),1113,46
8,0123(brokerage business),1710,-246,8,0295(brokerage business),1305,-2,8,0137(brokerage business),763,3
9,0240(brokerage business),1595,608,9,0059(brokerage business),1204,575,9,0151(brokerage business),642,190
10,0059(brokerage business),868,216,10,0240(brokerage business),1040,93,10,0096(brokerage business),631,7
11,0043(brokerage business),794,487,11,0007(brokerage business),589,84,11,0123(brokerage business),604,2
12,0103(brokerage business),700,249,12,0323(brokerage business),575,-33,12,0058(brokerage business),536,88
13,0186(brokerage business),650,463,13,0139(brokerage business),513,-9,13,0125(brokerage business),447,41
14,0323(brokerage business),629,59,14,0125(brokerage business),511,-1,14,0019(brokerage business),412,-22
15,0007(brokerage business),462,-157,15,0268(brokerage business),499,7,15,0163(brokerage business),378,-18
16,0095(brokerage business),407,206,16,0077(brokerage business),493,48,16,0139(brokerage business),347,11
17,0389(brokerage business),397,109,17,0034(brokerage business),451,75,17,0121(brokerage business),342,-8
18,0034(brokerage business),384,255,18,0096(brokerage business),425,20,18,0077(brokerage business),284,21
19,0009(brokerage business),367,-560,19,0018(brokerage business),405,14,19,0177(brokerage business),252,82
20,0069(brokerage business),357,-228,20,0081(brokerage business),400,141,20,0136(brokerage business),233,0
Total,,58073,12972,Total,,20089,729,Total,,26698,473
Ranking,Name of FF Member /OSBPs,Volume,Change from Previous Trading Day,Ranking,Name of FF Member /OSBPs,Long Position,Change from Previous Trading Day,Ranking,Name of FF Member /OSBPs,Short Position,Change from Previous Trading Day
Contract Code：nr2610,,,,,,,,,,2026-09-17,
1,8004(brokerage business),1894,-352,1,8004(brokerage business),2390,-157,1,8004(brokerage business),1937,-135
2,8275(brokerage business),1428,14,2,8096(brokerage business),1055,0,2,8148(brokerage business),1318,-64
3,8163(brokerage business),1346,-2260,3,8148(brokerage business),936,-414,3,8272(brokerage business),1097,-532
4,8271(brokerage business),815,-542,4,8253(brokerage business),725,-104,4,8103(brokerage business),975,-1
5,8148(brokerage business),744,194,5,8058(brokerage business),652,-88,5,8163(brokerage business),768,-193
6,8272(brokerage business),719,417,6,8059(brokerage business),604,-6,6,8240(brokerage business),743,14
7,8308(brokerage business),714,92,7,8077(brokerage business),544,-72,7,8019(brokerage business),559,-5
8,8253(brokerage business),655,-303,8,8389(brokerage business),313,-28,8,8177(brokerage business),489,-107
9,8153(brokerage business),348,345,9,8001(brokerage business),234,-26,9,8253(brokerage business),433,5
10,8081(brokerage business),267,186,10,8123(brokerage business),233,-1,10,8077(brokerage business),362,0
11,8059(brokerage business),266,239,11,8171(brokerage business),222,0,11,8275(brokerage business),301,-6
12,8268(brokerage business),256,91,12,8272(brokerage business),209,-43,12,8139(brokerage business),200,-17
13,8058(brokerage business),152,6,13,8003(brokerage business),200,0,13,8058(brokerage business),173,-40
14,8151(brokerage business),132,53,14,8274(brokerage business),200,0,14,8123(brokerage business),159,-34
15,8121(brokerage business),128,91,15,8095(brokerage business),192,-24,15,8069(brokerage business),133,0
16,8123(brokerage business),117,-291,16,8163(brokerage business),188,21,16,8254(brokerage business),127,0
17,8177(brokerage business),109,-432,17,8151(brokerage business),163,32,17,8308(brokerage business),96,2
18,8007(brokerage business),108,107,18,8018(brokerage business),162,-2,18,8385(brokerage business),96,0
19,8333(brokerage business),105,-67,19,8312(brokerage business),160,-11,19,8081(brokerage business),77,-7
20,8389(brokerage business),96,-108,20,8103(brokerage business),150,-10,20,8096(brokerage business),71,9
Total,,10399,-2520,Total,,9532,-933,Total,,10114,-1111
Ranking,Name of FF Member /OSBPs,Volume,Change from Previous Trading Day,Ranking,Name of FF Member /OSBPs,Long Position,Change from Previous Trading Day,Ranking,Name of FF Member /OSBPs,Short Position,Change from Previous Trading Day
Contract Code：nr2611,,,,,,,,,,2026-09-17,
1,8163(brokerage business),35010,10084,1,8239(brokerage business),5251,-202,1,8004(brokerage business),8490,-239
2,8253(brokerage business),14858,5926,2,8004(brokerage business),5168,249,2,8148(brokerage business),4898,-775
3,8148(brokerage business),11341,2120,3,8148(brokerage business),5140,-210,3,8272(brokerage business),4000,458
4,8004(brokerage business),9416,721,4,8103(brokerage business),5008,364,4,8253(brokerage business),3537,-37
5,8275(brokerage business),7714,149,5,8184(brokerage business),4242,-817,5,8096(brokerage business),3435,-26
6,8123(brokerage business),6688,1742,6,8163(brokerage business),3057,-738,6,8163(brokerage business),3369,258
7,8272(brokerage business),3178,-5060,7,8084(brokerage business),3037,-56,7,8123(brokerage business),3075,-2
8,8096(brokerage business),2916,-202,8,8272(brokerage business),2400,64,8,8125(brokerage business),2905,392
9,8323(brokerage business),2876,1111,9,8277(brokerage business),1802,-82,9,8082(brokerage business),2634,90
10,8081(brokerage business),2554,-805,10,8240(brokerage business),1620,117,10,8240(brokerage business),2632,-171
11,8288(brokerage business),2208,520,11,8253(brokerage business),1612,29,11,8103(brokerage business),2227,-8
12,8240(brokerage business),2132,859,12,8268(brokerage business),1557,161,12,8058(brokerage business),1884,-37
13,8186(brokerage business),1947,717,13,8274(brokerage business),1518,15,13,8077(brokerage business),1614,125
14,8184(brokerage business),1907,1198,14,8335(brokerage business),1353,-135,14,8059(brokerage business),1537,-34
15,8059(brokerage business),1832,645,15,8349(brokerage business),1194,285,15,8275(brokerage business),1250,2
16,8298(brokerage business),1713,-160,16,8139(brokerage business),1186,189,16,8177(brokerage business),1052,-10
17,8103(brokerage business),1594,-218,17,8007(brokerage business),1117,-8,17,8069(brokerage business),921,-24
18,8043(brokerage business),1566,434,18,8288(brokerage business),1029,-143,18,8009(brokerage business),836,-126
19,8034(brokerage business),1098,626,19,8305(brokerage business),1010,444,19,8029(brokerage business),805,47
20,8019(brokerage business),1030,661,20,8123(brokerage business),953,0,20,8151(brokerage business),727,-10
Total,,113578,21068,Total,,49254,-474,Total,,51828,-127
Ranking,Name of FF Member /OSBPs,Volume,Change from Previous Trading Day,Ranking,Name of FF Member /OSBPs,Long Position,Change from Previous Trading Day,Ranking,Name of FF Member /OSBPs,Short Position,Change from Previous Trading Day
Contract Code：nr2612,,,,,,,,,,2026-09-17,
1,8163(brokerage business),11592,3876,1,8004(brokerage business),5581,-263,1,8004(brokerage business),8344,-421
2,8253(brokerage business),9165,3426,2,8148(brokerage business),4461,-191,2,8148(brokerage business),3732,420
3,8004(brokerage business),7222,4150,3,8103(brokerage business),3254,221,3,8253(brokerage business),3128,-42
4,8275(brokerage business),5410,3278,4,8163(brokerage business),2946,97,4,8163(brokerage business),2941,359
5,8148(brokerage business),4971,1296,5,8323(brokerage business),2281,-36,5,8240(brokerage business),2733,355
6,8081(brokerage business),3883,1483,6,8082(brokerage business),2182,18,6,8268(brokerage business),2301,-35
7,8096(brokerage business),1361,376,7,8268(brokerage business),2107,-63,7,8082(brokerage business),2198,18
8,8272(brokerage business),1319,337,8,8034(brokerage business),2082,-9,8,8123(brokerage business),2112,4
9,8240(brokerage business),1192,605,9,8253(brokerage business),1904,-61,9,8323(brokerage business),2079,-3
10,8123(brokerage business),1151,244,10,8295(brokerage business),1656,60,10,8034(brokerage business),1860,-14
11,8308(brokerage business),1000,-3,11,8161(brokerage business),1617,-40,11,8103(brokerage business),1780,-28
12,8059(brokerage business),932,389,12,8274(brokerage business),1449,-17,12,8372(brokerage business),1604,-200
13,8277(brokerage business),578,456,13,8372(brokerage business),1336,-2,13,8161(brokerage business),1560,4
14,8184(brokerage business),563,548,14,8277(brokerage business),1205,1,14,8058(brokerage business),1292,46
15,8259(brokerage business),495,166,15,8139(brokerage business),1181,-12,15,8275(brokerage business),1243,15
16,8069(brokerage business),419,-49,16,8184(brokerage business),990,471,16,8177(brokerage business),899,8
17,8007(brokerage business),367,44,17,8239(brokerage business),954,138,17,8096(brokerage business),719,31
18,8103(brokerage business),355,-49,18,8238(brokerage business),725,17,18,8272(brokerage business),711,-881
19,8067(brokerage business),354,203,19,8123(brokerage business),603,3,19,8277(brokerage business),655,-437
20,8274(brokerage business),342,218,20,8240(brokerage business),553,101,20,8019(brokerage business),472,22
Total,,52671,20994,Total,,39067,433,Total,,42363,-779
Ranking,Name of FF Member /OSBPs,Volume,Change from Previous Trading Day,Ranking,Name of FF Member /OSBPs,Long Position,Change from Previous Trading Day,Ranking,Name of FF Member /OSBPs,Short Position,Change from Previous Trading Day
Contract Code：nr2701,,,,,,,,,,2026-09-17,
1,8163(brokerage business),8638,3920,1,8004(brokerage business),3448,17,1,8004(brokerage business),7597,-23
2,8253(brokerage business),4715,2151,2,8148(brokerage business),2519,-399,2,8148(brokerage business),2876,-364
3,8004(brokerage business),4014,1924,3,8103(brokerage business),2067,181,3,8372(brokerage business),1816,399
4,8148(brokerage business),4003,2355,4,8274(brokerage business),1640,31,4,8272(brokerage business),1506,-585
5,8275(brokerage business),2946,2158,5,8295(brokerage business),1472,0,5,8163(brokerage business),1424,189
6,8123(brokerage business),1998,701,6,8272(brokerage business),1455,27,6,8123(brokerage business),1335,-5
7,8059(brokerage business),1894,1166,7,8139(brokerage business),1409,-223,7,8103(brokerage business),1275,337
8,8308(brokerage business),1325,606,8,8163(brokerage business),1281,75,8,8275(brokerage business),1239,-12
9,8103(brokerage business),1280,1035,9,8253(brokerage business),1277,22,9,8254(brokerage business),1232,0
10,8272(brokerage business),1142,519,10,8335(brokerage business),1215,18,10,8305(brokerage business),1229,344
11,8271(brokerage business),1016,798,11,8323(brokerage business),1124,-141,11,8059(brokerage business),1012,21
12,8349(brokerage business),791,404,12,8059(brokerage business),881,-3,12,8253(brokerage business),983,-41
13,8240(brokerage business),724,248,13,8121(brokerage business),778,-14,13,8240(brokerage business),972,17
14,8007(brokerage business),691,333,14,8137(brokerage business),764,-78,14,8321(brokerage business),811,26
15,8323(brokerage business),571,239,15,8240(brokerage business),756,47,15,8349(brokerage business),768,-213
16,8069(brokerage business),480,159,16,8107(brokerage business),623,1,16,8034(brokerage business),751,31
17,8239(brokerage business),476,242,17,8077(brokerage business),606,-74,17,8058(brokerage business),742,-36
18,8328(brokerage business),415,315,18,8043(brokerage business),537,18,18,8385(brokerage business),734,0
19,8372(brokerage business),406,302,19,8288(brokerage business),524,-232,19,8082(brokerage business),728,12
20,8178(brokerage business),403,304,20,8123(brokerage business),520,-23,20,8081(brokerage business),707,-1
Total,,37928,19879,Total,,24896,-750,Total,,29737,96
Member/OSP Type,Total Volume,Change from Previous Trading Day,Member/OSP Type,Total Long Position,Change from Previous Trading Day,Member/OSP Type,Total Short Position,Change from Previous Trading Day,,,
Contract Code：spall,,,,,,,2026-09-17,,,,
Name of FF Member/OSBP,1069182,190206,Name of FF Member/OSBP,426139,27671,Name of FF Member/OSBP,426139,27671,,,
Name of Non-FF Member/OSNBP,0,0,Name of Non-FF Member/OSNBP,0,0,Name of Non-FF Member/OSNBP,0,0,,,
Ranking,Name of FF Member /OSBPs,Volume,Change from Previous Trading Day,Ranking,Name of FF Member /OSBPs,Long Position,Change from Previous Trading Day,Ranking,Name of FF Member /OSBPs,Short Position,Change from Previous Trading Day
Contract Code：sp2611,,,,,,,,,,2026-09-17,
1,0004(brokerage business),174400,35020,1,0004(brokerage business),28684,2251,1,0148(brokerage business),26390,446
2,0163(brokerage business),139026,36728,2,0148(brokerage business),13751,496,2,0004(brokerage business),23917,83
3,0148(brokerage business),68784,2641,3,0163(brokerage business),9266,-2838,3,0163(brokerage business),16829,3666
4,0275(brokerage business),63965,28244,4,0103(brokerage business),9130,3072,4,0239(brokerage business),12563,802
5,0253(brokerage business),42688,3350,5,0268(brokerage business),8243,599,5,0272(brokerage business),10887,83
6,0259(brokerage business),36175,10290,6,0272(brokerage business),7552,-3756,6,0253(brokerage business),8417,846
7,0081(brokerage business),25601,-10892,7,0253(brokerage business),6781,744,7,0335(brokerage business),7525,686
8,0272(brokerage business),20063,2484,8,0240(brokerage business),6184,108,8,0103(brokerage business),6321,-1571
9,0103(brokerage business),14639,2371,9,0096(brokerage business),5251,741,9,0081(brokerage business),5729,1037
10,0161(brokerage business),14236,7752,10,0275(brokerage business),4252,1442,10,0123(brokerage business),5617,-243
11,0240(brokerage business),10988,1923,11,0081(brokerage business),4136,-192,11,0059(brokerage business),4841,1044
12,0096(brokerage business),7781,-1726,12,0042(brokerage business),3666,1376,12,0177(brokerage business),4610,-1209
13,0308(brokerage business),7564,473,13,0059(brokerage business),3336,410,13,0034(brokerage business),3998,730
14,0268(brokerage business),7130,428,14,0034(brokerage business),3199,421,14,0043(brokerage business),3155,-106
15,0123(brokerage business),6167,-10436,15,0323(brokerage business),3134,1058,15,0268(brokerage business),3015,-17
16,0059(brokerage business),6024,-1142,16,0169(brokerage business),3108,-337,16,0321(brokerage business),2926,259
17,0186(brokerage business),5981,-414,17,0238(brokerage business),3056,139,17,0082(brokerage business),2703,-158
18,0034(brokerage business),5437,271,18,0069(brokerage business),3047,307,18,0308(brokerage business),2571,221
19,0323(brokerage business),4985,2243,19,0058(brokerage business),3030,380,19,0058(brokerage business),2413,-165
20,0298(brokerage business),4981,-481,20,0043(brokerage business),2914,-27,20,0259(brokerage business),2389,107
Total,,666615,109127,Total,,131720,6394,Total,,156816,6541
Ranking,Name of FF Member /OSBPs,Volume,Change from Previous Trading Day,Ranking,Name of FF Member /OSBPs,Long Position,Change from Previous Trading Day,Ranking,Name of FF Member /OSBPs,Short Position,Change from Previous Trading Day
Contract Code：sp2701,,,,,,,,,,2026-09-17,
1,0148(brokerage business),31992,2897,1,0004(brokerage business),11259,-686,1,0004(brokerage business),20253,2373
2,0004(brokerage business),29063,12379,2,0123(brokerage business),10663,668,2,0148(brokerage business),16351,826
3,0163(brokerage business),27166,8627,3,0163(brokerage business),9676,1376,3,0103(brokerage business),7060,1193
4,0253(brokerage business),17542,1021,4,0272(brokerage business),8074,1240,4,0418(brokerage business),5773,88
5,0275(brokerage business),12355,4387,5,0148(brokerage business),5798,580,5,0163(brokerage business),5339,608
6,0123(brokerage business),12073,3707,6,0103(brokerage business),5726,939,6,0335(brokerage business),4869,402
7,0081(brokerage business),9731,4717,7,0042(brokerage business),5254,89,7,0272(brokerage business),4660,904
8,0259(brokerage business),6225,2982,8,0275(brokerage business),4727,1329,8,0169(brokerage business),4634,16
9,0272(brokerage business),4036,1058,9,0177(brokerage business),4185,-1116,9,0009(brokerage business),4535,63
10,0240(brokerage business),3959,-235,10,0043(brokerage business),3837,-166,10,0253(brokerage business),4496,304
11,0103(brokerage business),3424,292,11,0077(brokerage business),3208,58,11,0081(brokerage business),4471,-236
12,0274(brokerage business),2238,1344,12,0018(brokerage business),3162,163,12,0029(brokerage business),3732,-14
13,0308(brokerage business),2137,974,13,0288(brokerage business),2474,489,13,0077(brokerage business),3145,-251
14,0086(brokerage business),1840,267,14,0253(brokerage business),2187,-250,14,0125(brokerage business),3105,-603
15,0077(brokerage business),1601,-1319,15,0082(brokerage business),2120,65,15,0177(brokerage business),2839,-210
16,0177(brokerage business),1548,1069,16,0034(brokerage business),2058,191,16,0139(brokerage business),2717,-65
17,0323(brokerage business),1484,968,17,0186(brokerage business),2013,38,17,0096(brokerage business),2557,-107
18,0069(brokerage business),1197,-207,18,0308(brokerage business),1953,594,18,0019(brokerage business),2351,422
19,0244(brokerage business),1191,764,19,0096(brokerage business),1910,54,19,0274(brokerage business),2188,-1253
20,0186(brokerage business),1190,-110,20,0136(brokerage business),1785,5,20,0268(brokerage business),2058,326
Total,,171992,45582,Total,,92069,5660,Total,,107133,4786
Ranking,Name of FF Member /OSBPs,Volume,Change from Previous Trading Day,Ranking,Name of FF Member /OSBPs,Long Position,Change from Previous Trading Day,Ranking,Name of FF Member /OSBPs,Short Position,Change from Previous Trading Day
Contract Code：sp2703,,,,,,,,,,2026-09-17,
1,0163(brokerage business),10916,4620,1,0103(brokerage business),5358,648,1,0148(brokerage business),6419,856
2,0275(brokerage business),5759,4641,2,0048(brokerage business),4898,7,2,0048(brokerage business),4507,11
3,0272(brokerage business),4445,4386,3,0148(brokerage business),4675,64,3,0081(brokerage business),4323,23
4,0253(brokerage business),3355,626,4,0042(brokerage business),4387,2057,4,0139(brokerage business),4125,104
5,0148(brokerage business),3134,1644,5,0081(brokerage business),4312,12,5,0103(brokerage business),4041,25
6,0004(brokerage business),3054,1543,6,0139(brokerage business),4013,8,6,0137(brokerage business),3389,638
7,0042(brokerage business),2057,1958,7,0272(brokerage business),3639,3621,7,0043(brokerage business),3235,258
8,0308(brokerage business),1573,1540,8,0137(brokerage business),3387,597,8,0178(brokerage business),2301,1
9,0178(brokerage business),1464,438,9,0043(brokerage business),3208,250,9,0163(brokerage business),2049,1497
10,0103(brokerage business),1333,900,10,0178(brokerage business),2322,-1,10,0008(brokerage business),2000,1
11,0137(brokerage business),1269,319,11,0008(brokerage business),2000,1,11,0253(brokerage business),1903,56
12,0059(brokerage business),1214,436,12,0253(brokerage business),1639,-1,12,0059(brokerage business),1810,201
13,0081(brokerage business),1203,105,13,0059(brokerage business),1580,21,13,0272(brokerage business),1556,754
14,0271(brokerage business),982,978,14,0019(brokerage business),896,85,14,0004(brokerage business),1194,479
15,0139(brokerage business),934,16,15,0004(brokerage business),589,1,15,0019(brokerage business),1175,282
16,0008(brokerage business),788,-556,16,0086(brokerage business),473,105,16,0159(brokerage business),760,233
17,0043(brokerage business),660,45,17,0077(brokerage business),261,7,17,0308(brokerage business),593,205
18,0025(brokerage business),574,402,18,0049(brokerage business),202,-2,18,0029(brokerage business),481,130
19,0048(brokerage business),458,1,19,0163(brokerage business),196,-121,19,0153(brokerage business),413,151
20,0019(brokerage business),373,290,20,0275(brokerage business),169,-7,20,0389(brokerage business),316,65
Total,,45545,24332,Total,,48204,7352,Total,,46590,5970
Member/OSP Type,Total Volume,Change from Previous Trading Day,Member/OSP Type,Total Long Position,Change from Previous Trading Day,Member/OSP Type,Total Short Position,Change from Previous Trading Day,,,
Contract Code：opall,,,,,,,2026-09-17,,,,
Name of FF Member/OSBP,29510,1354,Name of FF Member/OSBP,26652,59,Name of FF Member/OSBP,26652,59,,,
Name of Non-FF Member/OSNBP,0,0,Name of Non-FF Member/OSNBP,0,0,Name of Non-FF Member/OSNBP,0,0,,,
Ranking,Name of FF Member /OSBPs,Volume,Change from Previous Trading Day,Ranking,Name of FF Member /OSBPs,Long Position,Change from Previous Trading Day,Ranking,Name of FF Member /OSBPs,Short Position,Change from Previous Trading Day
Contract Code：op2610,,,,,,,,,,2026-09-17,
1,0268(brokerage business),2428,938,1,0268(brokerage business),961,-15,1,0268(brokerage business),902,3
2,0257(brokerage business),1994,1272,2,0082(brokerage business),538,0,2,0004(brokerage business),750,-18
3,0275(brokerage business),1531,921,3,0004(brokerage business),503,-10,3,0008(brokerage business),495,5
4,0148(brokerage business),1002,442,4,0148(brokerage business),500,3,4,0257(brokerage business),491,0
5,0004(brokerage business),964,535,5,0008(brokerage business),495,5,5,0123(brokerage business),485,0
6,0123(brokerage business),480,-40,6,0257(brokerage business),491,-4,6,0148(brokerage business),478,1
7,0163(brokerage business),250,-17,7,0123(brokerage business),485,0,7,0082(brokerage business),477,0
8,0081(brokerage business),112,103,8,0275(brokerage business),466,3,8,0275(brokerage business),454,0
9,0008(brokerage business),20,-30,9,0013(brokerage business),157,0,9,0321(brokerage business),109,9
10,0321(brokerage business),9,-91,10,0067(brokerage business),30,0,10,0018(brokerage business),39,0
11,0299(brokerage business),8,1,11,0069(brokerage business),30,-1,11,0319(brokerage business),38,0
12,0389(brokerage business),8,8,12,0059(brokerage business),27,-1,12,0125(brokerage business),30,0
13,0418(brokerage business),8,8,13,0137(brokerage business),25,0,13,0103(brokerage business),20,0
14,0089(brokerage business),7,-1,14,0163(brokerage business),22,-10,14,0137(brokerage business),20,0
15,0059(brokerage business),5,0,15,0182(brokerage business),19,0,15,0163(brokerage business),12,-12
16,0048(brokerage business),4,2,16,0048(brokerage business),17,-4,16,0389(brokerage business),12,-8
17,0058(brokerage business),4,-1,17,0240(brokerage business),10,0,17,0136(brokerage business),9,-4
18,0136(brokerage business),4,2,18,0311(brokerage business),10,-1,18,0001(brokerage business),7,0
19,0086(brokerage business),3,-3,19,0139(brokerage business),9,0,19,0151(brokerage business),5,-2
20,0096(brokerage business),3,2,20,0042(brokerage business),8,0,20,0157(brokerage business),5,1
Total,,8844,4051,Total,,4803,-35,Total,,4838,-25
Ranking,Name of FF Member /OSBPs,Volume,Change from Previous Trading Day,Ranking,Name of FF Member /OSBPs,Long Position,Change from Previous Trading Day,Ranking,Name of FF Member /OSBPs,Short Position,Change from Previous Trading Day
Contract Code：op2611,,,,,,,,,,2026-09-17,
1,0163(brokerage business),3162,2,1,0268(brokerage business),3756,-2,1,0268(brokerage business),3736,-9
2,0268(brokerage business),2253,-941,2,0004(brokerage business),3112,-17,2,0123(brokerage business),2876,-23
3,0148(brokerage business),1569,-555,3,0148(brokerage business),2801,-11,3,0004(brokerage business),2706,12
4,0004(brokerage business),1563,-2180,4,0123(brokerage business),2479,-19,4,0148(brokerage business),2564,0
5,0257(brokerage business),1116,-302,5,0008(brokerage business),2004,1,5,0008(brokerage business),2009,1
6,0123(brokerage business),1028,-260,6,0082(brokerage business),1586,-29,6,0082(brokerage business),1514,-2
7,0008(brokerage business),864,-620,7,0275(brokerage business),1439,1,7,0275(brokerage business),1411,1
8,0275(brokerage business),656,-709,8,0257(brokerage business),1303,3,8,0257(brokerage business),1303,1
9,0081(brokerage business),189,-558,9,0321(brokerage business),349,61,9,0163(brokerage business),617,54
10,0019(brokerage business),127,-72,10,0313(brokerage business),218,40,10,0103(brokerage business),499,1
11,0309(brokerage business),104,-19,11,0163(brokerage business),178,38,11,0253(brokerage business),352,4
12,0161(brokerage business),69,12,12,0059(brokerage business),127,2,12,0001(brokerage business),157,-1
13,0321(brokerage business),63,56,13,0048(brokerage business),113,27,13,0274(brokerage business),149,14
14,0313(brokerage business),40,-72,14,0103(brokerage business),101,-1,14,0019(brokerage business),109,-1
15,0082(brokerage business),39,15,15,0161(brokerage business),90,0,15,0137(brokerage business),108,-5
16,0058(brokerage business),38,-63,16,0029(brokerage business),88,8,16,0042(brokerage business),83,-4
17,0048(brokerage business),36,9,17,0272(brokerage business),79,0,17,0030(brokerage business),82,0
18,0253(brokerage business),34,-12,18,0186(brokerage business),63,-7,18,0048(brokerage business),72,1
19,0186(brokerage business),33,-94,19,0034(brokerage business),61,0,19,0186(brokerage business),63,2
20,0029(brokerage business),28,25,20,0253(brokerage business),60,18,20,0086(brokerage business),62,2
Total,,13011,-6338,Total,,20007,113,Total,,20472,48
