"SHFE Member/OSP Volume, Open Interest Rankings",,,,,,,,,,,
,,,,,,,,,,,
Date: 2026-09-08,,,,,,,,,,,
"Note: FF Member/OSBP may not engage in trading of its own futures, the above volume and positions ranking data of FF Member/OSBP Clearing Members refers to he participation of all clients who are engaging in brokerage business during the statistical period. FF Member/OSBP engaging in brokerage business shall accept entrustment by its clients to conduct futures trading in its own name on behalf of the client.",,,,,,,,,,,
Member/OSP Type,Total Volume,Change from Previous Trading Day,Member/OSP Type,Total Long Position,Change from Previous Trading Day,Member/OSP Type,Total Short Position,Change from Previous Trading Day,,,
Contract Code：cuall,,,,,,,2026-09-08,,,,
Name of FF Member/OSBP,406658,147826,Name of FF Member/OSBP,587548,21430,Name of FF Member/OSBP,575622,20700,,,
Name of Non-FF Member/OSNBP,2630,-108,Name of Non-FF Member/OSNBP,3268,154,Name of Non-FF Member/OSNBP,15194,884,,,
Ranking,Name of FF Member /OSBPs,Volume,Change from Previous Trading Day,Ranking,Name of FF Member /OSBPs,Long Position,Change from Previous Trading Day,Ranking,Name of FF Member /OSBPs,Short Position,Change from Previous Trading Day
Contract Code：cu2609,,,,,,,,,,2026-09-08,
1,0049(brokerage business),3705,140,1,0004(brokerage business),5720,-240,1,0049(brokerage business),4795,-450
2,0163(brokerage business),3540,785,2,0139(brokerage business),4480,-485,2,0315(brokerage business),3020,-530
3,0148(brokerage business),3515,-125,3,0148(brokerage business),4330,-175,3,0139(brokerage business),2165,-15
4,0240(brokerage business),2040,1255,4,0049(brokerage business),3645,-365,4,0025(brokerage business),1895,120
5,0272(brokerage business),1605,150,5,0272(brokerage business),1780,-315,5,0004(brokerage business),1640,-10
6,0321(brokerage business),1420,105,6,0321(brokerage business),1635,-65,6,0009(brokerage business),1440,-190
7,0315(brokerage business),1340,-1200,7,0006(brokerage business),1500,0,7,0069(brokerage business),1395,-145
8,0082(brokerage business),1280,515,8,0025(brokerage business),1210,-415,8,0148(brokerage business),1305,-590
9,0275(brokerage business),1140,-35,9,0163(brokerage business),1070,-85,9,0253(brokerage business),1260,-75
10,0004(brokerage business),1130,-200,10,0003(brokerage business),985,-120,10,0268(brokerage business),1205,5
11,0259(brokerage business),1100,640,11,0096(brokerage business),790,0,11,0058(brokerage business),1165,-360
12,0125(brokerage business),1040,295,12,0009(brokerage business),610,-425,12,0169(brokerage business),1135,-70
13,0025(brokerage business),945,395,13,0240(brokerage business),590,-780,13,0272(brokerage business),1015,150
14,0009(brokerage business),905,350,14,0077(brokerage business),540,-170,14,0042(brokerage business),915,5
15,0058(brokerage business),900,150,15,0311(brokerage business),535,0,15,0321(brokerage business),905,-1265
16,0096(brokerage business),835,220,16,0081(brokerage business),520,-20,16,0047(brokerage business),780,-250
17,0003(brokerage business),670,5,17,0082(brokerage business),515,-330,17,0096(brokerage business),730,-515
18,0034(brokerage business),625,435,18,0288(brokerage business),515,85,18,0003(brokerage business),710,-310
19,0069(brokerage business),545,280,19,0125(brokerage business),485,-970,19,0163(brokerage business),690,-455
20,0139(brokerage business),530,-360,20,0137(brokerage business),470,0,20,0081(brokerage business),675,-20
Total,,28810,3800,Total,,31925,-4875,Total,,28840,-4970
Ranking,Name of FF Member /OSBPs,Volume,Change from Previous Trading Day,Ranking,Name of FF Member /OSBPs,Long Position,Change from Previous Trading Day,Ranking,Name of FF Member /OSBPs,Short Position,Change from Previous Trading Day
Contract Code：cu2610,,,,,,,,,,2026-09-08,
1,0148(brokerage business),25769,6936,1,0148(brokerage business),28047,610,1,0148(brokerage business),19394,939
2,0163(brokerage business),24421,6833,2,0004(brokerage business),25230,1494,2,0049(brokerage business),17088,1125
3,0004(brokerage business),17044,7194,3,0163(brokerage business),12317,1172,3,0004(brokerage business),14192,-262
4,0272(brokerage business),6757,2576,4,0272(brokerage business),11361,804,4,0163(brokerage business),12012,573
5,0308(brokerage business),6742,2805,5,0103(brokerage business),7994,140,5,0139(brokerage business),11915,-247
6,0049(brokerage business),5862,3286,6,0253(brokerage business),6590,782,6,0009(brokerage business),9865,244
7,0253(brokerage business),5830,2350,7,0077(brokerage business),5735,385,7,0321(brokerage business),6879,1317
8,0096(brokerage business),5178,1791,8,0049(brokerage business),5650,-168,8,0082(brokerage business),6544,-901
9,0123(brokerage business),4553,2735,9,0240(brokerage business),4980,915,9,0058(brokerage business),6359,965
10,0268(brokerage business),4295,1622,10,0335(brokerage business),4531,-272,10,0025(brokerage business),5296,55
11,0275(brokerage business),4229,878,11,0034(brokerage business),4365,390,11,0272(brokerage business),5263,607
12,0240(brokerage business),3950,1539,12,0268(brokerage business),3849,434,12,0240(brokerage business),5081,506
13,0081(brokerage business),3802,1859,13,0096(brokerage business),3529,523,13,0042(brokerage business),4804,240
14,0034(brokerage business),3688,776,14,0323(brokerage business),3268,332,14,0034(brokerage business),4557,628
15,0274(brokerage business),3122,2048,15,0082(brokerage business),3216,166,15,0253(brokerage business),4097,375
16,0043(brokerage business),3044,2032,16,0042(brokerage business),3187,226,16,0006(brokerage business),3996,370
17,0082(brokerage business),2880,773,17,0059(brokerage business),3082,429,17,0125(brokerage business),3907,13
18,0067(brokerage business),2826,1294,18,0308(brokerage business),2928,51,18,0018(brokerage business),3810,347
19,0059(brokerage business),2717,1177,19,0125(brokerage business),2911,17,19,0096(brokerage business),3665,-227
20,0058(brokerage business),2578,1170,20,0161(brokerage business),2897,272,20,0081(brokerage business),3375,401
Total,,139287,51674,Total,,145667,8702,Total,,152099,7068
Ranking,Name of FF Member /OSBPs,Volume,Change from Previous Trading Day,Ranking,Name of FF Member /OSBPs,Long Position,Change from Previous Trading Day,Ranking,Name of FF Member /OSBPs,Short Position,Change from Previous Trading Day
Contract Code：cu2611,,,,,,,,,,2026-09-08,
1,0148(brokerage business),9350,2413,1,0148(brokerage business),20555,927,1,0148(brokerage business),12773,889
2,0004(brokerage business),8908,4152,2,0239(brokerage business),9881,845,2,0004(brokerage business),11450,237
3,0163(brokerage business),8557,2954,3,0004(brokerage business),9627,1015,3,0049(brokerage business),8186,374
4,0308(brokerage business),3782,1792,4,0272(brokerage business),7619,904,4,0315(brokerage business),6369,754
5,0123(brokerage business),2570,1076,5,0163(brokerage business),6284,685,5,0163(brokerage business),5644,660
6,0272(brokerage business),2514,1492,6,0268(brokerage business),5462,35,6,0372(brokerage business),5339,28
7,0253(brokerage business),2251,988,7,0049(brokerage business),3143,-33,7,0034(brokerage business),4947,127
8,0275(brokerage business),2227,800,8,0103(brokerage business),3113,613,8,0042(brokerage business),4396,187
9,0096(brokerage business),1691,898,9,0335(brokerage business),3105,252,9,0009(brokerage business),4259,257
10,0333(brokerage business),1486,905,10,0034(brokerage business),2649,19,10,0139(brokerage business),3139,445
11,0274(brokerage business),1479,766,11,0274(brokerage business),2485,375,11,0253(brokerage business),3072,89
12,0259(brokerage business),1177,610,12,0125(brokerage business),2235,284,12,0321(brokerage business),2844,91
13,0240(brokerage business),1164,615,13,0323(brokerage business),2158,-278,13,0069(brokerage business),2803,294
14,0034(brokerage business),1156,346,14,0385(brokerage business),1947,40,14,0272(brokerage business),2688,-160
15,0069(brokerage business),1155,773,15,0277(brokerage business),1904,-41,15,0169(brokerage business),2686,200
16,0081(brokerage business),1148,595,16,0178(brokerage business),1806,-62,16,0067(brokerage business),2377,-8
17,0239(brokerage business),1087,160,17,0123(brokerage business),1784,221,17,0025(brokerage business),2295,464
18,0323(brokerage business),1078,337,18,0240(brokerage business),1704,173,18,0138(brokerage business),1850,32
19,0268(brokerage business),1048,780,19,0253(brokerage business),1677,104,19,0082(brokerage business),1703,68
20,0082(brokerage business),1007,681,20,0308(brokerage business),1633,296,20,0108(brokerage business),1703,179
Total,,54835,23133,Total,,90771,6374,Total,,90523,5207
Ranking,Name of FF Member /OSBPs,Volume,Change from Previous Trading Day,Ranking,Name of FF Member /OSBPs,Long Position,Change from Previous Trading Day,Ranking,Name of FF Member /OSBPs,Short Position,Change from Previous Trading Day
Contract Code：cu2612,,,,,,,,,,2026-09-08,
1,0163(brokerage business),4778,1135,1,0148(brokerage business),6777,-100,1,0148(brokerage business),10600,-169
2,0004(brokerage business),3154,1080,2,0004(brokerage business),4749,101,2,0049(brokerage business),8925,23
3,0148(brokerage business),2657,555,3,0136(brokerage business),4006,-3,3,0004(brokerage business),8744,-199
4,0308(brokerage business),2024,905,4,0049(brokerage business),3225,23,4,0272(brokerage business),4863,27
5,0272(brokerage business),1894,999,5,0274(brokerage business),3139,97,5,0096(brokerage business),3406,970
6,0333(brokerage business),1614,949,6,0103(brokerage business),3007,123,6,0125(brokerage business),3330,223
7,0096(brokerage business),1375,89,7,0272(brokerage business),2863,243,7,0169(brokerage business),2998,7
8,0275(brokerage business),1128,633,8,0163(brokerage business),2260,300,8,0034(brokerage business),2850,10
9,0253(brokerage business),899,411,9,0042(brokerage business),2190,-137,9,0082(brokerage business),2469,5
10,0240(brokerage business),809,493,10,0323(brokerage business),2144,210,10,0163(brokerage business),2432,38
11,0259(brokerage business),776,584,11,0178(brokerage business),2095,-79,11,0067(brokerage business),2076,504
12,0067(brokerage business),749,509,12,0081(brokerage business),2080,97,12,0042(brokerage business),1906,63
13,0042(brokerage business),614,319,13,0031(brokerage business),2053,5,13,0253(brokerage business),1694,22
14,0268(brokerage business),509,394,14,0077(brokerage business),1982,-7,14,0025(brokerage business),1668,36
15,0003(brokerage business),488,-70,15,0034(brokerage business),1765,-109,15,0372(brokerage business),1643,21
16,0123(brokerage business),479,101,16,0069(brokerage business),1686,28,16,0069(brokerage business),1380,67
17,0178(brokerage business),467,-28,17,0025(brokerage business),1649,-5,17,0240(brokerage business),1329,68
18,0069(brokerage business),407,-55,18,0007(brokerage business),1474,-26,18,0139(brokerage business),1189,2
19,0081(brokerage business),397,195,19,0253(brokerage business),1421,157,19,0333(brokerage business),1164,148
20,0059(brokerage business),387,282,20,0338(brokerage business),1407,-61,20,0003(brokerage business),1070,31
Total,,25605,9480,Total,,51972,857,Total,,65736,1897
Ranking,Name of FF Member /OSBPs,Volume,Change from Previous Trading Day,Ranking,Name of FF Member /OSBPs,Long Position,Change from Previous Trading Day,Ranking,Name of FF Member /OSBPs,Short Position,Change from Previous Trading Day
Contract Code：cu2701,,,,,,,,,,2026-09-08,
1,0163(brokerage business),2256,652,1,0148(brokerage business),3516,34,1,0148(brokerage business),11677,41
2,0004(brokerage business),2080,1580,2,0049(brokerage business),2704,-4,2,0049(brokerage business),5345,-143
3,0096(brokerage business),1369,278,3,0004(brokerage business),2697,-203,3,0272(brokerage business),5099,60
4,0333(brokerage business),1199,558,4,0136(brokerage business),2142,1,4,0184(brokerage business),1500,0
5,0272(brokerage business),710,233,5,0069(brokerage business),1882,23,5,0067(brokerage business),1426,8
6,0148(brokerage business),709,367,6,0034(brokerage business),1739,-103,6,0103(brokerage business),1119,-329
7,0103(brokerage business),456,407,7,0323(brokerage business),1542,-6,7,0240(brokerage business),1097,120
8,0240(brokerage business),421,306,8,0163(brokerage business),1402,34,8,0042(brokerage business),1017,5
9,0275(brokerage business),413,170,9,0031(brokerage business),1273,0,9,0372(brokerage business),950,4
10,0049(brokerage business),361,315,10,0333(brokerage business),1263,-2,10,0169(brokerage business),779,37
11,0123(brokerage business),357,269,11,0103(brokerage business),1123,-31,11,0163(brokerage business),694,-52
12,0069(brokerage business),303,204,12,0272(brokerage business),963,-174,12,0077(brokerage business),573,6
13,0034(brokerage business),276,-42,13,0274(brokerage business),883,14,13,0082(brokerage business),556,0
14,0308(brokerage business),227,99,14,0177(brokerage business),853,0,14,0025(brokerage business),516,1
15,0268(brokerage business),198,115,15,0096(brokerage business),841,-217,15,0004(brokerage business),492,-511
16,0125(brokerage business),178,93,16,0178(brokerage business),813,31,16,0096(brokerage business),479,54
17,0178(brokerage business),172,157,17,0077(brokerage business),733,-5,17,0009(brokerage business),473,1
18,0161(brokerage business),164,119,18,0339(brokerage business),685,0,18,0018(brokerage business),458,3
19,0312(brokerage business),137,109,19,0268(brokerage business),609,53,19,0333(brokerage business),408,27
20,0253(brokerage business),117,23,20,0042(brokerage business),598,48,20,0034(brokerage business),361,17
Total,,12103,6012,Total,,28261,-507,Total,,35019,-651
Ranking,Name of FF Member /OSBPs,Volume,Change from Previous Trading Day,Ranking,Name of FF Member /OSBPs,Long Position,Change from Previous Trading Day,Ranking,Name of FF Member /OSBPs,Short Position,Change from Previous Trading Day
Contract Code：cu2702,,,,,,,,,,2026-09-08,
1,0163(brokerage business),379,-132,1,0004(brokerage business),2646,-64,1,0148(brokerage business),6607,-10
2,0333(brokerage business),269,32,2,0272(brokerage business),2035,22,2,0004(brokerage business),2262,-22
3,0004(brokerage business),244,-61,3,0148(brokerage business),1802,27,3,0025(brokerage business),1953,1
4,0240(brokerage business),181,-24,4,0069(brokerage business),1257,0,4,0333(brokerage business),1100,58
5,0148(brokerage business),167,97,5,0049(brokerage business),950,29,5,0103(brokerage business),1052,1
6,0178(brokerage business),161,47,6,0323(brokerage business),884,4,6,0042(brokerage business),823,0
7,0272(brokerage business),123,-30,7,0031(brokerage business),855,0,7,0067(brokerage business),677,1
8,0049(brokerage business),99,66,8,0139(brokerage business),698,0,8,0163(brokerage business),638,-89
9,0123(brokerage business),79,58,9,0178(brokerage business),602,121,9,0077(brokerage business),440,4
10,0259(brokerage business),73,30,10,0034(brokerage business),477,20,10,0049(brokerage business),294,16
11,0171(brokerage business),59,17,11,0081(brokerage business),437,5,11,0096(brokerage business),221,0
12,0308(brokerage business),57,10,12,0268(brokerage business),360,8,12,0253(brokerage business),183,3
13,0034(brokerage business),53,53,13,0003(brokerage business),359,1,13,0272(brokerage business),153,-5
14,0253(brokerage business),50,-10,14,0161(brokerage business),356,-2,14,0059(brokerage business),148,0
15,0186(brokerage business),47,-47,15,0253(brokerage business),318,7,15,0008(brokerage business),131,0
16,0169(brokerage business),40,20,16,0103(brokerage business),302,0,16,0034(brokerage business),129,1
17,0088(brokerage business),32,-8,17,0008(brokerage business),277,8,17,0323(brokerage business),127,2
18,0081(brokerage business),31,-18,18,0042(brokerage business),254,0,18,0161(brokerage business),115,0
19,0268(brokerage business),24,6,19,0169(brokerage business),249,-40,19,0269(brokerage business),101,0
20,0069(brokerage business),22,19,20,0333(brokerage business),232,1,20,0240(brokerage business),92,2
Total,,2190,125,Total,,15350,147,Total,,17246,-37
Ranking,Name of FF Member /OSBPs,Volume,Change from Previous Trading Day,Ranking,Name of FF Member /OSBPs,Long Position,Change from Previous Trading Day,Ranking,Name of FF Member /OSBPs,Short Position,Change from Previous Trading Day
Contract Code：cu2703,,,,,,,,,,2026-09-08,
1,0163(brokerage business),1399,1037,1,0323(brokerage business),2092,0,1,0148(brokerage business),10320,18
2,0272(brokerage business),615,239,2,0148(brokerage business),1940,-60,2,0049(brokerage business),2451,21
3,0333(brokerage business),560,235,3,0272(brokerage business),1717,-105,3,0004(brokerage business),2359,-20
4,0004(brokerage business),547,254,4,0049(brokerage business),1691,15,4,0077(brokerage business),2080,0
5,0034(brokerage business),386,367,5,0069(brokerage business),1536,-12,5,0422(brokerage business),1040,0
6,0148(brokerage business),300,221,6,0333(brokerage business),1221,-38,6,0323(brokerage business),1023,0
7,0240(brokerage business),131,33,7,0136(brokerage business),1133,6,7,0067(brokerage business),1003,0
8,0123(brokerage business),121,97,8,0339(brokerage business),1087,0,8,0103(brokerage business),855,3
9,0081(brokerage business),110,70,9,0003(brokerage business),976,0,9,0042(brokerage business),626,-15
10,0018(brokerage business),104,102,10,0004(brokerage business),900,297,10,0163(brokerage business),529,-396
11,0259(brokerage business),79,36,11,0034(brokerage business),866,-341,11,0269(brokerage business),233,0
12,0096(brokerage business),75,72,12,0031(brokerage business),852,0,12,0333(brokerage business),195,18
13,0049(brokerage business),68,44,13,0338(brokerage business),782,0,13,0240(brokerage business),124,2
14,0186(brokerage business),66,-162,14,0163(brokerage business),683,85,14,0123(brokerage business),115,43
15,0095(brokerage business),54,13,15,0268(brokerage business),668,8,15,0096(brokerage business),114,33
16,0275(brokerage business),54,21,16,0253(brokerage business),563,0,16,0272(brokerage business),111,68
17,0313(brokerage business),50,40,17,0372(brokerage business),524,0,17,0008(brokerage business),103,0
18,0069(brokerage business),42,34,18,0042(brokerage business),438,-2,18,0253(brokerage business),99,3
19,0088(brokerage business),42,22,19,0169(brokerage business),306,0,19,0268(brokerage business),84,2
20,0178(brokerage business),42,41,20,0161(brokerage business),298,-1,20,0274(brokerage business),84,0
Total,,4845,2816,Total,,20273,-148,Total,,23548,-220
Ranking,Name of FF Member /OSBPs,Volume,Change from Previous Trading Day,Ranking,Name of FF Member /OSBPs,Long Position,Change from Previous Trading Day,Ranking,Name of FF Member /OSBPs,Short Position,Change from Previous Trading Day
Contract Code：bc2609,,,,,,,,,,2026-09-08,
1,8148(brokerage business),25,20,1,8240(brokerage business),525,25,1,8009(brokerage business),370,0
2,8240(brokerage business),25,25,2,8049(brokerage business),135,0,2,8274(brokerage business),215,0
3,8051(brokerage business),10,5,3,8253(brokerage business),135,0,3,8096(brokerage business),190,0
4,8123(brokerage business),10,5,4,8148(brokerage business),120,-20,4,8240(brokerage business),140,0
5,8151(brokerage business),5,0,5,8161(brokerage business),90,0,5,8049(brokerage business),80,0
6,8311(brokerage business),5,5,6,8051(brokerage business),5,-5,6,8253(brokerage business),15,0
7,,,,7,8311(brokerage business),5,5,7,8148(brokerage business),5,5
Total,,80,60,Total,,1015,5,Total,,1015,5
Ranking,Name of FF Member /OSBPs,Volume,Change from Previous Trading Day,Ranking,Name of FF Member /OSBPs,Long Position,Change from Previous Trading Day,Ranking,Name of FF Member /OSBPs,Short Position,Change from Previous Trading Day
Contract Code：bc2610,,,,,,,,,,2026-09-08,
1,8163(brokerage business),3409,1180,1,8004(brokerage business),3443,33,1,8148(brokerage business),3563,187
2,8148(brokerage business),1892,429,2,8148(brokerage business),2412,111,2,8004(brokerage business),3548,14
3,8253(brokerage business),1604,778,3,8239(brokerage business),1436,64,3,8025(brokerage business),1079,300
4,8004(brokerage business),1397,530,4,8184(brokerage business),998,52,4,8081(brokerage business),806,-3
5,8081(brokerage business),551,196,5,8081(brokerage business),913,36,5,8161(brokerage business),779,29
6,8096(brokerage business),486,46,6,8163(brokerage business),889,211,6,8240(brokerage business),748,95
7,8123(brokerage business),399,306,7,8103(brokerage business),799,9,7,8103(brokerage business),734,2
8,8272(brokerage business),381,70,8,8161(brokerage business),717,2,8,8163(brokerage business),683,82
9,8239(brokerage business),310,86,9,8082(brokerage business),581,26,9,8049(brokerage business),588,36
10,8025(brokerage business),300,299,10,8323(brokerage business),526,6,10,8082(brokerage business),527,19
11,8308(brokerage business),277,95,11,8253(brokerage business),439,35,11,8323(brokerage business),478,0
12,8082(brokerage business),269,160,12,8048(brokerage business),328,1,12,8009(brokerage business),336,12
13,8161(brokerage business),231,94,13,8084(brokerage business),272,-75,13,8048(brokerage business),308,-2
14,8240(brokerage business),200,137,14,8272(brokerage business),236,28,14,8051(brokerage business),304,0
15,8048(brokerage business),153,37,15,8333(brokerage business),183,6,15,8308(brokerage business),209,59
16,8103(brokerage business),129,49,16,8001(brokerage business),152,6,16,8253(brokerage business),200,-5
17,8009(brokerage business),128,59,17,8157(brokerage business),118,100,17,8123(brokerage business),199,109
18,8084(brokerage business),117,53,18,8311(brokerage business),108,26,18,8034(brokerage business),194,12
19,8157(brokerage business),100,100,19,8038(brokerage business),97,41,19,8003(brokerage business),144,0
20,8153(brokerage business),99,40,20,8259(brokerage business),91,6,20,8139(brokerage business),102,1
Total,,12432,4744,Total,,14738,724,Total,,15529,947
Member/OSP Type,Total Volume,Change from Previous Trading Day,Member/OSP Type,Total Long Position,Change from Previous Trading Day,Member/OSP Type,Total Short Position,Change from Previous Trading Day,,,
Contract Code：alall,,,,,,,2026-09-08,,,,
Name of FF Member/OSBP,465672,42158,Name of FF Member/OSBP,628099,4958,Name of FF Member/OSBP,620767,3382,,,
Name of Non-FF Member/OSNBP,1576,1276,Name of Non-FF Member/OSNBP,0,0,Name of Non-FF Member/OSNBP,7332,1576,,,
Ranking,Name of FF Member /OSBPs,Volume,Change from Previous Trading Day,Ranking,Name of FF Member /OSBPs,Long Position,Change from Previous Trading Day,Ranking,Name of FF Member /OSBPs,Short Position,Change from Previous Trading Day
Contract Code：al2609,,,,,,,,,,2026-09-08,
1,0148(brokerage business),2260,40,1,0148(brokerage business),6040,-545,1,0004(brokerage business),5175,-630
2,0275(brokerage business),1950,570,2,0004(brokerage business),2260,-240,2,0139(brokerage business),1670,-535
3,0163(brokerage business),1760,-850,3,0139(brokerage business),1875,-340,3,0148(brokerage business),1355,-1605
4,0139(brokerage business),1105,345,4,0058(brokerage business),1380,-40,4,0240(brokerage business),1190,-255
5,0004(brokerage business),1080,15,5,0034(brokerage business),1265,-120,5,0268(brokerage business),925,-100
6,0077(brokerage business),850,770,6,0049(brokerage business),1010,15,6,0043(brokerage business),790,175
7,0153(brokerage business),775,765,7,0125(brokerage business),800,-200,7,0163(brokerage business),545,-5
8,0003(brokerage business),695,-40,8,0137(brokerage business),630,0,8,0019(brokerage business),540,-60
9,0123(brokerage business),680,-180,9,0003(brokerage business),620,-640,9,0123(brokerage business),535,-55
10,0254(brokerage business),360,360,10,0272(brokerage business),490,-55,10,0321(brokerage business),530,0
11,0049(brokerage business),330,-45,11,0123(brokerage business),475,-25,11,0042(brokerage business),485,-25
12,0253(brokerage business),330,-205,12,0031(brokerage business),460,-40,12,0308(brokerage business),470,-10
13,0271(brokerage business),330,-630,13,0043(brokerage business),270,0,13,0049(brokerage business),445,-275
14,0240(brokerage business),305,195,14,0007(brokerage business),260,-10,14,0161(brokerage business),445,0
15,0006(brokerage business),300,-600,15,0047(brokerage business),260,0,15,0299(brokerage business),385,-40
16,0103(brokerage business),270,120,16,0253(brokerage business),245,-30,16,0048(brokerage business),375,130
17,0125(brokerage business),250,225,17,0018(brokerage business),200,-5,17,0003(brokerage business),340,-55
18,0186(brokerage business),250,250,18,0103(brokerage business),200,-60,18,0069(brokerage business),325,-35
19,0019(brokerage business),220,30,19,0059(brokerage business),185,-100,19,0007(brokerage business),320,0
20,0069(brokerage business),195,140,20,0262(brokerage business),160,0,20,0052(brokerage business),310,-100
Total,,14295,1275,Total,,19085,-2435,Total,,17155,-3480
Ranking,Name of FF Member /OSBPs,Volume,Change from Previous Trading Day,Ranking,Name of FF Member /OSBPs,Long Position,Change from Previous Trading Day,Ranking,Name of FF Member /OSBPs,Short Position,Change from Previous Trading Day
Contract Code：al2610,,,,,,,,,,2026-09-08,
1,0148(brokerage business),40078,-3162,1,0148(brokerage business),32216,-52,1,0148(brokerage business),38888,184
2,0004(brokerage business),39271,-1677,2,0004(brokerage business),30442,1500,2,0004(brokerage business),26879,-943
3,0163(brokerage business),30590,-4745,3,0163(brokerage business),16573,719,3,0123(brokerage business),23044,686
4,0275(brokerage business),26179,178,4,0253(brokerage business),9140,161,4,0272(brokerage business),13844,-292
5,0081(brokerage business),12669,-1859,5,0272(brokerage business),8386,-127,5,0253(brokerage business),10853,65
6,0253(brokerage business),11789,852,6,0034(brokerage business),7615,410,6,0163(brokerage business),9129,-2009
7,0272(brokerage business),8254,-914,7,0103(brokerage business),7523,-122,7,0275(brokerage business),8879,338
8,0240(brokerage business),5975,-4,8,0335(brokerage business),7387,-1027,8,0034(brokerage business),7040,-46
9,0323(brokerage business),4242,1574,9,0069(brokerage business),5755,874,9,0268(brokerage business),6951,466
10,0308(brokerage business),3511,1517,10,0323(brokerage business),5691,288,10,0240(brokerage business),6637,206
11,0123(brokerage business),3220,367,11,0161(brokerage business),5341,807,11,0058(brokerage business),5722,22
12,0034(brokerage business),3178,-873,12,0240(brokerage business),4538,149,12,0139(brokerage business),5685,687
13,0161(brokerage business),3117,-22,13,0288(brokerage business),4344,419,13,0323(brokerage business),5475,-202
14,0069(brokerage business),3067,1212,14,0123(brokerage business),4255,-50,14,0008(brokerage business),3988,6
15,0268(brokerage business),2926,117,15,0268(brokerage business),4197,-21,15,0372(brokerage business),3926,376
16,0049(brokerage business),2623,1786,16,0042(brokerage business),3834,-211,16,0103(brokerage business),3864,-190
17,0096(brokerage business),2578,250,17,0096(brokerage business),3689,-144,17,0049(brokerage business),3413,360
18,0327(brokerage business),2431,1158,18,0082(brokerage business),3671,-6,18,0009(brokerage business),3115,-494
19,0103(brokerage business),2390,-627,19,0077(brokerage business),3505,40,19,0018(brokerage business),3042,48
20,0335(brokerage business),2357,676,20,0308(brokerage business),3434,-1393,20,0069(brokerage business),2872,119
Total,,210445,-4196,Total,,171536,2214,Total,,193246,-613
Ranking,Name of FF Member /OSBPs,Volume,Change from Previous Trading Day,Ranking,Name of FF Member /OSBPs,Long Position,Change from Previous Trading Day,Ranking,Name of FF Member /OSBPs,Short Position,Change from Previous Trading Day
Contract Code：al2611,,,,,,,,,,2026-09-08,
1,0004(brokerage business),31238,11886,1,0148(brokerage business),25575,1137,1,0148(brokerage business),21581,1546
2,0148(brokerage business),19117,5549,2,0239(brokerage business),21830,874,2,0004(brokerage business),21508,-1854
3,0163(brokerage business),13286,-1804,3,0004(brokerage business),15478,948,3,0123(brokerage business),12661,311
4,0275(brokerage business),10123,4112,4,0163(brokerage business),11976,-380,4,0058(brokerage business),12397,298
5,0253(brokerage business),6887,1572,5,0272(brokerage business),9254,543,5,0103(brokerage business),9004,1049
6,0081(brokerage business),2845,-380,6,0268(brokerage business),8881,-1513,6,0272(brokerage business),6673,982
7,0123(brokerage business),2658,979,7,0335(brokerage business),7899,1178,7,0308(brokerage business),6031,-54
8,0268(brokerage business),2616,2353,8,0034(brokerage business),7270,725,8,0139(brokerage business),5659,755
9,0240(brokerage business),2602,946,9,0077(brokerage business),4819,855,9,0096(brokerage business),5510,459
10,0069(brokerage business),2540,1268,10,0084(brokerage business),4040,133,10,0163(brokerage business),4452,194
11,0103(brokerage business),2336,584,11,0069(brokerage business),3568,27,11,0002(brokerage business),4176,0
12,0272(brokerage business),2091,1069,12,0323(brokerage business),3155,109,12,0239(brokerage business),4127,-234
13,0239(brokerage business),1894,-54,13,0253(brokerage business),2959,341,13,0240(brokerage business),4123,282
14,0161(brokerage business),1691,1513,14,0240(brokerage business),2620,210,14,0003(brokerage business),3405,98
15,0308(brokerage business),1664,931,15,0042(brokerage business),2389,190,15,0253(brokerage business),3271,190
16,0335(brokerage business),1653,552,16,0123(brokerage business),2255,143,16,0275(brokerage business),2984,49
17,0034(brokerage business),1592,686,17,0049(brokerage business),2194,-3,17,0323(brokerage business),2784,-206
18,0082(brokerage business),1452,1043,18,0008(brokerage business),2116,124,18,0008(brokerage business),2766,40
19,0048(brokerage business),1257,1111,19,0153(brokerage business),2043,-1,19,0029(brokerage business),2460,567
20,0274(brokerage business),1215,237,20,0184(brokerage business),1999,-201,20,0082(brokerage business),2428,-73
Total,,110757,34153,Total,,142320,5439,Total,,138000,4399
Ranking,Name of FF Member /OSBPs,Volume,Change from Previous Trading Day,Ranking,Name of FF Member /OSBPs,Long Position,Change from Previous Trading Day,Ranking,Name of FF Member /OSBPs,Short Position,Change from Previous Trading Day
Contract Code：al2612,,,,,,,,,,2026-09-08,
1,0163(brokerage business),5351,-273,1,0148(brokerage business),10314,513,1,0004(brokerage business),10153,-248
2,0148(brokerage business),4273,-479,2,0004(brokerage business),6862,113,2,0148(brokerage business),9698,254
3,0004(brokerage business),2975,621,3,0272(brokerage business),5668,246,3,0123(brokerage business),6874,3
4,0253(brokerage business),1971,-85,4,0323(brokerage business),3671,19,4,0103(brokerage business),3893,7
5,0275(brokerage business),1770,242,5,0034(brokerage business),3288,5,5,0042(brokerage business),3288,18
6,0268(brokerage business),1538,1411,6,0069(brokerage business),2747,-8,6,0034(brokerage business),3186,245
7,0308(brokerage business),1294,637,7,0268(brokerage business),2619,-782,7,0239(brokerage business),3124,9
8,0272(brokerage business),771,430,8,0163(brokerage business),2340,299,8,0323(brokerage business),3046,-119
9,0069(brokerage business),730,366,9,0308(brokerage business),1866,-62,9,0139(brokerage business),2696,-248
10,0323(brokerage business),566,212,10,0096(brokerage business),1858,0,10,0308(brokerage business),1944,222
11,0249(brokerage business),503,302,11,0315(brokerage business),1827,0,11,0268(brokerage business),1645,-28
12,0240(brokerage business),480,-34,12,0123(brokerage business),1543,-28,12,0272(brokerage business),1614,-255
13,0123(brokerage business),451,125,13,0007(brokerage business),1467,35,13,0275(brokerage business),1397,42
14,0081(brokerage business),419,-395,14,0042(brokerage business),1462,-5,14,0249(brokerage business),1200,499
15,0003(brokerage business),408,82,15,0239(brokerage business),1443,-59,15,0161(brokerage business),1139,-177
16,0034(brokerage business),382,174,16,0274(brokerage business),1365,-13,16,0048(brokerage business),1066,-74
17,0161(brokerage business),370,284,17,0139(brokerage business),1328,-5,17,0003(brokerage business),1040,401
18,0082(brokerage business),364,214,18,0103(brokerage business),1301,-14,18,0311(brokerage business),1027,-109
19,0151(brokerage business),289,266,19,0240(brokerage business),1276,156,19,0082(brokerage business),1010,157
20,0274(brokerage business),287,-126,20,0059(brokerage business),1165,234,20,0261(brokerage business),918,0
Total,,25192,3974,Total,,55410,644,Total,,59958,599
Ranking,Name of FF Member /OSBPs,Volume,Change from Previous Trading Day,Ranking,Name of FF Member /OSBPs,Long Position,Change from Previous Trading Day,Ranking,Name of FF Member /OSBPs,Short Position,Change from Previous Trading Day
Contract Code：al2701,,,,,,,,,,2026-09-08,
1,0163(brokerage business),1374,55,1,0323(brokerage business),6221,12,1,0148(brokerage business),9364,151
2,0148(brokerage business),878,-103,2,0034(brokerage business),5280,11,2,0004(brokerage business),7427,82
3,0253(brokerage business),523,-264,3,0004(brokerage business),3648,78,3,0042(brokerage business),2022,-4
4,0004(brokerage business),400,-82,4,0148(brokerage business),3334,-27,4,0103(brokerage business),1810,59
5,0240(brokerage business),378,19,5,0069(brokerage business),2826,7,5,0311(brokerage business),1712,-1
6,0018(brokerage business),299,211,6,0049(brokerage business),2646,-3,6,0161(brokerage business),1674,-6
7,0081(brokerage business),262,-88,7,0268(brokerage business),1865,0,7,0249(brokerage business),1520,0
8,0308(brokerage business),186,-13,8,0163(brokerage business),1240,334,8,0275(brokerage business),1360,11
9,0103(brokerage business),171,19,9,0272(brokerage business),1208,-32,9,0277(brokerage business),1288,-8
10,0049(brokerage business),169,-47,10,0042(brokerage business),865,51,10,0240(brokerage business),1280,81
11,0275(brokerage business),154,-41,11,0007(brokerage business),839,13,11,0048(brokerage business),950,-5
12,0272(brokerage business),135,9,12,0137(brokerage business),835,4,12,0274(brokerage business),910,0
13,0082(brokerage business),104,71,13,0254(brokerage business),778,-3,13,0253(brokerage business),869,-3
14,0123(brokerage business),100,38,14,0240(brokerage business),771,-95,14,0268(brokerage business),867,0
15,0259(brokerage business),94,76,15,0139(brokerage business),693,1,15,0029(brokerage business),807,2
16,0137(brokerage business),93,3,16,0081(brokerage business),662,-2,16,0153(brokerage business),712,0
17,0332(brokerage business),90,-9,17,0169(brokerage business),626,0,17,0323(brokerage business),700,0
18,0323(brokerage business),76,-61,18,0253(brokerage business),617,-76,18,0163(brokerage business),696,74
19,0042(brokerage business),61,29,19,0123(brokerage business),535,3,19,0139(brokerage business),665,-8
20,0298(brokerage business),61,36,20,0008(brokerage business),522,0,20,0272(brokerage business),471,-11
Total,,5608,-142,Total,,36011,276,Total,,37104,414
Ranking,Name of FF Member /OSBPs,Volume,Change from Previous Trading Day,Ranking,Name of FF Member /OSBPs,Long Position,Change from Previous Trading Day,Ranking,Name of FF Member /OSBPs,Short Position,Change from Previous Trading Day
Contract Code：al2702,,,,,,,,,,2026-09-08,
1,0163(brokerage business),480,-56,1,0049(brokerage business),1666,-10,1,0004(brokerage business),3189,17
2,0253(brokerage business),302,56,2,0034(brokerage business),1597,11,2,0323(brokerage business),2647,-49
3,0254(brokerage business),233,213,3,0004(brokerage business),1530,24,3,0148(brokerage business),1286,2
4,0081(brokerage business),198,-162,4,0148(brokerage business),1342,-32,4,0103(brokerage business),1124,0
5,0082(brokerage business),191,165,5,0272(brokerage business),1103,16,5,0268(brokerage business),941,0
6,0004(brokerage business),189,-35,6,0069(brokerage business),963,-1,6,0048(brokerage business),830,-14
7,0148(brokerage business),178,8,7,0268(brokerage business),908,-1,7,0161(brokerage business),774,2
8,0018(brokerage business),155,111,8,0007(brokerage business),701,0,8,0261(brokerage business),700,0
9,0272(brokerage business),137,80,9,0042(brokerage business),700,-1,9,0311(brokerage business),658,0
10,0323(brokerage business),123,3,10,0323(brokerage business),659,-6,10,0077(brokerage business),612,-7
11,0259(brokerage business),114,43,11,0254(brokerage business),622,219,11,0349(brokerage business),482,29
12,0240(brokerage business),94,34,12,0315(brokerage business),420,1,12,0082(brokerage business),438,191
13,0308(brokerage business),81,27,13,0372(brokerage business),401,-14,13,0153(brokerage business),416,0
14,0077(brokerage business),72,58,14,0333(brokerage business),396,42,14,0295(brokerage business),310,0
15,0275(brokerage business),70,38,15,0009(brokerage business),394,14,15,0335(brokerage business),260,4
16,0137(brokerage business),46,-17,16,0082(brokerage business),384,0,16,0029(brokerage business),257,5
17,0333(brokerage business),46,10,17,0048(brokerage business),330,0,17,0137(brokerage business),221,-3
18,0034(brokerage business),37,17,18,0253(brokerage business),322,17,18,0163(brokerage business),197,-36
19,0029(brokerage business),34,-19,19,0008(brokerage business),300,0,19,0069(brokerage business),181,5
20,0349(brokerage business),29,29,20,0169(brokerage business),286,0,20,0274(brokerage business),170,0
Total,,2809,603,Total,,15024,279,Total,,15693,146
Member/OSP Type,Total Volume,Change from Previous Trading Day,Member/OSP Type,Total Long Position,Change from Previous Trading Day,Member/OSP Type,Total Short Position,Change from Previous Trading Day,,,
Contract Code：znall,,,,,,,2026-09-08,,,,
Name of FF Member/OSBP,612888,15310,Name of FF Member/OSBP,347978,10441,Name of FF Member/OSBP,347978,10441,,,
Name of Non-FF Member/OSNBP,0,0,Name of Non-FF Member/OSNBP,0,0,Name of Non-FF Member/OSNBP,0,0,,,
Ranking,Name of FF Member /OSBPs,Volume,Change from Previous Trading Day,Ranking,Name of FF Member /OSBPs,Long Position,Change from Previous Trading Day,Ranking,Name of FF Member /OSBPs,Short Position,Change from Previous Trading Day
Contract Code：zn2609,,,,,,,,,,2026-09-08,
1,0163(brokerage business),1970,540,1,0004(brokerage business),1695,-220,1,0139(brokerage business),1665,55
2,0275(brokerage business),1735,905,2,0272(brokerage business),1600,-200,2,0272(brokerage business),1080,-460
3,0272(brokerage business),850,160,3,0058(brokerage business),980,-10,3,0077(brokerage business),700,0
4,0271(brokerage business),680,590,4,0081(brokerage business),595,0,4,0103(brokerage business),695,295
5,0148(brokerage business),545,460,5,0148(brokerage business),550,-325,5,0253(brokerage business),420,-25
6,0123(brokerage business),430,280,6,0059(brokerage business),485,-70,6,0121(brokerage business),400,0
7,0004(brokerage business),370,-200,7,0048(brokerage business),300,0,7,0148(brokerage business),330,-100
8,0253(brokerage business),350,35,8,0082(brokerage business),255,0,8,0315(brokerage business),285,0
9,0103(brokerage business),305,295,9,0275(brokerage business),205,-35,9,0025(brokerage business),240,-90
10,0058(brokerage business),280,110,10,0069(brokerage business),200,0,10,0004(brokerage business),230,20
11,0333(brokerage business),240,200,11,0052(brokerage business),140,0,11,0052(brokerage business),230,50
12,0240(brokerage business),235,155,12,0123(brokerage business),100,-110,12,0059(brokerage business),195,-150
13,0059(brokerage business),220,120,13,0253(brokerage business),95,-15,13,0049(brokerage business),150,-85
14,0019(brokerage business),165,105,14,0049(brokerage business),90,-20,14,0047(brokerage business),140,0
15,0034(brokerage business),160,145,15,0051(brokerage business),85,0,15,0073(brokerage business),125,-45
16,0049(brokerage business),105,-90,16,0299(brokerage business),85,0,16,0240(brokerage business),100,-10
17,0125(brokerage business),105,-45,17,0163(brokerage business),50,50,17,0163(brokerage business),90,-130
18,0139(brokerage business),105,-200,18,0003(brokerage business),45,-90,18,0308(brokerage business),85,-50
19,0003(brokerage business),100,60,19,0134(brokerage business),45,-5,19,0009(brokerage business),70,-15
20,0096(brokerage business),100,100,20,0240(brokerage business),40,-225,20,0081(brokerage business),70,0
Total,,9050,3725,Total,,7640,-1275,Total,,7300,-740
Ranking,Name of FF Member /OSBPs,Volume,Change from Previous Trading Day,Ranking,Name of FF Member /OSBPs,Long Position,Change from Previous Trading Day,Ranking,Name of FF Member /OSBPs,Short Position,Change from Previous Trading Day
Contract Code：zn2610,,,,,,,,,,2026-09-08,
1,0148(brokerage business),60471,12762,1,0148(brokerage business),18532,-165,1,0148(brokerage business),13761,149
2,0163(brokerage business),59425,2035,2,0004(brokerage business),16181,616,2,0139(brokerage business),10484,770
3,0004(brokerage business),35334,-165,3,0163(brokerage business),13152,109,3,0004(brokerage business),7827,-424
4,0275(brokerage business),29608,3875,4,0239(brokerage business),5401,-27,4,0163(brokerage business),6935,1484
5,0253(brokerage business),10832,-2529,5,0272(brokerage business),4924,-490,5,0272(brokerage business),6575,-1321
6,0081(brokerage business),9288,-12756,6,0253(brokerage business),4650,202,6,0058(brokerage business),4786,91
7,0123(brokerage business),8506,-112,7,0335(brokerage business),4204,1049,7,0003(brokerage business),4248,83
8,0272(brokerage business),7987,1163,8,0240(brokerage business),3938,554,8,0049(brokerage business),4232,496
9,0096(brokerage business),7441,-2147,9,0308(brokerage business),3786,-351,9,0315(brokerage business),4199,137
10,0298(brokerage business),6681,235,10,0019(brokerage business),3606,137,10,0059(brokerage business),3968,-227
11,0034(brokerage business),4552,-1159,11,0059(brokerage business),3249,-126,11,0253(brokerage business),3901,692
12,0277(brokerage business),4181,3326,12,0003(brokerage business),3196,-371,12,0240(brokerage business),3701,-4
13,0059(brokerage business),3991,-46,13,0139(brokerage business),3128,35,13,0034(brokerage business),3626,225
14,0042(brokerage business),3922,-120,14,0275(brokerage business),2970,123,14,0042(brokerage business),3502,40
15,0240(brokerage business),3754,-256,15,0103(brokerage business),2734,333,15,0096(brokerage business),3362,190
16,0308(brokerage business),3552,-926,16,0268(brokerage business),2646,189,16,0069(brokerage business),3277,23
17,0151(brokerage business),3307,2054,17,0323(brokerage business),2599,-64,17,0277(brokerage business),3261,362
18,0103(brokerage business),3031,-198,18,0274(brokerage business),2501,158,18,0275(brokerage business),3055,-682
19,0161(brokerage business),2938,-1606,19,0009(brokerage business),2462,-124,19,0052(brokerage business),2803,53
20,0186(brokerage business),2692,668,20,0184(brokerage business),2349,371,20,0082(brokerage business),2796,-88
Total,,271493,4098,Total,,106208,2158,Total,,100299,2049
Ranking,Name of FF Member /OSBPs,Volume,Change from Previous Trading Day,Ranking,Name of FF Member /OSBPs,Long Position,Change from Previous Trading Day,Ranking,Name of FF Member /OSBPs,Short Position,Change from Previous Trading Day
Contract Code：zn2611,,,,,,,,,,2026-09-08,
1,0148(brokerage business),34453,3762,1,0239(brokerage business),21728,-689,1,0148(brokerage business),9950,-294
2,0275(brokerage business),32057,7298,2,0148(brokerage business),17655,1203,2,0058(brokerage business),6262,203
3,0163(brokerage business),19264,94,3,0004(brokerage business),11058,-1366,3,0004(brokerage business),5747,287
4,0004(brokerage business),18039,2801,4,0272(brokerage business),8991,2243,4,0272(brokerage business),5681,39
5,0081(brokerage business),8003,-1493,5,0163(brokerage business),7913,-80,5,0069(brokerage business),5366,633
6,0123(brokerage business),7793,1054,6,0335(brokerage business),5759,599,6,0308(brokerage business),5235,5
7,0253(brokerage business),5616,-1148,7,0103(brokerage business),4803,-181,7,0059(brokerage business),4183,317
8,0272(brokerage business),4694,2291,8,0123(brokerage business),4684,17,8,0077(brokerage business),3528,37
9,0156(brokerage business),3298,719,9,0268(brokerage business),3005,-105,9,0315(brokerage business),3354,336
10,0308(brokerage business),3123,-499,10,0240(brokerage business),2974,270,10,0253(brokerage business),3195,-272
11,0239(brokerage business),2402,1138,11,0184(brokerage business),2916,-3,11,0049(brokerage business),2816,-151
12,0240(brokerage business),2263,188,12,0084(brokerage business),2503,2,12,0003(brokerage business),2808,188
13,0178(brokerage business),2002,1546,13,0139(brokerage business),2131,-2,13,0025(brokerage business),2793,37
14,0069(brokerage business),1816,-336,14,0274(brokerage business),1938,115,14,0321(brokerage business),2793,11
15,0274(brokerage business),1628,-450,15,0253(brokerage business),1540,-390,15,0139(brokerage business),2746,383
16,0059(brokerage business),1537,-584,16,0081(brokerage business),1511,153,16,0275(brokerage business),2572,397
17,0295(brokerage business),1467,1320,17,0049(brokerage business),1379,-1,17,0163(brokerage business),2441,-242
18,0049(brokerage business),1324,156,18,0308(brokerage business),1341,24,18,0277(brokerage business),2385,219
19,0335(brokerage business),1143,-31,19,0042(brokerage business),1118,174,19,0034(brokerage business),2091,166
20,0025(brokerage business),1138,604,20,0137(brokerage business),993,-161,20,0009(brokerage business),1918,-279
Total,,153060,18430,Total,,105940,1822,Total,,77864,2020
Ranking,Name of FF Member /OSBPs,Volume,Change from Previous Trading Day,Ranking,Name of FF Member /OSBPs,Long Position,Change from Previous Trading Day,Ranking,Name of FF Member /OSBPs,Short Position,Change from Previous Trading Day
Contract Code：zn2612,,,,,,,,,,2026-09-08,
1,0148(brokerage business),9387,1662,1,0239(brokerage business),8678,-60,1,0321(brokerage business),6885,5
2,0163(brokerage business),6651,-238,2,0148(brokerage business),5617,654,2,0272(brokerage business),2940,147
3,0004(brokerage business),5930,526,3,0004(brokerage business),3858,104,3,0009(brokerage business),1946,209
4,0275(brokerage business),5474,-196,4,0308(brokerage business),2383,332,4,0148(brokerage business),1840,73
5,0081(brokerage business),4003,-310,5,0163(brokerage business),2011,152,5,0049(brokerage business),1745,67
6,0253(brokerage business),3939,-963,6,0123(brokerage business),1570,-5,6,0004(brokerage business),1700,-226
7,0308(brokerage business),2148,49,7,0059(brokerage business),1549,18,7,0025(brokerage business),1526,178
8,0059(brokerage business),2003,-349,8,0058(brokerage business),1428,347,8,0069(brokerage business),1433,3
9,0272(brokerage business),1432,118,9,0042(brokerage business),1225,-19,9,0034(brokerage business),1222,320
10,0034(brokerage business),1140,482,10,0272(brokerage business),1127,81,10,0169(brokerage business),1113,-5
11,0240(brokerage business),786,-156,11,0240(brokerage business),861,320,11,0082(brokerage business),981,3
12,0123(brokerage business),775,-860,12,0323(brokerage business),822,52,12,0315(brokerage business),954,144
13,0274(brokerage business),618,-155,13,0268(brokerage business),802,196,13,0253(brokerage business),910,183
14,0268(brokerage business),582,235,14,0077(brokerage business),800,0,14,0239(brokerage business),824,-28
15,0009(brokerage business),562,-118,15,0253(brokerage business),699,-338,15,0103(brokerage business),817,128
16,0259(brokerage business),561,314,16,0003(brokerage business),697,298,16,0058(brokerage business),806,20
17,0007(brokerage business),516,-115,17,0295(brokerage business),667,40,17,0077(brokerage business),768,64
18,0018(brokerage business),480,-21,18,0137(brokerage business),512,45,18,0059(brokerage business),631,5
19,0003(brokerage business),469,365,19,0259(brokerage business),492,15,19,0157(brokerage business),574,199
20,0058(brokerage business),427,-23,20,0311(brokerage business),455,36,20,0123(brokerage business),566,-266
Total,,47883,247,Total,,36253,2268,Total,,30181,1223
Member/OSP Type,Total Volume,Change from Previous Trading Day,Member/OSP Type,Total Long Position,Change from Previous Trading Day,Member/OSP Type,Total Short Position,Change from Previous Trading Day,,,
Contract Code：pball,,,,,,,2026-09-08,,,,
Name of FF Member/OSBP,173118,53614,Name of FF Member/OSBP,124584,1005,Name of FF Member/OSBP,124584,1005,,,
Name of Non-FF Member/OSNBP,0,0,Name of Non-FF Member/OSNBP,0,0,Name of Non-FF Member/OSNBP,0,0,,,
Ranking,Name of FF Member /OSBPs,Volume,Change from Previous Trading Day,Ranking,Name of FF Member /OSBPs,Long Position,Change from Previous Trading Day,Ranking,Name of FF Member /OSBPs,Short Position,Change from Previous Trading Day
Contract Code：pb2609,,,,,,,,,,2026-09-08,
1,0148(brokerage business),140,130,1,0049(brokerage business),1860,60,1,0148(brokerage business),1430,-125
2,0123(brokerage business),70,50,2,0139(brokerage business),940,0,2,0049(brokerage business),665,0
3,0049(brokerage business),60,-5,3,0069(brokerage business),310,0,3,0007(brokerage business),500,0
4,0253(brokerage business),60,60,4,0272(brokerage business),310,0,4,0029(brokerage business),330,-5
5,0311(brokerage business),50,50,5,0320(brokerage business),260,0,5,0004(brokerage business),210,0
6,0058(brokerage business),45,0,6,0059(brokerage business),240,0,6,0275(brokerage business),195,0
7,0177(brokerage business),45,40,7,0081(brokerage business),95,-15,7,0308(brokerage business),190,5
8,0004(brokerage business),35,25,8,0308(brokerage business),40,0,8,0272(brokerage business),165,15
9,0069(brokerage business),35,20,9,0295(brokerage business),35,0,9,0177(brokerage business),95,45
10,0163(brokerage business),35,15,10,0004(brokerage business),30,-25,10,0052(brokerage business),85,0
11,0272(brokerage business),35,25,11,0096(brokerage business),5,0,11,0069(brokerage business),85,-5
12,0315(brokerage business),20,10,12,,,,12,0077(brokerage business),55,0
13,0333(brokerage business),20,20,13,,,,13,0051(brokerage business),30,0
14,0081(brokerage business),15,15,14,,,,14,0059(brokerage business),30,0
15,0095(brokerage business),10,10,15,,,,15,0161(brokerage business),25,0
16,0271(brokerage business),10,10,16,,,,16,0253(brokerage business),20,0
17,0288(brokerage business),10,10,17,,,,17,0320(brokerage business),10,0
18,0298(brokerage business),10,10,18,,,,18,0163(brokerage business),5,5
19,0006(brokerage business),5,-40,19,,,,19,,,
20,0029(brokerage business),5,5,20,,,,20,,,
Total,,715,460,Total,,4125,20,Total,,4125,-65
Ranking,Name of FF Member /OSBPs,Volume,Change from Previous Trading Day,Ranking,Name of FF Member /OSBPs,Long Position,Change from Previous Trading Day,Ranking,Name of FF Member /OSBPs,Short Position,Change from Previous Trading Day
Contract Code：pb2610,,,,,,,,,,2026-09-08,
1,0004(brokerage business),23694,13321,1,0004(brokerage business),6721,-17,1,0148(brokerage business),7809,-160
2,0163(brokerage business),18974,6467,2,0148(brokerage business),6690,-317,2,0004(brokerage business),5826,89
3,0148(brokerage business),13229,-94,3,0308(brokerage business),4223,158,3,0163(brokerage business),4762,-921
4,0253(brokerage business),7999,1325,4,0163(brokerage business),4023,-443,4,0006(brokerage business),3369,-579
5,0275(brokerage business),7256,1500,5,0049(brokerage business),3846,409,5,0272(brokerage business),2337,357
6,0259(brokerage business),4383,2247,6,0103(brokerage business),3545,123,6,0081(brokerage business),2155,-75
7,0272(brokerage business),4127,2804,7,0288(brokerage business),2741,98,7,0103(brokerage business),2135,76
8,0081(brokerage business),3312,-1864,8,0275(brokerage business),2573,77,8,0153(brokerage business),2075,53
9,0123(brokerage business),2370,414,9,0139(brokerage business),2502,119,9,0253(brokerage business),1774,273
10,0240(brokerage business),2176,456,10,0272(brokerage business),2265,588,10,0069(brokerage business),1494,-151
11,0268(brokerage business),1531,599,11,0274(brokerage business),1328,227,11,0335(brokerage business),1440,50
12,0043(brokerage business),1472,941,12,0253(brokerage business),1277,-346,12,0184(brokerage business),1356,249
13,0034(brokerage business),1438,336,13,0082(brokerage business),1109,-94,13,0049(brokerage business),1272,-7
14,0103(brokerage business),1267,-82,14,0335(brokerage business),910,-321,14,0268(brokerage business),1262,-4
15,0308(brokerage business),1230,370,15,0161(brokerage business),886,-83,15,0009(brokerage business),1176,6
16,0335(brokerage business),1215,434,16,0034(brokerage business),885,-13,16,0034(brokerage business),1085,-27
17,0311(brokerage business),1130,647,17,0178(brokerage business),755,342,17,0137(brokerage business),1016,-53
18,0006(brokerage business),1090,753,18,0043(brokerage business),712,577,18,0315(brokerage business),991,-410
19,0069(brokerage business),1062,285,19,0268(brokerage business),687,225,19,0059(brokerage business),945,195
20,0389(brokerage business),1004,169,20,0123(brokerage business),679,-8,20,0308(brokerage business),926,-296
Total,,99959,31028,Total,,48357,1301,Total,,45205,-1335
Ranking,Name of FF Member /OSBPs,Volume,Change from Previous Trading Day,Ranking,Name of FF Member /OSBPs,Long Position,Change from Previous Trading Day,Ranking,Name of FF Member /OSBPs,Short Position,Change from Previous Trading Day
Contract Code：pb2611,,,,,,,,,,2026-09-08,
1,0148(brokerage business),6892,2220,1,0272(brokerage business),9526,870,1,0239(brokerage business),6119,281
2,0004(brokerage business),5379,1483,2,0148(brokerage business),5281,332,2,0148(brokerage business),5005,64
3,0163(brokerage business),4750,260,3,0288(brokerage business),5113,3,3,0004(brokerage business),3870,143
4,0253(brokerage business),4617,-357,4,0004(brokerage business),4617,12,4,0103(brokerage business),3862,171
5,0081(brokerage business),2741,664,5,0268(brokerage business),2456,-108,5,0163(brokerage business),3356,457
6,0272(brokerage business),1762,1023,6,0069(brokerage business),2071,92,6,0123(brokerage business),3119,14
7,0082(brokerage business),993,731,7,0034(brokerage business),1811,7,7,0082(brokerage business),1970,-142
8,0240(brokerage business),773,38,8,0163(brokerage business),1768,-175,8,0335(brokerage business),1861,215
9,0308(brokerage business),695,10,9,0184(brokerage business),1613,29,9,0084(brokerage business),1761,-217
10,0274(brokerage business),611,-88,10,0081(brokerage business),1451,290,10,0081(brokerage business),1643,53
11,0049(brokerage business),605,361,11,0253(brokerage business),1199,281,11,0308(brokerage business),1338,74
12,0096(brokerage business),502,149,12,0339(brokerage business),1177,-3,12,0139(brokerage business),1260,-2
13,0239(brokerage business),497,167,13,0239(brokerage business),1142,-216,13,0253(brokerage business),1235,42
14,0069(brokerage business),473,160,14,0335(brokerage business),884,-18,14,0274(brokerage business),1154,125
15,0271(brokerage business),438,313,15,0077(brokerage business),858,4,15,0042(brokerage business),1063,-84
16,0034(brokerage business),394,-220,16,0006(brokerage business),468,-5,16,0049(brokerage business),816,-446
17,0103(brokerage business),392,-91,17,0153(brokerage business),410,21,17,0320(brokerage business),735,-18
18,0335(brokerage business),287,-128,18,0295(brokerage business),403,-7,18,0272(brokerage business),702,-228
19,0058(brokerage business),274,-2,19,0274(brokerage business),400,-168,19,0315(brokerage business),692,0
20,0238(brokerage business),261,130,20,0067(brokerage business),337,1,20,0177(brokerage business),681,42
Total,,33336,6823,Total,,42985,1242,Total,,42242,544
Member/OSP Type,Total Volume,Change from Previous Trading Day,Member/OSP Type,Total Long Position,Change from Previous Trading Day,Member/OSP Type,Total Short Position,Change from Previous Trading Day,,,
Contract Code：niall,,,,,,,2026-09-08,,,,
Name of FF Member/OSBP,469796,56720,Name of FF Member/OSBP,337191,13797,Name of FF Member/OSBP,334173,13967,,,
Name of Non-FF Member/OSNBP,170,-158,Name of Non-FF Member/OSNBP,30,0,Name of Non-FF Member/OSNBP,3048,-170,,,
Ranking,Name of FF Member /OSBPs,Volume,Change from Previous Trading Day,Ranking,Name of FF Member /OSBPs,Long Position,Change from Previous Trading Day,Ranking,Name of FF Member /OSBPs,Short Position,Change from Previous Trading Day
Contract Code：ni2609,,,,,,,,,,2026-09-08,
1,0004(brokerage business),1206,888,1,0148(brokerage business),2010,60,1,0004(brokerage business),2514,-156
2,0058(brokerage business),336,12,2,0004(brokerage business),1974,66,2,0148(brokerage business),1950,0
3,0148(brokerage business),336,138,3,0253(brokerage business),1560,288,3,0272(brokerage business),1440,0
4,0103(brokerage business),330,126,4,0139(brokerage business),1200,-12,4,0169(brokerage business),906,-168
5,0253(brokerage business),288,282,5,0275(brokerage business),1074,-60,5,0305(brokerage business),750,0
6,0069(brokerage business),276,270,6,0272(brokerage business),606,-18,6,0059(brokerage business),690,0
7,0034(brokerage business),264,102,7,0082(brokerage business),600,-6,7,0316(brokerage business),600,0
8,0186(brokerage business),216,210,8,0103(brokerage business),528,210,8,0323(brokerage business),600,0
9,0059(brokerage business),204,36,9,0096(brokerage business),516,-6,9,0052(brokerage business),522,0
10,0169(brokerage business),168,24,10,0003(brokerage business),438,6,10,0418(brokerage business),450,0
11,0275(brokerage business),168,-66,11,0311(brokerage business),414,-6,11,0007(brokerage business),438,6
12,0081(brokerage business),162,150,12,0240(brokerage business),396,36,12,0058(brokerage business),336,-24
13,0163(brokerage business),132,126,13,0059(brokerage business),360,144,13,0275(brokerage business),294,0
14,0082(brokerage business),102,-498,14,0049(brokerage business),330,6,14,0153(brokerage business),288,0
15,0123(brokerage business),96,0,15,0322(brokerage business),300,0,15,0081(brokerage business),282,0
16,0240(brokerage business),96,-318,16,0136(brokerage business),252,-18,16,0240(brokerage business),276,0
17,0274(brokerage business),90,12,17,0058(brokerage business),228,-84,17,0277(brokerage business),204,0
18,0086(brokerage business),66,66,18,0069(brokerage business),216,216,18,0308(brokerage business),204,-24
19,0107(brokerage business),54,36,19,0323(brokerage business),150,-6,19,0069(brokerage business),198,-60
20,0134(brokerage business),54,48,20,0320(brokerage business),102,18,20,0161(brokerage business),156,0
Total,,4644,1644,Total,,13254,834,Total,,13098,-426
Ranking,Name of FF Member /OSBPs,Volume,Change from Previous Trading Day,Ranking,Name of FF Member /OSBPs,Long Position,Change from Previous Trading Day,Ranking,Name of FF Member /OSBPs,Short Position,Change from Previous Trading Day
Contract Code：ni2610,,,,,,,,,,2026-09-08,
1,0004(brokerage business),52374,8739,1,0004(brokerage business),10849,405,1,0004(brokerage business),17610,231
2,0163(brokerage business),29360,458,2,0148(brokerage business),7500,309,2,0148(brokerage business),15267,507
3,0148(brokerage business),29104,3359,3,0163(brokerage business),6979,871,3,0082(brokerage business),9714,104
4,0123(brokerage business),14886,2335,4,0103(brokerage business),5546,487,4,0253(brokerage business),5512,-204
5,0081(brokerage business),9814,-1047,5,0253(brokerage business),5437,347,5,0163(brokerage business),5190,-119
6,0240(brokerage business),9660,1954,6,0272(brokerage business),4014,241,6,0272(brokerage business),5025,-200
7,0272(brokerage business),9377,1572,7,0240(brokerage business),3588,349,7,0240(brokerage business),4270,-383
8,0275(brokerage business),8966,-2445,8,0096(brokerage business),3577,73,8,0059(brokerage business),4242,938
9,0253(brokerage business),8961,2295,9,0034(brokerage business),3466,241,9,0335(brokerage business),3730,66
10,0059(brokerage business),6963,-680,10,0077(brokerage business),3357,-4,10,0139(brokerage business),3651,54
11,0034(brokerage business),6496,-1619,11,0042(brokerage business),3343,182,11,0275(brokerage business),2511,-124
12,0308(brokerage business),5542,1910,12,0081(brokerage business),3250,741,12,0288(brokerage business),2333,341
13,0268(brokerage business),5087,-28,13,0003(brokerage business),3096,3,13,0323(brokerage business),2136,56
14,0186(brokerage business),4847,-30,14,0308(brokerage business),3061,1016,14,0003(brokerage business),1969,-59
15,0069(brokerage business),4756,-246,15,0268(brokerage business),2635,181,15,0268(brokerage business),1861,-22
16,0298(brokerage business),4667,-332,16,0049(brokerage business),2315,162,16,0018(brokerage business),1795,540
17,0259(brokerage business),4221,980,17,0275(brokerage business),2259,404,17,0161(brokerage business),1785,496
18,0103(brokerage business),3797,1312,18,0123(brokerage business),1971,142,18,0169(brokerage business),1646,-24
19,0009(brokerage business),3662,-49,19,0316(brokerage business),1859,24,19,0069(brokerage business),1545,178
20,0042(brokerage business),3091,-3,20,0161(brokerage business),1829,21,20,0043(brokerage business),1495,-211
Total,,225631,18435,Total,,79931,6195,Total,,93287,2165
Ranking,Name of FF Member /OSBPs,Volume,Change from Previous Trading Day,Ranking,Name of FF Member /OSBPs,Long Position,Change from Previous Trading Day,Ranking,Name of FF Member /OSBPs,Short Position,Change from Previous Trading Day
Contract Code：ni2611,,,,,,,,,,2026-09-08,
1,0004(brokerage business),18513,7276,1,0103(brokerage business),15215,128,1,0004(brokerage business),18382,633
2,0148(brokerage business),13226,1674,2,0148(brokerage business),11390,127,2,0148(brokerage business),13679,887
3,0163(brokerage business),7694,2409,3,0004(brokerage business),10819,326,3,0184(brokerage business),12261,457
4,0123(brokerage business),4809,1575,4,0096(brokerage business),7120,87,4,0239(brokerage business),5530,1186
5,0275(brokerage business),4121,990,5,0077(brokerage business),6124,105,5,0272(brokerage business),4851,33
6,0081(brokerage business),3598,-3709,6,0272(brokerage business),3445,427,6,0009(brokerage business),4449,-109
7,0253(brokerage business),3379,608,7,0163(brokerage business),2805,344,7,0082(brokerage business),4118,13
8,0240(brokerage business),2501,1511,8,0003(brokerage business),2767,144,8,0042(brokerage business),3461,139
9,0059(brokerage business),2381,89,9,0268(brokerage business),2723,-53,9,0003(brokerage business),2970,11
10,0009(brokerage business),2337,602,10,0082(brokerage business),2117,49,10,0335(brokerage business),2930,384
11,0308(brokerage business),2076,673,11,0316(brokerage business),1927,0,11,0253(brokerage business),2513,-61
12,0259(brokerage business),2010,1046,12,0059(brokerage business),1908,102,12,0123(brokerage business),2502,-15
13,0272(brokerage business),1988,-869,13,0178(brokerage business),1879,64,13,0163(brokerage business),2357,260
14,0069(brokerage business),1534,223,14,0240(brokerage business),1665,117,14,0022(brokerage business),2044,-18
15,0018(brokerage business),1310,398,15,0335(brokerage business),1646,-24,15,0240(brokerage business),1750,-36
16,0239(brokerage business),1296,120,16,0253(brokerage business),1356,42,16,0029(brokerage business),1636,-2
17,0034(brokerage business),1199,329,17,0081(brokerage business),1294,151,17,0103(brokerage business),1549,61
18,0298(brokerage business),973,245,18,0018(brokerage business),1162,-36,18,0275(brokerage business),1365,129
19,0268(brokerage business),947,430,19,0161(brokerage business),1139,26,19,0323(brokerage business),1329,31
20,0121(brokerage business),917,826,20,0034(brokerage business),1134,298,20,0059(brokerage business),1185,169
Total,,76809,16446,Total,,79635,2424,Total,,90861,4152
Ranking,Name of FF Member /OSBPs,Volume,Change from Previous Trading Day,Ranking,Name of FF Member /OSBPs,Long Position,Change from Previous Trading Day,Ranking,Name of FF Member /OSBPs,Short Position,Change from Previous Trading Day
Contract Code：ni2612,,,,,,,,,,2026-09-08,
1,0004(brokerage business),3805,714,1,0148(brokerage business),13095,102,1,0004(brokerage business),21081,27
2,0148(brokerage business),2677,-232,2,0103(brokerage business),7571,19,2,0148(brokerage business),5392,133
3,0163(brokerage business),1672,248,3,0096(brokerage business),5248,31,3,0272(brokerage business),4694,11
4,0275(brokerage business),1491,-31,4,0316(brokerage business),2190,0,4,0253(brokerage business),4133,299
5,0081(brokerage business),1376,377,5,0003(brokerage business),1739,1,5,0123(brokerage business),2639,-68
6,0253(brokerage business),1297,53,6,0272(brokerage business),1626,457,6,0139(brokerage business),2292,-13
7,0123(brokerage business),1116,812,7,0178(brokerage business),1488,14,7,0042(brokerage business),2175,3
8,0059(brokerage business),917,-265,8,0004(brokerage business),1395,-240,8,0240(brokerage business),1512,53
9,0308(brokerage business),902,14,9,0163(brokerage business),1340,8,9,0022(brokerage business),1116,1
10,0240(brokerage business),882,335,10,0311(brokerage business),874,-13,10,0009(brokerage business),865,137
11,0272(brokerage business),700,500,11,0268(brokerage business),832,209,11,0308(brokerage business),780,375
12,0259(brokerage business),401,-64,12,0240(brokerage business),821,25,12,0007(brokerage business),774,1
13,0327(brokerage business),371,49,13,0253(brokerage business),799,-2,13,0077(brokerage business),773,2
14,0268(brokerage business),352,156,14,0263(brokerage business),748,0,14,0153(brokerage business),534,-2
15,0069(brokerage business),347,139,15,0059(brokerage business),736,15,15,0163(brokerage business),440,114
16,0103(brokerage business),316,27,16,0034(brokerage business),720,31,16,0103(brokerage business),424,11
17,0034(brokerage business),310,81,17,0308(brokerage business),715,109,17,0295(brokerage business),406,9
18,0096(brokerage business),277,195,18,0123(brokerage business),551,16,18,0239(brokerage business),374,55
19,0009(brokerage business),267,85,19,0288(brokerage business),499,-17,19,0331(brokerage business),367,0
20,0007(brokerage business),209,103,20,0298(brokerage business),481,61,20,0052(brokerage business),323,21
Total,,19685,3296,Total,,43468,826,Total,,51094,1169
Ranking,Name of FF Member /OSBPs,Volume,Change from Previous Trading Day,Ranking,Name of FF Member /OSBPs,Long Position,Change from Previous Trading Day,Ranking,Name of FF Member /OSBPs,Short Position,Change from Previous Trading Day
Contract Code：ni2701,,,,,,,,,,2026-09-08,
1,0275(brokerage business),1585,911,1,0096(brokerage business),3846,78,1,0148(brokerage business),4205,142
2,0004(brokerage business),1542,138,2,0103(brokerage business),2925,330,2,0272(brokerage business),4191,42
3,0163(brokerage business),1339,-147,3,0148(brokerage business),1712,61,3,0004(brokerage business),2521,1
4,0081(brokerage business),1293,373,4,0004(brokerage business),1101,79,4,0042(brokerage business),2503,62
5,0148(brokerage business),1093,430,5,0025(brokerage business),635,15,5,0253(brokerage business),2268,112
6,0240(brokerage business),648,564,6,0123(brokerage business),532,-15,6,0240(brokerage business),1499,380
7,0123(brokerage business),514,270,7,0069(brokerage business),529,2,7,0311(brokerage business),1160,-6
8,0103(brokerage business),492,373,8,0253(brokerage business),527,-136,8,0320(brokerage business),795,30
9,0253(brokerage business),418,175,9,0323(brokerage business),485,9,9,0022(brokerage business),711,0
10,0059(brokerage business),375,-40,10,0163(brokerage business),482,-72,10,0103(brokerage business),615,0
11,0308(brokerage business),334,88,11,0272(brokerage business),422,69,11,0163(brokerage business),400,51
12,0058(brokerage business),322,273,12,0240(brokerage business),358,38,12,0288(brokerage business),397,-4
13,0272(brokerage business),257,103,13,0277(brokerage business),341,-7,13,0058(brokerage business),385,13
14,0316(brokerage business),244,110,14,0018(brokerage business),330,13,14,0268(brokerage business),334,0
15,0096(brokerage business),220,151,15,0038(brokerage business),324,4,15,0331(brokerage business),122,0
16,0238(brokerage business),219,-11,16,0268(brokerage business),312,10,16,0019(brokerage business),109,-1
17,0259(brokerage business),218,41,17,0125(brokerage business),305,5,17,0096(brokerage business),100,100
18,0042(brokerage business),208,100,18,0003(brokerage business),270,2,18,0048(brokerage business),72,1
19,0034(brokerage business),204,106,19,0034(brokerage business),258,17,19,0275(brokerage business),63,4
20,0330(brokerage business),190,100,20,0157(brokerage business),248,21,20,0151(brokerage business),58,1
Total,,11715,4108,Total,,15942,523,Total,,22508,928
Member/OSP Type,Total Volume,Change from Previous Trading Day,Member/OSP Type,Total Long Position,Change from Previous Trading Day,Member/OSP Type,Total Short Position,Change from Previous Trading Day,,,
Contract Code：snall,,,,,,,2026-09-08,,,,
Name of FF Member/OSBP,267910,11556,Name of FF Member/OSBP,66950,-1015,Name of FF Member/OSBP,66950,-1015,,,
Name of Non-FF Member/OSNBP,0,0,Name of Non-FF Member/OSNBP,0,0,Name of Non-FF Member/OSNBP,0,0,,,
Ranking,Name of FF Member /OSBPs,Volume,Change from Previous Trading Day,Ranking,Name of FF Member /OSBPs,Long Position,Change from Previous Trading Day,Ranking,Name of FF Member /OSBPs,Short Position,Change from Previous Trading Day
Contract Code：sn2609,,,,,,,,,,2026-09-08,
1,0004(brokerage business),104,-8,1,0148(brokerage business),480,-4,1,0272(brokerage business),1284,0
2,0034(brokerage business),70,36,2,0004(brokerage business),418,-58,2,0042(brokerage business),658,0
3,0323(brokerage business),64,42,3,0034(brokerage business),204,0,3,0349(brokerage business),120,8
4,0163(brokerage business),60,8,4,0049(brokerage business),192,16,4,0007(brokerage business),72,0
5,0240(brokerage business),60,42,5,0058(brokerage business),170,-12,5,0103(brokerage business),56,-2
6,0148(brokerage business),52,46,6,0048(brokerage business),160,-6,6,0311(brokerage business),46,0
7,0275(brokerage business),50,-32,7,0268(brokerage business),142,-16,7,0268(brokerage business),42,-4
8,0003(brokerage business),44,44,8,0009(brokerage business),120,0,8,0069(brokerage business),34,-2
9,0058(brokerage business),44,14,9,0316(brokerage business),100,0,9,0323(brokerage business),20,-36
10,0123(brokerage business),38,8,10,0069(brokerage business),76,-4,10,0163(brokerage business),16,6
11,0137(brokerage business),38,20,11,0042(brokerage business),50,0,11,0009(brokerage business),6,0
12,0268(brokerage business),36,30,12,0082(brokerage business),48,0,12,0052(brokerage business),6,0
13,0308(brokerage business),26,26,13,0338(brokerage business),40,0,13,0153(brokerage business),6,0
14,0271(brokerage business),24,-14,14,0240(brokerage business),38,-4,14,0059(brokerage business),4,-10
15,0151(brokerage business),20,10,15,0163(brokerage business),28,-2,15,0004(brokerage business),2,-6
16,0049(brokerage business),16,-22,16,0299(brokerage business),24,-4,16,0049(brokerage business),2,0
17,0157(brokerage business),16,16,17,0308(brokerage business),20,0,17,0082(brokerage business),2,2
18,0288(brokerage business),16,16,18,0077(brokerage business),14,0,18,0148(brokerage business),2,-24
19,0007(brokerage business),14,14,19,0275(brokerage business),14,-6,19,,,
20,0048(brokerage business),14,14,20,0103(brokerage business),10,-4,20,,,
Total,,806,310,Total,,2348,-104,Total,,2378,-68
Ranking,Name of FF Member /OSBPs,Volume,Change from Previous Trading Day,Ranking,Name of FF Member /OSBPs,Long Position,Change from Previous Trading Day,Ranking,Name of FF Member /OSBPs,Short Position,Change from Previous Trading Day
Contract Code：sn2610,,,,,,,,,,2026-09-08,
1,0004(brokerage business),30526,-366,1,0004(brokerage business),3654,142,1,0004(brokerage business),4100,-30
2,0148(brokerage business),23818,-2127,2,0148(brokerage business),3569,206,2,0240(brokerage business),3310,-31
3,0163(brokerage business),14795,1891,3,0163(brokerage business),2302,-130,3,0148(brokerage business),2481,-216
4,0275(brokerage business),11171,646,4,0268(brokerage business),1762,-133,4,0272(brokerage business),1639,-90
5,0253(brokerage business),8765,1317,5,0059(brokerage business),990,-636,5,0163(brokerage business),1379,-49
6,0240(brokerage business),6783,-421,6,0272(brokerage business),932,-208,6,0042(brokerage business),1347,1
7,0081(brokerage business),6633,-69,7,0082(brokerage business),836,-31,7,0034(brokerage business),1232,40
8,0123(brokerage business),6379,2450,8,0240(brokerage business),812,-26,8,0007(brokerage business),906,-87
9,0272(brokerage business),6214,818,9,0081(brokerage business),784,141,9,0323(brokerage business),831,9
10,0059(brokerage business),5620,895,10,0253(brokerage business),765,13,10,0139(brokerage business),785,-68
11,0268(brokerage business),4854,-99,11,0034(brokerage business),725,-7,11,0103(brokerage business),765,15
12,0186(brokerage business),4701,348,12,0096(brokerage business),713,-41,12,0096(brokerage business),756,-53
13,0298(brokerage business),4535,-57,13,0049(brokerage business),690,40,13,0059(brokerage business),729,-86
14,0259(brokerage business),3567,2323,14,0275(brokerage business),655,-199,14,0153(brokerage business),690,-13
15,0308(brokerage business),3322,-941,15,0123(brokerage business),615,-7,15,0253(brokerage business),690,-6
16,0034(brokerage business),3241,-8,16,0007(brokerage business),613,-11,16,0268(brokerage business),657,7
17,0103(brokerage business),2651,646,17,0103(brokerage business),557,-62,17,0049(brokerage business),651,38
18,0009(brokerage business),2172,267,18,0288(brokerage business),539,56,18,0003(brokerage business),597,-14
19,0007(brokerage business),2092,68,19,0308(brokerage business),526,-3,19,0018(brokerage business),595,-2
20,0161(brokerage business),2042,312,20,0067(brokerage business),504,-1,20,0275(brokerage business),526,-50
Total,,153881,7893,Total,,22543,-897,Total,,24666,-685
Ranking,Name of FF Member /OSBPs,Volume,Change from Previous Trading Day,Ranking,Name of FF Member /OSBPs,Long Position,Change from Previous Trading Day,Ranking,Name of FF Member /OSBPs,Short Position,Change from Previous Trading Day
Contract Code：sn2611,,,,,,,,,,2026-09-08,
1,0004(brokerage business),6712,-972,1,0004(brokerage business),2301,-72,1,0272(brokerage business),1896,31
2,0148(brokerage business),5701,-524,2,0148(brokerage business),1897,15,2,0004(brokerage business),1546,-72
3,0275(brokerage business),4733,35,3,0239(brokerage business),1170,122,3,0148(brokerage business),1519,46
4,0163(brokerage business),3610,137,4,0084(brokerage business),1135,-15,4,0323(brokerage business),1386,11
5,0081(brokerage business),1934,-469,5,0268(brokerage business),1099,-16,5,0163(brokerage business),934,-16
6,0059(brokerage business),1826,95,6,0163(brokerage business),871,86,6,0042(brokerage business),910,45
7,0253(brokerage business),1659,309,7,0096(brokerage business),778,-1,7,0007(brokerage business),813,1
8,0240(brokerage business),1482,-260,8,0123(brokerage business),687,-11,8,0096(brokerage business),707,-54
9,0272(brokerage business),1103,399,9,0052(brokerage business),540,-1,9,0034(brokerage business),688,105
10,0123(brokerage business),987,0,10,0274(brokerage business),506,26,10,0139(brokerage business),381,-3
11,0034(brokerage business),668,-255,11,0049(brokerage business),494,-18,11,0003(brokerage business),360,0
12,0096(brokerage business),659,21,12,0103(brokerage business),413,37,12,0077(brokerage business),358,-18
13,0137(brokerage business),507,172,13,0272(brokerage business),358,-590,13,0178(brokerage business),343,-8
14,0268(brokerage business),441,-287,14,0009(brokerage business),344,-23,14,0059(brokerage business),305,-3
15,0082(brokerage business),411,-135,15,0253(brokerage business),253,9,15,0240(brokerage business),298,-18
16,0259(brokerage business),409,133,16,0240(brokerage business),241,22,16,0045(brokerage business),285,-21
17,0271(brokerage business),386,11,17,0019(brokerage business),219,7,17,0019(brokerage business),259,21
18,0342(brokerage business),374,20,18,0184(brokerage business),214,-25,18,0058(brokerage business),237,-41
19,0298(brokerage business),355,57,19,0151(brokerage business),170,130,19,0308(brokerage business),233,-20
20,0007(brokerage business),346,-17,20,0059(brokerage business),168,55,20,0103(brokerage business),212,7
Total,,34303,-1530,Total,,13858,-263,Total,,13670,-7
Member/OSP Type,Total Volume,Change from Previous Trading Day,Member/OSP Type,Total Long Position,Change from Previous Trading Day,Member/OSP Type,Total Short Position,Change from Previous Trading Day,,,
Contract Code：aoall,,,,,,,2026-09-08,,,,
Name of FF Member/OSBP,489222,-88880,Name of FF Member/OSBP,435374,-11929,Name of FF Member/OSBP,432524,-11929,,,
Name of Non-FF Member/OSNBP,0,-600,Name of Non-FF Member/OSNBP,0,0,Name of Non-FF Member/OSNBP,2850,0,,,
Ranking,Name of FF Member /OSBPs,Volume,Change from Previous Trading Day,Ranking,Name of FF Member /OSBPs,Long Position,Change from Previous Trading Day,Ranking,Name of FF Member /OSBPs,Short Position,Change from Previous Trading Day
Contract Code：ao2609,,,,,,,,,,2026-09-08,
1,0151(brokerage business),390,30,1,0018(brokerage business),1050,0,1,0148(brokerage business),1005,-330
2,0139(brokerage business),330,165,2,0327(brokerage business),990,0,2,0004(brokerage business),855,0
3,0148(brokerage business),330,255,3,0034(brokerage business),900,-90,3,0096(brokerage business),585,-180
4,0096(brokerage business),240,90,4,0103(brokerage business),240,0,4,0139(brokerage business),405,315
5,0123(brokerage business),240,225,5,0136(brokerage business),195,195,5,0136(brokerage business),300,0
6,0136(brokerage business),195,195,6,0148(brokerage business),150,0,6,0272(brokerage business),210,0
7,0271(brokerage business),165,165,7,0151(brokerage business),90,0,7,0320(brokerage business),90,0
8,0042(brokerage business),120,120,8,0275(brokerage business),90,90,8,0123(brokerage business),45,0
9,0274(brokerage business),105,0,9,0277(brokerage business),90,90,9,0268(brokerage business),30,-45
10,0034(brokerage business),90,90,10,0311(brokerage business),90,-15,10,,,
11,0272(brokerage business),90,60,11,0123(brokerage business),45,30,11,,,
12,0275(brokerage business),90,60,12,0272(brokerage business),30,-30,12,,,
13,0277(brokerage business),90,90,13,0163(brokerage business),15,0,13,,,
14,0004(brokerage business),75,75,14,,,,14,,,
15,0157(brokerage business),75,30,15,,,,15,,,
16,0019(brokerage business),60,60,16,,,,16,,,
17,0069(brokerage business),60,60,17,,,,17,,,
18,0163(brokerage business),60,60,18,,,,18,,,
19,0240(brokerage business),45,0,19,,,,19,,,
20,0268(brokerage business),45,-60,20,,,,20,,,
Total,,2895,1770,Total,,3975,270,Total,,3525,-240
Ranking,Name of FF Member /OSBPs,Volume,Change from Previous Trading Day,Ranking,Name of FF Member /OSBPs,Long Position,Change from Previous Trading Day,Ranking,Name of FF Member /OSBPs,Short Position,Change from Previous Trading Day
Contract Code：ao2610,,,,,,,,,,2026-09-08,
1,0004(brokerage business),42257,-19694,1,0004(brokerage business),6744,-1242,1,0148(brokerage business),12018,-968
2,0163(brokerage business),20437,-10412,2,0082(brokerage business),4935,-63,2,0004(brokerage business),10407,-2103
3,0148(brokerage business),16693,-11588,3,0163(brokerage business),4421,-1155,3,0103(brokerage business),4894,681
4,0123(brokerage business),9723,6740,4,0148(brokerage business),4016,-949,4,0163(brokerage business),3789,-884
5,0275(brokerage business),8390,-3073,5,0272(brokerage business),3919,334,5,0268(brokerage business),3419,12
6,0240(brokerage business),4841,-3339,6,0253(brokerage business),3614,57,6,0059(brokerage business),3269,-17
7,0253(brokerage business),4265,-4611,7,0323(brokerage business),3479,-79,7,0151(brokerage business),2931,-697
8,0272(brokerage business),4211,-1542,8,0096(brokerage business),2760,-241,8,0019(brokerage business),2871,-127
9,0298(brokerage business),4031,-3746,9,0034(brokerage business),2340,50,9,0288(brokerage business),2392,-577
10,0034(brokerage business),3718,457,10,0298(brokerage business),2256,-66,10,0272(brokerage business),2389,-275
11,0081(brokerage business),3198,-2143,11,0103(brokerage business),1840,-8,11,0253(brokerage business),2224,-166
12,0151(brokerage business),3093,-3256,12,0308(brokerage business),1830,-50,12,0323(brokerage business),2207,-14
13,0268(brokerage business),2946,-1562,13,0137(brokerage business),1671,-327,13,0274(brokerage business),1841,284
14,0103(brokerage business),2733,673,14,0018(brokerage business),1665,-555,14,0275(brokerage business),1715,-267
15,0186(brokerage business),2330,-1456,15,0275(brokerage business),1646,-109,15,0335(brokerage business),1651,-15
16,0059(brokerage business),1986,-2222,16,0268(brokerage business),1633,-142,16,0240(brokerage business),1614,-203
17,0323(brokerage business),1859,-558,17,0288(brokerage business),1629,10,17,0081(brokerage business),1443,-685
18,0288(brokerage business),1783,-1386,18,0058(brokerage business),1530,-50,18,0003(brokerage business),1371,-124
19,0137(brokerage business),1609,-459,19,0151(brokerage business),1519,-100,19,0043(brokerage business),1316,41
20,0259(brokerage business),1588,-144,20,0161(brokerage business),1471,-300,20,0139(brokerage business),1228,-143
Total,,141691,-63321,Total,,54918,-4985,Total,,64989,-6247
Ranking,Name of FF Member /OSBPs,Volume,Change from Previous Trading Day,Ranking,Name of FF Member /OSBPs,Long Position,Change from Previous Trading Day,Ranking,Name of FF Member /OSBPs,Short Position,Change from Previous Trading Day
Contract Code：ao2611,,,,,,,,,,2026-09-08,
1,0163(brokerage business),7623,-2670,1,0272(brokerage business),16363,-23,1,0148(brokerage business),9731,-278
2,0123(brokerage business),5672,1689,2,0082(brokerage business),10706,4,2,0323(brokerage business),8479,-440
3,0148(brokerage business),5603,69,3,0323(brokerage business),9146,584,3,0151(brokerage business),7903,252
4,0004(brokerage business),4258,-1715,4,0151(brokerage business),6557,-19,4,0004(brokerage business),7576,701
5,0275(brokerage business),3759,-2309,5,0240(brokerage business),6463,-74,5,0240(brokerage business),7138,-78
6,0049(brokerage business),3183,2517,6,0253(brokerage business),6451,-581,6,0163(brokerage business),6242,-208
7,0253(brokerage business),2936,-446,7,0178(brokerage business),5167,-6,7,0268(brokerage business),5204,-165
8,0161(brokerage business),2618,59,8,0161(brokerage business),4594,-575,8,0178(brokerage business),5148,38
9,0009(brokerage business),2373,9,9,0163(brokerage business),4123,383,9,0161(brokerage business),5125,-1
10,0268(brokerage business),2321,-401,10,0004(brokerage business),3914,255,10,0253(brokerage business),4879,-21
11,0323(brokerage business),1770,1558,11,0077(brokerage business),2942,235,11,0103(brokerage business),4217,80
12,0240(brokerage business),1614,193,12,0268(brokerage business),2938,-650,12,0019(brokerage business),2806,112
13,0178(brokerage business),1422,-74,13,0048(brokerage business),2360,-223,13,0335(brokerage business),2644,-17
14,0029(brokerage business),1409,1340,14,0308(brokerage business),1622,-3,14,0048(brokerage business),2096,-18
15,0151(brokerage business),1161,251,15,0034(brokerage business),1571,-21,15,0058(brokerage business),2070,-261
16,0059(brokerage business),1098,-626,16,0003(brokerage business),1151,10,16,0275(brokerage business),1350,100
17,0272(brokerage business),988,275,17,0148(brokerage business),827,75,17,0123(brokerage business),994,71
18,0081(brokerage business),984,-418,18,0009(brokerage business),800,614,18,0082(brokerage business),942,-18
19,0048(brokerage business),893,239,19,0139(brokerage business),800,23,19,0272(brokerage business),814,-35
20,0019(brokerage business),796,609,20,0123(brokerage business),743,-391,20,0069(brokerage business),778,94
Total,,52481,149,Total,,89238,-383,Total,,86136,-92
Ranking,Name of FF Member /OSBPs,Volume,Change from Previous Trading Day,Ranking,Name of FF Member /OSBPs,Long Position,Change from Previous Trading Day,Ranking,Name of FF Member /OSBPs,Short Position,Change from Previous Trading Day
Contract Code：ao2612,,,,,,,,,,2026-09-08,
1,0268(brokerage business),5076,4143,1,0323(brokerage business),8008,0,1,0323(brokerage business),8216,-4
2,0009(brokerage business),3807,2382,2,0151(brokerage business),6063,4,2,0151(brokerage business),6244,-17
3,0148(brokerage business),3521,2768,3,0240(brokerage business),4767,87,3,0240(brokerage business),5278,20
4,0163(brokerage business),2018,-196,4,0161(brokerage business),4531,-10,4,0161(brokerage business),4587,-20
5,0004(brokerage business),1259,426,5,0268(brokerage business),4159,-2001,5,0148(brokerage business),4146,-179
6,0161(brokerage business),934,53,6,0163(brokerage business),3977,66,6,0268(brokerage business),4123,-1995
7,0178(brokerage business),899,204,7,0004(brokerage business),3263,-51,7,0004(brokerage business),3609,80
8,0151(brokerage business),785,759,8,0178(brokerage business),2931,155,8,0163(brokerage business),3575,4
9,0272(brokerage business),720,284,9,0253(brokerage business),2611,-3,9,0253(brokerage business),3031,-9
10,0323(brokerage business),626,374,10,0272(brokerage business),2284,86,10,0178(brokerage business),2982,138
11,0253(brokerage business),602,297,11,0059(brokerage business),2012,7,11,0059(brokerage business),2028,1
12,0081(brokerage business),577,-30,12,0048(brokerage business),1914,-33,12,0048(brokerage business),2020,-33
13,0123(brokerage business),482,251,13,0034(brokerage business),1722,95,13,0335(brokerage business),957,-2
14,0240(brokerage business),455,120,14,0082(brokerage business),1650,0,14,0123(brokerage business),732,-10
15,0048(brokerage business),330,168,15,0139(brokerage business),1371,4,15,0288(brokerage business),394,-3
16,0059(brokerage business),218,-252,16,0288(brokerage business),1032,-9,16,0043(brokerage business),388,0
17,0067(brokerage business),189,166,17,0009(brokerage business),821,-306,17,0153(brokerage business),338,-2
18,0308(brokerage business),169,82,18,0095(brokerage business),571,0,18,0082(brokerage business),310,1
19,0238(brokerage business),155,41,19,0148(brokerage business),372,50,19,0069(brokerage business),269,-3
20,0327(brokerage business),150,96,20,0153(brokerage business),265,1,20,0089(brokerage business),264,-9
Total,,22972,12136,Total,,54324,-1858,Total,,53491,-2042
Ranking,Name of FF Member /OSBPs,Volume,Change from Previous Trading Day,Ranking,Name of FF Member /OSBPs,Long Position,Change from Previous Trading Day,Ranking,Name of FF Member /OSBPs,Short Position,Change from Previous Trading Day
Contract Code：ao2701,,,,,,,,,,2026-09-08,
1,0004(brokerage business),31514,4614,1,0004(brokerage business),13441,-1613,1,0004(brokerage business),17868,-467
2,0163(brokerage business),24648,-3431,2,0034(brokerage business),13141,253,2,0148(brokerage business),17419,-1334
3,0148(brokerage business),13633,-8785,3,0082(brokerage business),10622,-30,3,0103(brokerage business),14451,260
4,0275(brokerage business),10386,96,4,0148(brokerage business),9760,425,4,0335(brokerage business),8763,-518
5,0253(brokerage business),6535,-1289,5,0077(brokerage business),7009,0,5,0253(brokerage business),6107,19
6,0272(brokerage business),6117,2530,6,0253(brokerage business),5070,648,6,0003(brokerage business),6007,-1453
7,0240(brokerage business),6052,-445,7,0123(brokerage business),4788,173,7,0163(brokerage business),5613,-331
8,0123(brokerage business),5963,1276,8,0163(brokerage business),4780,25,8,0272(brokerage business),5193,-1154
9,0059(brokerage business),5098,941,9,0116(brokerage business),4654,33,9,0059(brokerage business),5162,1701
10,0009(brokerage business),4206,2218,10,0323(brokerage business),4306,192,10,0082(brokerage business),3818,220
11,0103(brokerage business),4148,973,11,0288(brokerage business),3952,-43,11,0268(brokerage business),3796,-114
12,0003(brokerage business),3565,1393,12,0003(brokerage business),3872,60,12,0274(brokerage business),2845,140
13,0335(brokerage business),3519,-5135,13,0103(brokerage business),3641,-308,13,0240(brokerage business),2730,-213
14,0034(brokerage business),3020,748,14,0272(brokerage business),3257,-369,14,0151(brokerage business),2674,-7
15,0081(brokerage business),2875,-1326,15,0096(brokerage business),2602,17,15,0288(brokerage business),2563,332
16,0151(brokerage business),2585,-221,16,0161(brokerage business),2214,646,16,0123(brokerage business),2559,154
17,0029(brokerage business),2487,1487,17,0268(brokerage business),2113,63,17,0058(brokerage business),2271,386
18,0186(brokerage business),2386,-220,18,0275(brokerage business),1994,246,18,0069(brokerage business),1879,50
19,0268(brokerage business),2303,-1090,19,0186(brokerage business),1899,155,19,0034(brokerage business),1810,-215
20,0137(brokerage business),2209,8,20,0081(brokerage business),1795,6,20,0275(brokerage business),1729,14
Total,,143249,-5658,Total,,104910,579,Total,,115257,-2530
Member/OSP Type,Total Volume,Change from Previous Trading Day,Member/OSP Type,Total Long Position,Change from Previous Trading Day,Member/OSP Type,Total Short Position,Change from Previous Trading Day,,,
Contract Code：adall,,,,,,,2026-09-08,,,,
Name of FF Member/OSBP,19380,358,Name of FF Member/OSBP,24827,823,Name of FF Member/OSBP,24827,823,,,
Name of Non-FF Member/OSNBP,0,0,Name of Non-FF Member/OSNBP,0,0,Name of Non-FF Member/OSNBP,0,0,,,
Ranking,Name of FF Member /OSBPs,Volume,Change from Previous Trading Day,Ranking,Name of FF Member /OSBPs,Long Position,Change from Previous Trading Day,Ranking,Name of FF Member /OSBPs,Short Position,Change from Previous Trading Day
Contract Code：ad2609,,,,,,,,,,2026-09-08,
1,0163(brokerage business),9,9,1,0320(brokerage business),186,6,1,0275(brokerage business),186,0
2,0274(brokerage business),6,6,2,0018(brokerage business),180,0,2,0004(brokerage business),99,0
3,0320(brokerage business),6,6,3,0148(brokerage business),93,0,3,0123(brokerage business),81,0
4,0004(brokerage business),3,-3,4,0272(brokerage business),33,0,4,0103(brokerage business),63,0
5,0151(brokerage business),3,0,5,0004(brokerage business),18,-3,5,0169(brokerage business),33,0
6,0311(brokerage business),3,3,6,0163(brokerage business),9,0,6,0277(brokerage business),27,0
7,,,,7,0125(brokerage business),6,0,7,0153(brokerage business),18,0
8,,,,8,,,,8,0139(brokerage business),12,0
9,,,,9,,,,9,0163(brokerage business),3,3
10,,,,10,,,,10,0311(brokerage business),3,3
Total,,30,21,Total,,525,3,Total,,525,6
Ranking,Name of FF Member /OSBPs,Volume,Change from Previous Trading Day,Ranking,Name of FF Member /OSBPs,Long Position,Change from Previous Trading Day,Ranking,Name of FF Member /OSBPs,Short Position,Change from Previous Trading Day
Contract Code：ad2610,,,,,,,,,,2026-09-08,
1,0163(brokerage business),522,96,1,0004(brokerage business),643,-52,1,0123(brokerage business),465,-7
2,0148(brokerage business),340,97,2,0123(brokerage business),350,2,2,0139(brokerage business),373,3
3,0137(brokerage business),312,94,3,0323(brokerage business),350,2,3,0275(brokerage business),329,-2
4,0004(brokerage business),286,104,4,0148(brokerage business),348,-148,4,0253(brokerage business),328,0
5,0320(brokerage business),141,127,5,0253(brokerage business),346,-1,5,0272(brokerage business),326,-31
6,0253(brokerage business),131,-2,6,0139(brokerage business),334,3,6,0323(brokerage business),321,0
7,0009(brokerage business),122,32,7,0034(brokerage business),313,1,7,0009(brokerage business),317,0
8,0275(brokerage business),118,-18,8,0257(brokerage business),302,-11,8,0048(brokerage business),307,0
9,0048(brokerage business),96,29,9,0009(brokerage business),295,0,9,0004(brokerage business),304,8
10,0096(brokerage business),86,-19,10,0008(brokerage business),288,-2,10,0257(brokerage business),292,0
11,0257(brokerage business),55,-127,11,0048(brokerage business),287,2,11,0008(brokerage business),288,-2
12,0069(brokerage business),41,7,12,0275(brokerage business),284,0,12,0096(brokerage business),275,-1
13,0058(brokerage business),38,24,13,0137(brokerage business),281,11,13,0137(brokerage business),256,3
14,0323(brokerage business),38,1,14,0096(brokerage business),269,-1,14,0320(brokerage business),175,0
15,0272(brokerage business),35,-39,15,0163(brokerage business),115,-8,15,0103(brokerage business),137,-26
16,0123(brokerage business),33,-20,16,0320(brokerage business),88,87,16,0163(brokerage business),133,0
17,0008(brokerage business),32,8,17,0043(brokerage business),45,-1,17,0018(brokerage business),107,-1
18,0299(brokerage business),29,27,18,0299(brokerage business),45,0,18,0349(brokerage business),103,0
19,0018(brokerage business),27,1,19,0268(brokerage business),43,1,19,0148(brokerage business),88,-8
20,0103(brokerage business),26,19,20,0067(brokerage business),37,3,20,0069(brokerage business),78,-37
Total,,2508,441,Total,,5063,-112,Total,,5002,-101
Ranking,Name of FF Member /OSBPs,Volume,Change from Previous Trading Day,Ranking,Name of FF Member /OSBPs,Long Position,Change from Previous Trading Day,Ranking,Name of FF Member /OSBPs,Short Position,Change from Previous Trading Day
Contract Code：ad2611,,,,,,,,,,2026-09-08,
1,0163(brokerage business),1684,80,1,0323(brokerage business),1905,118,1,0323(brokerage business),1860,120
2,0004(brokerage business),1275,381,2,0123(brokerage business),1868,-49,2,0139(brokerage business),1675,-31
3,0081(brokerage business),1200,95,3,0139(brokerage business),1387,-29,3,0123(brokerage business),1635,-63
4,0253(brokerage business),1069,105,4,0148(brokerage business),1384,181,4,0004(brokerage business),1504,29
5,0272(brokerage business),726,488,5,0257(brokerage business),1185,141,5,0253(brokerage business),1332,34
6,0008(brokerage business),679,-381,6,0253(brokerage business),1130,25,6,0257(brokerage business),1202,132
7,0275(brokerage business),624,39,7,0048(brokerage business),1114,-26,7,0272(brokerage business),1162,420
8,0257(brokerage business),555,-1346,8,0137(brokerage business),1046,-4,8,0048(brokerage business),1108,-29
9,0123(brokerage business),548,-2046,9,0163(brokerage business),964,-35,9,0137(brokerage business),1017,1
10,0148(brokerage business),512,233,10,0096(brokerage business),927,74,10,0096(brokerage business),939,78
11,0048(brokerage business),381,-59,11,0008(brokerage business),901,1,11,0008(brokerage business),900,0
12,0139(brokerage business),374,-385,12,0275(brokerage business),891,1,12,0275(brokerage business),871,-3
13,0161(brokerage business),272,81,13,0009(brokerage business),748,66,13,0009(brokerage business),738,66
14,0323(brokerage business),272,139,14,0034(brokerage business),386,32,14,0148(brokerage business),508,47
15,0096(brokerage business),266,-5,15,0004(brokerage business),356,40,15,0268(brokerage business),470,44
16,0107(brokerage business),167,132,16,0082(brokerage business),236,34,16,0067(brokerage business),300,0
17,0137(brokerage business),167,98,17,0288(brokerage business),156,72,17,0163(brokerage business),202,11
18,0308(brokerage business),155,49,18,0077(brokerage business),135,-1,18,0151(brokerage business),137,-7
19,0067(brokerage business),143,59,19,0240(brokerage business),115,68,19,0107(brokerage business),130,81
20,0009(brokerage business),134,88,20,0042(brokerage business),98,-1,20,0103(brokerage business),105,44
Total,,11203,-2155,Total,,16932,708,Total,,17795,974
Member/OSP Type,Total Volume,Change from Previous Trading Day,Member/OSP Type,Total Long Position,Change from Previous Trading Day,Member/OSP Type,Total Short Position,Change from Previous Trading Day,,,
Contract Code：auall,,,,,,,2026-09-08,,,,
Name of FF Member/OSBP,451861,-352503,Name of FF Member/OSBP,316995,1838,Name of FF Member/OSBP,69903,145,,,
Name of Non-FF Member/OSNBP,16917,-4975,Name of Non-FF Member/OSNBP,73023,758,Name of Non-FF Member/OSNBP,320115,2451,,,
Ranking,Name of FF Member /OSBPs,Volume,Change from Previous Trading Day,Ranking,Name of FF Member /OSBPs,Long Position,Change from Previous Trading Day,Ranking,Name of FF Member /OSBPs,Short Position,Change from Previous Trading Day
Contract Code：au2609,,,,,,,,,,2026-09-08,
1,0004(brokerage business),6,6,1,0004(brokerage business),207,-6,1,0186(brokerage business),69,-3
2,0311(brokerage business),6,6,2,0277(brokerage business),12,0,2,0253(brokerage business),33,0
3,0186(brokerage business),3,3,3,0008(brokerage business),9,0,3,,,
4,0308(brokerage business),3,0,4,0272(brokerage business),9,0,4,,,
5,,,,5,0049(brokerage business),3,0,5,,,
6,,,,6,0123(brokerage business),3,0,6,,,
Total,,18,15,Total,,243,-6,Total,,102,-3
Ranking,Name of FF Member /OSBPs,Volume,Change from Previous Trading Day,Ranking,Name of FF Member /OSBPs,Long Position,Change from Previous Trading Day,Ranking,Name of FF Member /OSBPs,Short Position,Change from Previous Trading Day
Contract Code：au2610,,,,,,,,,,2026-09-08,
1,0004(brokerage business),60147,-52963,1,0004(brokerage business),19979,-716,1,0004(brokerage business),9110,23
2,0148(brokerage business),43468,-23920,2,0148(brokerage business),11705,208,2,0148(brokerage business),2535,264
3,0163(brokerage business),28386,-19017,3,0272(brokerage business),7141,-176,3,0240(brokerage business),2104,-37
4,0272(brokerage business),19233,-18861,4,0163(brokerage business),6575,-530,4,0163(brokerage business),1869,-20
5,0253(brokerage business),15046,-14365,5,0082(brokerage business),5000,246,5,0253(brokerage business),1488,-91
6,0308(brokerage business),14377,-16604,6,0253(brokerage business),4945,-71,6,0272(brokerage business),1211,87
7,0275(brokerage business),8400,-16580,7,0288(brokerage business),4941,-117,7,0268(brokerage business),1155,4
8,0009(brokerage business),7948,-3227,8,0034(brokerage business),4805,38,8,0001(brokerage business),863,-417
9,0240(brokerage business),7211,-5794,9,0103(brokerage business),4140,68,9,0049(brokerage business),763,-436
10,0268(brokerage business),6854,-6596,10,0240(brokerage business),4076,-24,10,0059(brokerage business),727,41
11,0123(brokerage business),6696,-3354,11,0268(brokerage business),3645,53,11,0137(brokerage business),714,94
12,0034(brokerage business),6650,-4892,12,0042(brokerage business),3545,60,12,0009(brokerage business),655,11
13,0306(brokerage business),5831,5209,13,0275(brokerage business),2871,25,13,0288(brokerage business),623,8
14,0161(brokerage business),5463,-3935,14,0169(brokerage business),2833,-64,14,0034(brokerage business),590,30
15,0081(brokerage business),5089,-5472,15,0067(brokerage business),2546,-2,15,0275(brokerage business),584,65
16,0096(brokerage business),4928,-3307,16,0335(brokerage business),2370,-2,16,0096(brokerage business),582,114
17,0298(brokerage business),4922,-4120,17,0161(brokerage business),2332,-106,17,0095(brokerage business),571,-9
18,0372(brokerage business),4765,-4426,18,0274(brokerage business),2036,-9,18,0077(brokerage business),498,157
19,0274(brokerage business),4085,-3674,19,0323(brokerage business),1890,17,19,0042(brokerage business),481,-8
20,0059(brokerage business),3929,-3026,20,0081(brokerage business),1880,-70,20,0372(brokerage business),460,-33
Total,,263428,-208924,Total,,99255,-1172,Total,,27583,-153
Ranking,Name of FF Member /OSBPs,Volume,Change from Previous Trading Day,Ranking,Name of FF Member /OSBPs,Long Position,Change from Previous Trading Day,Ranking,Name of FF Member /OSBPs,Short Position,Change from Previous Trading Day
Contract Code：au2612,,,,,,,,,,2026-09-08,
1,0004(brokerage business),10858,-9004,1,0004(brokerage business),21560,761,1,0148(brokerage business),3092,495
2,0272(brokerage business),10431,-9722,2,0148(brokerage business),15360,912,2,0025(brokerage business),1801,0
3,0148(brokerage business),8439,-4038,3,0163(brokerage business),7812,94,3,0268(brokerage business),1464,5
4,0253(brokerage business),4492,-5270,4,0253(brokerage business),5489,39,4,0004(brokerage business),1413,101
5,0163(brokerage business),4251,-3282,5,0103(brokerage business),4993,188,5,0001(brokerage business),1298,486
6,0009(brokerage business),3113,-1556,6,0272(brokerage business),3733,347,6,0049(brokerage business),1171,313
7,0274(brokerage business),2608,-2017,7,0240(brokerage business),3656,53,7,0082(brokerage business),1168,13
8,0240(brokerage business),2077,-1447,8,0288(brokerage business),2577,14,8,0089(brokerage business),963,8
9,0308(brokerage business),2053,-2893,9,0067(brokerage business),2529,-155,9,0052(brokerage business),804,0
10,0161(brokerage business),1902,-1094,10,0003(brokerage business),2477,27,10,0272(brokerage business),788,112
11,0275(brokerage business),1768,-996,11,0123(brokerage business),2395,45,11,0096(brokerage business),654,33
12,0001(brokerage business),1688,-314,12,0082(brokerage business),2368,12,12,0009(brokerage business),602,-301
13,0123(brokerage business),1550,-164,13,0268(brokerage business),2188,128,13,0034(brokerage business),535,-31
14,0019(brokerage business),1368,283,14,0239(brokerage business),2075,89,14,0253(brokerage business),489,-27
15,0306(brokerage business),1249,-3630,15,0069(brokerage business),1859,158,15,0372(brokerage business),444,-7
16,0059(brokerage business),1230,-1058,16,0306(brokerage business),1718,-3,16,0042(brokerage business),422,29
17,0103(brokerage business),1137,-1025,17,0096(brokerage business),1711,19,17,0007(brokerage business),393,-21
18,0268(brokerage business),1111,-355,18,0034(brokerage business),1701,129,18,0161(brokerage business),335,12
19,0096(brokerage business),1098,-1391,19,0042(brokerage business),1676,148,19,0163(brokerage business),301,35
20,0081(brokerage business),1084,-794,20,0323(brokerage business),1642,64,20,0139(brokerage business),256,11
Total,,63507,-49767,Total,,89519,3069,Total,,18393,1266
Ranking,Name of FF Member /OSBPs,Volume,Change from Previous Trading Day,Ranking,Name of FF Member /OSBPs,Long Position,Change from Previous Trading Day,Ranking,Name of FF Member /OSBPs,Short Position,Change from Previous Trading Day
Contract Code：au2702,,,,,,,,,,2026-09-08,
1,0148(brokerage business),4629,-2337,1,0148(brokerage business),2653,38,1,0004(brokerage business),1062,-43
2,0161(brokerage business),2970,-404,2,0272(brokerage business),2599,64,2,0323(brokerage business),1036,0
3,0004(brokerage business),2510,-3354,3,0004(brokerage business),2034,49,3,0148(brokerage business),585,-1
4,0272(brokerage business),2489,-3635,4,0067(brokerage business),2021,6,4,0275(brokerage business),299,-10
5,0308(brokerage business),1889,-2137,5,0323(brokerage business),1157,0,5,0025(brokerage business),240,60
6,0253(brokerage business),1807,-1106,6,0163(brokerage business),977,72,6,0042(brokerage business),239,-27
7,0163(brokerage business),797,-1411,7,0288(brokerage business),820,-2,7,0169(brokerage business),236,27
8,0275(brokerage business),685,613,8,0103(brokerage business),597,27,8,0253(brokerage business),214,-15
9,0009(brokerage business),520,-612,9,0123(brokerage business),574,-1,9,0272(brokerage business),146,-35
10,0274(brokerage business),424,-574,10,0025(brokerage business),498,0,10,0058(brokerage business),110,-13
11,0240(brokerage business),401,-258,11,0009(brokerage business),447,-8,11,0308(brokerage business),107,-63
12,0081(brokerage business),353,-686,12,0311(brokerage business),410,19,12,0240(brokerage business),89,-11
13,0019(brokerage business),280,-747,13,0274(brokerage business),368,11,13,0239(brokerage business),71,-3
14,0268(brokerage business),224,-150,14,0253(brokerage business),364,2,14,0137(brokerage business),69,10
15,0259(brokerage business),221,186,15,0268(brokerage business),349,-39,15,0034(brokerage business),67,-10
16,0156(brokerage business),202,58,16,0308(brokerage business),327,8,16,0163(brokerage business),62,-1
17,0137(brokerage business),190,-315,17,0240(brokerage business),296,2,17,0268(brokerage business),61,3
18,0288(brokerage business),132,41,18,0008(brokerage business),286,0,18,0096(brokerage business),56,0
19,0042(brokerage business),129,-117,19,0161(brokerage business),243,-3,19,0288(brokerage business),53,-2
20,0096(brokerage business),115,-220,20,0081(brokerage business),240,-2,20,0311(brokerage business),51,-2
Total,,20967,-17165,Total,,17260,243,Total,,4853,-136
Ranking,Name of FF Member /OSBPs,Volume,Change from Previous Trading Day,Ranking,Name of FF Member /OSBPs,Long Position,Change from Previous Trading Day,Ranking,Name of FF Member /OSBPs,Short Position,Change from Previous Trading Day
Contract Code：au2704,,,,,,,,,,2026-09-08,
1,0163(brokerage business),457,-336,1,0148(brokerage business),2461,22,1,0323(brokerage business),1000,0
2,0308(brokerage business),433,-1128,2,0067(brokerage business),1317,-1,2,0004(brokerage business),213,-16
3,0004(brokerage business),378,-476,3,0004(brokerage business),1232,-56,3,0272(brokerage business),80,26
4,0161(brokerage business),314,-910,4,0323(brokerage business),1056,-1,4,0009(brokerage business),41,-8
5,0148(brokerage business),207,-584,5,0123(brokerage business),567,4,5,0163(brokerage business),34,-12
6,0137(brokerage business),158,-507,6,0275(brokerage business),351,1,6,0268(brokerage business),30,5
7,0272(brokerage business),148,-48,7,0253(brokerage business),272,4,7,0042(brokerage business),29,-4
8,0268(brokerage business),123,8,8,0272(brokerage business),220,4,8,0244(brokerage business),29,-1
9,0275(brokerage business),114,-20,9,0327(brokerage business),193,1,9,0148(brokerage business),24,1
10,0253(brokerage business),67,-276,10,0163(brokerage business),178,-9,10,0332(brokerage business),22,0
11,0081(brokerage business),60,-106,11,0288(brokerage business),175,2,11,0333(brokerage business),22,22
12,0271(brokerage business),50,-260,12,0156(brokerage business),160,0,12,0049(brokerage business),20,0
13,0333(brokerage business),27,20,13,0001(brokerage business),121,0,13,0308(brokerage business),20,1
14,0372(brokerage business),25,25,14,0268(brokerage business),106,0,14,0253(brokerage business),19,3
15,0034(brokerage business),21,-1,15,0308(brokerage business),76,10,15,0137(brokerage business),16,-5
16,0238(brokerage business),18,-21,16,0240(brokerage business),73,-1,16,0153(brokerage business),15,1
17,0009(brokerage business),17,-186,17,0003(brokerage business),67,-1,17,0238(brokerage business),14,-2
18,0240(brokerage business),17,-64,18,0311(brokerage business),63,-2,18,0240(brokerage business),14,0
19,0058(brokerage business),14,9,19,0048(brokerage business),59,0,19,0081(brokerage business),12,-5
20,0103(brokerage business),13,0,20,0018(brokerage business),56,1,20,0151(brokerage business),10,-8
Total,,2661,-4861,Total,,8803,-22,Total,,1664,-2
Member/OSP Type,Total Volume,Change from Previous Trading Day,Member/OSP Type,Total Long Position,Change from Previous Trading Day,Member/OSP Type,Total Short Position,Change from Previous Trading Day,,,
Contract Code：agall,,,,,,,2026-09-08,,,,
Name of FF Member/OSBP,1256788,-521998,Name of FF Member/OSBP,491902,3933,Name of FF Member/OSBP,339896,3773,,,
Name of Non-FF Member/OSNBP,11206,-5296,Name of Non-FF Member/OSNBP,54541,3280,Name of Non-FF Member/OSNBP,206547,3440,,,
Ranking,Name of FF Member /OSBPs,Volume,Change from Previous Trading Day,Ranking,Name of FF Member /OSBPs,Long Position,Change from Previous Trading Day,Ranking,Name of FF Member /OSBPs,Short Position,Change from Previous Trading Day
Contract Code：ag2609,,,,,,,,,,2026-09-08,
1,0275(brokerage business),248,88,1,0004(brokerage business),1072,84,1,0001(brokerage business),548,-8
2,0004(brokerage business),224,-56,2,0148(brokerage business),296,4,2,0311(brokerage business),474,-14
3,0058(brokerage business),184,70,3,0321(brokerage business),268,-24,3,0049(brokerage business),472,0
4,0274(brokerage business),182,106,4,0268(brokerage business),226,-4,4,0004(brokerage business),212,-4
5,0276(brokerage business),100,100,5,0058(brokerage business),170,112,5,0275(brokerage business),200,-2
6,0272(brokerage business),92,70,6,0272(brokerage business),166,-34,6,0052(brokerage business),96,0
7,0148(brokerage business),90,78,7,0308(brokerage business),144,-2,7,0034(brokerage business),82,-10
8,0240(brokerage business),90,46,8,0276(brokerage business),104,100,8,0321(brokerage business),58,0
9,0259(brokerage business),88,52,9,0025(brokerage business),100,-2,9,0153(brokerage business),32,0
10,0271(brokerage business),60,60,10,0299(brokerage business),84,-2,10,0306(brokerage business),22,2
11,0007(brokerage business),54,46,11,0240(brokerage business),82,46,11,0067(brokerage business),20,-2
12,0103(brokerage business),48,32,12,0253(brokerage business),70,-4,12,0051(brokerage business),16,0
13,0034(brokerage business),44,-46,13,0171(brokerage business),60,0,13,0151(brokerage business),10,10
14,0322(brokerage business),44,-150,14,0322(brokerage business),60,44,14,0043(brokerage business),8,2
15,0151(brokerage business),36,20,15,0077(brokerage business),40,-8,15,0163(brokerage business),6,4
16,0163(brokerage business),30,8,16,0096(brokerage business),36,0,16,0177(brokerage business),4,0
17,0043(brokerage business),26,20,17,0042(brokerage business),20,-2,17,0123(brokerage business),2,-10
18,0321(brokerage business),24,24,18,0081(brokerage business),20,-4,18,0161(brokerage business),2,2
19,0308(brokerage business),22,-18,19,0103(brokerage business),20,-32,19,0277(brokerage business),2,-8
20,0139(brokerage business),20,20,20,0003(brokerage business),16,-14,20,,,
Total,,1706,570,Total,,3054,258,Total,,2266,-38
Ranking,Name of FF Member /OSBPs,Volume,Change from Previous Trading Day,Ranking,Name of FF Member /OSBPs,Long Position,Change from Previous Trading Day,Ranking,Name of FF Member /OSBPs,Short Position,Change from Previous Trading Day
Contract Code：ag2610,,,,,,,,,,2026-09-08,
1,0004(brokerage business),99258,-37269,1,0148(brokerage business),14800,-103,1,0004(brokerage business),17907,236
2,0148(brokerage business),71111,-38162,2,0004(brokerage business),13817,618,2,0148(brokerage business),16047,-276
3,0163(brokerage business),45214,-17016,3,0163(brokerage business),10131,719,3,0137(brokerage business),9040,-154
4,0240(brokerage business),31893,-13569,4,0272(brokerage business),7575,-309,4,0049(brokerage business),7131,517
5,0275(brokerage business),28781,-13144,5,0034(brokerage business),7451,-198,5,0163(brokerage business),5871,-205
6,0253(brokerage business),24888,-9317,6,0288(brokerage business),6401,35,6,0272(brokerage business),5325,-384
7,0272(brokerage business),19355,-14403,7,0253(brokerage business),6126,-412,7,0253(brokerage business),4997,166
8,0034(brokerage business),19243,-7618,8,0240(brokerage business),5836,177,8,0001(brokerage business),3881,22
9,0268(brokerage business),18248,-6921,9,0275(brokerage business),5441,-61,9,0240(brokerage business),3299,168
10,0081(brokerage business),15702,-5720,10,0268(brokerage business),4459,-205,10,0139(brokerage business),3105,822
11,0298(brokerage business),15541,-6439,11,0009(brokerage business),4285,33,11,0288(brokerage business),2710,433
12,0308(brokerage business),14979,-16297,12,0082(brokerage business),3965,-199,12,0034(brokerage business),2705,119
13,0186(brokerage business),13715,-4122,13,0049(brokerage business),3898,-102,13,0059(brokerage business),2627,63
14,0123(brokerage business),13226,-2730,14,0042(brokerage business),3503,-118,14,0275(brokerage business),2516,94
15,0137(brokerage business),10475,-1576,15,0059(brokerage business),3485,163,15,0042(brokerage business),2496,-72
16,0059(brokerage business),10370,-4076,16,0103(brokerage business),3255,185,16,0082(brokerage business),1865,39
17,0009(brokerage business),8926,-1927,17,0081(brokerage business),3223,151,17,0315(brokerage business),1851,-38
18,0288(brokerage business),8802,-4494,18,0069(brokerage business),3118,82,18,0298(brokerage business),1791,-39
19,0103(brokerage business),8567,-5001,19,0323(brokerage business),2993,139,19,0006(brokerage business),1783,-53
20,0042(brokerage business),7398,-3356,20,0308(brokerage business),2942,-82,20,0103(brokerage business),1777,408
Total,,485692,-213157,Total,,116704,513,Total,,98724,1866
Ranking,Name of FF Member /OSBPs,Volume,Change from Previous Trading Day,Ranking,Name of FF Member /OSBPs,Long Position,Change from Previous Trading Day,Ranking,Name of FF Member /OSBPs,Short Position,Change from Previous Trading Day
Contract Code：ag2612,,,,,,,,,,2026-09-08,
1,0004(brokerage business),19948,-11860,1,0272(brokerage business),14725,490,1,0148(brokerage business),25555,739
2,0275(brokerage business),16097,-3275,2,0082(brokerage business),11557,1,2,0004(brokerage business),12172,1030
3,0148(brokerage business),15364,-6941,3,0004(brokerage business),10863,414,3,0163(brokerage business),5717,187
4,0163(brokerage business),11311,-4266,4,0163(brokerage business),9812,54,4,0103(brokerage business),5226,-50
5,0240(brokerage business),8293,-3435,5,0049(brokerage business),8875,156,5,0049(brokerage business),4812,64
6,0123(brokerage business),5917,-3225,6,0148(brokerage business),7072,-425,6,0272(brokerage business),4187,-769
7,0272(brokerage business),5893,-1491,7,0067(brokerage business),6382,29,7,0042(brokerage business),3240,58
8,0253(brokerage business),5318,-3173,8,0103(brokerage business),6013,662,8,0025(brokerage business),3063,-233
9,0096(brokerage business),4265,1004,9,0268(brokerage business),5299,89,9,0034(brokerage business),3048,14
10,0034(brokerage business),3957,-1598,10,0288(brokerage business),5184,109,10,0123(brokerage business),2807,46
11,0308(brokerage business),3949,-2515,11,0253(brokerage business),4998,100,11,0372(brokerage business),2425,54
12,0103(brokerage business),2960,-1387,12,0025(brokerage business),4394,-10,12,0139(brokerage business),2353,49
13,0081(brokerage business),2913,-1123,13,0042(brokerage business),4244,-135,13,0315(brokerage business),2171,162
14,0009(brokerage business),2581,-766,14,0240(brokerage business),4107,-50,14,0240(brokerage business),2111,95
15,0268(brokerage business),2485,-2203,15,0043(brokerage business),4095,18,15,0009(brokerage business),2044,21
16,0059(brokerage business),2383,-1735,16,0034(brokerage business),3925,-53,16,0096(brokerage business),2022,-24
17,0069(brokerage business),1967,-953,17,0275(brokerage business),2459,28,17,0082(brokerage business),1990,-3
18,0161(brokerage business),1756,-609,18,0161(brokerage business),2401,23,18,0137(brokerage business),1966,-73
19,0186(brokerage business),1708,-619,19,0123(brokerage business),2230,241,19,0274(brokerage business),1938,28
20,0137(brokerage business),1614,-496,20,0096(brokerage business),2190,-193,20,0006(brokerage business),1914,-2
Total,,120679,-50666,Total,,120825,1548,Total,,90761,1393
Ranking,Name of FF Member /OSBPs,Volume,Change from Previous Trading Day,Ranking,Name of FF Member /OSBPs,Long Position,Change from Previous Trading Day,Ranking,Name of FF Member /OSBPs,Short Position,Change from Previous Trading Day
Contract Code：ag2702,,,,,,,,,,2026-09-08,
1,0004(brokerage business),38613,-15261,1,0148(brokerage business),6317,156,1,0004(brokerage business),9704,1037
2,0163(brokerage business),35087,-13532,2,0082(brokerage business),3878,4,2,0148(brokerage business),9530,168
3,0148(brokerage business),26576,-9519,3,0272(brokerage business),3378,-5,3,0372(brokerage business),6645,6
4,0275(brokerage business),19893,-5015,4,0043(brokerage business),3327,3,4,0163(brokerage business),5166,715
5,0240(brokerage business),13616,-5346,5,0253(brokerage business),2935,16,5,0272(brokerage business),3551,109
6,0253(brokerage business),12186,390,6,0163(brokerage business),2852,-68,6,0049(brokerage business),3137,-1
7,0123(brokerage business),11555,324,7,0004(brokerage business),2270,-26,7,0042(brokerage business),1798,9
8,0009(brokerage business),10761,-2664,8,0049(brokerage business),1896,24,8,0123(brokerage business),1482,2
9,0081(brokerage business),6933,-2292,9,0067(brokerage business),1751,-87,9,0069(brokerage business),1114,-34
10,0272(brokerage business),5810,-2929,10,0009(brokerage business),1421,-62,10,0034(brokerage business),954,129
11,0298(brokerage business),5701,-1577,11,0003(brokerage business),1385,-7,11,0240(brokerage business),772,-406
12,0308(brokerage business),5510,-3734,12,0123(brokerage business),1212,81,12,0315(brokerage business),672,11
13,0186(brokerage business),5447,-251,13,0103(brokerage business),922,10,13,0253(brokerage business),411,60
14,0268(brokerage business),4723,-3313,14,0151(brokerage business),886,-1,14,0009(brokerage business),392,-9
15,0038(brokerage business),4496,2160,15,0240(brokerage business),856,-22,15,0275(brokerage business),372,73
16,0137(brokerage business),3906,-713,16,0333(brokerage business),796,-73,16,0136(brokerage business),300,-98
17,0096(brokerage business),3354,-406,17,0268(brokerage business),783,-58,17,0311(brokerage business),296,-361
18,0034(brokerage business),2891,-1412,18,0059(brokerage business),667,-2,18,0137(brokerage business),272,192
19,0059(brokerage business),2842,-1623,19,0034(brokerage business),666,-20,19,0298(brokerage business),250,12
20,0042(brokerage business),2754,597,20,0288(brokerage business),642,-11,20,0096(brokerage business),225,57
Total,,222654,-66116,Total,,38840,-148,Total,,47043,1671
Member/OSP Type,Total Volume,Change from Previous Trading Day,Member/OSP Type,Total Long Position,Change from Previous Trading Day,Member/OSP Type,Total Short Position,Change from Previous Trading Day,,,
Contract Code：rball,,,,,,,2026-09-08,,,,
Name of FF Member/OSBP,1671558,-302180,Name of FF Member/OSBP,2727605,-4569,Name of FF Member/OSBP,2727605,-4569,,,
Name of Non-FF Member/OSNBP,0,0,Name of Non-FF Member/OSNBP,0,0,Name of Non-FF Member/OSNBP,0,0,,,
Ranking,Name of FF Member /OSBPs,Volume,Change from Previous Trading Day,Ranking,Name of FF Member /OSBPs,Long Position,Change from Previous Trading Day,Ranking,Name of FF Member /OSBPs,Short Position,Change from Previous Trading Day
Contract Code：rb2609,,,,,,,,,,2026-09-08,
1,0151(brokerage business),240,120,1,0008(brokerage business),720,120,1,0007(brokerage business),630,0
2,0103(brokerage business),210,210,2,0163(brokerage business),600,0,2,0004(brokerage business),480,0
3,0123(brokerage business),180,180,3,0240(brokerage business),330,-30,3,0277(brokerage business),330,0
4,0125(brokerage business),180,180,4,0067(brokerage business),150,0,4,0253(brokerage business),270,-90
5,0008(brokerage business),120,-150,5,0151(brokerage business),120,120,5,0275(brokerage business),90,0
6,0019(brokerage business),120,120,6,0268(brokerage business),30,0,6,0274(brokerage business),60,0
7,0253(brokerage business),90,-60,7,,,,7,0163(brokerage business),30,-30
8,0271(brokerage business),60,0,8,,,,8,0272(brokerage business),30,0
9,0163(brokerage business),30,-30,9,,,,9,0323(brokerage business),30,0
10,0240(brokerage business),30,-210,10,,,,10,,,
Total,,1260,360,Total,,1950,210,Total,,1950,-120
Ranking,Name of FF Member /OSBPs,Volume,Change from Previous Trading Day,Ranking,Name of FF Member /OSBPs,Long Position,Change from Previous Trading Day,Ranking,Name of FF Member /OSBPs,Short Position,Change from Previous Trading Day
Contract Code：rb2610,,,,,,,,,,2026-09-08,
1,0163(brokerage business),53703,10629,1,0004(brokerage business),61900,-4398,1,0004(brokerage business),65768,-1836
2,0004(brokerage business),34634,-4821,2,0148(brokerage business),29700,-1910,2,0103(brokerage business),41287,-6337
3,0148(brokerage business),25846,-5036,3,0163(brokerage business),25557,-3816,3,0163(brokerage business),40098,-6043
4,0275(brokerage business),17257,-1492,4,0034(brokerage business),19615,-4931,4,0148(brokerage business),33263,-5874
5,0103(brokerage business),7563,-2350,5,0103(brokerage business),16188,-236,5,0034(brokerage business),28653,-635
6,0125(brokerage business),7388,3834,6,0253(brokerage business),15972,76,6,0275(brokerage business),19686,-181
7,0253(brokerage business),7290,-665,7,0272(brokerage business),15503,-1411,7,0096(brokerage business),17830,-997
8,0272(brokerage business),7214,-926,8,0125(brokerage business),12103,-4934,8,0059(brokerage business),14457,-3386
9,0034(brokerage business),6810,2400,9,0009(brokerage business),11884,-781,9,0272(brokerage business),13270,649
10,0081(brokerage business),6626,-1119,10,0275(brokerage business),11801,-94,10,0123(brokerage business),12941,-97
11,0059(brokerage business),5567,1338,11,0178(brokerage business),11203,-137,11,0253(brokerage business),10845,-936
12,0240(brokerage business),5480,44,12,0058(brokerage business),10000,31,12,0042(brokerage business),10709,-163
13,0268(brokerage business),3152,-449,13,0123(brokerage business),9369,102,13,0058(brokerage business),9311,-513
14,0311(brokerage business),2924,2011,14,0082(brokerage business),8835,221,14,0178(brokerage business),8424,-526
15,0151(brokerage business),2841,-844,15,0069(brokerage business),8822,-94,15,0274(brokerage business),8417,880
16,0042(brokerage business),2718,-3553,16,0137(brokerage business),8148,-331,16,0081(brokerage business),8142,-809
17,0123(brokerage business),2707,1296,17,0186(brokerage business),8024,-758,17,0306(brokerage business),8113,-1
18,0009(brokerage business),2364,1087,18,0159(brokerage business),7682,740,18,0259(brokerage business),8049,-661
19,0096(brokerage business),2191,-363,19,0059(brokerage business),7540,-41,19,0082(brokerage business),7829,-984
20,0186(brokerage business),2013,-1480,20,0323(brokerage business),7356,-331,20,0019(brokerage business),7372,-451
Total,,206288,-459,Total,,307202,-23033,Total,,374464,-28901
Ranking,Name of FF Member /OSBPs,Volume,Change from Previous Trading Day,Ranking,Name of FF Member /OSBPs,Long Position,Change from Previous Trading Day,Ranking,Name of FF Member /OSBPs,Short Position,Change from Previous Trading Day
Contract Code：rb2611,,,,,,,,,,2026-09-08,
1,0163(brokerage business),8868,-3986,1,0323(brokerage business),54309,44,1,0323(brokerage business),52588,0
2,0148(brokerage business),6877,1310,2,0004(brokerage business),32626,-58,2,0148(brokerage business),34633,3721
3,0253(brokerage business),6478,-241,3,0253(brokerage business),31121,687,3,0004(brokerage business),28891,-754
4,0004(brokerage business),4670,-7258,4,0148(brokerage business),30767,-56,4,0253(brokerage business),28354,-1733
5,0082(brokerage business),4540,-921,5,0163(brokerage business),30405,-490,5,0163(brokerage business),27856,-1016
6,0081(brokerage business),2671,-337,6,0151(brokerage business),25577,608,6,0151(brokerage business),27797,890
7,0161(brokerage business),2634,1935,7,0268(brokerage business),18944,-134,7,0081(brokerage business),18190,563
8,0034(brokerage business),2610,1727,8,0081(brokerage business),18302,632,8,0082(brokerage business),18131,66
9,0103(brokerage business),2502,-2725,9,0082(brokerage business),18002,-70,9,0268(brokerage business),17669,-203
10,0139(brokerage business),2144,160,10,0272(brokerage business),16964,495,10,0272(brokerage business),16929,1133
11,0123(brokerage business),2090,646,11,0069(brokerage business),15721,-255,11,0069(brokerage business),15939,-222
12,0268(brokerage business),2065,-50,12,0139(brokerage business),13102,-201,12,0139(brokerage business),13080,-199
13,0272(brokerage business),1916,-421,13,0103(brokerage business),10384,-477,13,0103(brokerage business),10678,-1979
14,0096(brokerage business),1879,-1476,14,0096(brokerage business),6632,181,14,0096(brokerage business),9753,822
15,0275(brokerage business),1874,1309,15,0244(brokerage business),6533,2,15,0275(brokerage business),8591,1350
16,0151(brokerage business),1706,-4180,16,0372(brokerage business),5910,39,16,0244(brokerage business),6443,-1
17,0059(brokerage business),1235,1141,17,0019(brokerage business),5877,-435,17,0034(brokerage business),5335,2415
18,0048(brokerage business),1179,522,18,0275(brokerage business),3135,-312,18,0019(brokerage business),3903,-314
19,0069(brokerage business),837,-967,19,0263(brokerage business),2634,0,19,0042(brokerage business),3734,0
20,0019(brokerage business),785,-485,20,0159(brokerage business),2045,200,20,0077(brokerage business),3725,302
Total,,59560,-14297,Total,,348990,400,Total,,352219,4841
Ranking,Name of FF Member /OSBPs,Volume,Change from Previous Trading Day,Ranking,Name of FF Member /OSBPs,Long Position,Change from Previous Trading Day,Ranking,Name of FF Member /OSBPs,Short Position,Change from Previous Trading Day
Contract Code：rb2701,,,,,,,,,,2026-09-08,
1,0148(brokerage business),197521,-675,1,0148(brokerage business),205082,22127,1,0004(brokerage business),147767,6860
2,0163(brokerage business),148521,-37115,2,0004(brokerage business),129768,-5198,2,0148(brokerage business),105234,414
3,0004(brokerage business),141146,-82697,3,0163(brokerage business),84691,6607,3,0239(brokerage business),104122,946
4,0272(brokerage business),67548,15885,4,0272(brokerage business),80636,7252,4,0103(brokerage business),89941,1036
5,0253(brokerage business),58404,-11703,5,0103(brokerage business),75817,-4729,5,0163(brokerage business),64700,-2166
6,0275(brokerage business),52340,-12415,6,0034(brokerage business),57367,-13325,6,0082(brokerage business),53009,2972
7,0034(brokerage business),46748,813,7,0253(brokerage business),51552,-426,7,0007(brokerage business),48118,2412
8,0103(brokerage business),30539,-13490,8,0323(brokerage business),41174,-385,8,0272(brokerage business),45468,1738
9,0059(brokerage business),24454,1893,9,0268(brokerage business),33171,3450,9,0058(brokerage business),41141,1607
10,0274(brokerage business),21127,-9666,10,0042(brokerage business),31148,3826,10,0084(brokerage business),39134,-3053
11,0268(brokerage business),20085,3738,11,0059(brokerage business),30947,644,11,0253(brokerage business),34553,1006
12,0240(brokerage business),18536,-13628,12,0274(brokerage business),30757,2430,12,0274(brokerage business),34397,-949
13,0259(brokerage business),16809,-4152,13,0240(brokerage business),28173,1481,13,0277(brokerage business),33842,1773
14,0081(brokerage business),15402,-6081,14,0096(brokerage business),24422,1613,14,0034(brokerage business),32079,-1311
15,0186(brokerage business),14081,-3451,15,0069(brokerage business),23532,-118,15,0275(brokerage business),30344,666
16,0239(brokerage business),13232,-8450,16,0009(brokerage business),22200,-181,16,0123(brokerage business),26563,1516
17,0042(brokerage business),12513,-910,17,0123(brokerage business),19638,-1034,17,0003(brokerage business),26304,-536
18,0244(brokerage business),11709,4701,18,0153(brokerage business),19362,-2259,18,0125(brokerage business),24426,2095
19,0067(brokerage business),11429,5107,19,0238(brokerage business),18673,-370,19,0059(brokerage business),21233,-4976
20,0123(brokerage business),10884,346,20,0019(brokerage business),18562,564,20,0067(brokerage business),21037,280
Total,,933028,-171950,Total,,1026672,21969,Total,,1023412,12330
Ranking,Name of FF Member /OSBPs,Volume,Change from Previous Trading Day,Ranking,Name of FF Member /OSBPs,Long Position,Change from Previous Trading Day,Ranking,Name of FF Member /OSBPs,Short Position,Change from Previous Trading Day
Contract Code：rb2703,,,,,,,,,,2026-09-08,
1,0163(brokerage business),7604,-9919,1,0323(brokerage business),39812,8,1,0323(brokerage business),39468,6
2,0148(brokerage business),3990,-6491,2,0253(brokerage business),20724,69,2,0274(brokerage business),20787,135
3,0096(brokerage business),3895,-809,3,0274(brokerage business),20187,-12,3,0253(brokerage business),20391,-107
4,0275(brokerage business),3519,2628,4,0082(brokerage business),18052,802,4,0082(brokerage business),18065,789
5,0123(brokerage business),3505,3153,5,0163(brokerage business),14950,481,5,0103(brokerage business),14977,394
6,0082(brokerage business),3407,-832,6,0103(brokerage business),14872,385,6,0163(brokerage business),14739,-19
7,0081(brokerage business),2694,-964,7,0151(brokerage business),13999,975,7,0004(brokerage business),14373,-4
8,0151(brokerage business),1963,370,8,0268(brokerage business),13721,417,8,0268(brokerage business),13815,401
9,0311(brokerage business),1665,969,9,0004(brokerage business),12414,-45,9,0151(brokerage business),13788,976
10,0177(brokerage business),1503,-101,10,0139(brokerage business),11840,382,10,0139(brokerage business),11813,385
11,0004(brokerage business),1229,-2577,11,0081(brokerage business),11112,509,11,0081(brokerage business),11069,469
12,0272(brokerage business),881,-257,12,0148(brokerage business),10379,367,12,0272(brokerage business),9930,408
13,0253(brokerage business),860,-4667,13,0272(brokerage business),10083,399,13,0148(brokerage business),9858,-607
14,0268(brokerage business),832,-225,14,0096(brokerage business),8538,378,14,0096(brokerage business),8444,169
15,0139(brokerage business),809,-59,15,0069(brokerage business),7081,-2,15,0069(brokerage business),7032,18
16,0103(brokerage business),789,-803,16,0238(brokerage business),5625,10,16,0238(brokerage business),5605,-32
17,0323(brokerage business),662,106,17,0254(brokerage business),2930,0,17,0254(brokerage business),2931,0
18,0019(brokerage business),511,231,18,0259(brokerage business),2632,-3,18,0259(brokerage business),2632,6
19,0069(brokerage business),382,-941,19,0019(brokerage business),2453,84,19,0019(brokerage business),2539,41
20,0034(brokerage business),372,11,20,0311(brokerage business),1296,653,20,0311(brokerage business),1200,644
Total,,41072,-21177,Total,,242700,5857,Total,,243456,4072
Member/OSP Type,Total Volume,Change from Previous Trading Day,Member/OSP Type,Total Long Position,Change from Previous Trading Day,Member/OSP Type,Total Short Position,Change from Previous Trading Day,,,
Contract Code：hcall,,,,,,,2026-09-08,,,,
Name of FF Member/OSBP,941058,-37084,Name of FF Member/OSBP,2180329,56530,Name of FF Member/OSBP,2180329,56530,,,
Name of Non-FF Member/OSNBP,0,0,Name of Non-FF Member/OSNBP,0,0,Name of Non-FF Member/OSNBP,0,0,,,
Ranking,Name of FF Member /OSBPs,Volume,Change from Previous Trading Day,Ranking,Name of FF Member /OSBPs,Long Position,Change from Previous Trading Day,Ranking,Name of FF Member /OSBPs,Short Position,Change from Previous Trading Day
Contract Code：hc2609,,,,,,,,,,2026-09-08,
1,0151(brokerage business),60,30,1,0004(brokerage business),930,0,1,0004(brokerage business),1590,0
2,,,,2,0151(brokerage business),720,0,2,0008(brokerage business),870,0
3,,,,3,0076(brokerage business),660,0,3,0159(brokerage business),480,0
4,,,,4,0125(brokerage business),540,0,4,0171(brokerage business),210,0
5,,,,5,0067(brokerage business),360,0,5,0067(brokerage business),180,0
6,,,,6,0148(brokerage business),210,0,6,0125(brokerage business),150,0
7,,,,7,0277(brokerage business),120,0,7,0042(brokerage business),120,0
8,,,,8,0103(brokerage business),60,0,8,0019(brokerage business),60,0
9,,,,9,0163(brokerage business),30,0,9,,,
10,,,,10,0272(brokerage business),30,0,10,,,
Total,,60,30,Total,,3660,0,Total,,3660,0
Ranking,Name of FF Member /OSBPs,Volume,Change from Previous Trading Day,Ranking,Name of FF Member /OSBPs,Long Position,Change from Previous Trading Day,Ranking,Name of FF Member /OSBPs,Short Position,Change from Previous Trading Day
Contract Code：hc2610,,,,,,,,,,2026-09-08,
1,0163(brokerage business),21579,-960,1,0004(brokerage business),66073,-1785,1,0004(brokerage business),42778,-1764
2,0004(brokerage business),17445,289,2,0103(brokerage business),26583,-1917,2,0275(brokerage business),24940,-120
3,0253(brokerage business),8857,3279,3,0009(brokerage business),17822,-735,3,0272(brokerage business),22241,-1853
4,0148(brokerage business),8823,-1663,4,0163(brokerage business),17730,1581,4,0058(brokerage business),22219,-327
5,0272(brokerage business),4913,867,5,0253(brokerage business),15074,-3078,5,0163(brokerage business),16964,-2378
6,0275(brokerage business),3994,-903,6,0272(brokerage business),13879,-180,6,0148(brokerage business),15885,-635
7,0103(brokerage business),2892,-1729,7,0042(brokerage business),12870,-154,7,0103(brokerage business),15591,-489
8,0081(brokerage business),2786,-78,8,0148(brokerage business),11322,-1782,8,0253(brokerage business),12405,-2403
9,0125(brokerage business),2736,-1713,9,0059(brokerage business),10553,-167,9,0042(brokerage business),11386,-30
10,0009(brokerage business),2160,330,10,0275(brokerage business),9635,-120,10,0153(brokerage business),8677,-634
11,0034(brokerage business),2130,-1323,11,0125(brokerage business),8131,-1983,11,0009(brokerage business),8571,937
12,0268(brokerage business),1886,1124,12,0082(brokerage business),7970,14,12,0123(brokerage business),8339,-284
13,0274(brokerage business),1746,1120,13,0288(brokerage business),6209,-815,13,0259(brokerage business),7159,-447
14,0059(brokerage business),1617,291,14,0019(brokerage business),5840,-475,14,0137(brokerage business),7041,-181
15,0240(brokerage business),1602,98,15,0076(brokerage business),5201,-77,15,0002(brokerage business),6531,36
16,0058(brokerage business),1530,-29,16,0095(brokerage business),5128,-267,16,0003(brokerage business),6146,-77
17,0239(brokerage business),1439,863,17,0240(brokerage business),4984,27,17,0096(brokerage business),6119,-218
18,0151(brokerage business),1391,878,18,0058(brokerage business),4926,-935,18,0125(brokerage business),5982,-541
19,0096(brokerage business),1377,-747,19,0034(brokerage business),4855,-1650,19,0034(brokerage business),5229,-310
20,0288(brokerage business),1366,-595,20,0123(brokerage business),4842,-123,20,0007(brokerage business),5188,-203
Total,,92269,-601,Total,,259627,-14621,Total,,259391,-11921
Ranking,Name of FF Member /OSBPs,Volume,Change from Previous Trading Day,Ranking,Name of FF Member /OSBPs,Long Position,Change from Previous Trading Day,Ranking,Name of FF Member /OSBPs,Short Position,Change from Previous Trading Day
Contract Code：hc2611,,,,,,,,,,2026-09-08,
1,0148(brokerage business),6685,2262,1,0148(brokerage business),48876,3369,1,0323(brokerage business),46095,-126
2,0163(brokerage business),4340,62,2,0323(brokerage business),45641,-114,2,0240(brokerage business),38337,-57
3,0161(brokerage business),2514,810,3,0240(brokerage business),34919,-196,3,0148(brokerage business),31361,412
4,0253(brokerage business),2447,854,4,0268(brokerage business),29554,-631,4,0268(brokerage business),29563,-594
5,0268(brokerage business),2101,-369,5,0004(brokerage business),26058,-96,5,0004(brokerage business),27646,639
6,0240(brokerage business),1673,775,6,0178(brokerage business),25496,-726,6,0081(brokerage business),24758,-1
7,0004(brokerage business),1667,-726,7,0081(brokerage business),24667,1,7,0178(brokerage business),24214,-724
8,0081(brokerage business),1486,-143,8,0161(brokerage business),22079,4,8,0161(brokerage business),22011,36
9,0178(brokerage business),1452,950,9,0253(brokerage business),19068,-831,9,0253(brokerage business),18952,-556
10,0139(brokerage business),1295,593,10,0048(brokerage business),18638,-259,10,0048(brokerage business),18669,-265
11,0275(brokerage business),1259,1222,11,0137(brokerage business),14683,-24,11,0137(brokerage business),14385,68
12,0096(brokerage business),1020,167,12,0139(brokerage business),14675,-646,12,0139(brokerage business),13563,-649
13,0151(brokerage business),876,821,13,0019(brokerage business),6714,-58,13,0019(brokerage business),6817,-4
14,0103(brokerage business),793,-220,14,0034(brokerage business),5736,-1,14,0034(brokerage business),6605,181
15,0137(brokerage business),630,-103,15,0103(brokerage business),5131,-1,15,0103(brokerage business),5547,-2
16,0277(brokerage business),600,574,16,0275(brokerage business),2075,-4,16,0042(brokerage business),4920,0
17,0272(brokerage business),594,37,17,0115(brokerage business),1750,0,17,0372(brokerage business),3870,9
18,0048(brokerage business),546,7,18,0151(brokerage business),1571,-408,18,0008(brokerage business),2638,-300
19,0125(brokerage business),329,306,19,0186(brokerage business),1523,-13,19,0275(brokerage business),2450,1
20,0008(brokerage business),300,195,20,0271(brokerage business),1161,0,20,0259(brokerage business),1999,6
Total,,32607,8074,Total,,350015,-634,Total,,344400,-1926
Ranking,Name of FF Member /OSBPs,Volume,Change from Previous Trading Day,Ranking,Name of FF Member /OSBPs,Long Position,Change from Previous Trading Day,Ranking,Name of FF Member /OSBPs,Short Position,Change from Previous Trading Day
Contract Code：hc2701,,,,,,,,,,2026-09-08,
1,0004(brokerage business),93879,-2714,1,0004(brokerage business),217634,11691,1,0004(brokerage business),263551,19556
2,0163(brokerage business),92856,-19435,2,0148(brokerage business),138687,6426,2,0058(brokerage business),89867,6251
3,0148(brokerage business),83759,-11468,3,0042(brokerage business),131285,1303,3,0272(brokerage business),88026,2551
4,0272(brokerage business),35882,1275,4,0163(brokerage business),79244,-3276,4,0148(brokerage business),86409,5947
5,0277(brokerage business),32594,19343,5,0009(brokerage business),51578,7062,5,0163(brokerage business),85349,1072
6,0275(brokerage business),30120,-8692,6,0272(brokerage business),50100,2251,6,0103(brokerage business),51942,-390
7,0253(brokerage business),29116,-4927,7,0323(brokerage business),43446,964,7,0275(brokerage business),37713,3093
8,0096(brokerage business),17221,6214,8,0034(brokerage business),39918,-1900,8,0259(brokerage business),29237,953
9,0103(brokerage business),16543,-68,9,0103(brokerage business),39057,361,9,0125(brokerage business),29207,-451
10,0058(brokerage business),14306,8517,10,0058(brokerage business),35345,1635,10,0003(brokerage business),28235,957
11,0125(brokerage business),13891,6570,11,0253(brokerage business),30607,-1113,11,0253(brokerage business),28135,481
12,0059(brokerage business),12875,5206,12,0239(brokerage business),25893,4296,12,0034(brokerage business),26831,2121
13,0081(brokerage business),11436,-6128,13,0268(brokerage business),23442,4072,13,0059(brokerage business),25651,480
14,0009(brokerage business),11136,8386,14,0275(brokerage business),23196,2545,14,0096(brokerage business),25218,3436
15,0323(brokerage business),10296,-897,15,0139(brokerage business),20953,9779,15,0009(brokerage business),24497,1188
16,0139(brokerage business),10284,-92,16,0123(brokerage business),20533,343,16,0042(brokerage business),23855,2804
17,0007(brokerage business),9851,1516,17,0335(brokerage business),20085,314,17,0123(brokerage business),23218,2791
18,0240(brokerage business),9803,-448,18,0082(brokerage business),17855,461,18,0277(brokerage business),17659,-9405
19,0268(brokerage business),9166,-1392,19,0277(brokerage business),16022,599,19,0019(brokerage business),17029,738
20,0034(brokerage business),8923,-6703,20,0096(brokerage business),15972,3785,20,0002(brokerage business),15602,1466
Total,,553937,-5937,Total,,1040852,51598,Total,,1017231,45639
Member/OSP Type,Total Volume,Change from Previous Trading Day,Member/OSP Type,Total Long Position,Change from Previous Trading Day,Member/OSP Type,Total Short Position,Change from Previous Trading Day,,,
Contract Code：ssall,,,,,,,2026-09-08,,,,
Name of FF Member/OSBP,431422,-15340,Name of FF Member/OSBP,186531,10049,Name of FF Member/OSBP,186531,10049,,,
Name of Non-FF Member/OSNBP,0,0,Name of Non-FF Member/OSNBP,0,0,Name of Non-FF Member/OSNBP,0,0,,,
Ranking,Name of FF Member /OSBPs,Volume,Change from Previous Trading Day,Ranking,Name of FF Member /OSBPs,Long Position,Change from Previous Trading Day,Ranking,Name of FF Member /OSBPs,Short Position,Change from Previous Trading Day
Contract Code：ss2609,,,,,,,,,,2026-09-08,
1,0004(brokerage business),360,324,1,0004(brokerage business),1656,120,1,0148(brokerage business),1260,0
2,0069(brokerage business),204,168,2,0148(brokerage business),1488,-12,2,0253(brokerage business),972,0
3,0272(brokerage business),72,24,3,0003(brokerage business),480,0,3,0004(brokerage business),516,216
4,0043(brokerage business),36,12,4,0069(brokerage business),276,204,4,0151(brokerage business),492,-24
5,0123(brokerage business),24,24,5,0163(brokerage business),228,0,5,0349(brokerage business),432,12
6,0151(brokerage business),24,12,6,0277(brokerage business),216,0,6,0163(brokerage business),360,0
7,0076(brokerage business),12,0,7,0125(brokerage business),144,0,7,0038(brokerage business),300,0
8,0148(brokerage business),12,12,8,0253(brokerage business),132,0,8,0240(brokerage business),156,0
9,0288(brokerage business),12,12,9,0076(brokerage business),36,12,9,0372(brokerage business),60,0
10,0349(brokerage business),12,12,10,0018(brokerage business),24,0,10,0096(brokerage business),48,0
11,,,,11,0268(brokerage business),24,0,11,0009(brokerage business),36,0
12,,,,12,0073(brokerage business),12,0,12,0338(brokerage business),36,0
13,,,,13,,,,13,0103(brokerage business),24,0
14,,,,14,,,,14,0316(brokerage business),24,0
Total,,768,600,Total,,4716,324,Total,,4716,204
Ranking,Name of FF Member /OSBPs,Volume,Change from Previous Trading Day,Ranking,Name of FF Member /OSBPs,Long Position,Change from Previous Trading Day,Ranking,Name of FF Member /OSBPs,Short Position,Change from Previous Trading Day
Contract Code：ss2610,,,,,,,,,,2026-09-08,
1,0004(brokerage business),50681,-6004,1,0004(brokerage business),10043,975,1,0148(brokerage business),14599,242
2,0163(brokerage business),46930,-2798,2,0148(brokerage business),8886,123,2,0004(brokerage business),10382,348
3,0148(brokerage business),41131,-3362,3,0253(brokerage business),5697,712,3,0163(brokerage business),5746,-164
4,0123(brokerage business),38552,18216,4,0163(brokerage business),5479,1036,4,0253(brokerage business),5224,-281
5,0253(brokerage business),13411,-604,5,0240(brokerage business),3870,73,5,0335(brokerage business),3128,784
6,0275(brokerage business),8704,-10056,6,0272(brokerage business),3855,571,6,0272(brokerage business),2951,108
7,0272(brokerage business),8445,2271,7,0288(brokerage business),3097,-36,7,0059(brokerage business),2887,241
8,0081(brokerage business),7392,-13884,8,0082(brokerage business),3059,-9,8,0240(brokerage business),2819,-89
9,0240(brokerage business),6058,-1339,9,0018(brokerage business),2989,-72,9,0003(brokerage business),2792,-47
10,0298(brokerage business),3777,-1811,10,0103(brokerage business),2687,161,10,0161(brokerage business),2658,-98
11,0069(brokerage business),3716,673,11,0268(brokerage business),2606,113,11,0081(brokerage business),1698,-37
12,0034(brokerage business),2482,535,12,0275(brokerage business),2352,-67,12,0288(brokerage business),1645,-111
13,0288(brokerage business),2447,520,13,0125(brokerage business),2257,-582,13,0137(brokerage business),1546,-31
14,0259(brokerage business),2191,347,14,0161(brokerage business),2160,124,14,0082(brokerage business),1464,-85
15,0268(brokerage business),2102,58,15,0081(brokerage business),2082,-63,15,0103(brokerage business),1367,50
16,0082(brokerage business),1826,-117,16,0298(brokerage business),2052,-5,16,0049(brokerage business),1361,-50
17,0161(brokerage business),1706,227,17,0096(brokerage business),1981,-23,17,0308(brokerage business),1293,-60
18,0335(brokerage business),1677,148,18,0008(brokerage business),1788,8,18,0259(brokerage business),1292,-8
19,0153(brokerage business),1459,266,19,0323(brokerage business),1575,62,19,0019(brokerage business),1109,111
20,0018(brokerage business),1408,-63,20,0338(brokerage business),1204,52,20,0018(brokerage business),1098,6
Total,,246095,-16777,Total,,69719,3153,Total,,67059,829
Ranking,Name of FF Member /OSBPs,Volume,Change from Previous Trading Day,Ranking,Name of FF Member /OSBPs,Long Position,Change from Previous Trading Day,Ranking,Name of FF Member /OSBPs,Short Position,Change from Previous Trading Day
Contract Code：ss2611,,,,,,,,,,2026-09-08,
1,0163(brokerage business),23115,-2309,1,0148(brokerage business),7107,474,1,0239(brokerage business),8189,704
2,0004(brokerage business),16095,-1554,2,0004(brokerage business),6763,1150,2,0163(brokerage business),7116,636
3,0081(brokerage business),14680,-223,3,0253(brokerage business),6551,1475,3,0148(brokerage business),7079,179
4,0148(brokerage business),12909,-355,4,0272(brokerage business),4015,226,4,0004(brokerage business),5827,101
5,0253(brokerage business),11794,-33,5,0163(brokerage business),3569,129,5,0139(brokerage business),4458,-1
6,0123(brokerage business),6922,5991,6,0018(brokerage business),3517,167,6,0335(brokerage business),4425,748
7,0275(brokerage business),4522,-476,7,0082(brokerage business),3200,-131,7,0272(brokerage business),3642,884
8,0272(brokerage business),3378,495,8,0239(brokerage business),3064,-1012,8,0253(brokerage business),3279,557
9,0240(brokerage business),2784,-699,9,0240(brokerage business),2506,93,9,0084(brokerage business),3140,555
10,0018(brokerage business),2759,-953,10,0125(brokerage business),1683,641,10,0161(brokerage business),2556,162
11,0298(brokerage business),2614,-88,11,0034(brokerage business),1609,85,11,0240(brokerage business),1946,171
12,0034(brokerage business),2472,1131,12,0310(brokerage business),1455,146,12,0123(brokerage business),1464,186
13,0239(brokerage business),1864,721,13,0103(brokerage business),1370,120,13,0034(brokerage business),1446,291
14,0082(brokerage business),1823,-416,14,0184(brokerage business),1275,-30,14,0274(brokerage business),1225,-416
15,0259(brokerage business),1663,349,15,0008(brokerage business),1264,79,15,0308(brokerage business),1124,-46
16,0151(brokerage business),1316,517,16,0244(brokerage business),1059,1,16,0137(brokerage business),1078,27
17,0274(brokerage business),1113,-6,17,0338(brokerage business),1038,64,17,0103(brokerage business),747,38
18,0105(brokerage business),994,250,18,0323(brokerage business),994,100,18,0153(brokerage business),658,118
19,0059(brokerage business),944,9,19,0059(brokerage business),965,127,19,0310(brokerage business),621,-29
20,0069(brokerage business),888,-51,20,0298(brokerage business),911,84,20,0003(brokerage business),615,1
Total,,114649,2300,Total,,53915,3988,Total,,60635,4866
Ranking,Name of FF Member /OSBPs,Volume,Change from Previous Trading Day,Ranking,Name of FF Member /OSBPs,Long Position,Change from Previous Trading Day,Ranking,Name of FF Member /OSBPs,Short Position,Change from Previous Trading Day
Contract Code：lu2610,,,,,,,,,,2026-09-08,
1,8163(brokerage business),14980,-10840,1,8163(brokerage business),3518,-863,1,8372(brokerage business),6821,-697
2,8253(brokerage business),13570,1311,2,8004(brokerage business),2395,-750,2,8103(brokerage business),3341,-522
3,8275(brokerage business),10884,-2992,3,8148(brokerage business),2039,-714,3,8004(brokerage business),1984,-723
4,8148(brokerage business),9856,-7655,4,8288(brokerage business),1279,-444,4,8163(brokerage business),1876,-91
5,8004(brokerage business),6869,-17123,5,8096(brokerage business),1196,-145,5,8148(brokerage business),1785,-302
6,8123(brokerage business),4730,-6508,6,8272(brokerage business),921,166,6,8333(brokerage business),1216,-1
7,8272(brokerage business),2138,-1792,7,8308(brokerage business),737,65,7,8253(brokerage business),993,116
8,8103(brokerage business),1436,-2107,8,8103(brokerage business),560,-76,8,8275(brokerage business),462,-40
9,8271(brokerage business),1382,442,9,8151(brokerage business),539,49,9,8125(brokerage business),411,-108
10,8018(brokerage business),1271,733,10,8335(brokerage business),484,-41,10,8272(brokerage business),372,-166
11,8240(brokerage business),1229,-823,11,8253(brokerage business),439,58,11,8298(brokerage business),344,-41
12,8069(brokerage business),1104,-1407,12,8274(brokerage business),439,-72,12,8123(brokerage business),334,-93
13,8342(brokerage business),988,-1362,13,8141(brokerage business),401,-31,13,8137(brokerage business),273,-68
14,8007(brokerage business),986,-1306,14,8275(brokerage business),380,-108,14,8186(brokerage business),249,-72
15,8288(brokerage business),974,-379,15,8389(brokerage business),370,68,15,8067(brokerage business),247,-15
16,8186(brokerage business),970,-1517,16,8081(brokerage business),329,-173,16,8169(brokerage business),237,-81
17,8372(brokerage business),909,512,17,8137(brokerage business),327,-12,17,8308(brokerage business),230,8
18,8268(brokerage business),884,-312,18,8018(brokerage business),301,-31,18,8034(brokerage business),223,-55
19,8034(brokerage business),874,-1060,19,8268(brokerage business),299,-171,19,8096(brokerage business),197,-80
20,8298(brokerage business),835,-859,20,8323(brokerage business),297,-25,20,8288(brokerage business),189,-142
Total,,76869,-55044,Total,,17250,-3250,Total,,21784,-3173
Ranking,Name of FF Member /OSBPs,Volume,Change from Previous Trading Day,Ranking,Name of FF Member /OSBPs,Long Position,Change from Previous Trading Day,Ranking,Name of FF Member /OSBPs,Short Position,Change from Previous Trading Day
Contract Code：lu2611,,,,,,,,,,2026-09-08,
1,8163(brokerage business),36945,6462,1,8004(brokerage business),7906,1277,1,8004(brokerage business),10031,136
2,8148(brokerage business),29435,5748,2,8148(brokerage business),6475,1112,2,8163(brokerage business),9099,1090
3,8004(brokerage business),25709,5703,3,8163(brokerage business),6158,1287,3,8148(brokerage business),6648,823
4,8275(brokerage business),16771,33,4,8272(brokerage business),2770,499,4,8103(brokerage business),6357,370
5,8253(brokerage business),12271,-1759,5,8335(brokerage business),2726,68,5,8372(brokerage business),5399,-7
6,8123(brokerage business),10078,751,6,8333(brokerage business),2066,-70,6,8239(brokerage business),2157,-94
7,8081(brokerage business),6823,315,7,8288(brokerage business),2045,39,7,8288(brokerage business),1972,-7
8,8272(brokerage business),5123,560,8,8274(brokerage business),1991,212,8,8272(brokerage business),1829,586
9,8161(brokerage business),4683,4308,9,8253(brokerage business),1965,185,9,8253(brokerage business),1689,274
10,8069(brokerage business),3608,1624,10,8082(brokerage business),1903,-424,10,8319(brokerage business),1497,263
11,8372(brokerage business),3520,1199,11,8018(brokerage business),1872,-270,11,8177(brokerage business),1490,123
12,8342(brokerage business),3240,940,12,8240(brokerage business),1847,392,12,8333(brokerage business),1440,562
13,8240(brokerage business),3165,1085,13,8268(brokerage business),1700,233,13,8096(brokerage business),1388,548
14,8103(brokerage business),2658,-1814,14,8086(brokerage business),1611,237,14,8042(brokerage business),997,88
15,8082(brokerage business),2558,1411,15,8184(brokerage business),1584,229,15,8308(brokerage business),972,232
16,8059(brokerage business),2551,253,16,8103(brokerage business),1545,82,16,8088(brokerage business),962,9
17,8096(brokerage business),2517,783,17,8084(brokerage business),1464,-61,17,8069(brokerage business),903,161
18,8186(brokerage business),2457,1017,18,8239(brokerage business),1439,-64,18,8018(brokerage business),843,83
19,8288(brokerage business),2428,876,19,8081(brokerage business),1330,238,19,8275(brokerage business),828,109
20,8019(brokerage business),2254,999,20,8372(brokerage business),1235,-767,20,8141(brokerage business),781,10
Total,,178794,30494,Total,,51632,4434,Total,,57282,5359
Ranking,Name of FF Member /OSBPs,Volume,Change from Previous Trading Day,Ranking,Name of FF Member /OSBPs,Long Position,Change from Previous Trading Day,Ranking,Name of FF Member /OSBPs,Short Position,Change from Previous Trading Day
Contract Code：lu2612,,,,,,,,,,2026-09-08,
1,8163(brokerage business),7675,1887,1,8184(brokerage business),11812,389,1,7002(brokerage business),6887,0
2,8253(brokerage business),6294,1339,2,8081(brokerage business),5952,118,2,8004(brokerage business),6423,89
3,8004(brokerage business),5932,654,3,8239(brokerage business),4968,-25,3,8372(brokerage business),5902,2000
4,8275(brokerage business),4482,1874,4,8148(brokerage business),4238,511,4,8096(brokerage business),4778,1727
5,8096(brokerage business),4267,1525,5,8163(brokerage business),3206,695,5,8163(brokerage business),4471,60
6,8148(brokerage business),4164,784,6,8004(brokerage business),3059,411,6,8239(brokerage business),3005,21
7,8123(brokerage business),2025,559,7,8335(brokerage business),2676,226,7,8103(brokerage business),2343,413
8,8372(brokerage business),2019,1116,8,8084(brokerage business),2342,43,8,8059(brokerage business),1657,231
9,8059(brokerage business),1335,263,9,8268(brokerage business),864,37,9,8272(brokerage business),1571,20
10,8288(brokerage business),1287,399,10,8253(brokerage business),860,193,10,8148(brokerage business),1223,-649
11,8274(brokerage business),1071,998,11,8274(brokerage business),838,775,11,8034(brokerage business),1002,16
12,8271(brokerage business),1057,369,12,8240(brokerage business),689,254,12,8259(brokerage business),865,45
13,8333(brokerage business),972,457,13,8034(brokerage business),674,56,13,8268(brokerage business),708,45
14,8081(brokerage business),925,346,14,8288(brokerage business),512,61,14,8288(brokerage business),682,-368
15,8141(brokerage business),875,-9,15,8082(brokerage business),457,5,15,8335(brokerage business),675,6
16,8069(brokerage business),846,225,16,8141(brokerage business),398,8,16,8253(brokerage business),634,61
17,8239(brokerage business),794,-218,17,8272(brokerage business),332,91,17,8077(brokerage business),625,161
18,8018(brokerage business),775,652,18,8069(brokerage business),318,0,18,8308(brokerage business),588,2
19,8342(brokerage business),656,52,19,8308(brokerage business),310,92,19,8275(brokerage business),575,29
20,8240(brokerage business),620,29,20,8103(brokerage business),287,100,20,8082(brokerage business),552,85
Total,,48071,13301,Total,,44792,4040,Total,,45166,3994
Member/OSP Type,Total Volume,Change from Previous Trading Day,Member/OSP Type,Total Long Position,Change from Previous Trading Day,Member/OSP Type,Total Short Position,Change from Previous Trading Day,,,
Contract Code：fuall,,,,,,,2026-09-08,,,,
Name of FF Member/OSBP,1831824,-841092,Name of FF Member/OSBP,466930,25675,Name of FF Member/OSBP,466928,25675,,,
Name of Non-FF Member/OSNBP,0,0,Name of Non-FF Member/OSNBP,0,0,Name of Non-FF Member/OSNBP,2,0,,,
Ranking,Name of FF Member /OSBPs,Volume,Change from Previous Trading Day,Ranking,Name of FF Member /OSBPs,Long Position,Change from Previous Trading Day,Ranking,Name of FF Member /OSBPs,Short Position,Change from Previous Trading Day
Contract Code：fu2610,,,,,,,,,,2026-09-08,
1,0163(brokerage business),15810,-21205,1,0163(brokerage business),2241,795,1,0004(brokerage business),1746,-239
2,0148(brokerage business),9953,-24397,2,0004(brokerage business),1449,-219,2,0240(brokerage business),1023,-56
3,0275(brokerage business),8543,-7051,3,0148(brokerage business),1320,-74,3,0298(brokerage business),1012,6
4,0004(brokerage business),7654,-21683,4,0253(brokerage business),1048,-90,4,0148(brokerage business),1009,-341
5,0123(brokerage business),4934,-8706,5,0103(brokerage business),1011,251,5,0163(brokerage business),935,55
6,0298(brokerage business),3160,-2571,6,0077(brokerage business),669,-51,6,0268(brokerage business),847,159
7,0081(brokerage business),2622,-6123,7,0275(brokerage business),567,-21,7,0034(brokerage business),576,-114
8,0272(brokerage business),2544,-1951,8,0298(brokerage business),516,-200,8,0161(brokerage business),555,97
9,0268(brokerage business),2400,-4453,9,0288(brokerage business),394,-33,9,0272(brokerage business),527,0
10,0240(brokerage business),2298,-4589,10,0323(brokerage business),394,19,10,0319(brokerage business),508,4
11,0034(brokerage business),1640,-1547,11,0034(brokerage business),384,-94,11,0253(brokerage business),475,10
12,0271(brokerage business),1528,-237,12,0018(brokerage business),358,-105,12,0043(brokerage business),442,39
13,0059(brokerage business),1414,-1008,13,0069(brokerage business),358,-31,13,0288(brokerage business),442,-50
14,0103(brokerage business),1370,-2693,14,0153(brokerage business),356,-63,14,0103(brokerage business),409,-25
15,0253(brokerage business),1330,-4646,15,0272(brokerage business),341,-276,15,0067(brokerage business),395,0
16,0308(brokerage business),1155,-1243,16,0082(brokerage business),310,-134,16,0082(brokerage business),367,-12
17,0161(brokerage business),1118,-1194,17,0240(brokerage business),290,-90,17,0275(brokerage business),339,72
18,0069(brokerage business),1018,-791,18,0308(brokerage business),277,36,18,0042(brokerage business),315,-2
19,0009(brokerage business),943,-4392,19,0161(brokerage business),271,-191,19,0096(brokerage business),300,-83
20,0342(brokerage business),930,-1569,20,0137(brokerage business),267,84,20,0244(brokerage business),272,-34
Total,,72364,-122049,Total,,12821,-487,Total,,12494,-514
Ranking,Name of FF Member /OSBPs,Volume,Change from Previous Trading Day,Ranking,Name of FF Member /OSBPs,Long Position,Change from Previous Trading Day,Ranking,Name of FF Member /OSBPs,Short Position,Change from Previous Trading Day
Contract Code：fu2611,,,,,,,,,,2026-09-08,
1,0004(brokerage business),204021,-112460,1,0004(brokerage business),21643,1462,1,0004(brokerage business),34713,-75
2,0163(brokerage business),155793,-48453,2,0148(brokerage business),17497,151,2,0148(brokerage business),18257,1362
3,0148(brokerage business),142983,-112219,3,0163(brokerage business),13557,-854,3,0103(brokerage business),15838,880
4,0275(brokerage business),92133,15420,4,0103(brokerage business),9427,1497,4,0163(brokerage business),8522,-59
5,0081(brokerage business),47544,-14360,5,0272(brokerage business),9067,749,5,0372(brokerage business),7876,290
6,0240(brokerage business),44125,-25736,6,0253(brokerage business),8533,1357,6,0253(brokerage business),7560,-195
7,0123(brokerage business),40089,-13785,7,0268(brokerage business),5750,161,7,0268(brokerage business),5393,423
8,0253(brokerage business),38440,-20836,8,0335(brokerage business),5486,-113,8,0298(brokerage business),5163,758
9,0272(brokerage business),36320,-25771,9,0240(brokerage business),5466,734,9,0288(brokerage business),4738,617
10,0268(brokerage business),33936,-17075,10,0059(brokerage business),4936,857,10,0018(brokerage business),4637,-162
11,0298(brokerage business),26872,-7224,11,0081(brokerage business),4432,1157,11,0240(brokerage business),4624,331
12,0034(brokerage business),25342,-5643,12,0034(brokerage business),4177,34,12,0272(brokerage business),4469,-101
13,0009(brokerage business),21632,-560,13,0288(brokerage business),3820,161,13,0319(brokerage business),4285,559
14,0308(brokerage business),20910,-11406,14,0275(brokerage business),3555,466,14,0034(brokerage business),4175,922
15,0186(brokerage business),19750,-7786,15,0018(brokerage business),3319,619,15,0059(brokerage business),3029,292
16,0259(brokerage business),15523,-2776,16,0082(brokerage business),3236,-848,16,0081(brokerage business),2927,-57
17,0299(brokerage business),14655,-1870,17,0308(brokerage business),2909,194,17,0009(brokerage business),2817,92
18,0161(brokerage business),14113,-2459,18,0009(brokerage business),2800,928,18,0123(brokerage business),2812,1703
19,0059(brokerage business),13985,-9992,19,0137(brokerage business),2760,691,19,0274(brokerage business),2812,885
20,0019(brokerage business),12713,-9266,20,0323(brokerage business),2748,512,20,0082(brokerage business),2673,195
Total,,1020879,-434257,Total,,135118,9915,Total,,147320,8660
Ranking,Name of FF Member /OSBPs,Volume,Change from Previous Trading Day,Ranking,Name of FF Member /OSBPs,Long Position,Change from Previous Trading Day,Ranking,Name of FF Member /OSBPs,Short Position,Change from Previous Trading Day
Contract Code：fu2612,,,,,,,,,,2026-09-08,
1,0163(brokerage business),16321,-1490,1,0163(brokerage business),8002,-339,1,0004(brokerage business),14835,730
2,0148(brokerage business),12773,635,2,0004(brokerage business),7795,-18,2,0163(brokerage business),8013,-214
3,0275(brokerage business),11708,-4193,3,0034(brokerage business),6712,97,3,0253(brokerage business),6210,1335
4,0123(brokerage business),7106,-5488,4,0008(brokerage business),6007,27,4,0008(brokerage business),6000,28
5,0253(brokerage business),6832,2874,5,0161(brokerage business),5582,-38,5,0034(brokerage business),5915,-8
6,0161(brokerage business),6131,-1085,6,0253(brokerage business),5541,-53,6,0161(brokerage business),5664,-29
7,0004(brokerage business),4856,-1130,7,0123(brokerage business),5359,-214,7,0123(brokerage business),5199,-218
8,0240(brokerage business),3055,-509,8,0137(brokerage business),4734,20,8,0137(brokerage business),4612,-51
9,0178(brokerage business),2174,-236,9,0178(brokerage business),4530,3,9,0178(brokerage business),4592,-1
10,0069(brokerage business),2092,-626,10,0069(brokerage business),4261,32,10,0069(brokerage business),4359,-164
11,0272(brokerage business),1942,-481,11,0275(brokerage business),4222,54,11,0275(brokerage business),4259,-4
12,0271(brokerage business),1679,975,12,0148(brokerage business),2275,871,12,0372(brokerage business),1025,-1
13,0268(brokerage business),1577,-1244,13,0272(brokerage business),2021,-159,13,0148(brokerage business),818,-622
14,0008(brokerage business),1543,-1471,14,0103(brokerage business),1805,260,14,0268(brokerage business),518,126
15,0308(brokerage business),1212,-330,15,0335(brokerage business),1726,579,15,0288(brokerage business),503,-41
16,0034(brokerage business),1121,-409,16,0319(brokerage business),521,46,16,0299(brokerage business),435,241
17,0299(brokerage business),1117,-36,17,0082(brokerage business),502,-58,17,0240(brokerage business),428,-4
18,0342(brokerage business),1066,-322,18,0308(brokerage business),458,78,18,0081(brokerage business),347,145
19,0137(brokerage business),1015,-563,19,0299(brokerage business),415,32,19,0323(brokerage business),336,12
20,0298(brokerage business),951,-1294,20,0240(brokerage business),410,63,20,0308(brokerage business),297,46
Total,,86271,-16423,Total,,72878,1283,Total,,74365,1306
Ranking,Name of FF Member /OSBPs,Volume,Change from Previous Trading Day,Ranking,Name of FF Member /OSBPs,Long Position,Change from Previous Trading Day,Ranking,Name of FF Member /OSBPs,Short Position,Change from Previous Trading Day
Contract Code：fu2701,,,,,,,,,,2026-09-08,
1,0163(brokerage business),33916,7687,1,0148(brokerage business),10168,1036,1,0004(brokerage business),18014,1577
2,0148(brokerage business),27938,-786,2,0004(brokerage business),9132,467,2,0148(brokerage business),12326,1582
3,0004(brokerage business),23988,-9822,3,0272(brokerage business),8086,351,3,0272(brokerage business),11788,2887
4,0275(brokerage business),21548,-7135,4,0335(brokerage business),6301,448,4,0163(brokerage business),6265,-1345
5,0272(brokerage business),9188,-1327,5,0163(brokerage business),5128,187,5,0103(brokerage business),4364,157
6,0123(brokerage business),8849,-3432,6,0084(brokerage business),4927,101,6,0240(brokerage business),3433,125
7,0081(brokerage business),4679,883,7,0253(brokerage business),4844,198,7,0253(brokerage business),2756,110
8,0240(brokerage business),4327,-661,8,0239(brokerage business),4518,-133,8,0372(brokerage business),2582,402
9,0268(brokerage business),4290,1943,9,0123(brokerage business),4310,73,9,0082(brokerage business),2297,-204
10,0009(brokerage business),3715,2066,10,0103(brokerage business),4247,551,10,0239(brokerage business),2234,6
11,0253(brokerage business),3122,935,11,0319(brokerage business),3139,531,11,0298(brokerage business),1850,128
12,0338(brokerage business),2672,-1562,12,0338(brokerage business),3094,1680,12,0275(brokerage business),1738,230
13,0103(brokerage business),2652,-2582,13,0018(brokerage business),2037,101,13,0252(brokerage business),1737,372
14,0034(brokerage business),2511,-1619,14,0240(brokerage business),1899,298,14,0151(brokerage business),1627,-715
15,0137(brokerage business),2340,1119,15,0034(brokerage business),1713,148,15,0059(brokerage business),1298,57
16,0069(brokerage business),2160,-988,16,0069(brokerage business),1654,663,16,0034(brokerage business),1236,133
17,0271(brokerage business),2066,-946,17,0096(brokerage business),1386,-583,17,0081(brokerage business),1201,-36
18,0096(brokerage business),1972,-3443,18,0042(brokerage business),1282,30,18,0268(brokerage business),1165,50
19,0308(brokerage business),1875,-1414,19,0137(brokerage business),1249,167,19,0186(brokerage business),1144,63
20,0313(brokerage business),1781,1013,20,0274(brokerage business),1190,306,20,0338(brokerage business),1134,12
Total,,165589,-20071,Total,,80304,6620,Total,,80189,5591
Member/OSP Type,Total Volume,Change from Previous Trading Day,Member/OSP Type,Total Long Position,Change from Previous Trading Day,Member/OSP Type,Total Short Position,Change from Previous Trading Day,,,
Contract Code：buall,,,,,,,2026-09-08,,,,
Name of FF Member/OSBP,1372168,-190128,Name of FF Member/OSBP,681406,22984,Name of FF Member/OSBP,681406,22984,,,
Name of Non-FF Member/OSNBP,0,0,Name of Non-FF Member/OSNBP,0,0,Name of Non-FF Member/OSNBP,0,0,,,
Ranking,Name of FF Member /OSBPs,Volume,Change from Previous Trading Day,Ranking,Name of FF Member /OSBPs,Long Position,Change from Previous Trading Day,Ranking,Name of FF Member /OSBPs,Short Position,Change from Previous Trading Day
Contract Code：bu2609,,,,,,,,,,2026-09-08,
1,0275(brokerage business),2652,256,1,0123(brokerage business),1000,-10,1,0103(brokerage business),3100,-192
2,0271(brokerage business),1973,1282,2,0004(brokerage business),998,-746,2,0272(brokerage business),2249,-347
3,0333(brokerage business),1481,1102,3,0103(brokerage business),955,-94,3,0299(brokerage business),1190,-10
4,0004(brokerage business),1200,592,4,0148(brokerage business),541,-226,4,0123(brokerage business),298,-47
5,0125(brokerage business),558,556,5,0299(brokerage business),515,-9,5,0177(brokerage business),109,-10
6,0272(brokerage business),551,364,6,0096(brokerage business),500,0,6,0148(brokerage business),65,-154
7,0148(brokerage business),530,189,7,0385(brokerage business),500,0,7,0311(brokerage business),18,12
8,0163(brokerage business),328,121,8,0275(brokerage business),432,-152,8,0389(brokerage business),5,-5
9,0103(brokerage business),286,246,9,0095(brokerage business),423,-49,9,0240(brokerage business),4,-96
10,0274(brokerage business),283,182,10,0277(brokerage business),350,-100,10,0118(brokerage business),1,0
11,0240(brokerage business),240,166,11,0272(brokerage business),232,-186,11,0268(brokerage business),1,-21
12,0323(brokerage business),237,21,12,0177(brokerage business),227,0,12,0275(brokerage business),1,-128
13,0288(brokerage business),140,-28,13,0163(brokerage business),103,-123,13,0276(brokerage business),1,-1
14,0058(brokerage business),138,-91,14,0034(brokerage business),100,-3,14,,,
15,0295(brokerage business),134,120,15,0082(brokerage business),100,-2,15,,,
16,0069(brokerage business),120,95,16,0323(brokerage business),30,-1,16,,,
17,0308(brokerage business),115,43,17,0321(brokerage business),16,-2,17,,,
18,0280(brokerage business),114,99,18,0137(brokerage business),10,-15,18,,,
19,0151(brokerage business),110,69,19,0081(brokerage business),5,-2,19,,,
20,0277(brokerage business),109,107,20,0389(brokerage business),5,0,20,,,
Total,,11299,5491,Total,,7042,-1720,Total,,7042,-999
Ranking,Name of FF Member /OSBPs,Volume,Change from Previous Trading Day,Ranking,Name of FF Member /OSBPs,Long Position,Change from Previous Trading Day,Ranking,Name of FF Member /OSBPs,Short Position,Change from Previous Trading Day
Contract Code：bu2610,,,,,,,,,,2026-09-08,
1,0163(brokerage business),148553,13539,1,0004(brokerage business),23673,-588,1,0148(brokerage business),13688,-591
2,0004(brokerage business),87929,-74312,2,0148(brokerage business),14708,-952,2,0272(brokerage business),11775,-324
3,0148(brokerage business),67271,-14427,3,0163(brokerage business),11391,1306,3,0275(brokerage business),10629,-1173
4,0275(brokerage business),54398,8401,4,0103(brokerage business),9606,-871,4,0004(brokerage business),10061,-529
5,0123(brokerage business),28042,-10446,5,0272(brokerage business),7947,-1136,5,0123(brokerage business),7766,1827
6,0272(brokerage business),25906,-8774,6,0253(brokerage business),6397,-61,6,0139(brokerage business),7099,-129
7,0240(brokerage business),22434,-7166,7,0059(brokerage business),6379,472,7,0240(brokerage business),6979,4
8,0081(brokerage business),17435,-11269,8,0082(brokerage business),5078,-154,8,0253(brokerage business),5127,-134
9,0253(brokerage business),15045,-3987,9,0081(brokerage business),4299,-114,9,0103(brokerage business),4853,-83
10,0268(brokerage business),14508,-4126,10,0240(brokerage business),3802,-698,10,0298(brokerage business),4621,-158
11,0298(brokerage business),11786,-1040,11,0288(brokerage business),3522,-636,11,0163(brokerage business),4358,599
12,0186(brokerage business),11661,-857,12,0137(brokerage business),3483,98,12,0081(brokerage business),4261,-329
13,0034(brokerage business),10537,-2196,13,0335(brokerage business),3348,-447,13,0161(brokerage business),4149,42
14,0059(brokerage business),9616,-5361,14,0018(brokerage business),3257,-685,14,0034(brokerage business),4076,81
15,0308(brokerage business),9530,-2280,15,0151(brokerage business),3166,-903,15,0268(brokerage business),4039,-102
16,0288(brokerage business),9012,77,16,0333(brokerage business),3088,2,16,0121(brokerage business),4023,20
17,0069(brokerage business),8650,-2581,17,0323(brokerage business),3047,563,17,0288(brokerage business),3810,0
18,0103(brokerage business),8414,-7372,18,0096(brokerage business),2838,-155,18,0177(brokerage business),3610,4
19,0043(brokerage business),7432,-4345,19,0268(brokerage business),2699,-464,19,0308(brokerage business),3406,77
20,0323(brokerage business),7185,-1357,20,0311(brokerage business),2603,157,20,0186(brokerage business),3127,-80
Total,,575344,-139879,Total,,124331,-5266,Total,,121457,-978
Ranking,Name of FF Member /OSBPs,Volume,Change from Previous Trading Day,Ranking,Name of FF Member /OSBPs,Long Position,Change from Previous Trading Day,Ranking,Name of FF Member /OSBPs,Short Position,Change from Previous Trading Day
Contract Code：bu2611,,,,,,,,,,2026-09-08,
1,0148(brokerage business),42659,2,1,0148(brokerage business),32372,1681,1,0272(brokerage business),16933,1654
2,0163(brokerage business),42595,-11482,2,0272(brokerage business),18678,1711,2,0148(brokerage business),16355,2586
3,0004(brokerage business),37726,-8055,3,0004(brokerage business),14187,726,3,0004(brokerage business),14926,874
4,0275(brokerage business),19082,8603,4,0163(brokerage business),13063,-398,4,0009(brokerage business),13546,1615
5,0123(brokerage business),15500,-3351,5,0239(brokerage business),12315,67,5,0082(brokerage business),11853,350
6,0253(brokerage business),10971,-2544,6,0069(brokerage business),10471,1868,6,0275(brokerage business),10418,547
7,0081(brokerage business),10449,-74,7,0123(brokerage business),10352,3,7,0137(brokerage business),7515,114
8,0059(brokerage business),9370,-370,8,0103(brokerage business),9774,434,8,0069(brokerage business),7376,317
9,0009(brokerage business),8779,2268,9,0082(brokerage business),8859,296,9,0059(brokerage business),7298,654
10,0272(brokerage business),8551,135,10,0268(brokerage business),8266,-492,10,0081(brokerage business),6925,-102
11,0069(brokerage business),6249,-52,11,0161(brokerage business),7931,108,11,0253(brokerage business),6769,1266
12,0268(brokerage business),6141,-134,12,0059(brokerage business),7136,446,12,0123(brokerage business),6687,-199
13,0240(brokerage business),5850,187,13,0081(brokerage business),6594,159,13,0161(brokerage business),6498,216
14,0082(brokerage business),5374,1540,14,0335(brokerage business),6556,576,14,0103(brokerage business),6286,-268
15,0308(brokerage business),5238,-313,15,0137(brokerage business),6431,52,15,0139(brokerage business),6209,282
16,0338(brokerage business),4926,1277,16,0253(brokerage business),6259,463,16,0163(brokerage business),5995,-157
17,0137(brokerage business),4296,-139,17,0009(brokerage business),5163,16,17,0268(brokerage business),5807,-609
18,0271(brokerage business),4166,276,18,0139(brokerage business),4938,-128,18,0177(brokerage business),4822,155
19,0335(brokerage business),3793,-385,19,0043(brokerage business),4922,-120,19,0333(brokerage business),4559,78
20,0259(brokerage business),3445,1691,20,0275(brokerage business),4678,37,20,0335(brokerage business),4493,1305
Total,,255160,-10920,Total,,198945,7505,Total,,171270,10678
Ranking,Name of FF Member /OSBPs,Volume,Change from Previous Trading Day,Ranking,Name of FF Member /OSBPs,Long Position,Change from Previous Trading Day,Ranking,Name of FF Member /OSBPs,Short Position,Change from Previous Trading Day
Contract Code：bu2612,,,,,,,,,,2026-09-08,
1,0163(brokerage business),20151,-3930,1,0004(brokerage business),15960,1484,1,0103(brokerage business),14439,2412
2,0148(brokerage business),14524,2413,2,0148(brokerage business),14535,2598,2,0004(brokerage business),9746,1045
3,0004(brokerage business),12755,-203,3,0335(brokerage business),10313,314,3,0272(brokerage business),9522,-478
4,0275(brokerage business),11960,610,4,0239(brokerage business),9268,317,4,0123(brokerage business),9091,-978
5,0123(brokerage business),10236,399,5,0009(brokerage business),6738,140,5,0333(brokerage business),7565,392
6,0103(brokerage business),5656,3372,6,0103(brokerage business),6494,-1946,6,0253(brokerage business),6618,208
7,0308(brokerage business),4855,1889,7,0163(brokerage business),5477,-107,7,0244(brokerage business),6080,178
8,0333(brokerage business),4184,819,8,0177(brokerage business),5197,46,8,0275(brokerage business),5001,301
9,0271(brokerage business),3713,1646,9,0272(brokerage business),3878,529,9,0082(brokerage business),4975,341
10,0059(brokerage business),2739,-865,10,0253(brokerage business),3662,304,10,0238(brokerage business),4946,4
11,0253(brokerage business),2718,-845,11,0275(brokerage business),3647,123,11,0148(brokerage business),4556,364
12,0272(brokerage business),2707,-590,12,0059(brokerage business),3195,-2,12,0096(brokerage business),4211,167
13,0240(brokerage business),2429,-721,13,0084(brokerage business),3000,0,13,0240(brokerage business),3392,231
14,0335(brokerage business),2172,1046,14,0308(brokerage business),2449,52,14,0069(brokerage business),3180,115
15,0268(brokerage business),2151,-127,15,0082(brokerage business),2260,85,15,0018(brokerage business),2982,99
16,0069(brokerage business),2096,-240,16,0034(brokerage business),2198,273,16,0153(brokerage business),2525,-107
17,0259(brokerage business),2073,589,17,0389(brokerage business),2131,359,17,0067(brokerage business),2329,171
18,0137(brokerage business),1910,376,18,0277(brokerage business),1893,51,18,0268(brokerage business),2185,-528
19,0342(brokerage business),1752,1039,19,0069(brokerage business),1637,371,19,0335(brokerage business),2143,1380
20,0151(brokerage business),1580,175,20,0240(brokerage business),1573,-2,20,0095(brokerage business),2088,408
Total,,112361,6852,Total,,105505,4989,Total,,107574,5725
Ranking,Name of FF Member /OSBPs,Volume,Change from Previous Trading Day,Ranking,Name of FF Member /OSBPs,Long Position,Change from Previous Trading Day,Ranking,Name of FF Member /OSBPs,Short Position,Change from Previous Trading Day
Contract Code：bu2701,,,,,,,,,,2026-09-08,
1,0163(brokerage business),10782,492,1,0148(brokerage business),8267,744,1,0272(brokerage business),7366,3411
2,0148(brokerage business),7724,2524,2,0272(brokerage business),6863,3443,2,0275(brokerage business),5738,236
3,0272(brokerage business),7466,5845,3,0137(brokerage business),5078,-30,3,0137(brokerage business),5484,108
4,0123(brokerage business),4518,1886,4,0081(brokerage business),4206,7,4,0148(brokerage business),4148,154
5,0004(brokerage business),2681,728,5,0161(brokerage business),3391,4,5,0123(brokerage business),4103,749
6,0275(brokerage business),2588,-116,6,0275(brokerage business),3330,64,6,0059(brokerage business),3412,136
7,0059(brokerage business),1823,-871,7,0123(brokerage business),3306,533,7,0081(brokerage business),3160,31
8,0069(brokerage business),1658,505,8,0059(brokerage business),3244,125,8,0161(brokerage business),3073,46
9,0253(brokerage business),1657,-305,9,0009(brokerage business),2502,12,9,0069(brokerage business),2982,386
10,0268(brokerage business),1535,9,10,0069(brokerage business),2456,264,10,0139(brokerage business),2496,260
11,0137(brokerage business),1408,345,11,0139(brokerage business),2436,238,11,0082(brokerage business),2488,424
12,0240(brokerage business),1398,292,12,0082(brokerage business),2420,587,12,0009(brokerage business),2340,65
13,0103(brokerage business),1163,687,13,0004(brokerage business),1882,50,13,0103(brokerage business),2304,522
14,0082(brokerage business),1109,224,14,0268(brokerage business),1765,-234,14,0268(brokerage business),1967,-199
15,0342(brokerage business),1070,559,15,0335(brokerage business),1634,140,15,0238(brokerage business),1869,17
16,0274(brokerage business),852,390,16,0163(brokerage business),1588,7,16,0004(brokerage business),1840,1
17,0043(brokerage business),735,-439,17,0253(brokerage business),1102,12,17,0333(brokerage business),1627,-18
18,0161(brokerage business),730,-303,18,0308(brokerage business),1019,15,18,0163(brokerage business),972,-57
19,0081(brokerage business),720,-480,19,0042(brokerage business),1003,108,19,0018(brokerage business),914,29
20,0271(brokerage business),717,233,20,0240(brokerage business),968,23,20,0096(brokerage business),706,232
Total,,52334,12205,Total,,58460,6112,Total,,58989,6533
Member/OSP Type,Total Volume,Change from Previous Trading Day,Member/OSP Type,Total Long Position,Change from Previous Trading Day,Member/OSP Type,Total Short Position,Change from Previous Trading Day,,,
Contract Code：brall,,,,,,,2026-09-08,,,,
Name of FF Member/OSBP,602478,-628710,Name of FF Member/OSBP,162739,-9878,Name of FF Member/OSBP,162739,-9878,,,
Name of Non-FF Member/OSNBP,0,0,Name of Non-FF Member/OSNBP,0,0,Name of Non-FF Member/OSNBP,0,0,,,
Ranking,Name of FF Member /OSBPs,Volume,Change from Previous Trading Day,Ranking,Name of FF Member /OSBPs,Long Position,Change from Previous Trading Day,Ranking,Name of FF Member /OSBPs,Short Position,Change from Previous Trading Day
Contract Code：br2609,,,,,,,,,,2026-09-08,
1,0177(brokerage business),230,228,1,0004(brokerage business),390,0,1,0123(brokerage business),276,-6
2,0163(brokerage business),98,28,2,0029(brokerage business),160,-22,2,0004(brokerage business),86,-8
3,0271(brokerage business),56,44,3,0059(brokerage business),60,0,3,0253(brokerage business),60,0
4,0272(brokerage business),52,10,4,0163(brokerage business),60,-14,4,0125(brokerage business),56,0
5,0019(brokerage business),44,36,5,0018(brokerage business),36,0,5,0148(brokerage business),52,-6
6,0151(brokerage business),32,30,6,0007(brokerage business),24,0,6,0003(brokerage business),44,0
7,0096(brokerage business),30,30,7,0096(brokerage business),18,-30,7,0163(brokerage business),44,-84
8,0123(brokerage business),30,-22,8,,,,8,0082(brokerage business),24,0
9,0275(brokerage business),30,2,9,,,,9,0311(brokerage business),24,0
10,0034(brokerage business),26,18,10,,,,10,0096(brokerage business),18,0
11,0029(brokerage business),22,-56,11,,,,11,0103(brokerage business),18,-20
12,0103(brokerage business),20,20,12,,,,12,0069(brokerage business),12,-4
13,0372(brokerage business),20,18,13,,,,13,0177(brokerage business),12,-6
14,0004(brokerage business),16,-44,14,,,,14,0272(brokerage business),12,-28
15,0058(brokerage business),16,-14,15,,,,15,0151(brokerage business),8,8
16,0274(brokerage business),16,0,16,,,,16,0016(brokerage business),2,0
17,0333(brokerage business),16,8,17,,,,17,,,
18,0298(brokerage business),14,2,18,,,,18,,,
19,0069(brokerage business),12,12,19,,,,19,,,
20,0389(brokerage business),12,-2,20,,,,20,,,
Total,,792,348,Total,,748,-66,Total,,748,-154
Ranking,Name of FF Member /OSBPs,Volume,Change from Previous Trading Day,Ranking,Name of FF Member /OSBPs,Long Position,Change from Previous Trading Day,Ranking,Name of FF Member /OSBPs,Short Position,Change from Previous Trading Day
Contract Code：br2610,,,,,,,,,,2026-09-08,
1,0148(brokerage business),59844,-65278,1,0004(brokerage business),5119,-373,1,0004(brokerage business),6821,-71
2,0275(brokerage business),38695,-22186,2,0148(brokerage business),3225,-909,2,0163(brokerage business),3444,114
3,0004(brokerage business),37315,-37681,3,0103(brokerage business),1979,329,3,0148(brokerage business),2746,258
4,0163(brokerage business),29803,-35800,4,0163(brokerage business),1653,-311,4,0253(brokerage business),1547,-601
5,0253(brokerage business),15789,-17936,5,0253(brokerage business),1501,-168,5,0123(brokerage business),1391,148
6,0123(brokerage business),14417,-13533,6,0059(brokerage business),1383,47,6,0103(brokerage business),1306,-110
7,0081(brokerage business),12677,-15654,7,0321(brokerage business),965,2,7,0275(brokerage business),1304,-189
8,0240(brokerage business),12162,-11927,8,0311(brokerage business),941,505,8,0272(brokerage business),1258,-158
9,0298(brokerage business),9614,-6929,9,0001(brokerage business),931,1,9,0058(brokerage business),1243,-416
10,0259(brokerage business),8356,-2085,10,0268(brokerage business),895,63,10,0082(brokerage business),957,-149
11,0186(brokerage business),6615,-7249,11,0034(brokerage business),872,-86,11,0298(brokerage business),936,-243
12,0059(brokerage business),6098,-7686,12,0240(brokerage business),848,-58,12,0186(brokerage business),893,-53
13,0272(brokerage business),5750,-8446,13,0288(brokerage business),830,-40,13,0240(brokerage business),702,-112
14,0268(brokerage business),5682,-7749,14,0272(brokerage business),806,-212,14,0034(brokerage business),695,-66
15,0308(brokerage business),4753,-1585,15,0081(brokerage business),706,-538,15,0177(brokerage business),684,-107
16,0034(brokerage business),4744,-5888,16,0153(brokerage business),703,98,16,0268(brokerage business),628,-179
17,0019(brokerage business),4712,-5765,17,0043(brokerage business),689,23,17,0019(brokerage business),626,-91
18,0009(brokerage business),3937,-2772,18,0308(brokerage business),664,17,18,0081(brokerage business),624,243
19,0161(brokerage business),3909,-448,19,0058(brokerage business),641,-294,19,0418(brokerage business),611,53
20,0153(brokerage business),3697,219,20,0137(brokerage business),631,-75,20,0007(brokerage business),598,6
Total,,288569,-276378,Total,,25982,-1979,Total,,29014,-1723
Ranking,Name of FF Member /OSBPs,Volume,Change from Previous Trading Day,Ranking,Name of FF Member /OSBPs,Long Position,Change from Previous Trading Day,Ranking,Name of FF Member /OSBPs,Short Position,Change from Previous Trading Day
Contract Code：br2611,,,,,,,,,,2026-09-08,
1,0004(brokerage business),29216,-26846,1,0148(brokerage business),9152,-479,1,0004(brokerage business),19551,-1114
2,0148(brokerage business),22437,-26325,2,0004(brokerage business),8858,-1104,2,0323(brokerage business),8286,-70
3,0081(brokerage business),12534,-26506,3,0323(brokerage business),8522,-113,3,0268(brokerage business),7552,-3272
4,0163(brokerage business),11350,-18668,4,0268(brokerage business),8323,-3047,4,0148(brokerage business),7268,240
5,0275(brokerage business),11041,-11510,5,0163(brokerage business),5198,-127,5,0272(brokerage business),5878,-90
6,0268(brokerage business),10461,5156,6,0103(brokerage business),4761,186,6,0103(brokerage business),4649,687
7,0253(brokerage business),8589,-6975,7,0123(brokerage business),4715,-186,7,0163(brokerage business),4238,481
8,0123(brokerage business),7733,-15087,8,0253(brokerage business),4629,-268,8,0123(brokerage business),3394,155
9,0308(brokerage business),3545,1347,9,0048(brokerage business),2759,-5,9,0253(brokerage business),3323,-191
10,0272(brokerage business),3452,-2939,10,0335(brokerage business),2518,102,10,0029(brokerage business),2535,-146
11,0059(brokerage business),2566,-2235,11,0043(brokerage business),2423,-3,11,0043(brokerage business),2147,-11
12,0240(brokerage business),2484,-5167,12,0096(brokerage business),2286,180,12,0096(brokerage business),2146,-153
13,0058(brokerage business),2005,-2264,13,0272(brokerage business),2090,-98,13,0275(brokerage business),1942,-6
14,0103(brokerage business),1969,-4296,14,0275(brokerage business),2061,-5,14,0082(brokerage business),1890,-53
15,0096(brokerage business),1741,-919,15,0311(brokerage business),1222,-15,15,0081(brokerage business),1611,879
16,0009(brokerage business),1726,53,16,0240(brokerage business),1184,142,16,0048(brokerage business),1355,-8
17,0274(brokerage business),1562,-2216,17,0007(brokerage business),1025,219,17,0254(brokerage business),961,1
18,0323(brokerage business),1373,-2288,18,0058(brokerage business),972,-430,18,0107(brokerage business),756,-6
19,0177(brokerage business),1322,-2167,19,0161(brokerage business),922,-32,19,0059(brokerage business),701,126
20,0186(brokerage business),1318,-758,20,0067(brokerage business),851,38,20,0177(brokerage business),683,-226
Total,,138424,-150610,Total,,74471,-5045,Total,,80866,-2777
Member/OSP Type,Total Volume,Change from Previous Trading Day,Member/OSP Type,Total Long Position,Change from Previous Trading Day,Member/OSP Type,Total Short Position,Change from Previous Trading Day,,,
Contract Code：ruall,,,,,,,2026-09-08,,,,
Name of FF Member/OSBP,901746,-212152,Name of FF Member/OSBP,210815,11511,Name of FF Member/OSBP,210635,11511,,,
Name of Non-FF Member/OSNBP,0,-602,Name of Non-FF Member/OSNBP,50,0,Name of Non-FF Member/OSNBP,230,0,,,
Ranking,Name of FF Member /OSBPs,Volume,Change from Previous Trading Day,Ranking,Name of FF Member /OSBPs,Long Position,Change from Previous Trading Day,Ranking,Name of FF Member /OSBPs,Short Position,Change from Previous Trading Day
Contract Code：ru2609,,,,,,,,,,2026-09-08,
1,0163(brokerage business),239,-139,1,0004(brokerage business),599,-41,1,0151(brokerage business),1704,134
2,0271(brokerage business),226,164,2,0096(brokerage business),442,0,2,0240(brokerage business),310,-9
3,0177(brokerage business),215,214,3,0082(brokerage business),332,0,3,0123(brokerage business),200,-35
4,0151(brokerage business),142,-337,4,0163(brokerage business),300,-14,4,0177(brokerage business),200,125
5,0275(brokerage business),136,-4,5,0177(brokerage business),288,-62,5,0004(brokerage business),195,-33
6,0004(brokerage business),96,24,6,0148(brokerage business),259,-1,6,0148(brokerage business),130,-15
7,0274(brokerage business),86,-80,7,0058(brokerage business),220,0,7,0163(brokerage business),110,-9
8,0333(brokerage business),78,71,8,0103(brokerage business),203,-28,8,0096(brokerage business),100,-2
9,0272(brokerage business),68,-92,9,0125(brokerage business),123,-3,9,0272(brokerage business),55,9
10,0121(brokerage business),62,-13,10,0385(brokerage business),66,0,10,0067(brokerage business),50,-1
11,0308(brokerage business),60,19,11,0059(brokerage business),50,-6,11,0125(brokerage business),50,-6
12,0123(brokerage business),53,33,12,0121(brokerage business),50,-11,12,0322(brokerage business),40,-17
13,0081(brokerage business),52,19,13,0272(brokerage business),50,-5,13,0139(brokerage business),30,-8
14,0322(brokerage business),51,36,14,0276(brokerage business),50,0,14,0077(brokerage business),20,-3
15,0103(brokerage business),39,32,15,0254(brokerage business),34,0,15,0275(brokerage business),11,0
16,0148(brokerage business),34,-44,16,0275(brokerage business),30,0,16,0321(brokerage business),9,-3
17,0069(brokerage business),31,1,17,0322(brokerage business),30,30,17,0029(brokerage business),3,-3
18,0157(brokerage business),27,27,18,0067(brokerage business),16,15,18,0253(brokerage business),2,-4
19,0288(brokerage business),27,22,19,0048(brokerage business),15,-3,19,0315(brokerage business),2,0
20,0259(brokerage business),25,-78,20,0123(brokerage business),10,-10,20,,,
Total,,1747,-125,Total,,3167,-139,Total,,3221,120
Ranking,Name of FF Member /OSBPs,Volume,Change from Previous Trading Day,Ranking,Name of FF Member /OSBPs,Long Position,Change from Previous Trading Day,Ranking,Name of FF Member /OSBPs,Short Position,Change from Previous Trading Day
Contract Code：ru2611,,,,,,,,,,2026-09-08,
1,0004(brokerage business),1812,-1057,1,0004(brokerage business),624,3,1,0240(brokerage business),900,4
2,0253(brokerage business),1811,-1385,2,0177(brokerage business),538,-96,2,0004(brokerage business),729,-43
3,0163(brokerage business),1721,-1385,3,0151(brokerage business),494,-39,3,0151(brokerage business),558,1
4,0148(brokerage business),1711,476,4,0058(brokerage business),486,-57,4,0163(brokerage business),422,89
5,0275(brokerage business),1394,-22,5,0163(brokerage business),377,38,5,0148(brokerage business),382,154
6,0161(brokerage business),1136,-548,6,0123(brokerage business),372,-3,6,0349(brokerage business),327,0
7,0272(brokerage business),903,-147,7,0148(brokerage business),306,81,7,0077(brokerage business),307,3
8,0123(brokerage business),844,402,8,0240(brokerage business),264,63,8,0253(brokerage business),212,3
9,0081(brokerage business),352,-235,9,0009(brokerage business),197,105,9,0081(brokerage business),200,0
10,0082(brokerage business),311,-1754,10,0096(brokerage business),170,0,10,0335(brokerage business),108,0
11,0308(brokerage business),293,-133,11,0272(brokerage business),169,4,11,0069(brokerage business),107,19
12,0009(brokerage business),268,127,12,0253(brokerage business),151,30,12,0123(brokerage business),104,-1
13,0240(brokerage business),235,-168,13,0082(brokerage business),124,-3,13,0047(brokerage business),91,1
14,0137(brokerage business),212,-401,14,0312(brokerage business),92,0,14,0096(brokerage business),86,-3
15,0259(brokerage business),199,192,15,0323(brokerage business),87,37,15,0272(brokerage business),86,23
16,0151(brokerage business),182,-542,16,0103(brokerage business),82,2,16,0268(brokerage business),85,-4
17,0268(brokerage business),128,-5,17,0335(brokerage business),78,62,17,0082(brokerage business),82,0
18,0048(brokerage business),119,17,18,0007(brokerage business),73,66,18,0058(brokerage business),79,11
19,0069(brokerage business),119,-92,19,0034(brokerage business),69,-6,19,0177(brokerage business),66,0
20,0177(brokerage business),106,102,20,0042(brokerage business),66,-1,20,0105(brokerage business),61,0
Total,,13856,-6558,Total,,4819,286,Total,,4992,257
Ranking,Name of FF Member /OSBPs,Volume,Change from Previous Trading Day,Ranking,Name of FF Member /OSBPs,Long Position,Change from Previous Trading Day,Ranking,Name of FF Member /OSBPs,Short Position,Change from Previous Trading Day
Contract Code：ru2701,,,,,,,,,,2026-09-08,
1,0004(brokerage business),155139,-49130,1,0148(brokerage business),13841,960,1,0004(brokerage business),18313,48
2,0163(brokerage business),90456,-18597,2,0004(brokerage business),12877,695,2,0123(brokerage business),11186,153
3,0275(brokerage business),71503,5746,3,0163(brokerage business),11302,2705,3,0148(brokerage business),9190,412
4,0148(brokerage business),67384,-47883,4,0272(brokerage business),7321,-32,4,0163(brokerage business),6654,609
5,0123(brokerage business),29987,-8892,5,0103(brokerage business),7137,300,5,0272(brokerage business),6526,188
6,0240(brokerage business),28291,-11322,6,0253(brokerage business),5623,1073,6,0372(brokerage business),5520,-87
7,0253(brokerage business),22221,-11022,7,0240(brokerage business),4357,-591,7,0151(brokerage business),4740,137
8,0272(brokerage business),15328,-1784,8,0077(brokerage business),3840,340,8,0253(brokerage business),4477,-760
9,0323(brokerage business),14879,1417,9,0082(brokerage business),3807,-44,9,0240(brokerage business),4267,110
10,0081(brokerage business),13476,-12036,10,0268(brokerage business),3770,521,10,0096(brokerage business),4091,-57
11,0259(brokerage business),12394,-4353,11,0323(brokerage business),3552,389,11,0275(brokerage business),4078,-169
12,0096(brokerage business),10353,-959,12,0274(brokerage business),3115,-87,12,0103(brokerage business),3999,244
13,0034(brokerage business),8644,-1471,13,0018(brokerage business),2690,77,13,0082(brokerage business),3931,-972
14,0059(brokerage business),8528,-1214,14,0239(brokerage business),2472,801,14,0077(brokerage business),3436,206
15,0268(brokerage business),8392,227,15,0034(brokerage business),2394,71,15,0125(brokerage business),3414,-1395
16,0161(brokerage business),8014,4282,16,0275(brokerage business),2330,-298,16,0177(brokerage business),3237,-58
17,0186(brokerage business),7648,-2025,17,0019(brokerage business),2320,263,17,0034(brokerage business),2878,563
18,0069(brokerage business),6925,-1569,18,0067(brokerage business),2315,108,18,0058(brokerage business),2767,294
19,0274(brokerage business),6528,-1403,19,0059(brokerage business),2275,-87,19,0186(brokerage business),2408,640
20,0103(brokerage business),6060,-5983,20,0137(brokerage business),2237,-204,20,0069(brokerage business),2311,219
Total,,592150,-167971,Total,,99575,6960,Total,,107423,325
Ranking,Name of FF Member /OSBPs,Volume,Change from Previous Trading Day,Ranking,Name of FF Member /OSBPs,Long Position,Change from Previous Trading Day,Ranking,Name of FF Member /OSBPs,Short Position,Change from Previous Trading Day
Contract Code：ru2705,,,,,,,,,,2026-09-08,
1,0163(brokerage business),15736,-1344,1,0004(brokerage business),2318,683,1,0082(brokerage business),10510,964
2,0148(brokerage business),12618,2732,2,0163(brokerage business),2062,668,2,0004(brokerage business),1484,205
3,0253(brokerage business),8664,-2734,3,0148(brokerage business),1748,93,3,0125(brokerage business),1361,47
4,0004(brokerage business),7680,-4579,4,0277(brokerage business),1582,-16,4,0275(brokerage business),1323,35
5,0275(brokerage business),7526,-270,5,0272(brokerage business),1478,-25,5,0272(brokerage business),1262,962
6,0123(brokerage business),7246,2763,6,0295(brokerage business),1125,-20,6,0148(brokerage business),1100,33
7,0081(brokerage business),2676,-1616,7,0240(brokerage business),1117,143,7,0338(brokerage business),956,38
8,0059(brokerage business),2482,-537,8,0103(brokerage business),1082,44,8,0372(brokerage business),836,-5
9,0009(brokerage business),2032,-1727,9,0253(brokerage business),890,95,9,0137(brokerage business),747,12
10,0240(brokerage business),1590,-1234,10,0323(brokerage business),841,366,10,0240(brokerage business),573,-17
11,0272(brokerage business),1395,371,11,0274(brokerage business),805,-120,11,0123(brokerage business),546,62
12,0082(brokerage business),1102,363,12,0069(brokerage business),600,215,12,0096(brokerage business),530,8
13,0077(brokerage business),1053,-54,13,0139(brokerage business),520,-13,13,0139(brokerage business),526,220
14,0043(brokerage business),908,-95,14,0067(brokerage business),430,28,14,0103(brokerage business),513,204
15,0274(brokerage business),890,-49,15,0006(brokerage business),412,35,15,0121(brokerage business),373,21
16,0308(brokerage business),668,-213,16,0077(brokerage business),403,-126,16,0019(brokerage business),370,4
17,0007(brokerage business),635,-300,17,0034(brokerage business),382,148,17,0163(brokerage business),364,-76
18,0323(brokerage business),620,282,18,0107(brokerage business),381,57,18,0151(brokerage business),322,20
19,0069(brokerage business),538,114,19,0018(brokerage business),372,2,19,0136(brokerage business),275,16
20,0178(brokerage business),468,-70,20,0275(brokerage business),359,-39,20,0253(brokerage business),270,69
Total,,76527,-8197,Total,,18907,2218,Total,,24241,2822
Ranking,Name of FF Member /OSBPs,Volume,Change from Previous Trading Day,Ranking,Name of FF Member /OSBPs,Long Position,Change from Previous Trading Day,Ranking,Name of FF Member /OSBPs,Short Position,Change from Previous Trading Day
Contract Code：nr2609,,,,,,,,,,2026-09-08,
1,8096(brokerage business),30,-50,1,8253(brokerage business),140,0,1,8253(brokerage business),80,0
2,8288(brokerage business),20,20,2,8148(brokerage business),80,0,2,8004(brokerage business),60,0
3,8272(brokerage business),10,0,3,8077(brokerage business),20,0,3,8096(brokerage business),60,0
4,,,,4,8004(brokerage business),10,0,4,8148(brokerage business),40,0
5,,,,5,8151(brokerage business),10,0,5,8321(brokerage business),20,0
6,,,,6,8272(brokerage business),10,10,6,8323(brokerage business),10,0
Total,,60,-30,Total,,270,10,Total,,270,0
Ranking,Name of FF Member /OSBPs,Volume,Change from Previous Trading Day,Ranking,Name of FF Member /OSBPs,Long Position,Change from Previous Trading Day,Ranking,Name of FF Member /OSBPs,Short Position,Change from Previous Trading Day
Contract Code：nr2610,,,,,,,,,,2026-09-08,
1,8163(brokerage business),4912,-4789,1,8004(brokerage business),4107,52,1,8004(brokerage business),3301,-70
2,8004(brokerage business),2490,-8551,2,8148(brokerage business),2491,-240,2,8148(brokerage business),2429,-82
3,8253(brokerage business),2296,-6174,3,8096(brokerage business),1608,0,3,8272(brokerage business),1816,-29
4,8275(brokerage business),2170,-7326,4,8103(brokerage business),1262,-260,4,8163(brokerage business),1714,-226
5,8148(brokerage business),1660,-1167,5,8253(brokerage business),1181,5,5,8177(brokerage business),1392,-9
6,8007(brokerage business),1078,-55,6,8058(brokerage business),868,4,6,8103(brokerage business),1143,0
7,8059(brokerage business),906,-123,7,8077(brokerage business),752,-42,7,8275(brokerage business),1034,-75
8,8123(brokerage business),815,-964,8,8059(brokerage business),642,4,8,8253(brokerage business),948,3
9,8271(brokerage business),697,280,9,8272(brokerage business),488,124,9,8240(brokerage business),697,-4
10,8009(brokerage business),627,271,10,8151(brokerage business),466,-4,10,8019(brokerage business),672,-1
11,8272(brokerage business),423,-582,11,8389(brokerage business),458,28,11,8139(brokerage business),618,5
12,8268(brokerage business),376,-314,12,8001(brokerage business),418,13,12,8349(brokerage business),600,0
13,8295(brokerage business),368,353,13,8163(brokerage business),406,8,13,8069(brokerage business),563,0
14,8308(brokerage business),348,-34,14,8161(brokerage business),372,23,14,8077(brokerage business),546,-77
15,8081(brokerage business),279,-2272,15,8153(brokerage business),358,-6,15,8123(brokerage business),442,-9
16,8103(brokerage business),268,131,16,8003(brokerage business),352,0,16,8305(brokerage business),400,0
17,8042(brokerage business),257,105,17,8274(brokerage business),350,-1,17,8029(brokerage business),366,-46
18,8139(brokerage business),228,204,18,8095(brokerage business),344,0,18,8058(brokerage business),341,-2
19,8240(brokerage business),213,-368,19,8171(brokerage business),332,0,19,8096(brokerage business),273,-4
20,8137(brokerage business),183,91,20,8123(brokerage business),288,-14,20,8125(brokerage business),266,5
Total,,20594,-31284,Total,,17543,-306,Total,,19561,-621
Ranking,Name of FF Member /OSBPs,Volume,Change from Previous Trading Day,Ranking,Name of FF Member /OSBPs,Long Position,Change from Previous Trading Day,Ranking,Name of FF Member /OSBPs,Short Position,Change from Previous Trading Day
Contract Code：nr2611,,,,,,,,,,2026-09-08,
1,8163(brokerage business),44683,-2831,1,8004(brokerage business),6522,141,1,8004(brokerage business),11246,-240
2,8253(brokerage business),20494,-5574,2,8184(brokerage business),5917,-107,2,8148(brokerage business),6231,136
3,8004(brokerage business),16627,-10789,3,8148(brokerage business),5900,58,3,8163(brokerage business),4970,531
4,8275(brokerage business),15360,-8536,4,8103(brokerage business),5805,1386,4,8272(brokerage business),3827,113
5,8148(brokerage business),12262,-4100,5,8163(brokerage business),5698,538,5,8096(brokerage business),3814,-42
6,8123(brokerage business),12097,864,6,8239(brokerage business),5271,-941,6,8253(brokerage business),3615,23
7,8081(brokerage business),4664,-12287,7,8084(brokerage business),2655,-349,7,8240(brokerage business),3478,-81
8,8308(brokerage business),3525,-248,8,8274(brokerage business),2283,38,8,8123(brokerage business),3398,258
9,8272(brokerage business),3485,-2117,9,8349(brokerage business),2185,10,9,8103(brokerage business),2668,-76
10,8186(brokerage business),3123,718,10,8253(brokerage business),2137,17,10,8082(brokerage business),2657,34
11,8103(brokerage business),2744,-3640,11,8272(brokerage business),1868,-132,11,8275(brokerage business),2441,168
12,8298(brokerage business),2682,913,12,8268(brokerage business),1823,42,12,8009(brokerage business),2265,133
13,8096(brokerage business),2656,257,13,8277(brokerage business),1808,-42,13,8058(brokerage business),2139,31
14,8043(brokerage business),2411,-478,14,8240(brokerage business),1722,-19,14,8059(brokerage business),1843,-3
15,8268(brokerage business),2388,-254,15,8335(brokerage business),1689,16,15,8125(brokerage business),1838,730
16,8007(brokerage business),2384,-268,16,8177(brokerage business),1299,154,16,8077(brokerage business),1739,107
17,8034(brokerage business),2200,-230,17,8305(brokerage business),1244,-1,17,8177(brokerage business),1582,-8
18,8240(brokerage business),2122,-1400,18,8077(brokerage business),1175,-55,18,8308(brokerage business),1227,24
19,8239(brokerage business),1938,930,19,8123(brokerage business),1137,95,19,8069(brokerage business),1010,30
20,8059(brokerage business),1814,-1576,20,8082(brokerage business),1075,29,20,8153(brokerage business),871,-197
Total,,159659,-50646,Total,,59213,878,Total,,62859,1671
Ranking,Name of FF Member /OSBPs,Volume,Change from Previous Trading Day,Ranking,Name of FF Member /OSBPs,Long Position,Change from Previous Trading Day,Ranking,Name of FF Member /OSBPs,Short Position,Change from Previous Trading Day
Contract Code：nr2612,,,,,,,,,,2026-09-08,
1,8163(brokerage business),16581,8525,1,8004(brokerage business),6680,-126,1,8004(brokerage business),6745,-1111
2,8004(brokerage business),7813,-965,2,8148(brokerage business),4421,123,2,8148(brokerage business),3678,-16
3,8253(brokerage business),7695,1284,3,8009(brokerage business),3281,868,3,8372(brokerage business),3301,-202
4,8148(brokerage business),6683,2109,4,8323(brokerage business),2975,415,4,8253(brokerage business),3118,95
5,8275(brokerage business),5257,-2,5,8163(brokerage business),2680,104,5,8163(brokerage business),2665,207
6,8123(brokerage business),4497,1332,6,8103(brokerage business),2439,-19,6,8268(brokerage business),2506,36
7,8081(brokerage business),3503,2622,7,8034(brokerage business),2158,8,7,8103(brokerage business),2440,451
8,8096(brokerage business),3096,348,8,8268(brokerage business),2147,-8,8,8240(brokerage business),2234,16
9,8059(brokerage business),1596,-379,9,8082(brokerage business),1939,-2,9,8082(brokerage business),2157,39
10,8007(brokerage business),1503,-543,10,8274(brokerage business),1883,-60,10,8123(brokerage business),2105,53
11,8009(brokerage business),1199,-168,11,8253(brokerage business),1848,24,11,8323(brokerage business),2080,-56
12,8277(brokerage business),1053,997,12,8161(brokerage business),1640,7,12,8034(brokerage business),1960,0
13,8069(brokerage business),1038,50,13,8295(brokerage business),1594,94,13,8058(brokerage business),1850,192
14,8274(brokerage business),1013,-262,14,8372(brokerage business),1340,-4,14,8275(brokerage business),1531,91
15,8268(brokerage business),910,-146,15,8277(brokerage business),1200,0,15,8161(brokerage business),1526,4
16,8323(brokerage business),813,-134,16,8139(brokerage business),1155,0,16,8096(brokerage business),1276,132
17,8240(brokerage business),707,-563,17,8308(brokerage business),701,-30,17,8277(brokerage business),1102,1047
18,8418(brokerage business),668,490,18,8123(brokerage business),626,154,18,8177(brokerage business),848,12
19,8103(brokerage business),624,-273,19,8259(brokerage business),560,-58,19,8254(brokerage business),589,318
20,8161(brokerage business),619,-425,20,8240(brokerage business),497,-25,20,8308(brokerage business),410,64
Total,,66868,13897,Total,,41764,1465,Total,,44121,1372
Ranking,Name of FF Member /OSBPs,Volume,Change from Previous Trading Day,Ranking,Name of FF Member /OSBPs,Long Position,Change from Previous Trading Day,Ranking,Name of FF Member /OSBPs,Short Position,Change from Previous Trading Day
Contract Code：nr2701,,,,,,,,,,2026-09-08,
1,8163(brokerage business),7394,1038,1,8004(brokerage business),4168,141,1,8004(brokerage business),5487,-1967
2,8004(brokerage business),5472,1622,2,8009(brokerage business),2671,46,2,8148(brokerage business),4002,394
3,8253(brokerage business),3451,-404,3,8148(brokerage business),2482,315,3,8123(brokerage business),2006,200
4,8275(brokerage business),2829,309,4,8103(brokerage business),1553,281,4,8275(brokerage business),1995,435
5,8148(brokerage business),2049,-641,5,8139(brokerage business),1540,223,5,8349(brokerage business),1847,2
6,8123(brokerage business),1714,369,6,8295(brokerage business),1477,5,6,8103(brokerage business),1246,-4
7,8271(brokerage business),1273,511,7,8323(brokerage business),1447,-3,7,8305(brokerage business),1215,0
8,8059(brokerage business),1225,1,8,8272(brokerage business),1368,11,8,8163(brokerage business),1187,128
9,8125(brokerage business),1121,658,9,8163(brokerage business),1252,52,9,8254(brokerage business),1078,40
10,8007(brokerage business),1116,-386,10,8253(brokerage business),1227,-17,10,8253(brokerage business),1055,-60
11,8069(brokerage business),801,207,11,8335(brokerage business),1201,12,11,8321(brokerage business),999,-15
12,8240(brokerage business),725,-503,12,8274(brokerage business),1053,-94,12,8058(brokerage business),997,468
13,8058(brokerage business),610,421,13,8059(brokerage business),874,6,13,8081(brokerage business),953,33
14,8274(brokerage business),538,11,14,8240(brokerage business),833,-71,14,8019(brokerage business),852,165
15,8308(brokerage business),505,-148,15,8137(brokerage business),785,31,15,8059(brokerage business),837,209
16,8009(brokerage business),476,58,16,8288(brokerage business),763,16,16,8082(brokerage business),816,30
17,8103(brokerage business),439,-609,17,8077(brokerage business),758,94,17,8385(brokerage business),774,0
18,8138(brokerage business),437,366,18,8121(brokerage business),717,0,18,8372(brokerage business),761,2
19,8333(brokerage business),335,153,19,8107(brokerage business),585,-1,19,8034(brokerage business),657,82
20,8323(brokerage business),333,-219,20,8043(brokerage business),547,-25,20,8418(brokerage business),606,0
Total,,32843,2814,Total,,27301,1022,Total,,29370,142
Member/OSP Type,Total Volume,Change from Previous Trading Day,Member/OSP Type,Total Long Position,Change from Previous Trading Day,Member/OSP Type,Total Short Position,Change from Previous Trading Day,,,
Contract Code：spall,,,,,,,2026-09-08,,,,
Name of FF Member/OSBP,754374,-153606,Name of FF Member/OSBP,411207,4350,Name of FF Member/OSBP,411207,4350,,,
Name of Non-FF Member/OSNBP,0,0,Name of Non-FF Member/OSNBP,0,0,Name of Non-FF Member/OSNBP,0,0,,,
Ranking,Name of FF Member /OSBPs,Volume,Change from Previous Trading Day,Ranking,Name of FF Member /OSBPs,Long Position,Change from Previous Trading Day,Ranking,Name of FF Member /OSBPs,Short Position,Change from Previous Trading Day
Contract Code：sp2609,,,,,,,,,,2026-09-08,
1,0321(brokerage business),1140,920,1,0004(brokerage business),2356,394,1,0059(brokerage business),1470,0
2,0004(brokerage business),784,222,2,0081(brokerage business),1152,-12,2,0125(brokerage business),1324,-28
3,0275(brokerage business),524,308,3,0103(brokerage business),1002,-138,3,0004(brokerage business),1220,-62
4,0271(brokerage business),284,248,4,0082(brokerage business),796,-4,4,0148(brokerage business),614,-12
5,0308(brokerage business),256,102,5,0148(brokerage business),638,-12,5,0177(brokerage business),566,-96
6,0123(brokerage business),194,106,6,0123(brokerage business),366,154,6,0163(brokerage business),510,-2
7,0333(brokerage business),176,168,7,0029(brokerage business),304,-16,7,0299(brokerage business),400,0
8,0103(brokerage business),144,116,8,0003(brokerage business),300,-12,8,0081(brokerage business),322,0
9,0163(brokerage business),138,-28,9,0159(brokerage business),300,0,9,0327(brokerage business),300,-6
10,0034(brokerage business),100,64,10,0169(brokerage business),300,0,10,0019(brokerage business),288,0
11,0177(brokerage business),96,86,11,0009(brokerage business),246,0,11,0082(brokerage business),250,0
12,0096(brokerage business),86,-64,12,0034(brokerage business),200,-100,12,0138(brokerage business),238,0
13,0151(brokerage business),60,44,13,0349(brokerage business),200,0,13,0268(brokerage business),230,0
14,0186(brokerage business),60,28,14,0019(brokerage business),142,-4,14,0159(brokerage business),218,0
15,0311(brokerage business),54,52,15,0139(brokerage business),120,-2,15,0096(brokerage business),200,0
16,0323(brokerage business),46,36,16,0177(brokerage business),120,0,16,0418(brokerage business),200,0
17,0019(brokerage business),40,-12,17,0272(brokerage business),116,16,17,0272(brokerage business),178,0
18,0148(brokerage business),36,-426,18,0385(brokerage business),84,0,18,0321(brokerage business),178,-450
19,0259(brokerage business),36,22,19,0138(brokerage business),80,-8,19,0153(brokerage business),100,0
20,0272(brokerage business),36,-66,20,0268(brokerage business),40,-4,20,0103(brokerage business),56,-6
Total,,4290,1926,Total,,8862,252,Total,,8862,-662
Ranking,Name of FF Member /OSBPs,Volume,Change from Previous Trading Day,Ranking,Name of FF Member /OSBPs,Long Position,Change from Previous Trading Day,Ranking,Name of FF Member /OSBPs,Short Position,Change from Previous Trading Day
Contract Code：sp2611,,,,,,,,,,2026-09-08,
1,0004(brokerage business),141676,-32580,1,0004(brokerage business),27724,291,1,0004(brokerage business),23003,-2537
2,0163(brokerage business),93530,-9467,2,0148(brokerage business),13654,422,2,0148(brokerage business),22650,1676
3,0275(brokerage business),62185,3180,3,0272(brokerage business),11248,72,3,0163(brokerage business),19251,-2057
4,0148(brokerage business),54618,-40028,4,0163(brokerage business),9522,1537,4,0239(brokerage business),11994,-56
5,0253(brokerage business),30467,-1888,5,0268(brokerage business),8667,163,5,0272(brokerage business),11448,1002
6,0240(brokerage business),16081,-2766,6,0240(brokerage business),5845,28,6,0059(brokerage business),8830,-691
7,0272(brokerage business),13540,-2962,7,0253(brokerage business),5674,618,7,0103(brokerage business),7585,223
8,0081(brokerage business),10449,-5469,8,0081(brokerage business),4828,187,8,0253(brokerage business),7354,199
9,0103(brokerage business),9438,-5905,9,0096(brokerage business),4406,-646,9,0335(brokerage business),7334,45
10,0123(brokerage business),7864,740,10,0077(brokerage business),4035,-312,10,0123(brokerage business),6807,101
11,0096(brokerage business),7705,-507,11,0043(brokerage business),3986,-41,11,0177(brokerage business),6038,172
12,0186(brokerage business),7258,-967,12,0103(brokerage business),3633,-833,12,0081(brokerage business),5629,-210
13,0059(brokerage business),5111,-488,13,0013(brokerage business),3459,1,13,0058(brokerage business),5027,110
14,0308(brokerage business),5048,-554,14,0034(brokerage business),3454,-87,14,0125(brokerage business),4261,289
15,0268(brokerage business),5014,-2273,15,0323(brokerage business),3336,346,15,0034(brokerage business),4129,305
16,0298(brokerage business),4768,-2054,16,0275(brokerage business),3241,-275,16,0043(brokerage business),3480,-18
17,0077(brokerage business),4631,-1419,17,0186(brokerage business),3236,-32,17,0308(brokerage business),3331,154
18,0034(brokerage business),4336,-1834,18,0082(brokerage business),3214,501,18,0240(brokerage business),3097,583
19,0274(brokerage business),4209,1133,19,0137(brokerage business),3194,56,19,0084(brokerage business),3014,-18
20,0069(brokerage business),4137,-1060,20,0058(brokerage business),3184,-4,20,0082(brokerage business),3004,91
Total,,492065,-107168,Total,,129540,1992,Total,,167266,-637
Ranking,Name of FF Member /OSBPs,Volume,Change from Previous Trading Day,Ranking,Name of FF Member /OSBPs,Long Position,Change from Previous Trading Day,Ranking,Name of FF Member /OSBPs,Short Position,Change from Previous Trading Day
Contract Code：sp2701,,,,,,,,,,2026-09-08,
1,0148(brokerage business),24113,-5565,1,0004(brokerage business),12652,374,1,0148(brokerage business),15842,-214
2,0275(brokerage business),15703,7045,2,0123(brokerage business),10314,-266,2,0004(brokerage business),14573,-673
3,0163(brokerage business),14980,-4079,3,0163(brokerage business),8974,509,3,0418(brokerage business),5719,10
4,0004(brokerage business),11829,-3410,4,0272(brokerage business),6763,165,4,0058(brokerage business),4891,4
5,0123(brokerage business),7098,-1729,5,0177(brokerage business),5601,-75,5,0335(brokerage business),4544,55
6,0253(brokerage business),5065,-2013,6,0042(brokerage business),4629,-142,6,0169(brokerage business),4518,0
7,0240(brokerage business),4169,418,7,0043(brokerage business),4568,23,7,0009(brokerage business),4123,-29
8,0086(brokerage business),2677,165,8,0148(brokerage business),3724,-213,8,0253(brokerage business),4024,82
9,0081(brokerage business),2306,-1263,9,0103(brokerage business),3534,20,9,0125(brokerage business),3980,-4
10,0059(brokerage business),1404,-406,10,0018(brokerage business),2792,-30,10,0177(brokerage business),3901,-7
11,0272(brokerage business),1298,171,11,0253(brokerage business),2507,-17,11,0103(brokerage business),3835,-114
12,0186(brokerage business),1222,-99,12,0275(brokerage business),2488,68,12,0034(brokerage business),3472,79
13,0313(brokerage business),1047,139,13,0186(brokerage business),2057,66,13,0029(brokerage business),3421,119
14,0311(brokerage business),955,28,14,0288(brokerage business),2017,12,14,0163(brokerage business),3306,-523
15,0103(brokerage business),898,37,15,0262(brokerage business),1790,11,15,0096(brokerage business),3065,107
16,0034(brokerage business),773,-411,16,0268(brokerage business),1782,48,16,0272(brokerage business),2955,295
17,0096(brokerage business),758,-479,17,0077(brokerage business),1771,57,17,0081(brokerage business),2894,23
18,0067(brokerage business),746,212,18,0136(brokerage business),1758,-67,18,0059(brokerage business),2872,-275
19,0274(brokerage business),718,-492,19,0069(brokerage business),1733,9,19,0003(brokerage business),2852,-7
20,0077(brokerage business),663,-283,20,0137(brokerage business),1607,-62,20,0139(brokerage business),2776,13
Total,,98422,-12014,Total,,83061,490,Total,,97563,-1059
Member/OSP Type,Total Volume,Change from Previous Trading Day,Member/OSP Type,Total Long Position,Change from Previous Trading Day,Member/OSP Type,Total Short Position,Change from Previous Trading Day,,,
Contract Code：opall,,,,,,,2026-09-08,,,,
Name of FF Member/OSBP,36544,-6422,Name of FF Member/OSBP,25771,-81,Name of FF Member/OSBP,25771,-81,,,
Name of Non-FF Member/OSNBP,0,0,Name of Non-FF Member/OSNBP,0,0,Name of Non-FF Member/OSNBP,0,0,,,
Ranking,Name of FF Member /OSBPs,Volume,Change from Previous Trading Day,Ranking,Name of FF Member /OSBPs,Long Position,Change from Previous Trading Day,Ranking,Name of FF Member /OSBPs,Short Position,Change from Previous Trading Day
Contract Code：op2609,,,,,,,,,,2026-09-08,
1,0004(brokerage business),21,18,1,0004(brokerage business),30,13,1,0321(brokerage business),28,0
2,0096(brokerage business),10,8,2,,,,2,0082(brokerage business),2,0
3,0058(brokerage business),2,2,3,,,,3,,,
4,0274(brokerage business),1,1,4,,,,4,,,
Total,,34,29,Total,,30,13,Total,,30,0
Ranking,Name of FF Member /OSBPs,Volume,Change from Previous Trading Day,Ranking,Name of FF Member /OSBPs,Long Position,Change from Previous Trading Day,Ranking,Name of FF Member /OSBPs,Short Position,Change from Previous Trading Day
Contract Code：op2610,,,,,,,,,,2026-09-08,
1,0257(brokerage business),4077,1239,1,0268(brokerage business),976,-18,1,0268(brokerage business),907,4
2,0268(brokerage business),2736,1013,2,0082(brokerage business),595,-2,2,0004(brokerage business),843,-27
3,0275(brokerage business),2182,968,3,0148(brokerage business),528,2,3,0148(brokerage business),506,7
4,0004(brokerage business),542,-351,4,0004(brokerage business),507,1,4,0082(brokerage business),503,0
5,0148(brokerage business),469,-332,5,0008(brokerage business),487,-8,5,0257(brokerage business),499,-1
6,0163(brokerage business),239,-438,6,0123(brokerage business),485,-1,6,0008(brokerage business),487,-6
7,0081(brokerage business),226,204,7,0257(brokerage business),485,-6,7,0123(brokerage business),485,-2
8,0123(brokerage business),191,-438,8,0275(brokerage business),473,-3,8,0275(brokerage business),461,1
9,0299(brokerage business),78,74,9,0013(brokerage business),157,0,9,0018(brokerage business),50,-2
10,0008(brokerage business),62,3,10,0059(brokerage business),67,-2,10,0163(brokerage business),48,-17
11,0288(brokerage business),11,9,11,0137(brokerage business),34,-2,11,0319(brokerage business),38,0
12,0034(brokerage business),10,2,12,0067(brokerage business),30,0,12,0125(brokerage business),32,0
13,0082(brokerage business),10,-137,13,0034(brokerage business),23,-10,13,0389(brokerage business),30,0
14,0095(brokerage business),8,8,14,0048(brokerage business),22,0,14,0103(brokerage business),27,0
15,0009(brokerage business),6,2,15,0069(brokerage business),22,0,15,0136(brokerage business),20,-2
16,0137(brokerage business),6,4,16,0182(brokerage business),19,0,16,0151(brokerage business),17,2
17,0151(brokerage business),6,6,17,0163(brokerage business),16,4,17,0137(brokerage business),11,2
18,0153(brokerage business),6,4,18,0049(brokerage business),12,-1,18,0009(brokerage business),9,4
19,0272(brokerage business),6,1,19,0240(brokerage business),12,-2,19,0299(brokerage business),9,-1
20,0343(brokerage business),6,6,20,0081(brokerage business),11,5,20,0001(brokerage business),7,-1
Total,,10877,1847,Total,,4961,-43,Total,,4989,-39
Ranking,Name of FF Member /OSBPs,Volume,Change from Previous Trading Day,Ranking,Name of FF Member /OSBPs,Long Position,Change from Previous Trading Day,Ranking,Name of FF Member /OSBPs,Short Position,Change from Previous Trading Day
Contract Code：op2611,,,,,,,,,,2026-09-08,
1,0163(brokerage business),2946,-2931,1,0268(brokerage business),3726,18,1,0268(brokerage business),3752,32
2,0257(brokerage business),2719,-405,2,0004(brokerage business),3009,-40,2,0123(brokerage business),2899,-14
3,0004(brokerage business),2526,-142,3,0148(brokerage business),2633,-14,3,0148(brokerage business),2579,27
4,0123(brokerage business),2337,-1625,4,0123(brokerage business),2446,-15,4,0004(brokerage business),2521,-52
5,0268(brokerage business),2160,-467,5,0008(brokerage business),2002,2,5,0008(brokerage business),1998,-1
6,0148(brokerage business),1533,-1075,6,0257(brokerage business),1814,202,6,0257(brokerage business),1797,197
7,0008(brokerage business),1203,432,7,0082(brokerage business),1563,12,7,0082(brokerage business),1503,-53
8,0275(brokerage business),1013,71,8,0275(brokerage business),1419,-14,8,0275(brokerage business),1405,-11
9,0081(brokerage business),480,-511,9,0163(brokerage business),195,-55,9,0103(brokerage business),495,0
10,0019(brokerage business),298,114,10,0034(brokerage business),60,0,10,0163(brokerage business),471,-65
11,0298(brokerage business),137,31,11,0086(brokerage business),57,18,11,0253(brokerage business),294,5
12,0029(brokerage business),98,95,12,0308(brokerage business),56,6,12,0058(brokerage business),58,23
13,0034(brokerage business),97,28,13,0018(brokerage business),48,0,13,0186(brokerage business),33,21
14,0058(brokerage business),89,-6,14,0137(brokerage business),48,1,14,0272(brokerage business),31,28
15,0244(brokerage business),80,-25,15,0319(brokerage business),46,-16,15,0042(brokerage business),26,-9
16,0309(brokerage business),73,-213,16,0238(brokerage business),44,-1,16,0252(brokerage business),26,-3
17,0082(brokerage business),71,-472,17,0001(brokerage business),42,1,17,0137(brokerage business),24,2
18,0051(brokerage business),64,61,18,0125(brokerage business),42,2,18,0048(brokerage business),23,0
19,0016(brokerage business),60,60,19,0272(brokerage business),35,4,19,0067(brokerage business),23,-3
20,0272(brokerage business),56,-25,20,0043(brokerage business),33,-11,20,0018(brokerage business),14,-4
Total,,18040,-7005,Total,,19318,100,Total,,19972,120
