"SHFE Member/OSP Volume, Open Interest Rankings",,,,,,,,,,,
,,,,,,,,,,,
Date: 2026-05-07,,,,,,,,,,,
"Note: FF Member/OSBP may not engage in trading of its own futures, the above volume and positions ranking data of FF Member/OSBP Clearing Members refers to he participation of all clients who are engaging in brokerage business during the statistical period. FF Member/OSBP engaging in brokerage business shall accept entrustment by its clients to conduct futures trading in its own name on behalf of the client.",,,,,,,,,,,
Member/OSP Type,Total Volume,Change from Previous Trading Day,Member/OSP Type,Total Long Position,Change from Previous Trading Day,Member/OSP Type,Total Short Position,Change from Previous Trading Day,,,
Contract Code：cuall,,,,,,,2026-05-07,,,,
Name of FF Member/OSBP,320766,83740,Name of FF Member/OSBP,526631,3184,Name of FF Member/OSBP,523698,2696,,,
Name of Non-FF Member/OSNBP,1582,398,Name of Non-FF Member/OSNBP,5459,-338,Name of Non-FF Member/OSNBP,8392,150,,,
Ranking,Name of FF Member /OSBPs,Volume,Change from Previous Trading Day,Ranking,Name of FF Member /OSBPs,Long Position,Change from Previous Trading Day,Ranking,Name of FF Member /OSBPs,Short Position,Change from Previous Trading Day
Contract Code：cu2605,,,,,,,,,,2026-05-07,
1,0049(brokerage business),4830,-410,1,0049(brokerage business),4020,-1765,1,0049(brokerage business),4645,-835
2,0163(brokerage business),3525,610,2,0004(brokerage business),3760,-475,2,0139(brokerage business),2605,-1005
3,0148(brokerage business),3400,-127,3,0148(brokerage business),3600,-670,3,0009(brokerage business),2330,-250
4,0272(brokerage business),2255,705,4,0025(brokerage business),3220,-750,4,0148(brokerage business),1800,-660
5,0321(brokerage business),1870,410,5,0315(brokerage business),2690,-315,5,0082(brokerage business),1790,-90
6,0004(brokerage business),1830,405,6,0321(brokerage business),2255,-1040,6,0004(brokerage business),1590,-235
7,0139(brokerage business),1535,1305,7,0009(brokerage business),1900,40,7,0034(brokerage business),1365,165
8,0333(brokerage business),1400,1200,8,0272(brokerage business),1170,25,8,0240(brokerage business),1285,-175
9,0042(brokerage business),1270,855,9,0003(brokerage business),1065,-395,9,0272(brokerage business),1215,-720
10,0009(brokerage business),1190,480,10,0043(brokerage business),810,-45,10,0321(brokerage business),1070,-500
11,0025(brokerage business),1105,-330,11,0096(brokerage business),735,-110,11,0081(brokerage business),945,0
12,0034(brokerage business),1060,649,12,0042(brokerage business),720,265,12,0096(brokerage business),860,-140
13,0058(brokerage business),970,-565,13,0007(brokerage business),710,15,13,0048(brokerage business),805,-180
14,0052(brokerage business),880,55,14,0178(brokerage business),550,-50,14,0058(brokerage business),700,45
15,0018(brokerage business),870,605,15,0163(brokerage business),540,35,15,0052(brokerage business),685,160
16,0006(brokerage business),805,150,16,0253(brokerage business),450,-190,16,0163(brokerage business),680,-450
17,0240(brokerage business),680,405,17,0069(brokerage business),380,-175,17,0169(brokerage business),660,-195
18,0315(brokerage business),645,-470,18,0299(brokerage business),365,185,18,0042(brokerage business),505,-185
19,0096(brokerage business),620,-71,19,0048(brokerage business),360,130,19,0253(brokerage business),500,-45
20,0069(brokerage business),580,60,20,0295(brokerage business),340,-10,20,0051(brokerage business),455,-70
Total,,31320,5921,Total,,29640,-5295,Total,,26490,-5365
Ranking,Name of FF Member /OSBPs,Volume,Change from Previous Trading Day,Ranking,Name of FF Member /OSBPs,Long Position,Change from Previous Trading Day,Ranking,Name of FF Member /OSBPs,Short Position,Change from Previous Trading Day
Contract Code：cu2606,,,,,,,,,,2026-05-07,
1,0004(brokerage business),23580,7345,1,0004(brokerage business),29380,218,1,0148(brokerage business),19622,829
2,0163(brokerage business),17334,4984,2,0148(brokerage business),23580,34,2,0049(brokerage business),19017,337
3,0148(brokerage business),15979,6124,3,0163(brokerage business),11059,1156,3,0272(brokerage business),14245,138
4,0253(brokerage business),8614,3212,4,0103(brokerage business),8208,-1069,4,0004(brokerage business),13361,-390
5,0308(brokerage business),5184,1373,5,0272(brokerage business),6238,263,5,0009(brokerage business),9031,450
6,0272(brokerage business),5157,405,6,0025(brokerage business),5674,72,6,0042(brokerage business),6885,-518
7,0049(brokerage business),3704,1575,7,0253(brokerage business),4668,-150,7,0163(brokerage business),6606,-1084
8,0240(brokerage business),3436,1154,8,0240(brokerage business),3639,71,8,0315(brokerage business),6454,-430
9,0081(brokerage business),3296,688,9,0335(brokerage business),3595,0,9,0321(brokerage business),5096,27
10,0042(brokerage business),3106,1696,10,0161(brokerage business),3413,1,10,0139(brokerage business),4899,697
11,0123(brokerage business),2775,-903,11,0049(brokerage business),3395,-203,11,0003(brokerage business),4365,-121
12,0096(brokerage business),2763,1114,12,0042(brokerage business),3388,-68,12,0253(brokerage business),4175,-62
13,0069(brokerage business),2667,1349,13,0096(brokerage business),3240,619,13,0018(brokerage business),3723,-317
14,0275(brokerage business),2451,164,14,0315(brokerage business),3115,1,14,0058(brokerage business),3635,241
15,0034(brokerage business),2345,109,15,0082(brokerage business),3033,8,15,0082(brokerage business),3607,178
16,0043(brokerage business),2284,1303,16,0034(brokerage business),2890,46,16,0169(brokerage business),3355,149
17,0103(brokerage business),2041,280,17,0323(brokerage business),2720,47,17,0240(brokerage business),3215,-693
18,0259(brokerage business),2040,904,18,0308(brokerage business),2546,-27,18,0034(brokerage business),3206,-135
19,0136(brokerage business),1841,1283,19,0268(brokerage business),2531,76,19,0108(brokerage business),2830,-4
20,0268(brokerage business),1745,254,20,0081(brokerage business),2478,-565,20,0048(brokerage business),2761,231
Total,,112342,34413,Total,,128790,530,Total,,140088,-477
Ranking,Name of FF Member /OSBPs,Volume,Change from Previous Trading Day,Ranking,Name of FF Member /OSBPs,Long Position,Change from Previous Trading Day,Ranking,Name of FF Member /OSBPs,Short Position,Change from Previous Trading Day
Contract Code：cu2607,,,,,,,,,,2026-05-07,
1,0004(brokerage business),12931,5295,1,0148(brokerage business),18346,-150,1,0148(brokerage business),17623,149
2,0148(brokerage business),5895,1744,2,0004(brokerage business),14915,462,2,0049(brokerage business),10312,650
3,0163(brokerage business),5528,1740,3,0163(brokerage business),6388,353,3,0004(brokerage business),8098,-655
4,0308(brokerage business),3246,1111,4,0272(brokerage business),5364,528,4,0009(brokerage business),7198,234
5,0253(brokerage business),2697,202,5,0239(brokerage business),5044,554,5,0042(brokerage business),6524,524
6,0049(brokerage business),1964,674,6,0049(brokerage business),4913,64,6,0272(brokerage business),6327,106
7,0178(brokerage business),1685,419,7,0268(brokerage business),3410,35,7,0163(brokerage business),6238,109
8,0272(brokerage business),1660,234,8,0003(brokerage business),3356,-68,8,0372(brokerage business),6233,15
9,0042(brokerage business),1324,844,9,0082(brokerage business),2879,147,9,0125(brokerage business),3664,20
10,0069(brokerage business),1213,-308,10,0103(brokerage business),2723,-29,10,0069(brokerage business),3293,284
11,0275(brokerage business),1211,102,11,0253(brokerage business),2638,132,11,0003(brokerage business),2926,-50
12,0240(brokerage business),1149,131,12,0125(brokerage business),2467,-30,12,0169(brokerage business),2478,73
13,0025(brokerage business),1042,-179,13,0323(brokerage business),1954,75,13,0321(brokerage business),2079,246
14,0123(brokerage business),1011,-555,14,0240(brokerage business),1920,141,14,0025(brokerage business),1867,203
15,0077(brokerage business),999,369,15,0077(brokerage business),1876,450,15,0138(brokerage business),1783,37
16,0096(brokerage business),929,-83,16,0096(brokerage business),1797,-135,16,0082(brokerage business),1663,-9
17,0081(brokerage business),871,258,17,0042(brokerage business),1726,300,17,0308(brokerage business),1627,485
18,0019(brokerage business),865,156,18,0274(brokerage business),1726,91,18,0088(brokerage business),1572,159
19,0274(brokerage business),800,327,19,0034(brokerage business),1713,6,19,0139(brokerage business),1568,137
20,0088(brokerage business),787,600,20,0025(brokerage business),1643,527,20,0253(brokerage business),1549,-51
Total,,47807,13081,Total,,86798,3453,Total,,94622,2666
Ranking,Name of FF Member /OSBPs,Volume,Change from Previous Trading Day,Ranking,Name of FF Member /OSBPs,Long Position,Change from Previous Trading Day,Ranking,Name of FF Member /OSBPs,Short Position,Change from Previous Trading Day
Contract Code：cu2608,,,,,,,,,,2026-05-07,
1,0004(brokerage business),3317,1418,1,0148(brokerage business),6060,572,1,0004(brokerage business),8429,96
2,0308(brokerage business),2020,1213,2,0004(brokerage business),4121,131,2,0148(brokerage business),7216,123
3,0148(brokerage business),1917,49,3,0163(brokerage business),3179,1,3,0272(brokerage business),3302,-8
4,0163(brokerage business),1640,527,4,0003(brokerage business),2731,0,4,0042(brokerage business),2953,-84
5,0253(brokerage business),1106,359,5,0272(brokerage business),2718,-131,5,0009(brokerage business),2807,-3
6,0088(brokerage business),778,440,6,0049(brokerage business),2308,0,6,0163(brokerage business),2446,7
7,0052(brokerage business),502,500,7,0069(brokerage business),2146,61,7,0169(brokerage business),2287,188
8,0259(brokerage business),486,135,8,0268(brokerage business),1529,3,8,0049(brokerage business),2074,72
9,0019(brokerage business),361,2,9,0088(brokerage business),1469,116,9,0372(brokerage business),1438,3
10,0333(brokerage business),342,341,10,0323(brokerage business),1305,3,10,0018(brokerage business),1103,15
11,0272(brokerage business),327,-24,11,0253(brokerage business),1137,217,11,0025(brokerage business),1099,1
12,0240(brokerage business),309,152,12,0338(brokerage business),1052,-1,12,0082(brokerage business),1040,174
13,0001(brokerage business),278,126,13,0031(brokerage business),963,2,13,0138(brokerage business),1019,18
14,0034(brokerage business),269,12,14,0178(brokerage business),929,14,14,0096(brokerage business),962,110
15,0009(brokerage business),261,217,15,0042(brokerage business),895,-44,15,0034(brokerage business),916,4
16,0082(brokerage business),251,200,16,0335(brokerage business),865,1,16,0125(brokerage business),740,2
17,0161(brokerage business),243,141,17,0103(brokerage business),766,-27,17,0157(brokerage business),709,1
18,0069(brokerage business),240,-9,18,0034(brokerage business),738,-137,18,0253(brokerage business),640,275
19,0096(brokerage business),225,-25,19,0096(brokerage business),669,-3,19,0261(brokerage business),504,0
20,0169(brokerage business),219,140,20,0254(brokerage business),658,-1,20,0244(brokerage business),493,2
Total,,15091,5914,Total,,36238,777,Total,,42177,996
Ranking,Name of FF Member /OSBPs,Volume,Change from Previous Trading Day,Ranking,Name of FF Member /OSBPs,Long Position,Change from Previous Trading Day,Ranking,Name of FF Member /OSBPs,Short Position,Change from Previous Trading Day
Contract Code：cu2609,,,,,,,,,,2026-05-07,
1,0004(brokerage business),1713,1020,1,0004(brokerage business),4627,275,1,0004(brokerage business),12420,256
2,0148(brokerage business),1405,515,2,0148(brokerage business),3571,142,2,0148(brokerage business),10184,299
3,0163(brokerage business),1140,382,3,0034(brokerage business),2777,9,3,0042(brokerage business),3133,-72
4,0069(brokerage business),851,563,4,0136(brokerage business),2149,72,4,0049(brokerage business),2763,25
5,0253(brokerage business),784,184,5,0069(brokerage business),2087,-242,5,0003(brokerage business),2575,-11
6,0088(brokerage business),669,293,6,0272(brokerage business),1591,-60,6,0253(brokerage business),1576,-27
7,0239(brokerage business),456,456,7,0178(brokerage business),1508,33,7,0163(brokerage business),1395,70
8,0274(brokerage business),377,336,8,0042(brokerage business),1381,38,8,0139(brokerage business),1282,-2
9,0240(brokerage business),375,189,9,0323(brokerage business),1321,-13,9,0088(brokerage business),1210,185
10,0308(brokerage business),368,177,10,0338(brokerage business),1268,6,10,0372(brokerage business),1203,14
11,0019(brokerage business),329,39,11,0288(brokerage business),1259,-32,11,0096(brokerage business),1097,2
12,0272(brokerage business),297,-92,12,0077(brokerage business),1248,56,12,0240(brokerage business),816,96
13,0042(brokerage business),252,108,13,0274(brokerage business),1198,299,13,0018(brokerage business),810,48
14,0259(brokerage business),246,146,14,0031(brokerage business),1194,1,14,0272(brokerage business),616,-31
15,0077(brokerage business),219,-483,15,0025(brokerage business),1075,-24,15,0034(brokerage business),603,8
16,0136(brokerage business),219,206,16,0049(brokerage business),1064,-26,16,0081(brokerage business),529,9
17,0177(brokerage business),201,192,17,0096(brokerage business),1011,83,17,0261(brokerage business),517,0
18,0096(brokerage business),193,46,18,0339(brokerage business),885,0,18,0169(brokerage business),504,169
19,0018(brokerage business),186,162,19,0268(brokerage business),884,21,19,0082(brokerage business),367,2
20,0059(brokerage business),182,171,20,0177(brokerage business),870,-100,20,0244(brokerage business),363,0
Total,,10462,4610,Total,,32968,538,Total,,43963,1040
Ranking,Name of FF Member /OSBPs,Volume,Change from Previous Trading Day,Ranking,Name of FF Member /OSBPs,Long Position,Change from Previous Trading Day,Ranking,Name of FF Member /OSBPs,Short Position,Change from Previous Trading Day
Contract Code：cu2610,,,,,,,,,,2026-05-07,
1,0136(brokerage business),539,539,1,0148(brokerage business),1789,-112,1,0004(brokerage business),3730,-6
2,0004(brokerage business),430,299,2,0004(brokerage business),1272,-176,2,0148(brokerage business),3197,33
3,0253(brokerage business),396,286,3,0069(brokerage business),952,-16,3,0253(brokerage business),1731,78
4,0088(brokerage business),324,66,4,0088(brokerage business),936,17,4,0042(brokerage business),1506,16
5,0308(brokerage business),244,54,5,0288(brokerage business),936,-92,5,0163(brokerage business),1102,14
6,0148(brokerage business),243,101,6,0272(brokerage business),896,2,6,0157(brokerage business),508,150
7,0069(brokerage business),196,133,7,0049(brokerage business),853,15,7,0103(brokerage business),441,2
8,0163(brokerage business),159,58,8,0031(brokerage business),715,0,8,0139(brokerage business),386,0
9,0288(brokerage business),155,153,9,0136(brokerage business),560,527,9,0153(brokerage business),364,0
10,0157(brokerage business),153,151,10,0338(brokerage business),497,11,10,0088(brokerage business),345,57
11,0259(brokerage business),127,45,11,0096(brokerage business),484,-28,11,0321(brokerage business),327,0
12,0240(brokerage business),119,81,12,0323(brokerage business),417,0,12,0049(brokerage business),265,28
13,0049(brokerage business),93,57,13,0103(brokerage business),403,-5,13,0008(brokerage business),237,0
14,0077(brokerage business),93,64,14,0253(brokerage business),380,82,14,0009(brokerage business),236,0
15,0095(brokerage business),70,63,15,0161(brokerage business),352,15,15,0096(brokerage business),211,1
16,0276(brokerage business),69,60,16,0315(brokerage business),352,2,16,0025(brokerage business),157,-1
17,0272(brokerage business),66,-66,17,0003(brokerage business),319,2,17,0272(brokerage business),122,-38
18,0042(brokerage business),57,0,18,0019(brokerage business),255,0,18,0003(brokerage business),98,0
19,0186(brokerage business),57,53,19,0240(brokerage business),241,-19,19,0268(brokerage business),94,1
20,0018(brokerage business),45,7,20,0169(brokerage business),231,-2,20,0308(brokerage business),92,-11
Total,,3635,2204,Total,,12840,223,Total,,15149,324
Ranking,Name of FF Member /OSBPs,Volume,Change from Previous Trading Day,Ranking,Name of FF Member /OSBPs,Long Position,Change from Previous Trading Day,Ranking,Name of FF Member /OSBPs,Short Position,Change from Previous Trading Day
Contract Code：cu2612,,,,,,,,,,2026-05-07,
1,0096(brokerage business),802,747,1,0148(brokerage business),2221,43,1,0148(brokerage business),10385,59
2,0069(brokerage business),715,426,2,0136(brokerage business),1809,278,2,0004(brokerage business),2992,162
3,0323(brokerage business),504,486,3,0049(brokerage business),1749,50,3,0042(brokerage business),2052,0
4,0163(brokerage business),449,174,4,0069(brokerage business),1570,1,4,0239(brokerage business),1627,0
5,0004(brokerage business),418,315,5,0004(brokerage business),1144,82,5,0253(brokerage business),1034,87
6,0136(brokerage business),280,280,6,0034(brokerage business),1045,-3,6,0025(brokerage business),1010,40
7,0253(brokerage business),280,97,7,0003(brokerage business),1019,0,7,0049(brokerage business),986,43
8,0240(brokerage business),259,126,8,0031(brokerage business),1006,0,8,0163(brokerage business),519,-4
9,0148(brokerage business),232,4,9,0338(brokerage business),891,0,9,0069(brokerage business),491,64
10,0095(brokerage business),185,88,10,0025(brokerage business),856,-2,10,0240(brokerage business),415,46
11,0077(brokerage business),160,72,11,0082(brokerage business),787,-40,11,0103(brokerage business),362,31
12,0272(brokerage business),141,72,12,0043(brokerage business),786,62,12,0186(brokerage business),345,77
13,0049(brokerage business),139,42,13,0323(brokerage business),779,199,13,0001(brokerage business),223,44
14,0259(brokerage business),113,1,14,0081(brokerage business),745,-6,14,0272(brokerage business),162,55
15,0001(brokerage business),103,103,15,0096(brokerage business),736,122,15,0095(brokerage business),157,108
16,0186(brokerage business),88,44,16,0042(brokerage business),712,1,16,0323(brokerage business),156,3
17,0081(brokerage business),69,-28,17,0272(brokerage business),578,16,17,0088(brokerage business),141,41
18,0295(brokerage business),65,13,18,0161(brokerage business),500,-1,18,0034(brokerage business),135,1
19,0043(brokerage business),62,-22,19,0253(brokerage business),486,91,19,0321(brokerage business),127,4
20,0103(brokerage business),45,22,20,0274(brokerage business),440,29,20,0018(brokerage business),125,0
Total,,5109,3062,Total,,19859,922,Total,,23444,861
Member/OSP Type,Total Volume,Change from Previous Trading Day,Member/OSP Type,Total Long Position,Change from Previous Trading Day,Member/OSP Type,Total Short Position,Change from Previous Trading Day,,,
Contract Code：alall,,,,,,,2026-05-07,,,,
Name of FF Member/OSBP,909048,445679,Name of FF Member/OSBP,682736,14548,Name of FF Member/OSBP,660083,16894,,,
Name of Non-FF Member/OSNBP,2638,-1449,Name of Non-FF Member/OSNBP,0,0,Name of Non-FF Member/OSNBP,22653,-2346,,,
Ranking,Name of FF Member /OSBPs,Volume,Change from Previous Trading Day,Ranking,Name of FF Member /OSBPs,Long Position,Change from Previous Trading Day,Ranking,Name of FF Member /OSBPs,Short Position,Change from Previous Trading Day
Contract Code：al2605,,,,,,,,,,2026-05-07,
1,0163(brokerage business),3690,570,1,0148(brokerage business),7045,-240,1,0148(brokerage business),5850,-340
2,0148(brokerage business),3240,1895,2,0004(brokerage business),4330,-1410,2,0004(brokerage business),3545,-355
3,0004(brokerage business),2205,1258,3,0139(brokerage business),2575,210,3,0029(brokerage business),1585,0
4,0139(brokerage business),1535,820,4,0163(brokerage business),1115,160,4,0123(brokerage business),1455,-210
5,0096(brokerage business),1230,1060,5,0123(brokerage business),1075,55,5,0019(brokerage business),1065,-375
6,0275(brokerage business),1030,650,6,0003(brokerage business),1030,-275,6,0171(brokerage business),970,0
7,0259(brokerage business),995,130,7,0240(brokerage business),900,-65,7,0253(brokerage business),815,-30
8,0003(brokerage business),965,965,8,0049(brokerage business),815,30,8,0323(brokerage business),770,-115
9,0058(brokerage business),940,450,9,0069(brokerage business),730,-345,9,0272(brokerage business),735,135
10,0069(brokerage business),930,724,10,0272(brokerage business),710,-95,10,0169(brokerage business),720,200
11,0123(brokerage business),925,135,11,0034(brokerage business),650,95,11,0139(brokerage business),715,-685
12,0048(brokerage business),885,885,12,0299(brokerage business),625,55,12,0043(brokerage business),670,0
13,0019(brokerage business),725,320,13,0019(brokerage business),525,-310,13,0049(brokerage business),670,-5
14,0272(brokerage business),720,-90,14,0338(brokerage business),515,5,14,0268(brokerage business),625,15
15,0125(brokerage business),645,645,15,0253(brokerage business),405,-110,15,0058(brokerage business),620,-85
16,0274(brokerage business),605,440,16,0006(brokerage business),400,0,16,0321(brokerage business),620,0
17,0018(brokerage business),500,380,17,0178(brokerage business),400,0,17,0137(brokerage business),595,-205
18,0077(brokerage business),375,300,18,0059(brokerage business),395,-15,18,0277(brokerage business),580,-35
19,0137(brokerage business),365,345,19,0051(brokerage business),385,0,19,0163(brokerage business),500,-70
20,0082(brokerage business),360,100,20,0031(brokerage business),380,45,20,0349(brokerage business),490,-10
Total,,22865,11982,Total,,25005,-2210,Total,,23595,-2170
Ranking,Name of FF Member /OSBPs,Volume,Change from Previous Trading Day,Ranking,Name of FF Member /OSBPs,Long Position,Change from Previous Trading Day,Ranking,Name of FF Member /OSBPs,Short Position,Change from Previous Trading Day
Contract Code：al2606,,,,,,,,,,2026-05-07,
1,0004(brokerage business),79592,34951,1,0148(brokerage business),30460,204,1,0004(brokerage business),33691,1652
2,0148(brokerage business),61122,31262,2,0004(brokerage business),27443,-3690,2,0148(brokerage business),31383,564
3,0253(brokerage business),41883,18654,3,0163(brokerage business),13099,-2514,3,0123(brokerage business),23842,-763
4,0163(brokerage business),37007,21120,4,0103(brokerage business),11368,-1608,4,0253(brokerage business),11428,-1049
5,0259(brokerage business),31451,19668,5,0253(brokerage business),10951,-354,5,0272(brokerage business),10203,637
6,0081(brokerage business),29103,15300,6,0123(brokerage business),8431,1451,6,0059(brokerage business),9644,756
7,0123(brokerage business),17646,1864,7,0069(brokerage business),8016,1870,7,0058(brokerage business),8541,-1532
8,0275(brokerage business),16252,7368,8,0240(brokerage business),7655,1107,8,0163(brokerage business),7885,1803
9,0272(brokerage business),14255,8362,9,0275(brokerage business),7355,2631,9,0240(brokerage business),7167,-1374
10,0240(brokerage business),12247,7155,10,0272(brokerage business),6781,-506,10,0029(brokerage business),7139,-348
11,0268(brokerage business),8926,5694,11,0096(brokerage business),6703,248,11,0139(brokerage business),6440,-637
12,0049(brokerage business),7516,6067,12,0268(brokerage business),6395,-2093,12,0034(brokerage business),5561,-218
13,0034(brokerage business),6975,3835,13,0059(brokerage business),5878,27,13,0082(brokerage business),5097,-329
14,0069(brokerage business),6554,3379,14,0082(brokerage business),5612,197,14,0275(brokerage business),5009,-461
15,0389(brokerage business),6143,2754,15,0049(brokerage business),5438,274,15,0009(brokerage business),4434,-706
16,0042(brokerage business),5806,3632,16,0308(brokerage business),4888,338,16,0008(brokerage business),4289,51
17,0043(brokerage business),5724,3324,17,0042(brokerage business),4864,-31,17,0335(brokerage business),4266,1368
18,0274(brokerage business),5304,3434,18,0034(brokerage business),4855,373,18,0153(brokerage business),3982,1339
19,0298(brokerage business),5085,2714,19,0139(brokerage business),4845,143,19,0003(brokerage business),3856,-565
20,0308(brokerage business),4970,1825,20,0323(brokerage business),4663,58,20,0042(brokerage business),3684,-365
Total,,403561,202362,Total,,185700,-1875,Total,,197541,-177
Ranking,Name of FF Member /OSBPs,Volume,Change from Previous Trading Day,Ranking,Name of FF Member /OSBPs,Long Position,Change from Previous Trading Day,Ranking,Name of FF Member /OSBPs,Short Position,Change from Previous Trading Day
Contract Code：al2607,,,,,,,,,,2026-05-07,
1,0004(brokerage business),55556,27108,1,0148(brokerage business),23943,596,1,0148(brokerage business),34267,753
2,0148(brokerage business),19743,7777,2,0004(brokerage business),20743,-1306,2,0123(brokerage business),21171,272
3,0253(brokerage business),15365,4410,3,0268(brokerage business),11736,523,3,0004(brokerage business),15588,872
4,0081(brokerage business),14297,8589,4,0272(brokerage business),8763,177,4,0163(brokerage business),8354,2136
5,0163(brokerage business),13013,6160,5,0163(brokerage business),8119,-1499,5,0239(brokerage business),6274,1183
6,0123(brokerage business),9984,7219,6,0123(brokerage business),6390,376,6,0139(brokerage business),5957,0
7,0323(brokerage business),6066,3760,7,0323(brokerage business),5327,1785,7,0272(brokerage business),5626,473
8,0275(brokerage business),6027,4065,8,0069(brokerage business),5279,1780,8,0268(brokerage business),5185,145
9,0069(brokerage business),5499,4480,9,0084(brokerage business),5085,-107,9,0058(brokerage business),4992,-300
10,0240(brokerage business),4815,2453,10,0239(brokerage business),4803,113,10,0003(brokerage business),4578,185
11,0239(brokerage business),3934,2089,11,0103(brokerage business),4483,234,11,0103(brokerage business),4358,-58
12,0272(brokerage business),2808,-486,12,0042(brokerage business),4407,314,12,0049(brokerage business),4016,1238
13,0034(brokerage business),2789,2035,13,0308(brokerage business),4278,-110,13,0240(brokerage business),3912,1555
14,0308(brokerage business),2608,807,14,0096(brokerage business),4243,152,14,0253(brokerage business),3829,640
15,0049(brokerage business),2531,2195,15,0009(brokerage business),4057,1225,15,0034(brokerage business),3806,41
16,0088(brokerage business),2445,2103,16,0048(brokerage business),4027,929,16,0002(brokerage business),3500,0
17,0274(brokerage business),2442,1900,17,0003(brokerage business),3995,152,17,0275(brokerage business),3355,129
18,0009(brokerage business),2406,1928,18,0253(brokerage business),3312,-1907,18,0029(brokerage business),3193,130
19,0007(brokerage business),2322,1865,19,0007(brokerage business),3247,1533,19,0323(brokerage business),3150,107
20,0018(brokerage business),2112,1233,20,0049(brokerage business),3058,601,20,0008(brokerage business),2785,28
Total,,176762,91690,Total,,139295,5561,Total,,147896,9529
Ranking,Name of FF Member /OSBPs,Volume,Change from Previous Trading Day,Ranking,Name of FF Member /OSBPs,Long Position,Change from Previous Trading Day,Ranking,Name of FF Member /OSBPs,Short Position,Change from Previous Trading Day
Contract Code：al2608,,,,,,,,,,2026-05-07,
1,0004(brokerage business),6341,3590,1,0148(brokerage business),11490,982,1,0082(brokerage business),8151,307
2,0253(brokerage business),5708,2475,2,0004(brokerage business),11044,-296,2,0148(brokerage business),6751,914
3,0148(brokerage business),5256,2345,3,0003(brokerage business),3667,21,3,0139(brokerage business),5253,-8
4,0081(brokerage business),5168,3101,4,0272(brokerage business),3311,427,4,0004(brokerage business),4515,-51
5,0163(brokerage business),3703,1985,5,0103(brokerage business),2275,86,5,0253(brokerage business),4294,231
6,0069(brokerage business),2437,1935,6,0261(brokerage business),2007,2,6,0308(brokerage business),4090,490
7,0259(brokerage business),1799,1285,7,0069(brokerage business),1592,238,7,0249(brokerage business),3414,-1
8,0308(brokerage business),1733,1131,8,0274(brokerage business),1538,510,8,0323(brokerage business),3092,491
9,0123(brokerage business),1363,822,9,0268(brokerage business),1422,47,9,0103(brokerage business),1769,21
10,0323(brokerage business),1246,337,10,0096(brokerage business),1356,395,10,0272(brokerage business),1762,-19
11,0272(brokerage business),1198,-622,11,0239(brokerage business),1312,2,11,0123(brokerage business),1186,-150
12,0385(brokerage business),1160,1158,12,0081(brokerage business),1250,-49,12,0003(brokerage business),1120,3
13,0274(brokerage business),1157,934,13,0385(brokerage business),1162,1160,13,0275(brokerage business),1036,102
14,0088(brokerage business),914,458,14,0161(brokerage business),1104,33,14,0042(brokerage business),978,-545
15,0240(brokerage business),824,358,15,0163(brokerage business),1031,91,15,0240(brokerage business),971,30
16,0275(brokerage business),769,191,16,0252(brokerage business),1000,200,16,0163(brokerage business),947,180
17,0042(brokerage business),752,286,17,0308(brokerage business),952,-183,17,0088(brokerage business),915,506
18,0295(brokerage business),704,313,18,0042(brokerage business),918,21,18,0069(brokerage business),913,833
19,0058(brokerage business),698,488,19,0139(brokerage business),842,4,19,0268(brokerage business),837,36
20,0137(brokerage business),591,482,20,0253(brokerage business),803,103,20,0137(brokerage business),715,-299
Total,,43521,23052,Total,,50076,3794,Total,,52709,3071
Ranking,Name of FF Member /OSBPs,Volume,Change from Previous Trading Day,Ranking,Name of FF Member /OSBPs,Long Position,Change from Previous Trading Day,Ranking,Name of FF Member /OSBPs,Short Position,Change from Previous Trading Day
Contract Code：al2609,,,,,,,,,,2026-05-07,
1,0253(brokerage business),4902,1485,1,0148(brokerage business),6409,476,1,0148(brokerage business),6426,123
2,0081(brokerage business),3729,1493,2,0004(brokerage business),4238,332,2,0082(brokerage business),6347,9
3,0148(brokerage business),3617,1703,3,0323(brokerage business),3799,174,3,0004(brokerage business),5030,787
4,0163(brokerage business),2788,1712,4,0069(brokerage business),2861,73,4,0249(brokerage business),3609,6
5,0004(brokerage business),2309,1591,5,0261(brokerage business),2001,0,5,0103(brokerage business),3241,394
6,0274(brokerage business),2113,1841,6,0161(brokerage business),1992,121,6,0139(brokerage business),2521,-4
7,0069(brokerage business),1395,782,7,0274(brokerage business),1755,1644,7,0059(brokerage business),2083,36
8,0275(brokerage business),1142,573,8,0163(brokerage business),1727,12,8,0163(brokerage business),2066,554
9,0272(brokerage business),1129,730,9,0272(brokerage business),1433,630,9,0308(brokerage business),1995,201
10,0259(brokerage business),1097,964,10,0103(brokerage business),1306,-19,10,0275(brokerage business),1930,308
11,0018(brokerage business),908,364,11,0123(brokerage business),1182,42,11,0240(brokerage business),1038,109
12,0240(brokerage business),889,140,12,0137(brokerage business),1137,-25,12,0069(brokerage business),1015,798
13,0323(brokerage business),768,-39,13,0349(brokerage business),1027,6,13,0123(brokerage business),883,-9
14,0103(brokerage business),747,643,14,0253(brokerage business),1026,234,14,0253(brokerage business),728,296
15,0019(brokerage business),737,445,15,0042(brokerage business),1018,39,15,0009(brokerage business),609,158
16,0308(brokerage business),686,-51,16,0048(brokerage business),917,92,16,0003(brokerage business),509,-2
17,0088(brokerage business),668,-80,17,0268(brokerage business),868,-148,17,0261(brokerage business),429,-1
18,0186(brokerage business),399,264,18,0153(brokerage business),865,46,18,0274(brokerage business),397,-17
19,0271(brokerage business),393,101,19,0313(brokerage business),719,72,19,0323(brokerage business),355,52
20,0268(brokerage business),357,29,20,0007(brokerage business),718,61,20,0042(brokerage business),343,110
Total,,30773,14690,Total,,36998,3862,Total,,41554,3908
Ranking,Name of FF Member /OSBPs,Volume,Change from Previous Trading Day,Ranking,Name of FF Member /OSBPs,Long Position,Change from Previous Trading Day,Ranking,Name of FF Member /OSBPs,Short Position,Change from Previous Trading Day
Contract Code：al2610,,,,,,,,,,2026-05-07,
1,0253(brokerage business),1412,30,1,0004(brokerage business),1897,-299,1,0148(brokerage business),5616,24
2,0081(brokerage business),1008,374,2,0148(brokerage business),1842,106,2,0249(brokerage business),2300,0
3,0272(brokerage business),840,681,3,0323(brokerage business),1686,204,3,0082(brokerage business),2252,0
4,0004(brokerage business),732,-32,4,0253(brokerage business),1209,314,4,0139(brokerage business),1697,1
5,0042(brokerage business),706,660,5,0003(brokerage business),1155,2,5,0059(brokerage business),1005,0
6,0069(brokerage business),592,320,6,0261(brokerage business),1008,0,6,0004(brokerage business),866,-11
7,0308(brokerage business),513,338,7,0069(brokerage business),925,148,7,0123(brokerage business),588,0
8,0088(brokerage business),421,86,8,0268(brokerage business),893,39,8,0327(brokerage business),495,2
9,0148(brokerage business),390,-181,9,0272(brokerage business),712,442,9,0009(brokerage business),457,-3
10,0018(brokerage business),384,312,10,0042(brokerage business),640,-564,10,0171(brokerage business),350,0
11,0240(brokerage business),364,115,11,0049(brokerage business),603,-6,11,0253(brokerage business),350,-8
12,0163(brokerage business),324,-98,12,0240(brokerage business),528,115,12,0240(brokerage business),264,29
13,0323(brokerage business),284,-297,13,0123(brokerage business),507,0,13,0312(brokerage business),252,0
14,0257(brokerage business),225,224,14,0163(brokerage business),418,-10,14,0275(brokerage business),212,-10
15,0137(brokerage business),214,1,15,0137(brokerage business),407,6,15,0272(brokerage business),164,-10
16,0271(brokerage business),206,169,16,0274(brokerage business),362,-57,16,0163(brokerage business),118,0
17,0274(brokerage business),186,-70,17,0103(brokerage business),327,-8,17,0069(brokerage business),83,44
18,0275(brokerage business),174,-133,18,0096(brokerage business),259,122,18,0034(brokerage business),62,-6
19,0096(brokerage business),170,149,19,0088(brokerage business),238,-419,19,0103(brokerage business),56,0
20,0259(brokerage business),160,-28,20,0007(brokerage business),232,0,20,0288(brokerage business),55,0
Total,,9305,2620,Total,,15848,135,Total,,17242,52
Member/OSP Type,Total Volume,Change from Previous Trading Day,Member/OSP Type,Total Long Position,Change from Previous Trading Day,Member/OSP Type,Total Short Position,Change from Previous Trading Day,,,
Contract Code：znall,,,,,,,2026-05-07,,,,
Name of FF Member/OSBP,259677,-3560,Name of FF Member/OSBP,177049,-677,Name of FF Member/OSBP,176108,-680,,,
Name of Non-FF Member/OSNBP,7,4,Name of Non-FF Member/OSNBP,0,0,Name of Non-FF Member/OSNBP,941,3,,,
Ranking,Name of FF Member /OSBPs,Volume,Change from Previous Trading Day,Ranking,Name of FF Member /OSBPs,Long Position,Change from Previous Trading Day,Ranking,Name of FF Member /OSBPs,Short Position,Change from Previous Trading Day
Contract Code：zn2605,,,,,,,,,,2026-05-07,
1,0163(brokerage business),1120,-290,1,0148(brokerage business),1055,-500,1,0148(brokerage business),990,-30
2,0148(brokerage business),770,320,2,0004(brokerage business),1000,0,2,0315(brokerage business),620,-50
3,0004(brokerage business),610,215,3,0058(brokerage business),665,-55,3,0169(brokerage business),530,0
4,0003(brokerage business),430,370,4,0069(brokerage business),510,0,4,0052(brokerage business),415,-10
5,0308(brokerage business),335,80,5,0139(brokerage business),370,-35,5,0253(brokerage business),380,45
6,0271(brokerage business),240,120,6,0007(brokerage business),265,0,6,0004(brokerage business),305,-470
7,0049(brokerage business),185,20,7,0134(brokerage business),265,-5,7,0108(brokerage business),300,0
8,0029(brokerage business),140,15,8,0029(brokerage business),240,140,8,0049(brokerage business),155,-20
9,0069(brokerage business),130,85,9,0253(brokerage business),120,-35,9,0240(brokerage business),140,-5
10,0058(brokerage business),125,5,10,0048(brokerage business),95,0,10,0139(brokerage business),115,-35
11,0082(brokerage business),115,-460,11,0275(brokerage business),95,0,11,0059(brokerage business),110,0
12,0259(brokerage business),110,20,12,0034(brokerage business),80,0,12,0272(brokerage business),100,-10
13,0253(brokerage business),100,60,13,0009(brokerage business),75,0,13,0125(brokerage business),90,0
14,0240(brokerage business),95,-225,14,0123(brokerage business),60,20,14,0051(brokerage business),85,0
15,0009(brokerage business),85,-130,15,0163(brokerage business),55,-140,15,0163(brokerage business),85,-10
16,0121(brokerage business),80,70,16,0272(brokerage business),45,0,16,0009(brokerage business),75,-85
17,0123(brokerage business),80,-40,17,0308(brokerage business),45,-220,17,0023(brokerage business),65,0
18,0139(brokerage business),80,-250,18,0003(brokerage business),40,-165,18,0025(brokerage business),50,0
19,0315(brokerage business),50,20,19,0042(brokerage business),30,0,19,0043(brokerage business),40,-40
20,0043(brokerage business),40,39,20,0082(brokerage business),25,25,20,0095(brokerage business),35,0
Total,,4920,44,Total,,5135,-970,Total,,4685,-720
Ranking,Name of FF Member /OSBPs,Volume,Change from Previous Trading Day,Ranking,Name of FF Member /OSBPs,Long Position,Change from Previous Trading Day,Ranking,Name of FF Member /OSBPs,Short Position,Change from Previous Trading Day
Contract Code：zn2606,,,,,,,,,,2026-05-07,
1,0148(brokerage business),28713,2579,1,0163(brokerage business),11186,673,1,0148(brokerage business),7984,-443
2,0004(brokerage business),26157,-2078,2,0148(brokerage business),11112,-2,2,0004(brokerage business),6793,-369
3,0163(brokerage business),25259,2813,3,0004(brokerage business),9175,-574,3,0272(brokerage business),5692,-588
4,0253(brokerage business),9869,251,4,0088(brokerage business),3585,65,4,0003(brokerage business),4626,-83
5,0259(brokerage business),8996,1140,5,0323(brokerage business),3020,-77,5,0058(brokerage business),3668,310
6,0081(brokerage business),7427,-927,6,0308(brokerage business),2700,144,6,0315(brokerage business),3192,-166
7,0096(brokerage business),5236,2658,7,0003(brokerage business),2071,85,7,0139(brokerage business),3187,296
8,0272(brokerage business),5235,202,8,0096(brokerage business),1982,-137,8,0082(brokerage business),3177,53
9,0042(brokerage business),2380,684,9,0139(brokerage business),1970,-33,9,0163(brokerage business),2303,-386
10,0240(brokerage business),2358,373,10,0009(brokerage business),1761,105,10,0103(brokerage business),1948,38
11,0058(brokerage business),2234,576,11,0253(brokerage business),1741,-978,11,0077(brokerage business),1923,9
12,0298(brokerage business),2051,1093,12,0034(brokerage business),1620,241,12,0253(brokerage business),1859,83
13,0308(brokerage business),1941,356,13,0335(brokerage business),1582,-289,13,0239(brokerage business),1811,-407
14,0034(brokerage business),1847,-867,14,0268(brokerage business),1547,-102,14,0042(brokerage business),1696,459
15,0275(brokerage business),1831,-2521,15,0277(brokerage business),1425,-117,15,0108(brokerage business),1683,49
16,0274(brokerage business),1808,672,16,0059(brokerage business),1338,66,16,0052(brokerage business),1673,91
17,0389(brokerage business),1657,34,17,0069(brokerage business),1313,-38,17,0161(brokerage business),1645,112
18,0268(brokerage business),1590,130,18,0272(brokerage business),1308,-579,18,0069(brokerage business),1586,66
19,0049(brokerage business),1387,15,19,0103(brokerage business),1255,-178,19,0288(brokerage business),1571,-563
20,0277(brokerage business),1190,-321,20,0275(brokerage business),1253,-236,20,0335(brokerage business),1439,85
Total,,139166,6862,Total,,62944,-1961,Total,,59456,-1354
Ranking,Name of FF Member /OSBPs,Volume,Change from Previous Trading Day,Ranking,Name of FF Member /OSBPs,Long Position,Change from Previous Trading Day,Ranking,Name of FF Member /OSBPs,Short Position,Change from Previous Trading Day
Contract Code：zn2607,,,,,,,,,,2026-05-07,
1,0148(brokerage business),10733,-1271,1,0148(brokerage business),10076,-59,1,0148(brokerage business),8404,354
2,0163(brokerage business),8965,1871,2,0004(brokerage business),7871,-237,2,0088(brokerage business),3730,65
3,0004(brokerage business),5578,-533,3,0239(brokerage business),4345,72,3,0239(brokerage business),3201,-283
4,0253(brokerage business),3004,-941,4,0272(brokerage business),4243,1105,4,0004(brokerage business),2929,-51
5,0096(brokerage business),2585,-112,5,0253(brokerage business),3930,72,5,0272(brokerage business),2553,-162
6,0081(brokerage business),2486,524,6,0163(brokerage business),2360,-61,6,0321(brokerage business),2362,-14
7,0259(brokerage business),2209,1034,7,0268(brokerage business),2317,211,7,0163(brokerage business),2071,-174
8,0272(brokerage business),2005,556,8,0084(brokerage business),2097,0,8,0025(brokerage business),2029,5
9,0069(brokerage business),1374,-240,9,0308(brokerage business),2048,63,9,0049(brokerage business),1900,366
10,0239(brokerage business),967,-84,10,0335(brokerage business),1966,76,10,0081(brokerage business),1833,125
11,0320(brokerage business),747,298,11,0077(brokerage business),1893,32,11,0108(brokerage business),1791,302
12,0240(brokerage business),740,-160,12,0034(brokerage business),1329,15,12,0058(brokerage business),1580,160
13,0049(brokerage business),690,67,13,0123(brokerage business),1103,-5,13,0009(brokerage business),1569,258
14,0043(brokerage business),682,508,14,0323(brokerage business),960,22,14,0253(brokerage business),1224,80
15,0088(brokerage business),620,-463,15,0088(brokerage business),877,301,15,0003(brokerage business),1221,293
16,0274(brokerage business),598,338,16,0018(brokerage business),816,-24,16,0103(brokerage business),1124,23
17,0018(brokerage business),596,167,17,0240(brokerage business),791,-17,17,0082(brokerage business),1054,134
18,0335(brokerage business),563,-305,18,0103(brokerage business),672,-16,18,0315(brokerage business),918,164
19,0268(brokerage business),562,284,19,0096(brokerage business),644,26,19,0069(brokerage business),903,-378
20,0029(brokerage business),481,354,20,0003(brokerage business),621,18,20,0268(brokerage business),844,21
Total,,46185,1892,Total,,50959,1594,Total,,43240,1288
Member/OSP Type,Total Volume,Change from Previous Trading Day,Member/OSP Type,Total Long Position,Change from Previous Trading Day,Member/OSP Type,Total Short Position,Change from Previous Trading Day,,,
Contract Code：pball,,,,,,,2026-05-07,,,,
Name of FF Member/OSBP,151328,-96192,Name of FF Member/OSBP,106144,-5640,Name of FF Member/OSBP,106144,-5640,,,
Name of Non-FF Member/OSNBP,0,0,Name of Non-FF Member/OSNBP,0,0,Name of Non-FF Member/OSNBP,0,0,,,
Ranking,Name of FF Member /OSBPs,Volume,Change from Previous Trading Day,Ranking,Name of FF Member /OSBPs,Long Position,Change from Previous Trading Day,Ranking,Name of FF Member /OSBPs,Short Position,Change from Previous Trading Day
Contract Code：pb2605,,,,,,,,,,2026-05-07,
1,0139(brokerage business),265,265,1,0049(brokerage business),800,0,1,0148(brokerage business),3015,5
2,0009(brokerage business),130,100,2,0148(brokerage business),605,5,2,0272(brokerage business),800,0
3,0034(brokerage business),120,-50,3,0069(brokerage business),495,-90,3,0004(brokerage business),650,0
4,0308(brokerage business),120,80,4,0320(brokerage business),440,0,4,0051(brokerage business),120,0
5,0047(brokerage business),115,80,5,0272(brokerage business),405,-20,5,0315(brokerage business),110,-105
6,0315(brokerage business),105,-45,6,0004(brokerage business),360,0,6,0108(brokerage business),85,0
7,0069(brokerage business),90,-135,7,0139(brokerage business),300,-265,7,0049(brokerage business),80,0
8,0163(brokerage business),85,-460,8,0034(brokerage business),220,0,8,0320(brokerage business),70,0
9,0177(brokerage business),30,-10,9,0006(brokerage business),200,0,9,0077(brokerage business),60,0
10,0148(brokerage business),20,-175,10,0125(brokerage business),190,0,10,0025(brokerage business),50,0
11,0272(brokerage business),20,-485,11,0009(brokerage business),180,130,11,0299(brokerage business),45,0
12,0058(brokerage business),15,-335,12,0029(brokerage business),180,0,12,0034(brokerage business),25,-110
13,0321(brokerage business),15,0,13,0007(brokerage business),155,0,13,0103(brokerage business),10,0
14,0271(brokerage business),10,-140,14,0047(brokerage business),150,115,14,0058(brokerage business),5,5
15,0042(brokerage business),5,-40,15,0275(brokerage business),145,0,15,0163(brokerage business),5,5
16,0123(brokerage business),5,-65,16,0178(brokerage business),100,0,16,,,
17,0137(brokerage business),5,-74,17,0059(brokerage business),85,0,17,,,
18,0274(brokerage business),5,-180,18,0295(brokerage business),45,0,18,,,
19,,,,19,0073(brokerage business),30,0,19,,,
20,,,,20,0163(brokerage business),15,10,20,,,
Total,,1160,-1669,Total,,5100,-115,Total,,5130,-200
Ranking,Name of FF Member /OSBPs,Volume,Change from Previous Trading Day,Ranking,Name of FF Member /OSBPs,Long Position,Change from Previous Trading Day,Ranking,Name of FF Member /OSBPs,Short Position,Change from Previous Trading Day
Contract Code：pb2606,,,,,,,,,,2026-05-07,
1,0163(brokerage business),17515,-2818,1,0148(brokerage business),9312,-312,1,0004(brokerage business),7819,77
2,0004(brokerage business),14828,-11633,2,0004(brokerage business),6874,-1501,2,0148(brokerage business),6317,-1897
3,0148(brokerage business),13039,-12173,3,0163(brokerage business),4852,-190,3,0272(brokerage business),5656,208
4,0253(brokerage business),9851,-4573,4,0288(brokerage business),2622,-356,4,0163(brokerage business),4336,1439
5,0081(brokerage business),5851,393,5,0240(brokerage business),2550,112,5,0049(brokerage business),3543,-375
6,0272(brokerage business),4171,-7429,6,0069(brokerage business),2441,445,6,0153(brokerage business),3376,372
7,0034(brokerage business),2649,594,7,0272(brokerage business),2183,-999,7,0082(brokerage business),2649,-195
8,0153(brokerage business),2034,-733,8,0253(brokerage business),1986,-549,8,0069(brokerage business),2381,-299
9,0259(brokerage business),1971,232,9,0339(brokerage business),1630,-37,9,0308(brokerage business),2200,-261
10,0389(brokerage business),1966,-1108,10,0335(brokerage business),1541,-433,10,0034(brokerage business),2180,890
11,0082(brokerage business),1907,-374,11,0082(brokerage business),1431,442,11,0139(brokerage business),2093,-240
12,0161(brokerage business),1607,-485,12,0019(brokerage business),1319,516,12,0103(brokerage business),1717,-120
13,0019(brokerage business),1508,288,13,0018(brokerage business),1218,72,13,0006(brokerage business),1677,-31
14,0268(brokerage business),1469,-77,14,0274(brokerage business),1215,361,14,0320(brokerage business),1563,-5
15,0274(brokerage business),1453,-229,15,0259(brokerage business),1115,-34,15,0275(brokerage business),1520,-191
16,0069(brokerage business),1350,-135,16,0161(brokerage business),1085,-499,16,0003(brokerage business),1444,62
17,0239(brokerage business),1277,816,17,0034(brokerage business),991,-643,17,0096(brokerage business),1137,8
18,0275(brokerage business),1223,136,18,0058(brokerage business),876,13,18,0081(brokerage business),1001,-94
19,0335(brokerage business),1177,-1010,19,0137(brokerage business),845,-54,19,0151(brokerage business),891,-225
20,0308(brokerage business),1048,-1557,20,0323(brokerage business),833,384,20,0335(brokerage business),804,10
Total,,87894,-41875,Total,,46919,-3262,Total,,54304,-867
Ranking,Name of FF Member /OSBPs,Volume,Change from Previous Trading Day,Ranking,Name of FF Member /OSBPs,Long Position,Change from Previous Trading Day,Ranking,Name of FF Member /OSBPs,Short Position,Change from Previous Trading Day
Contract Code：pb2607,,,,,,,,,,2026-05-07,
1,0148(brokerage business),4799,-2805,1,0272(brokerage business),7752,-22,1,0148(brokerage business),5049,-313
2,0004(brokerage business),4489,-3564,2,0148(brokerage business),3943,360,2,0239(brokerage business),3210,-88
3,0253(brokerage business),4458,-1368,3,0004(brokerage business),3223,-304,3,0123(brokerage business),2431,49
4,0163(brokerage business),3942,-2570,4,0239(brokerage business),1779,476,4,0004(brokerage business),2095,-611
5,0081(brokerage business),1759,-509,5,0339(brokerage business),1629,-12,5,0308(brokerage business),1698,170
6,0274(brokerage business),1121,-142,6,0163(brokerage business),1331,-66,6,0049(brokerage business),1634,71
7,0259(brokerage business),1038,82,7,0268(brokerage business),1308,43,7,0163(brokerage business),1479,-16
8,0043(brokerage business),875,-569,8,0288(brokerage business),1165,170,8,0139(brokerage business),1474,121
9,0239(brokerage business),828,-521,9,0034(brokerage business),1076,-1,9,0069(brokerage business),1322,464
10,0272(brokerage business),823,-3786,10,0139(brokerage business),936,95,10,0253(brokerage business),1018,51
11,0069(brokerage business),765,31,11,0151(brokerage business),847,1,11,0335(brokerage business),837,83
12,0034(brokerage business),684,-151,12,0069(brokerage business),616,-165,12,0084(brokerage business),800,150
13,0323(brokerage business),649,-464,13,0059(brokerage business),482,75,13,0323(brokerage business),675,453
14,0139(brokerage business),578,-723,14,0253(brokerage business),345,-47,14,0103(brokerage business),659,-36
15,0088(brokerage business),559,-91,15,0295(brokerage business),261,5,15,0088(brokerage business),609,538
16,0240(brokerage business),553,269,16,0335(brokerage business),250,-118,16,0006(brokerage business),485,-13
17,0335(brokerage business),549,-256,17,0274(brokerage business),237,-305,17,0042(brokerage business),464,-100
18,0271(brokerage business),402,-318,18,0007(brokerage business),234,-15,18,0272(brokerage business),464,-409
19,0288(brokerage business),299,248,19,0081(brokerage business),222,155,19,0274(brokerage business),446,0
20,0308(brokerage business),285,-437,20,0311(brokerage business),219,-2,20,0268(brokerage business),409,-87
Total,,29455,-17644,Total,,27855,323,Total,,27258,477
Member/OSP Type,Total Volume,Change from Previous Trading Day,Member/OSP Type,Total Long Position,Change from Previous Trading Day,Member/OSP Type,Total Short Position,Change from Previous Trading Day,,,
Contract Code：niall,,,,,,,2026-05-07,,,,
Name of FF Member/OSBP,1169748,504617,Name of FF Member/OSBP,365920,-8068,Name of FF Member/OSBP,359212,-7578,,,
Name of Non-FF Member/OSNBP,490,-1067,Name of Non-FF Member/OSNBP,119,0,Name of Non-FF Member/OSNBP,6827,-490,,,
Ranking,Name of FF Member /OSBPs,Volume,Change from Previous Trading Day,Ranking,Name of FF Member /OSBPs,Long Position,Change from Previous Trading Day,Ranking,Name of FF Member /OSBPs,Short Position,Change from Previous Trading Day
Contract Code：ni2605,,,,,,,,,,2026-05-07,
1,0004(brokerage business),798,666,1,0148(brokerage business),2430,-42,1,0253(brokerage business),2946,0
2,0148(brokerage business),702,293,2,0004(brokerage business),2322,-180,2,0272(brokerage business),2256,-36
3,0058(brokerage business),642,126,3,0240(brokerage business),1290,0,3,0058(brokerage business),1824,12
4,0311(brokerage business),294,214,4,0052(brokerage business),1110,0,4,0004(brokerage business),1314,-546
5,0003(brokerage business),276,60,5,0275(brokerage business),750,132,5,0148(brokerage business),1164,-288
6,0253(brokerage business),192,126,6,0059(brokerage business),612,-6,6,0034(brokerage business),564,0
7,0123(brokerage business),186,66,7,0138(brokerage business),606,0,7,0043(brokerage business),558,0
8,0272(brokerage business),180,72,8,0272(brokerage business),600,-12,8,0081(brokerage business),552,0
9,0275(brokerage business),156,89,9,0081(brokerage business),450,-24,9,0323(brokerage business),480,0
10,0259(brokerage business),132,132,10,0253(brokerage business),420,-192,10,0009(brokerage business),324,-12
11,0271(brokerage business),126,-54,11,0058(brokerage business),414,-42,11,0163(brokerage business),324,0
12,0125(brokerage business),114,114,12,0043(brokerage business),408,0,12,0003(brokerage business),300,276
13,0169(brokerage business),114,108,13,0151(brokerage business),378,0,13,0305(brokerage business),282,0
14,0385(brokerage business),108,108,14,0049(brokerage business),354,-6,14,0028(brokerage business),252,0
15,0277(brokerage business),96,96,15,0163(brokerage business),294,-12,15,0042(brokerage business),186,0
16,0163(brokerage business),72,-204,16,0169(brokerage business),234,-114,16,0059(brokerage business),180,0
17,0240(brokerage business),72,-30,17,0418(brokerage business),210,0,17,0320(brokerage business),162,48
18,0268(brokerage business),72,25,18,0018(brokerage business),150,0,18,0311(brokerage business),102,-126
19,0274(brokerage business),72,60,19,0034(brokerage business),150,0,19,0049(brokerage business),36,-6
20,0019(brokerage business),54,48,20,0238(brokerage business),144,0,20,0177(brokerage business),36,0
Total,,4458,2115,Total,,13326,-498,Total,,13842,-678
Ranking,Name of FF Member /OSBPs,Volume,Change from Previous Trading Day,Ranking,Name of FF Member /OSBPs,Long Position,Change from Previous Trading Day,Ranking,Name of FF Member /OSBPs,Short Position,Change from Previous Trading Day
Contract Code：ni2606,,,,,,,,,,2026-05-07,
1,0004(brokerage business),145476,53210,1,0148(brokerage business),18220,-1376,1,0004(brokerage business),25608,-759
2,0148(brokerage business),76997,38045,2,0004(brokerage business),10115,-3925,2,0163(brokerage business),10688,452
3,0163(brokerage business),51243,23585,3,0103(brokerage business),7828,-1350,3,0148(brokerage business),8724,-615
4,0081(brokerage business),43053,16067,4,0163(brokerage business),6832,-581,4,0082(brokerage business),8705,-88
5,0259(brokerage business),28344,13802,5,0253(brokerage business),5423,-331,5,0240(brokerage business),8574,-1232
6,0240(brokerage business),27086,13102,6,0081(brokerage business),3870,-407,6,0272(brokerage business),5834,-159
7,0253(brokerage business),23647,9795,7,0240(brokerage business),3866,-240,7,0103(brokerage business),5397,-311
8,0275(brokerage business),22586,4251,8,0272(brokerage business),3849,-474,8,0253(brokerage business),5308,-516
9,0272(brokerage business),21915,6174,9,0077(brokerage business),3614,-659,9,0034(brokerage business),4949,-1470
10,0268(brokerage business),18932,9657,10,0275(brokerage business),3441,623,10,0059(brokerage business),4911,952
11,0186(brokerage business),16993,9251,11,0034(brokerage business),3294,938,11,0139(brokerage business),3497,-248
12,0034(brokerage business),16140,6923,12,0096(brokerage business),3264,-29,12,0123(brokerage business),3285,-143
13,0308(brokerage business),14529,8035,13,0069(brokerage business),2931,923,13,0003(brokerage business),3142,-542
14,0123(brokerage business),14429,1244,14,0268(brokerage business),2903,295,14,0009(brokerage business),3114,-399
15,0298(brokerage business),12411,5905,15,0059(brokerage business),2746,-334,15,0275(brokerage business),2987,-247
16,0059(brokerage business),10280,5631,16,0001(brokerage business),2623,-61,16,0323(brokerage business),2929,-156
17,0323(brokerage business),9888,3940,17,0288(brokerage business),2444,264,17,0069(brokerage business),2911,81
18,0009(brokerage business),9856,6346,18,0335(brokerage business),2314,-917,18,0169(brokerage business),2375,-141
19,0137(brokerage business),8817,4416,19,0082(brokerage business),2226,-263,19,0316(brokerage business),2268,223
20,0274(brokerage business),8397,3881,20,0308(brokerage business),2201,80,20,0081(brokerage business),2004,124
Total,,581019,243260,Total,,94004,-7824,Total,,117210,-5194
Ranking,Name of FF Member /OSBPs,Volume,Change from Previous Trading Day,Ranking,Name of FF Member /OSBPs,Long Position,Change from Previous Trading Day,Ranking,Name of FF Member /OSBPs,Short Position,Change from Previous Trading Day
Contract Code：ni2607,,,,,,,,,,2026-05-07,
1,0004(brokerage business),26574,11497,1,0148(brokerage business),15081,91,1,0004(brokerage business),12882,962
2,0148(brokerage business),14778,3454,2,0096(brokerage business),5940,558,2,0082(brokerage business),8433,-347
3,0163(brokerage business),11286,5791,3,0163(brokerage business),4850,-72,3,0272(brokerage business),6888,114
4,0081(brokerage business),9446,1270,4,0004(brokerage business),4632,-78,4,0268(brokerage business),4332,756
5,0123(brokerage business),8712,3254,5,0268(brokerage business),4448,679,5,0163(brokerage business),4277,450
6,0253(brokerage business),7247,2464,6,0253(brokerage business),4259,-104,6,0148(brokerage business),4180,-17
7,0275(brokerage business),5850,971,7,0103(brokerage business),3998,-830,7,0139(brokerage business),3603,-1
8,0259(brokerage business),5560,3099,8,0034(brokerage business),2277,-196,8,0103(brokerage business),2172,-104
9,0059(brokerage business),3743,2038,9,0082(brokerage business),2078,46,9,0081(brokerage business),1979,63
10,0240(brokerage business),3220,1623,10,0277(brokerage business),1749,637,10,0240(brokerage business),1901,-346
11,0272(brokerage business),3220,768,11,0081(brokerage business),1545,-19,11,0059(brokerage business),1890,351
12,0308(brokerage business),2565,1901,12,0123(brokerage business),1539,-102,12,0003(brokerage business),1655,-52
13,0103(brokerage business),2428,840,13,0272(brokerage business),1303,-56,13,0123(brokerage business),1578,-128
14,0009(brokerage business),2394,1111,14,0059(brokerage business),1300,150,14,0253(brokerage business),1512,79
15,0018(brokerage business),2354,1337,15,0139(brokerage business),1257,25,15,0022(brokerage business),1505,-13
16,0268(brokerage business),2317,1370,16,0335(brokerage business),1151,-564,16,0316(brokerage business),1501,115
17,0034(brokerage business),1921,648,17,0018(brokerage business),1063,758,17,0042(brokerage business),1233,-7
18,0043(brokerage business),1913,924,18,0333(brokerage business),916,108,18,0009(brokerage business),1129,360
19,0058(brokerage business),1912,-77,19,0178(brokerage business),884,209,19,0323(brokerage business),1025,15
20,0277(brokerage business),1236,1189,20,0067(brokerage business),876,80,20,0275(brokerage business),988,65
Total,,118676,45472,Total,,61146,1320,Total,,64663,2315
Ranking,Name of FF Member /OSBPs,Volume,Change from Previous Trading Day,Ranking,Name of FF Member /OSBPs,Long Position,Change from Previous Trading Day,Ranking,Name of FF Member /OSBPs,Short Position,Change from Previous Trading Day
Contract Code：ni2608,,,,,,,,,,2026-05-07,
1,0004(brokerage business),5922,2862,1,0148(brokerage business),5417,156,1,0004(brokerage business),6366,224
2,0148(brokerage business),3419,1329,2,0096(brokerage business),4674,-475,2,0082(brokerage business),4604,3
3,0163(brokerage business),2873,593,3,0163(brokerage business),2804,88,3,0042(brokerage business),2981,-13
4,0081(brokerage business),1990,474,4,0004(brokerage business),2683,560,4,0163(brokerage business),2479,-43
5,0123(brokerage business),1871,390,5,0103(brokerage business),2132,59,5,0148(brokerage business),1861,63
6,0253(brokerage business),1146,414,6,0123(brokerage business),1387,53,6,0272(brokerage business),1827,-38
7,0275(brokerage business),1045,-64,7,0320(brokerage business),1246,-53,7,0316(brokerage business),1400,166
8,0018(brokerage business),1022,-79,8,0268(brokerage business),1189,85,8,0123(brokerage business),1256,-42
9,0308(brokerage business),977,197,9,0081(brokerage business),1157,64,9,0103(brokerage business),1221,-7
10,0096(brokerage business),952,704,10,0308(brokerage business),1007,-87,10,0081(brokerage business),1141,0
11,0240(brokerage business),837,554,11,0082(brokerage business),1003,-7,11,0268(brokerage business),1025,92
12,0034(brokerage business),731,-11,12,0059(brokerage business),753,20,12,0096(brokerage business),900,-7
13,0103(brokerage business),668,74,13,0253(brokerage business),607,105,13,0022(brokerage business),799,0
14,0259(brokerage business),545,160,14,0272(brokerage business),416,71,14,0059(brokerage business),708,20
15,0272(brokerage business),545,16,15,0009(brokerage business),398,0,15,0253(brokerage business),578,173
16,0042(brokerage business),515,126,16,0295(brokerage business),390,30,16,0331(brokerage business),400,0
17,0043(brokerage business),348,83,17,0029(brokerage business),348,4,17,0244(brokerage business),327,-2
18,0268(brokerage business),311,84,18,0018(brokerage business),346,218,18,0034(brokerage business),226,-30
19,0161(brokerage business),292,191,19,0333(brokerage business),304,0,19,0320(brokerage business),159,-2
20,0372(brokerage business),241,95,20,0038(brokerage business),233,3,20,0043(brokerage business),147,137
Total,,26250,8192,Total,,28494,894,Total,,30405,694
Ranking,Name of FF Member /OSBPs,Volume,Change from Previous Trading Day,Ranking,Name of FF Member /OSBPs,Long Position,Change from Previous Trading Day,Ranking,Name of FF Member /OSBPs,Short Position,Change from Previous Trading Day
Contract Code：ni2609,,,,,,,,,,2026-05-07,
1,0004(brokerage business),18300,8600,1,0148(brokerage business),10593,976,1,0004(brokerage business),12530,195
2,0148(brokerage business),8265,4221,2,0082(brokerage business),5688,347,2,0272(brokerage business),11965,2484
3,0123(brokerage business),7499,3566,3,0096(brokerage business),4579,426,3,0148(brokerage business),8810,459
4,0275(brokerage business),6822,2790,4,0004(brokerage business),3721,-253,4,0082(brokerage business),3855,-10
5,0163(brokerage business),5436,2034,5,0034(brokerage business),2335,354,5,0240(brokerage business),2860,790
6,0272(brokerage business),5145,1442,6,0052(brokerage business),2317,87,6,0253(brokerage business),2196,64
7,0240(brokerage business),5007,3312,7,0178(brokerage business),1987,468,7,0096(brokerage business),2120,-64
8,0081(brokerage business),4866,2177,8,0272(brokerage business),1685,355,8,0059(brokerage business),1804,26
9,0259(brokerage business),3602,2083,9,0121(brokerage business),1207,126,9,0239(brokerage business),1293,372
10,0253(brokerage business),3307,1696,10,0268(brokerage business),1205,57,10,0029(brokerage business),1164,1
11,0103(brokerage business),3224,2789,11,0163(brokerage business),1168,82,11,0308(brokerage business),1037,226
12,0059(brokerage business),2554,1780,12,0385(brokerage business),1117,1012,12,0157(brokerage business),957,-1988
13,0157(brokerage business),2459,1441,13,0320(brokerage business),1046,238,13,0103(brokerage business),901,33
14,0335(brokerage business),1994,1761,14,0311(brokerage business),1028,15,14,0058(brokerage business),892,261
15,0009(brokerage business),1836,1380,15,0123(brokerage business),876,3,15,0052(brokerage business),867,-5
16,0034(brokerage business),1709,793,16,0240(brokerage business),768,67,16,0153(brokerage business),857,-4
17,0042(brokerage business),1479,1171,17,0253(brokerage business),706,7,17,0244(brokerage business),801,410
18,0308(brokerage business),1463,531,18,0103(brokerage business),629,-2153,18,0042(brokerage business),791,39
19,0268(brokerage business),1295,310,19,0186(brokerage business),608,41,19,0069(brokerage business),739,52
20,0178(brokerage business),1291,1077,20,0277(brokerage business),584,61,20,0163(brokerage business),669,348
Total,,87553,44954,Total,,43847,2316,Total,,57108,3689
Member/OSP Type,Total Volume,Change from Previous Trading Day,Member/OSP Type,Total Long Position,Change from Previous Trading Day,Member/OSP Type,Total Short Position,Change from Previous Trading Day,,,
Contract Code：snall,,,,,,,2026-05-07,,,,
Name of FF Member/OSBP,804050,346140,Name of FF Member/OSBP,91401,7932,Name of FF Member/OSBP,91157,7932,,,
Name of Non-FF Member/OSNBP,0,0,Name of Non-FF Member/OSNBP,180,0,Name of Non-FF Member/OSNBP,424,0,,,
Ranking,Name of FF Member /OSBPs,Volume,Change from Previous Trading Day,Ranking,Name of FF Member /OSBPs,Long Position,Change from Previous Trading Day,Ranking,Name of FF Member /OSBPs,Short Position,Change from Previous Trading Day
Contract Code：sn2605,,,,,,,,,,2026-05-07,
1,0058(brokerage business),444,57,1,0004(brokerage business),1024,-42,1,0004(brokerage business),1044,-10
2,0148(brokerage business),354,-156,2,0148(brokerage business),634,28,2,0042(brokerage business),988,-12
3,0163(brokerage business),304,54,3,0058(brokerage business),248,56,3,0148(brokerage business),836,-18
4,0059(brokerage business),274,208,4,0253(brokerage business),216,-2,4,0272(brokerage business),374,-4
5,0268(brokerage business),216,122,5,0069(brokerage business),200,4,5,0153(brokerage business),120,-6
6,0042(brokerage business),204,-116,6,0163(brokerage business),150,18,6,0161(brokerage business),108,-6
7,0004(brokerage business),192,-29,7,0311(brokerage business),146,0,7,0320(brokerage business),62,58
8,0043(brokerage business),174,168,8,0049(brokerage business),128,-10,8,0163(brokerage business),60,-54
9,0123(brokerage business),162,-22,9,0272(brokerage business),120,-18,9,0043(brokerage business),40,40
10,0272(brokerage business),162,18,10,0048(brokerage business),118,0,10,0009(brokerage business),30,0
11,0271(brokerage business),150,36,11,0009(brokerage business),116,-4,11,0069(brokerage business),26,-4
12,0034(brokerage business),148,-107,12,0240(brokerage business),114,-8,12,0137(brokerage business),22,20
13,0275(brokerage business),146,-58,13,0082(brokerage business),100,0,13,0048(brokerage business),20,0
14,0259(brokerage business),136,28,14,0123(brokerage business),72,-8,14,0008(brokerage business),18,0
15,0274(brokerage business),88,-76,15,0018(brokerage business),58,0,15,0298(brokerage business),16,-4
16,0308(brokerage business),62,-8,16,0051(brokerage business),52,0,16,0034(brokerage business),14,-26
17,0320(brokerage business),58,-14,17,0308(brokerage business),52,0,17,0038(brokerage business),14,0
18,0157(brokerage business),52,52,18,0153(brokerage business),50,-10,18,0059(brokerage business),12,-22
19,0151(brokerage business),50,-2,19,0316(brokerage business),48,0,19,0055(brokerage business),10,0
20,0385(brokerage business),48,-38,20,0034(brokerage business),44,42,20,0178(brokerage business),10,0
Total,,3424,117,Total,,3690,46,Total,,3824,-48
Ranking,Name of FF Member /OSBPs,Volume,Change from Previous Trading Day,Ranking,Name of FF Member /OSBPs,Long Position,Change from Previous Trading Day,Ranking,Name of FF Member /OSBPs,Short Position,Change from Previous Trading Day
Contract Code：sn2606,,,,,,,,,,2026-05-07,
1,0004(brokerage business),89176,28958,1,0004(brokerage business),5581,82,1,0148(brokerage business),5172,564
2,0148(brokerage business),50161,14997,2,0148(brokerage business),4224,217,2,0004(brokerage business),5061,250
3,0163(brokerage business),30274,12734,3,0163(brokerage business),3115,-282,3,0272(brokerage business),2768,-171
4,0240(brokerage business),26647,11297,4,0103(brokerage business),2172,388,4,0163(brokerage business),2467,-118
5,0272(brokerage business),23841,11547,5,0059(brokerage business),1939,-13,5,0268(brokerage business),2404,426
6,0253(brokerage business),18384,8231,6,0253(brokerage business),1433,209,6,0240(brokerage business),2136,139
7,0186(brokerage business),17876,11963,7,0272(brokerage business),1395,32,7,0034(brokerage business),1892,149
8,0298(brokerage business),16777,10352,8,0335(brokerage business),1260,26,8,0007(brokerage business),1678,18
9,0271(brokerage business),16525,7245,9,0268(brokerage business),1130,146,9,0153(brokerage business),1594,171
10,0081(brokerage business),15537,4734,10,0288(brokerage business),1103,17,10,0042(brokerage business),1314,-17
11,0308(brokerage business),14948,9920,11,0323(brokerage business),1078,300,11,0275(brokerage business),1265,341
12,0268(brokerage business),14946,7378,12,0034(brokerage business),1053,22,12,0096(brokerage business),1237,52
13,0275(brokerage business),14833,5255,13,0139(brokerage business),938,109,13,0049(brokerage business),1107,38
14,0259(brokerage business),12182,3454,14,0240(brokerage business),915,-226,14,0082(brokerage business),944,115
15,0034(brokerage business),12129,6110,15,0081(brokerage business),861,-162,15,0059(brokerage business),910,26
16,0019(brokerage business),9812,4585,16,0042(brokerage business),812,235,16,0320(brokerage business),815,-81
17,0059(brokerage business),8881,3655,17,0096(brokerage business),754,-59,17,0253(brokerage business),779,119
18,0323(brokerage business),8811,2796,18,0082(brokerage business),724,56,18,0139(brokerage business),702,56
19,0274(brokerage business),7363,3058,19,0007(brokerage business),695,-17,19,0058(brokerage business),699,113
20,0151(brokerage business),7100,3939,20,0077(brokerage business),628,279,20,0311(brokerage business),672,66
Total,,416203,172208,Total,,31810,1359,Total,,35616,2256
Ranking,Name of FF Member /OSBPs,Volume,Change from Previous Trading Day,Ranking,Name of FF Member /OSBPs,Long Position,Change from Previous Trading Day,Ranking,Name of FF Member /OSBPs,Short Position,Change from Previous Trading Day
Contract Code：sn2607,,,,,,,,,,2026-05-07,
1,0004(brokerage business),27836,9953,1,0004(brokerage business),3108,434,1,0240(brokerage business),3804,888
2,0148(brokerage business),16747,6994,2,0148(brokerage business),1931,-202,2,0272(brokerage business),2515,159
3,0253(brokerage business),7631,3157,3,0103(brokerage business),1622,623,3,0148(brokerage business),1550,161
4,0081(brokerage business),7573,3223,4,0153(brokerage business),1094,7,4,0004(brokerage business),1542,292
5,0240(brokerage business),6770,3340,5,0239(brokerage business),1062,98,5,0163(brokerage business),1253,45
6,0163(brokerage business),5719,2738,6,0163(brokerage business),1043,32,6,0042(brokerage business),1241,-213
7,0259(brokerage business),4441,2056,7,0253(brokerage business),833,208,7,0096(brokerage business),936,145
8,0275(brokerage business),3502,1045,8,0268(brokerage business),713,-77,8,0139(brokerage business),701,76
9,0272(brokerage business),3386,375,9,0335(brokerage business),623,170,9,0157(brokerage business),540,125
10,0059(brokerage business),2305,1430,10,0157(brokerage business),511,3,10,0077(brokerage business),434,7
11,0308(brokerage business),1799,1112,11,0082(brokerage business),479,54,11,0299(brokerage business),426,20
12,0042(brokerage business),1691,1090,12,0049(brokerage business),471,-125,12,0034(brokerage business),388,108
13,0268(brokerage business),1552,871,13,0084(brokerage business),431,57,13,0123(brokerage business),306,65
14,0298(brokerage business),1408,989,14,0272(brokerage business),391,61,14,0049(brokerage business),298,25
15,0271(brokerage business),1390,212,15,0096(brokerage business),366,30,15,0059(brokerage business),297,-32
16,0123(brokerage business),1261,594,16,0042(brokerage business),346,210,16,0006(brokerage business),289,24
17,0186(brokerage business),1152,895,17,0125(brokerage business),278,1,17,0275(brokerage business),246,177
18,0009(brokerage business),1106,806,18,0274(brokerage business),257,127,18,0320(brokerage business),237,175
19,0161(brokerage business),1068,426,19,0277(brokerage business),257,11,19,0082(brokerage business),214,31
20,0103(brokerage business),1058,247,20,0077(brokerage business),243,203,20,0315(brokerage business),208,13
Total,,99395,41553,Total,,16059,1925,Total,,17425,2291
Member/OSP Type,Total Volume,Change from Previous Trading Day,Member/OSP Type,Total Long Position,Change from Previous Trading Day,Member/OSP Type,Total Short Position,Change from Previous Trading Day,,,
Contract Code：aoall,,,,,,,2026-05-07,,,,
Name of FF Member/OSBP,768448,217398,Name of FF Member/OSBP,476205,13041,Name of FF Member/OSBP,476205,14241,,,
Name of Non-FF Member/OSNBP,1200,1200,Name of Non-FF Member/OSNBP,0,0,Name of Non-FF Member/OSNBP,0,-1200,,,
Ranking,Name of FF Member /OSBPs,Volume,Change from Previous Trading Day,Ranking,Name of FF Member /OSBPs,Long Position,Change from Previous Trading Day,Ranking,Name of FF Member /OSBPs,Short Position,Change from Previous Trading Day
Contract Code：ao2605,,,,,,,,,,2026-05-07,
1,0148(brokerage business),660,284,1,0034(brokerage business),420,-165,1,0148(brokerage business),1260,-270
2,0059(brokerage business),480,-587,2,0004(brokerage business),375,15,2,0136(brokerage business),675,0
3,0019(brokerage business),390,330,3,0163(brokerage business),345,-60,3,0268(brokerage business),465,-60
4,0171(brokerage business),375,345,4,0148(brokerage business),300,270,4,0004(brokerage business),420,-105
5,0151(brokerage business),345,-165,5,0319(brokerage business),240,0,5,0082(brokerage business),345,0
6,0029(brokerage business),225,225,6,0288(brokerage business),225,-15,6,0163(brokerage business),225,-75
7,0272(brokerage business),225,133,7,0103(brokerage business),165,-30,7,0123(brokerage business),135,-120
8,0004(brokerage business),210,-135,8,0275(brokerage business),135,-60,8,0141(brokerage business),135,-45
9,0298(brokerage business),195,179,9,0013(brokerage business),120,0,9,0009(brokerage business),105,0
10,0034(brokerage business),165,21,10,0121(brokerage business),120,45,10,0253(brokerage business),105,0
11,0123(brokerage business),165,75,11,0151(brokerage business),120,-45,11,0277(brokerage business),90,-60
12,0163(brokerage business),165,-90,12,0268(brokerage business),120,-15,12,0034(brokerage business),75,0
13,0277(brokerage business),165,75,13,0277(brokerage business),120,105,13,0310(brokerage business),60,0
14,0385(brokerage business),165,90,14,0095(brokerage business),105,-15,14,0338(brokerage business),60,0
15,0043(brokerage business),135,128,15,0123(brokerage business),105,-15,15,0007(brokerage business),45,0
16,0274(brokerage business),135,29,16,0298(brokerage business),105,-195,16,0171(brokerage business),45,-375
17,0186(brokerage business),120,119,17,0308(brokerage business),105,-60,17,0030(brokerage business),15,0
18,0271(brokerage business),120,-31,18,0249(brokerage business),90,0,18,0067(brokerage business),15,0
19,0121(brokerage business),75,44,19,0372(brokerage business),90,0,19,0137(brokerage business),15,0
20,0268(brokerage business),75,16,20,0081(brokerage business),75,0,20,,,
Total,,4590,1085,Total,,3480,-240,Total,,4290,-1110
Ranking,Name of FF Member /OSBPs,Volume,Change from Previous Trading Day,Ranking,Name of FF Member /OSBPs,Long Position,Change from Previous Trading Day,Ranking,Name of FF Member /OSBPs,Short Position,Change from Previous Trading Day
Contract Code：ao2606,,,,,,,,,,2026-05-07,
1,0004(brokerage business),6560,1863,1,0082(brokerage business),3427,-13,1,0004(brokerage business),5565,-451
2,0163(brokerage business),6145,1367,2,0004(brokerage business),3315,95,2,0103(brokerage business),4234,531
3,0148(brokerage business),6130,1494,3,0163(brokerage business),2697,163,3,0148(brokerage business),3802,213
4,0081(brokerage business),2495,666,4,0148(brokerage business),2516,-3,4,0272(brokerage business),2698,-255
5,0275(brokerage business),2259,-772,5,0253(brokerage business),2266,114,5,0163(brokerage business),2405,38
6,0272(brokerage business),1803,405,6,0272(brokerage business),2237,-328,6,0123(brokerage business),2117,-13
7,0253(brokerage business),1536,80,7,0034(brokerage business),1978,-47,7,0136(brokerage business),1824,-7
8,0123(brokerage business),1431,796,8,0323(brokerage business),1767,27,8,0268(brokerage business),1798,66
9,0268(brokerage business),1126,529,9,0042(brokerage business),1705,271,9,0139(brokerage business),1752,70
10,0298(brokerage business),1048,319,10,0268(brokerage business),1526,-134,10,0069(brokerage business),1743,32
11,0240(brokerage business),906,-425,11,0161(brokerage business),1455,-7,11,0096(brokerage business),1652,211
12,0059(brokerage business),872,155,12,0288(brokerage business),1336,-36,12,0335(brokerage business),1311,103
13,0103(brokerage business),838,307,13,0009(brokerage business),1311,2,13,0137(brokerage business),1259,37
14,0034(brokerage business),716,218,14,0240(brokerage business),1299,11,14,0277(brokerage business),1223,40
15,0096(brokerage business),683,-252,15,0308(brokerage business),1276,85,15,0253(brokerage business),1209,-234
16,0335(brokerage business),614,404,16,0298(brokerage business),1220,6,16,0151(brokerage business),1177,13
17,0161(brokerage business),589,157,17,0312(brokerage business),1073,43,17,0171(brokerage business),1157,375
18,0259(brokerage business),565,377,18,0069(brokerage business),779,80,18,0067(brokerage business),1102,196
19,0042(brokerage business),563,356,19,0123(brokerage business),775,42,19,0321(brokerage business),1020,-270
20,0043(brokerage business),512,317,20,0338(brokerage business),764,-33,20,0339(brokerage business),1017,-4
Total,,37391,8361,Total,,34722,338,Total,,40065,691
Ranking,Name of FF Member /OSBPs,Volume,Change from Previous Trading Day,Ranking,Name of FF Member /OSBPs,Long Position,Change from Previous Trading Day,Ranking,Name of FF Member /OSBPs,Short Position,Change from Previous Trading Day
Contract Code：ao2607,,,,,,,,,,2026-05-07,
1,0004(brokerage business),4538,3802,1,0268(brokerage business),5438,663,1,0004(brokerage business),8060,-449
2,0163(brokerage business),3336,1353,2,0323(brokerage business),4686,48,2,0103(brokerage business),4638,1872
3,0148(brokerage business),2440,1350,3,0151(brokerage business),4182,0,3,0323(brokerage business),4516,2
4,0272(brokerage business),2182,1403,4,0253(brokerage business),3895,32,4,0253(brokerage business),4215,30
5,0103(brokerage business),1920,1849,5,0042(brokerage business),3564,-242,5,0151(brokerage business),4031,2
6,0081(brokerage business),1878,350,6,0272(brokerage business),3330,433,6,0148(brokerage business),3462,209
7,0240(brokerage business),1440,443,7,0161(brokerage business),3267,-4,7,0042(brokerage business),3447,-214
8,0268(brokerage business),1353,444,8,0082(brokerage business),3052,3,8,0268(brokerage business),3168,98
9,0123(brokerage business),1281,797,9,0240(brokerage business),2793,-1,9,0161(brokerage business),3017,-11
10,0253(brokerage business),1092,636,10,0004(brokerage business),2467,163,10,0240(brokerage business),2520,17
11,0178(brokerage business),1091,526,11,0277(brokerage business),2061,0,11,0163(brokerage business),2113,101
12,0059(brokerage business),1079,644,12,0148(brokerage business),1942,293,12,0123(brokerage business),2102,80
13,0335(brokerage business),816,722,13,0178(brokerage business),1821,145,13,0069(brokerage business),1990,139
14,0275(brokerage business),805,349,14,0163(brokerage business),1805,-25,14,0178(brokerage business),1712,112
15,0298(brokerage business),805,641,15,0136(brokerage business),1798,9,15,0096(brokerage business),1659,-10
16,0259(brokerage business),648,602,16,0103(brokerage business),1087,2,16,0274(brokerage business),1335,-21
17,0311(brokerage business),618,556,17,0048(brokerage business),1079,2,17,0335(brokerage business),1066,653
18,0009(brokerage business),535,110,18,0096(brokerage business),946,10,18,0048(brokerage business),942,-28
19,0161(brokerage business),523,191,19,0049(brokerage business),930,-4,19,0327(brokerage business),820,0
20,0042(brokerage business),480,267,20,0034(brokerage business),803,58,20,0018(brokerage business),818,-1
Total,,28860,17035,Total,,50946,1585,Total,,55631,2581
Ranking,Name of FF Member /OSBPs,Volume,Change from Previous Trading Day,Ranking,Name of FF Member /OSBPs,Long Position,Change from Previous Trading Day,Ranking,Name of FF Member /OSBPs,Short Position,Change from Previous Trading Day
Contract Code：ao2609,,,,,,,,,,2026-05-07,
1,0148(brokerage business),79090,31627,1,0082(brokerage business),16493,-290,1,0004(brokerage business),38341,-524
2,0004(brokerage business),60030,13651,2,0034(brokerage business),16476,-218,2,0148(brokerage business),34228,692
3,0163(brokerage business),50306,11552,3,0272(brokerage business),13974,31,3,0163(brokerage business),20205,1713
4,0123(brokerage business),25814,-3084,4,0148(brokerage business),13507,-1908,4,0272(brokerage business),18795,-130
5,0275(brokerage business),23822,4004,5,0004(brokerage business),12909,-582,5,0335(brokerage business),15807,761
6,0253(brokerage business),22779,6381,6,0163(brokerage business),10756,-687,6,0103(brokerage business),13176,875
7,0259(brokerage business),21097,11107,7,0323(brokerage business),9160,136,7,0288(brokerage business),9682,1027
8,0298(brokerage business),18853,7580,8,0123(brokerage business),8711,704,8,0253(brokerage business),8247,158
9,0081(brokerage business),17802,2401,9,0298(brokerage business),7319,465,9,0268(brokerage business),7536,617
10,0186(brokerage business),17443,8829,10,0103(brokerage business),6868,520,10,0069(brokerage business),6159,402
11,0272(brokerage business),16821,1916,11,0043(brokerage business),6698,165,11,0059(brokerage business),6055,1327
12,0240(brokerage business),16629,5754,12,0186(brokerage business),6054,699,12,0240(brokerage business),5413,429
13,0268(brokerage business),14167,6260,13,0081(brokerage business),5728,-87,13,0082(brokerage business),4831,-25
14,0059(brokerage business),11391,1993,14,0275(brokerage business),5301,206,14,0275(brokerage business),4601,152
15,0034(brokerage business),10360,3125,15,0240(brokerage business),5145,410,15,0058(brokerage business),4161,185
16,0137(brokerage business),9354,4365,16,0268(brokerage business),5140,460,16,0161(brokerage business),4072,189
17,0151(brokerage business),7411,3051,17,0372(brokerage business),4848,-6,17,0123(brokerage business),3930,-218
18,0288(brokerage business),7230,1516,18,0137(brokerage business),4638,1320,18,0003(brokerage business),3352,-13
19,0069(brokerage business),6996,4580,19,0096(brokerage business),4241,73,19,0151(brokerage business),3249,-350
20,0299(brokerage business),6707,3523,20,0253(brokerage business),4141,107,20,0081(brokerage business),3179,471
Total,,444102,130131,Total,,168107,1518,Total,,215019,7738
Member/OSP Type,Total Volume,Change from Previous Trading Day,Member/OSP Type,Total Long Position,Change from Previous Trading Day,Member/OSP Type,Total Short Position,Change from Previous Trading Day,,,
Contract Code：adall,,,,,,,2026-05-07,,,,
Name of FF Member/OSBP,18804,7980,Name of FF Member/OSBP,19193,1096,Name of FF Member/OSBP,19193,1096,,,
Name of Non-FF Member/OSNBP,0,0,Name of Non-FF Member/OSNBP,0,0,Name of Non-FF Member/OSNBP,0,0,,,
Ranking,Name of FF Member /OSBPs,Volume,Change from Previous Trading Day,Ranking,Name of FF Member /OSBPs,Long Position,Change from Previous Trading Day,Ranking,Name of FF Member /OSBPs,Short Position,Change from Previous Trading Day
Contract Code：ad2605,,,,,,,,,,2026-05-07,
1,0308(brokerage business),30,9,1,0004(brokerage business),201,0,1,0372(brokerage business),141,0
2,0313(brokerage business),24,24,2,0148(brokerage business),96,-3,2,0275(brokerage business),132,0
3,0042(brokerage business),18,0,3,0139(brokerage business),90,0,3,0123(brokerage business),84,0
4,0025(brokerage business),12,6,4,0299(brokerage business),90,0,4,0268(brokerage business),81,0
5,0069(brokerage business),9,6,5,0163(brokerage business),69,-6,5,0148(brokerage business),66,0
6,0058(brokerage business),6,0,6,0108(brokerage business),27,-6,6,0253(brokerage business),36,0
7,0108(brokerage business),6,6,7,0042(brokerage business),21,0,7,0308(brokerage business),36,-30
8,0123(brokerage business),6,6,8,0275(brokerage business),18,0,8,0004(brokerage business),24,0
9,0163(brokerage business),6,3,9,0003(brokerage business),12,0,9,0069(brokerage business),18,-9
10,0272(brokerage business),6,0,10,0059(brokerage business),12,0,10,0240(brokerage business),18,0
11,0016(brokerage business),3,-3,11,0277(brokerage business),12,0,11,0163(brokerage business),6,0
12,0137(brokerage business),3,3,12,0271(brokerage business),3,0,12,0271(brokerage business),6,0
13,0148(brokerage business),3,3,13,,,,13,0016(brokerage business),3,3
Total,,132,63,Total,,651,-15,Total,,651,-36
Ranking,Name of FF Member /OSBPs,Volume,Change from Previous Trading Day,Ranking,Name of FF Member /OSBPs,Long Position,Change from Previous Trading Day,Ranking,Name of FF Member /OSBPs,Short Position,Change from Previous Trading Day
Contract Code：ad2606,,,,,,,,,,2026-05-07,
1,0163(brokerage business),1810,878,1,0253(brokerage business),582,-16,1,0148(brokerage business),670,-52
2,0004(brokerage business),1103,388,2,0163(brokerage business),499,-42,2,0123(brokerage business),655,-10
3,0081(brokerage business),957,-172,3,0323(brokerage business),412,20,3,0004(brokerage business),559,-76
4,0148(brokerage business),560,153,4,0275(brokerage business),334,-16,4,0009(brokerage business),427,-9
5,0137(brokerage business),510,236,5,0299(brokerage business),334,6,5,0253(brokerage business),381,-5
6,0096(brokerage business),381,233,6,0123(brokerage business),332,-3,6,0272(brokerage business),318,-13
7,0257(brokerage business),236,-106,7,0004(brokerage business),323,-71,7,0323(brokerage business),311,-15
8,0253(brokerage business),223,45,8,0009(brokerage business),318,-18,8,0275(brokerage business),306,2
9,0008(brokerage business),208,5,9,0139(brokerage business),312,14,9,0137(brokerage business),295,19
10,0240(brokerage business),196,107,10,0137(brokerage business),306,11,10,0139(brokerage business),290,6
11,0034(brokerage business),190,126,11,0321(brokerage business),304,-1,11,0008(brokerage business),288,3
12,0042(brokerage business),147,74,12,0008(brokerage business),284,1,12,0069(brokerage business),287,-45
13,0067(brokerage business),139,7,13,0257(brokerage business),280,0,13,0268(brokerage business),282,-8
14,0272(brokerage business),129,-29,14,0096(brokerage business),269,14,14,0257(brokerage business),280,0
15,0275(brokerage business),124,42,15,0048(brokerage business),257,-50,15,0096(brokerage business),275,15
16,0048(brokerage business),120,33,16,0148(brokerage business),211,-4,16,0048(brokerage business),246,-46
17,0323(brokerage business),117,56,17,0272(brokerage business),162,-36,17,0067(brokerage business),196,-12
18,0186(brokerage business),116,89,18,0086(brokerage business),156,0,18,0163(brokerage business),194,68
19,0123(brokerage business),113,-81,19,0276(brokerage business),128,0,19,0103(brokerage business),182,46
20,0003(brokerage business),100,90,20,0308(brokerage business),120,-8,20,0003(brokerage business),86,-100
Total,,7479,2174,Total,,5923,-199,Total,,6528,-232
Ranking,Name of FF Member /OSBPs,Volume,Change from Previous Trading Day,Ranking,Name of FF Member /OSBPs,Long Position,Change from Previous Trading Day,Ranking,Name of FF Member /OSBPs,Short Position,Change from Previous Trading Day
Contract Code：ad2607,,,,,,,,,,2026-05-07,
1,0163(brokerage business),1538,759,1,0323(brokerage business),1005,104,1,0123(brokerage business),1317,152
2,0323(brokerage business),1017,583,2,0123(brokerage business),970,145,2,0323(brokerage business),1003,103
3,0081(brokerage business),725,707,3,0008(brokerage business),890,1,3,0008(brokerage business),892,0
4,0123(brokerage business),685,387,4,0163(brokerage business),858,24,4,0275(brokerage business),800,-4
5,0275(brokerage business),583,394,5,0275(brokerage business),830,17,5,0257(brokerage business),779,153
6,0096(brokerage business),472,301,6,0257(brokerage business),778,155,6,0048(brokerage business),677,118
7,0148(brokerage business),458,-16,7,0253(brokerage business),777,87,7,0139(brokerage business),631,118
8,0137(brokerage business),409,239,8,0048(brokerage business),679,121,8,0253(brokerage business),626,96
9,0009(brokerage business),338,265,9,0139(brokerage business),611,113,9,0009(brokerage business),528,146
10,0257(brokerage business),332,136,10,0009(brokerage business),540,116,10,0096(brokerage business),474,149
11,0253(brokerage business),257,94,11,0096(brokerage business),472,147,11,0163(brokerage business),461,32
12,0139(brokerage business),255,-6,12,0137(brokerage business),431,22,12,0137(brokerage business),376,19
13,0048(brokerage business),239,183,13,0299(brokerage business),276,12,13,0004(brokerage business),283,75
14,0008(brokerage business),197,72,14,0148(brokerage business),158,0,14,0268(brokerage business),279,-3
15,0004(brokerage business),146,71,15,0272(brokerage business),109,43,15,0148(brokerage business),268,6
16,0240(brokerage business),108,32,16,0043(brokerage business),72,-3,16,0272(brokerage business),153,-1
17,0058(brokerage business),72,58,17,0121(brokerage business),71,0,17,0103(brokerage business),138,3
18,0320(brokerage business),65,65,18,0320(brokerage business),60,60,18,0240(brokerage business),54,34
19,0272(brokerage business),60,18,19,0034(brokerage business),56,35,19,0003(brokerage business),53,51
20,0034(brokerage business),57,42,20,0276(brokerage business),51,0,20,0034(brokerage business),45,16
Total,,8013,4384,Total,,9694,1199,Total,,9837,1263
Member/OSP Type,Total Volume,Change from Previous Trading Day,Member/OSP Type,Total Long Position,Change from Previous Trading Day,Member/OSP Type,Total Short Position,Change from Previous Trading Day,,,
Contract Code：auall,,,,,,,2026-05-07,,,,
Name of FF Member/OSBP,527849,295218,Name of FF Member/OSBP,271045,14999,Name of FF Member/OSBP,66225,10,,,
Name of Non-FF Member/OSNBP,25429,3616,Name of Non-FF Member/OSNBP,45566,-4521,Name of Non-FF Member/OSNBP,250386,10468,,,
Ranking,Name of FF Member /OSBPs,Volume,Change from Previous Trading Day,Ranking,Name of FF Member /OSBPs,Long Position,Change from Previous Trading Day,Ranking,Name of FF Member /OSBPs,Short Position,Change from Previous Trading Day
Contract Code：au2605,,,,,,,,,,2026-05-07,
1,0004(brokerage business),42,39,1,0034(brokerage business),165,-3,1,0148(brokerage business),225,0
2,0272(brokerage business),33,21,2,0308(brokerage business),18,0,2,0004(brokerage business),222,-39
3,0308(brokerage business),27,21,3,0042(brokerage business),15,0,3,0025(brokerage business),3,3
4,0271(brokerage business),18,0,4,0186(brokerage business),15,0,4,0163(brokerage business),3,0
5,0148(brokerage business),15,-39,5,0171(brokerage business),12,-12,5,0253(brokerage business),3,0
6,0171(brokerage business),12,12,6,0163(brokerage business),9,3,6,0308(brokerage business),3,3
7,0177(brokerage business),12,12,7,0038(brokerage business),6,0,7,,,
8,0268(brokerage business),12,12,8,0268(brokerage business),6,-12,8,,,
9,0274(brokerage business),12,6,9,0003(brokerage business),3,0,9,,,
10,0275(brokerage business),12,12,10,0043(brokerage business),3,0,10,,,
11,0163(brokerage business),9,9,11,0151(brokerage business),3,3,11,,,
12,0385(brokerage business),6,-12,12,0275(brokerage business),3,-12,12,,,
13,0025(brokerage business),3,3,13,0338(brokerage business),3,0,13,,,
14,0034(brokerage business),3,-9,14,,,,14,,,
15,0151(brokerage business),3,3,15,,,,15,,,
16,0161(brokerage business),3,3,16,,,,16,,,
17,0298(brokerage business),3,3,17,,,,17,,,
Total,,225,96,Total,,261,-33,Total,,459,-33
Ranking,Name of FF Member /OSBPs,Volume,Change from Previous Trading Day,Ranking,Name of FF Member /OSBPs,Long Position,Change from Previous Trading Day,Ranking,Name of FF Member /OSBPs,Short Position,Change from Previous Trading Day
Contract Code：au2606,,,,,,,,,,2026-05-07,
1,0004(brokerage business),77962,34726,1,0004(brokerage business),19459,1242,1,0004(brokerage business),8922,-127
2,0148(brokerage business),47032,30126,2,0148(brokerage business),10139,92,2,0148(brokerage business),3964,172
3,0253(brokerage business),24741,14804,3,0163(brokerage business),9151,412,3,0253(brokerage business),2772,375
4,0081(brokerage business),22471,12476,4,0272(brokerage business),6511,242,4,0163(brokerage business),2585,205
5,0308(brokerage business),20811,15063,5,0240(brokerage business),5003,89,5,0001(brokerage business),2109,134
6,0163(brokerage business),18514,7731,6,0082(brokerage business),4981,-287,6,0240(brokerage business),1973,715
7,0009(brokerage business),13506,10701,7,0034(brokerage business),4633,-266,7,0268(brokerage business),1865,-30
8,0272(brokerage business),10411,6547,8,0103(brokerage business),4559,438,8,0049(brokerage business),1352,37
9,0240(brokerage business),7964,4510,9,0288(brokerage business),4509,180,9,0096(brokerage business),921,176
10,0268(brokerage business),5913,3852,10,0253(brokerage business),4441,-79,10,0275(brokerage business),892,265
11,0034(brokerage business),5703,3511,11,0169(brokerage business),3329,-156,11,0272(brokerage business),859,169
12,0096(brokerage business),5652,1923,12,0096(brokerage business),3037,-28,12,0059(brokerage business),748,-83
13,0275(brokerage business),5644,2955,13,0268(brokerage business),2908,37,13,0082(brokerage business),740,15
14,0123(brokerage business),5143,1493,14,0161(brokerage business),2516,-60,14,0288(brokerage business),692,6
15,0244(brokerage business),4265,2702,15,0069(brokerage business),2488,31,15,0009(brokerage business),634,-49
16,0298(brokerage business),4197,2689,16,0042(brokerage business),2452,-114,16,0186(brokerage business),613,25
17,0372(brokerage business),4185,2088,17,0058(brokerage business),2357,-3,17,0042(brokerage business),558,-3
18,0001(brokerage business),3947,2880,18,0308(brokerage business),2312,79,18,0161(brokerage business),539,84
19,0077(brokerage business),3881,1604,19,0067(brokerage business),2180,122,19,0103(brokerage business),517,-13
20,0186(brokerage business),3556,2585,20,0019(brokerage business),2172,23,20,0315(brokerage business),516,-296
Total,,295498,164966,Total,,99137,1994,Total,,33771,1777
Ranking,Name of FF Member /OSBPs,Volume,Change from Previous Trading Day,Ranking,Name of FF Member /OSBPs,Long Position,Change from Previous Trading Day,Ranking,Name of FF Member /OSBPs,Short Position,Change from Previous Trading Day
Contract Code：au2608,,,,,,,,,,2026-05-07,
1,0004(brokerage business),23107,11793,1,0004(brokerage business),18807,805,1,0315(brokerage business),2513,78
2,0148(brokerage business),15003,8899,2,0148(brokerage business),8601,256,2,0148(brokerage business),1870,-145
3,0253(brokerage business),12430,9438,3,0272(brokerage business),3576,231,3,0004(brokerage business),787,-332
4,0081(brokerage business),9653,5753,4,0103(brokerage business),3196,167,4,0049(brokerage business),737,49
5,0009(brokerage business),9327,7236,5,0240(brokerage business),2701,1003,5,0163(brokerage business),505,28
6,0308(brokerage business),4245,2934,6,0161(brokerage business),1992,-177,6,0253(brokerage business),464,-161
7,0163(brokerage business),3564,1149,7,0163(brokerage business),1770,440,7,0268(brokerage business),450,-18
8,0240(brokerage business),2635,1756,8,0288(brokerage business),1723,-14,8,0089(brokerage business),368,-17
9,0161(brokerage business),2069,1143,9,0067(brokerage business),1632,333,9,0042(brokerage business),342,9
10,0272(brokerage business),1858,832,10,0003(brokerage business),1478,22,10,0034(brokerage business),293,12
11,0275(brokerage business),1825,1153,11,0268(brokerage business),1438,110,11,0274(brokerage business),275,9
12,0259(brokerage business),1629,1014,12,0123(brokerage business),1345,165,12,0086(brokerage business),256,0
13,0059(brokerage business),1601,1221,13,0239(brokerage business),1242,804,13,0272(brokerage business),237,-127
14,0123(brokerage business),1296,324,14,0277(brokerage business),1217,9,14,0157(brokerage business),230,100
15,0268(brokerage business),1286,705,15,0042(brokerage business),1191,23,15,0082(brokerage business),212,-6
16,0043(brokerage business),1148,783,16,0136(brokerage business),1187,-74,16,0096(brokerage business),193,55
17,0096(brokerage business),1101,251,17,0019(brokerage business),1181,-122,17,0335(brokerage business),193,-24
18,0137(brokerage business),1009,746,18,0082(brokerage business),1136,27,18,0088(brokerage business),183,1
19,0239(brokerage business),951,697,19,0253(brokerage business),1084,283,19,0418(brokerage business),180,0
20,0058(brokerage business),929,715,20,0275(brokerage business),896,157,20,0275(brokerage business),162,-106
Total,,96666,58542,Total,,57393,4448,Total,,10450,-595
Ranking,Name of FF Member /OSBPs,Volume,Change from Previous Trading Day,Ranking,Name of FF Member /OSBPs,Long Position,Change from Previous Trading Day,Ranking,Name of FF Member /OSBPs,Short Position,Change from Previous Trading Day
Contract Code：au2610,,,,,,,,,,2026-05-07,
1,0004(brokerage business),5245,2896,1,0148(brokerage business),3409,31,1,0082(brokerage business),568,0
2,0253(brokerage business),3226,1366,2,0136(brokerage business),2234,-20,2,0034(brokerage business),324,7
3,0148(brokerage business),3063,1684,3,0004(brokerage business),1965,290,3,0004(brokerage business),308,-23
4,0009(brokerage business),1684,1159,4,0253(brokerage business),1039,267,4,0009(brokerage business),250,23
5,0081(brokerage business),1092,414,5,0161(brokerage business),790,429,5,0253(brokerage business),210,-11
6,0163(brokerage business),927,595,6,0288(brokerage business),693,6,6,0308(brokerage business),186,0
7,0161(brokerage business),904,662,7,0272(brokerage business),685,-7,7,0268(brokerage business),182,-1
8,0275(brokerage business),856,647,8,0067(brokerage business),673,4,8,0088(brokerage business),151,-38
9,0308(brokerage business),682,595,9,0275(brokerage business),641,65,9,0139(brokerage business),145,0
10,0123(brokerage business),552,417,10,0042(brokerage business),432,19,10,0148(brokerage business),133,-4
11,0042(brokerage business),499,416,11,0268(brokerage business),412,-1,11,0372(brokerage business),117,3
12,0240(brokerage business),415,275,12,0308(brokerage business),405,30,12,0042(brokerage business),98,0
13,0059(brokerage business),302,209,13,0311(brokerage business),324,36,13,0240(brokerage business),62,-7
14,0272(brokerage business),279,27,14,0082(brokerage business),320,105,14,0272(brokerage business),39,-2
15,0259(brokerage business),253,101,15,0327(brokerage business),311,-2,15,0163(brokerage business),27,4
16,0137(brokerage business),180,145,16,0163(brokerage business),299,31,16,0332(brokerage business),23,0
17,0082(brokerage business),169,108,17,0240(brokerage business),292,46,17,0059(brokerage business),22,-1
18,0034(brokerage business),151,97,18,0123(brokerage business),224,0,18,0003(brokerage business),20,0
19,0058(brokerage business),128,72,19,0069(brokerage business),215,8,19,0052(brokerage business),20,-10
20,0019(brokerage business),126,87,20,0156(brokerage business),206,17,20,0298(brokerage business),20,2
Total,,20733,11972,Total,,15569,1354,Total,,2905,-58
Ranking,Name of FF Member /OSBPs,Volume,Change from Previous Trading Day,Ranking,Name of FF Member /OSBPs,Long Position,Change from Previous Trading Day,Ranking,Name of FF Member /OSBPs,Short Position,Change from Previous Trading Day
Contract Code：au2612,,,,,,,,,,2026-05-07,
1,0004(brokerage business),2666,1034,1,0148(brokerage business),3351,94,1,0049(brokerage business),544,-30
2,0148(brokerage business),1546,947,2,0004(brokerage business),1528,63,2,0052(brokerage business),504,0
3,0253(brokerage business),1256,496,3,0253(brokerage business),1198,33,3,0372(brokerage business),427,1
4,0163(brokerage business),1101,692,4,0288(brokerage business),1081,69,4,0025(brokerage business),384,266
5,0009(brokerage business),911,573,5,0308(brokerage business),915,109,5,0009(brokerage business),338,-198
6,0123(brokerage business),446,271,6,0349(brokerage business),659,2,6,0042(brokerage business),306,0
7,0049(brokerage business),416,21,7,0272(brokerage business),622,15,7,0004(brokerage business),303,21
8,0272(brokerage business),401,224,8,0123(brokerage business),562,331,8,0275(brokerage business),276,-28
9,0308(brokerage business),359,274,9,0275(brokerage business),543,9,9,0321(brokerage business),132,21
10,0025(brokerage business),317,255,10,0163(brokerage business),529,41,10,0240(brokerage business),105,0
11,0275(brokerage business),285,18,11,0088(brokerage business),460,-31,11,0156(brokerage business),86,0
12,0103(brokerage business),216,122,12,0311(brokerage business),407,130,12,0148(brokerage business),63,-2
13,0240(brokerage business),214,127,13,0067(brokerage business),400,4,13,0018(brokerage business),48,3
14,0018(brokerage business),199,128,14,0096(brokerage business),262,30,14,0163(brokerage business),47,8
15,0259(brokerage business),178,108,15,0025(brokerage business),260,-47,15,0108(brokerage business),39,2
16,0042(brokerage business),174,97,16,0268(brokerage business),251,2,16,0327(brokerage business),37,9
17,0311(brokerage business),130,95,17,0042(brokerage business),227,82,17,0116(brokerage business),34,26
18,0088(brokerage business),127,99,18,0069(brokerage business),215,0,18,0081(brokerage business),28,-1
19,0288(brokerage business),93,48,19,0103(brokerage business),212,46,19,0048(brokerage business),26,0
20,0271(brokerage business),92,53,20,0013(brokerage business),204,-4,20,0003(brokerage business),23,0
Total,,11127,5682,Total,,13886,978,Total,,3750,98
Member/OSP Type,Total Volume,Change from Previous Trading Day,Member/OSP Type,Total Long Position,Change from Previous Trading Day,Member/OSP Type,Total Short Position,Change from Previous Trading Day,,,
Contract Code：agall,,,,,,,2026-05-07,,,,
Name of FF Member/OSBP,1588625,804750,Name of FF Member/OSBP,460375,13174,Name of FF Member/OSBP,339981,10071,,,
Name of Non-FF Member/OSNBP,6139,3082,Name of Non-FF Member/OSNBP,22090,-1688,Name of Non-FF Member/OSNBP,142484,1415,,,
Ranking,Name of FF Member /OSBPs,Volume,Change from Previous Trading Day,Ranking,Name of FF Member /OSBPs,Long Position,Change from Previous Trading Day,Ranking,Name of FF Member /OSBPs,Short Position,Change from Previous Trading Day
Contract Code：ag2605,,,,,,,,,,2026-05-07,
1,0148(brokerage business),302,90,1,0339(brokerage business),900,0,1,0082(brokerage business),572,0
2,0272(brokerage business),274,24,2,0043(brokerage business),864,-2,2,0253(brokerage business),408,10
3,0186(brokerage business),172,4,3,0004(brokerage business),554,6,3,0240(brokerage business),402,-2
4,0001(brokerage business),168,-50,4,0268(brokerage business),302,-12,4,0001(brokerage business),244,-168
5,0077(brokerage business),150,150,5,0077(brokerage business),274,0,5,0034(brokerage business),214,0
6,0240(brokerage business),146,-46,6,0082(brokerage business),228,0,6,0042(brokerage business),210,0
7,0058(brokerage business),142,16,7,0240(brokerage business),222,-16,7,0272(brokerage business),178,-214
8,0275(brokerage business),130,-7,8,0272(brokerage business),114,-16,8,0009(brokerage business),162,0
9,0004(brokerage business),88,40,9,0148(brokerage business),98,-142,9,0103(brokerage business),118,0
10,0151(brokerage business),86,64,10,0123(brokerage business),74,-4,10,0321(brokerage business),118,0
11,0163(brokerage business),86,34,11,0321(brokerage business),70,-30,11,0059(brokerage business),114,0
12,0274(brokerage business),80,32,12,0151(brokerage business),54,-68,12,0049(brokerage business),106,-2
13,0259(brokerage business),78,-20,13,0277(brokerage business),44,-2,13,0148(brokerage business),96,-56
14,0271(brokerage business),72,-8,14,0288(brokerage business),40,-12,14,0163(brokerage business),62,0
15,0308(brokerage business),48,47,15,0034(brokerage business),34,0,15,0004(brokerage business),18,-2
16,0096(brokerage business),30,20,16,0275(brokerage business),32,-30,16,0069(brokerage business),18,0
17,0321(brokerage business),30,30,17,0253(brokerage business),30,-4,17,0268(brokerage business),18,-6
18,0338(brokerage business),30,30,18,0171(brokerage business),22,0,18,0030(brokerage business),10,0
19,0268(brokerage business),22,10,19,0163(brokerage business),16,-10,19,0275(brokerage business),10,0
20,0042(brokerage business),20,-40,20,0009(brokerage business),14,0,20,0007(brokerage business),4,0
Total,,2154,420,Total,,3986,-342,Total,,3082,-440
Ranking,Name of FF Member /OSBPs,Volume,Change from Previous Trading Day,Ranking,Name of FF Member /OSBPs,Long Position,Change from Previous Trading Day,Ranking,Name of FF Member /OSBPs,Short Position,Change from Previous Trading Day
Contract Code：ag2606,,,,,,,,,,2026-05-07,
1,0004(brokerage business),132048,68710,1,0004(brokerage business),14453,1528,1,0148(brokerage business),19195,-447
2,0148(brokerage business),90587,44863,2,0148(brokerage business),13478,-470,2,0004(brokerage business),11184,400
3,0240(brokerage business),38263,19908,3,0272(brokerage business),8903,670,3,0163(brokerage business),10018,575
4,0253(brokerage business),37770,20281,4,0163(brokerage business),7254,-203,4,0049(brokerage business),7860,719
5,0163(brokerage business),36541,15508,5,0082(brokerage business),6855,-116,5,0139(brokerage business),6189,152
6,0272(brokerage business),28696,15711,6,0103(brokerage business),6257,391,6,0006(brokerage business),5206,-1147
7,0081(brokerage business),25650,12916,7,0288(brokerage business),5533,24,7,0315(brokerage business),4790,89
8,0308(brokerage business),23030,13916,8,0253(brokerage business),5165,-47,8,0137(brokerage business),4625,3
9,0275(brokerage business),21865,5790,9,0034(brokerage business),5009,-430,9,0253(brokerage business),4405,-817
10,0034(brokerage business),20514,10837,10,0268(brokerage business),4828,190,10,0009(brokerage business),4203,-16
11,0268(brokerage business),18384,11709,11,0240(brokerage business),4374,-195,11,0272(brokerage business),4154,754
12,0186(brokerage business),15862,9550,12,0042(brokerage business),4338,-32,12,0001(brokerage business),3986,89
13,0298(brokerage business),14546,8447,13,0069(brokerage business),4040,-151,13,0240(brokerage business),3461,14
14,0259(brokerage business),14258,6989,14,0123(brokerage business),3169,-49,14,0288(brokerage business),3350,52
15,0043(brokerage business),12754,8541,15,0081(brokerage business),3029,-269,15,0034(brokerage business),3198,158
16,0288(brokerage business),11853,5970,16,0161(brokerage business),2799,-5,16,0268(brokerage business),3187,104
17,0019(brokerage business),11310,6849,17,0323(brokerage business),2737,10,17,0096(brokerage business),2525,-126
18,0137(brokerage business),10213,5214,18,0096(brokerage business),2703,-217,18,0275(brokerage business),2127,166
19,0323(brokerage business),10062,5731,19,0298(brokerage business),2590,-141,19,0042(brokerage business),2080,7
20,0009(brokerage business),10044,6124,20,0275(brokerage business),2537,-529,20,0103(brokerage business),2076,-304
Total,,584250,303564,Total,,110051,-41,Total,,107819,425
Ranking,Name of FF Member /OSBPs,Volume,Change from Previous Trading Day,Ranking,Name of FF Member /OSBPs,Long Position,Change from Previous Trading Day,Ranking,Name of FF Member /OSBPs,Short Position,Change from Previous Trading Day
Contract Code：ag2608,,,,,,,,,,2026-05-07,
1,0004(brokerage business),81761,38315,1,0103(brokerage business),12790,1379,1,0163(brokerage business),13338,423
2,0148(brokerage business),52329,28237,2,0004(brokerage business),11467,2027,2,0148(brokerage business),11005,902
3,0253(brokerage business),27457,14128,3,0148(brokerage business),10278,1519,3,0372(brokerage business),9021,70
4,0240(brokerage business),23944,11659,4,0082(brokerage business),7903,78,4,0004(brokerage business),5917,1500
5,0163(brokerage business),20172,10565,5,0272(brokerage business),7398,-852,5,0272(brokerage business),5132,456
6,0308(brokerage business),18656,13375,6,0043(brokerage business),6816,-180,6,0049(brokerage business),4809,831
7,0081(brokerage business),18247,11825,7,0163(brokerage business),6342,591,7,0103(brokerage business),3802,-871
8,0272(brokerage business),17136,5436,8,0253(brokerage business),5751,557,8,0315(brokerage business),3105,100
9,0275(brokerage business),16052,4696,9,0049(brokerage business),5644,-30,9,0123(brokerage business),3060,14
10,0268(brokerage business),11310,7772,10,0123(brokerage business),4408,28,10,0253(brokerage business),2902,940
11,0186(brokerage business),10921,7290,11,0240(brokerage business),4083,491,11,0096(brokerage business),2149,138
12,0009(brokerage business),9463,5134,12,0239(brokerage business),2931,238,12,0139(brokerage business),2000,1
13,0059(brokerage business),7208,4562,13,0042(brokerage business),2367,-120,13,0042(brokerage business),1931,-162
14,0043(brokerage business),7149,3722,14,0081(brokerage business),2225,406,14,0240(brokerage business),1682,167
15,0123(brokerage business),6970,2220,15,0323(brokerage business),2137,270,15,0088(brokerage business),1651,-160
16,0034(brokerage business),6935,4382,16,0034(brokerage business),2125,-21,16,0034(brokerage business),1627,384
17,0298(brokerage business),6863,4513,17,0088(brokerage business),2106,117,17,0067(brokerage business),1259,-16
18,0323(brokerage business),6518,3020,18,0134(brokerage business),2046,-1,18,0274(brokerage business),1243,120
19,0299(brokerage business),5172,3200,19,0244(brokerage business),1880,49,19,0275(brokerage business),1174,525
20,0280(brokerage business),5117,2977,20,0268(brokerage business),1548,141,20,0121(brokerage business),1128,-39
Total,,359380,187028,Total,,102245,6687,Total,,77935,5323
Ranking,Name of FF Member /OSBPs,Volume,Change from Previous Trading Day,Ranking,Name of FF Member /OSBPs,Long Position,Change from Previous Trading Day,Ranking,Name of FF Member /OSBPs,Short Position,Change from Previous Trading Day
Contract Code：ag2610,,,,,,,,,,2026-05-07,
1,0004(brokerage business),18792,9401,1,0148(brokerage business),6274,804,1,0163(brokerage business),8266,-91
2,0148(brokerage business),14566,6220,2,0082(brokerage business),5565,5,2,0148(brokerage business),3625,142
3,0253(brokerage business),5686,2086,3,0240(brokerage business),4116,37,3,0049(brokerage business),2548,13
4,0275(brokerage business),4937,2123,4,0049(brokerage business),4023,2,4,0372(brokerage business),1415,5
5,0081(brokerage business),4624,3119,5,0277(brokerage business),3162,0,5,0004(brokerage business),1368,-104
6,0240(brokerage business),4353,2222,6,0272(brokerage business),2746,-266,6,0069(brokerage business),1354,19
7,0163(brokerage business),4271,1341,7,0253(brokerage business),2399,39,7,0042(brokerage business),1277,366
8,0308(brokerage business),3070,1856,8,0004(brokerage business),1911,234,8,0103(brokerage business),961,7
9,0123(brokerage business),3008,824,9,0043(brokerage business),1374,-2,9,0067(brokerage business),909,1
10,0272(brokerage business),1926,342,10,0103(brokerage business),1266,40,10,0315(brokerage business),864,0
11,0096(brokerage business),1843,282,11,0088(brokerage business),1193,-9,11,0139(brokerage business),727,4
12,0009(brokerage business),1589,931,12,0288(brokerage business),1147,-2,12,0034(brokerage business),589,-3
13,0059(brokerage business),1454,725,13,0323(brokerage business),1049,120,13,0272(brokerage business),497,-36
14,0019(brokerage business),1138,498,14,0003(brokerage business),972,-22,14,0009(brokerage business),456,0
15,0261(brokerage business),1000,1000,15,0274(brokerage business),756,99,15,0059(brokerage business),409,10
16,0259(brokerage business),932,109,16,0134(brokerage business),709,-8,16,0088(brokerage business),394,99
17,0298(brokerage business),857,613,17,0268(brokerage business),632,-10,17,0096(brokerage business),378,19
18,0042(brokerage business),837,603,18,0163(brokerage business),585,0,18,0121(brokerage business),365,19
19,0271(brokerage business),792,-200,19,0034(brokerage business),575,38,19,0274(brokerage business),351,-4
20,0043(brokerage business),678,515,20,0308(brokerage business),514,6,20,0332(brokerage business),264,16
Total,,76353,34610,Total,,40968,1105,Total,,27017,482
Ranking,Name of FF Member /OSBPs,Volume,Change from Previous Trading Day,Ranking,Name of FF Member /OSBPs,Long Position,Change from Previous Trading Day,Ranking,Name of FF Member /OSBPs,Short Position,Change from Previous Trading Day
Contract Code：ag2612,,,,,,,,,,2026-05-07,
1,0004(brokerage business),7619,3425,1,0148(brokerage business),3586,790,1,0163(brokerage business),8109,-17
2,0148(brokerage business),4642,1799,2,0272(brokerage business),3435,8,2,0025(brokerage business),4426,148
3,0275(brokerage business),2883,1037,3,0288(brokerage business),3376,14,3,0148(brokerage business),3273,18
4,0163(brokerage business),2674,1514,4,0004(brokerage business),3202,349,4,0049(brokerage business),2948,137
5,0253(brokerage business),2502,908,5,0025(brokerage business),3172,14,5,0067(brokerage business),2016,5
6,0123(brokerage business),1855,668,6,0268(brokerage business),2591,0,6,0315(brokerage business),1021,0
7,0240(brokerage business),1625,577,7,0240(brokerage business),2561,-96,7,0288(brokerage business),544,217
8,0308(brokerage business),1211,827,8,0043(brokerage business),2072,5,8,0103(brokerage business),501,2
9,0059(brokerage business),1130,764,9,0163(brokerage business),1891,31,9,0069(brokerage business),496,25
10,0081(brokerage business),1116,148,10,0049(brokerage business),1883,-39,10,0272(brokerage business),445,-27
11,0272(brokerage business),1025,569,11,0034(brokerage business),1498,-12,11,0004(brokerage business),409,62
12,0096(brokerage business),986,648,12,0001(brokerage business),1492,-19,12,0240(brokerage business),371,11
13,0259(brokerage business),829,150,13,0088(brokerage business),1350,-58,13,0320(brokerage business),336,119
14,0311(brokerage business),715,528,14,0253(brokerage business),1101,-332,14,0253(brokerage business),309,42
15,0019(brokerage business),597,362,15,0308(brokerage business),1065,40,15,0034(brokerage business),248,55
16,0320(brokerage business),578,254,16,0323(brokerage business),775,143,16,0088(brokerage business),190,1
17,0034(brokerage business),565,92,17,0103(brokerage business),653,14,17,0268(brokerage business),174,37
18,0288(brokerage business),509,176,18,0042(brokerage business),573,16,18,0058(brokerage business),150,24
19,0271(brokerage business),508,-249,19,0082(brokerage business),509,9,19,0096(brokerage business),141,-5
20,0261(brokerage business),500,498,20,0096(brokerage business),495,-5,20,0275(brokerage business),129,11
Total,,34069,14695,Total,,37280,872,Total,,26236,865
Member/OSP Type,Total Volume,Change from Previous Trading Day,Member/OSP Type,Total Long Position,Change from Previous Trading Day,Member/OSP Type,Total Short Position,Change from Previous Trading Day,,,
Contract Code：rball,,,,,,,2026-05-07,,,,
Name of FF Member/OSBP,1917132,292100,Name of FF Member/OSBP,2732739,97620,Name of FF Member/OSBP,2732739,97620,,,
Name of Non-FF Member/OSNBP,0,0,Name of Non-FF Member/OSNBP,0,0,Name of Non-FF Member/OSNBP,0,0,,,
Ranking,Name of FF Member /OSBPs,Volume,Change from Previous Trading Day,Ranking,Name of FF Member /OSBPs,Long Position,Change from Previous Trading Day,Ranking,Name of FF Member /OSBPs,Short Position,Change from Previous Trading Day
Contract Code：rb2605,,,,,,,,,,2026-05-07,
1,0103(brokerage business),930,870,1,0163(brokerage business),1830,-30,1,0004(brokerage business),3150,-30
2,0151(brokerage business),510,86,2,0004(brokerage business),900,240,2,0042(brokerage business),1020,-480
3,0259(brokerage business),510,90,3,0058(brokerage business),750,-30,3,0259(brokerage business),720,-210
4,0042(brokerage business),480,240,4,0161(brokerage business),540,-150,4,0103(brokerage business),570,-900
5,0240(brokerage business),480,400,5,0076(brokerage business),510,0,5,0275(brokerage business),450,0
6,0338(brokerage business),360,355,6,0171(brokerage business),450,120,6,0077(brokerage business),300,0
7,0004(brokerage business),330,30,7,0238(brokerage business),420,0,7,0277(brokerage business),300,0
8,0148(brokerage business),270,-9,8,0148(brokerage business),390,-210,8,0418(brokerage business),300,0
9,0034(brokerage business),240,-91,9,0042(brokerage business),360,0,9,0047(brokerage business),240,0
10,0096(brokerage business),240,208,10,0096(brokerage business),300,-60,10,0125(brokerage business),240,0
11,0270(brokerage business),240,240,11,0125(brokerage business),270,0,11,0163(brokerage business),180,-120
12,0277(brokerage business),240,0,12,0186(brokerage business),210,0,12,0253(brokerage business),180,0
13,0272(brokerage business),210,65,13,0008(brokerage business),180,0,13,0009(brokerage business),150,0
14,0171(brokerage business),180,90,14,0072(brokerage business),180,0,14,0034(brokerage business),150,-240
15,0178(brokerage business),180,-510,15,0151(brokerage business),150,150,15,0311(brokerage business),150,-90
16,0077(brokerage business),150,-151,16,0159(brokerage business),150,0,16,0019(brokerage business),120,0
17,0161(brokerage business),150,0,17,0009(brokerage business),120,-120,17,0178(brokerage business),120,-60
18,0163(brokerage business),150,-111,18,0134(brokerage business),120,0,18,0272(brokerage business),90,-120
19,0268(brokerage business),150,42,19,0007(brokerage business),90,0,19,0319(brokerage business),90,0
20,0009(brokerage business),120,-120,20,0077(brokerage business),90,-150,20,0096(brokerage business),60,0
Total,,6120,1724,Total,,8010,-240,Total,,8580,-2250
Ranking,Name of FF Member /OSBPs,Volume,Change from Previous Trading Day,Ranking,Name of FF Member /OSBPs,Long Position,Change from Previous Trading Day,Ranking,Name of FF Member /OSBPs,Short Position,Change from Previous Trading Day
Contract Code：rb2607,,,,,,,,,,2026-05-07,
1,0163(brokerage business),27679,-2915,1,0148(brokerage business),37551,-1314,1,0004(brokerage business),27396,1485
2,0004(brokerage business),11021,132,2,0274(brokerage business),23812,158,2,0274(brokerage business),23916,-625
3,0148(brokerage business),10524,-1154,3,0081(brokerage business),22366,335,3,0081(brokerage business),22219,217
4,0253(brokerage business),6494,-1093,4,0004(brokerage business),21168,734,4,0082(brokerage business),18850,1232
5,0082(brokerage business),5675,183,5,0082(brokerage business),17355,599,5,0148(brokerage business),18315,-20
6,0268(brokerage business),4406,829,6,0323(brokerage business),17291,-16,6,0323(brokerage business),16741,15
7,0103(brokerage business),3914,958,7,0151(brokerage business),16292,47,7,0151(brokerage business),16519,84
8,0259(brokerage business),3759,1367,8,0268(brokerage business),15211,-4,8,0268(brokerage business),15684,-582
9,0123(brokerage business),3615,-6620,9,0272(brokerage business),14971,146,9,0272(brokerage business),15344,90
10,0096(brokerage business),3390,1037,10,0139(brokerage business),14902,423,10,0139(brokerage business),14751,355
11,0081(brokerage business),3238,-702,11,0163(brokerage business),10446,118,11,0069(brokerage business),10151,70
12,0043(brokerage business),2445,1192,12,0069(brokerage business),10441,-27,12,0163(brokerage business),10117,-1375
13,0186(brokerage business),2423,1502,13,0186(brokerage business),9614,-933,13,0103(brokerage business),9442,2353
14,0034(brokerage business),2138,118,14,0253(brokerage business),6782,159,14,0259(brokerage business),8811,586
15,0139(brokerage business),1590,-1497,15,0259(brokerage business),6020,61,15,0186(brokerage business),7750,-1088
16,0272(brokerage business),1516,-1667,16,0238(brokerage business),5637,-21,16,0253(brokerage business),7559,103
17,0076(brokerage business),1313,1304,17,0103(brokerage business),5329,785,17,0238(brokerage business),5860,-9
18,0275(brokerage business),1206,-2457,18,0096(brokerage business),4729,685,18,0019(brokerage business),5185,516
19,0240(brokerage business),1149,651,19,0088(brokerage business),4487,0,19,0096(brokerage business),5151,369
20,0335(brokerage business),952,545,20,0138(brokerage business),4296,-7,20,0034(brokerage business),5064,301
Total,,98447,-8287,Total,,268700,1928,Total,,264825,4077
Ranking,Name of FF Member /OSBPs,Volume,Change from Previous Trading Day,Ranking,Name of FF Member /OSBPs,Long Position,Change from Previous Trading Day,Ranking,Name of FF Member /OSBPs,Short Position,Change from Previous Trading Day
Contract Code：rb2609,,,,,,,,,,2026-05-07,
1,0163(brokerage business),12703,4503,1,0268(brokerage business),19381,-7,1,0268(brokerage business),18837,-25
2,0148(brokerage business),5636,301,2,0323(brokerage business),14443,140,2,0323(brokerage business),14146,153
3,0253(brokerage business),3198,2075,3,0081(brokerage business),13705,-37,3,0081(brokerage business),13019,4
4,0259(brokerage business),1956,-80,4,0082(brokerage business),13268,5,4,0139(brokerage business),12756,342
5,0081(brokerage business),1759,-372,5,0096(brokerage business),12822,343,5,0148(brokerage business),12715,844
6,0004(brokerage business),1656,134,6,0139(brokerage business),12673,270,6,0082(brokerage business),12519,10
7,0275(brokerage business),1465,26,7,0004(brokerage business),12321,413,7,0096(brokerage business),12192,366
8,0082(brokerage business),1353,-1197,8,0163(brokerage business),10502,725,8,0163(brokerage business),11067,258
9,0096(brokerage business),1287,274,9,0253(brokerage business),10164,179,9,0004(brokerage business),10313,365
10,0268(brokerage business),1228,-378,10,0148(brokerage business),9817,804,10,0151(brokerage business),9386,510
11,0151(brokerage business),1082,480,11,0151(brokerage business),9543,524,11,0253(brokerage business),9338,65
12,0139(brokerage business),1044,-706,12,0103(brokerage business),6538,218,12,0103(brokerage business),8374,225
13,0123(brokerage business),687,47,13,0272(brokerage business),6436,-29,13,0069(brokerage business),5825,180
14,0019(brokerage business),502,72,14,0069(brokerage business),5893,186,14,0272(brokerage business),5727,-9
15,0103(brokerage business),487,-699,15,0259(brokerage business),3779,-305,15,0259(brokerage business),5545,-305
16,0069(brokerage business),482,56,16,0138(brokerage business),2613,0,16,0275(brokerage business),3258,22
17,0323(brokerage business),475,111,17,0349(brokerage business),1463,-8,17,0138(brokerage business),2652,-6
18,0177(brokerage business),318,10,18,0077(brokerage business),1197,-1,18,0349(brokerage business),1452,1
19,0186(brokerage business),299,158,19,0275(brokerage business),1086,-93,19,0077(brokerage business),1337,3
20,0272(brokerage business),260,-1902,20,0123(brokerage business),894,-29,20,0019(brokerage business),1035,93
Total,,37877,2913,Total,,168538,3298,Total,,171493,3096
Ranking,Name of FF Member /OSBPs,Volume,Change from Previous Trading Day,Ranking,Name of FF Member /OSBPs,Long Position,Change from Previous Trading Day,Ranking,Name of FF Member /OSBPs,Short Position,Change from Previous Trading Day
Contract Code：rb2610,,,,,,,,,,2026-05-07,
1,0004(brokerage business),233888,64203,1,0148(brokerage business),293219,7126,1,0004(brokerage business),216558,-560
2,0148(brokerage business),169681,7885,2,0163(brokerage business),205427,9892,2,0103(brokerage business),164292,6438
3,0163(brokerage business),159873,24397,3,0004(brokerage business),155936,7400,3,0148(brokerage business),153112,2971
4,0253(brokerage business),119932,41883,4,0239(brokerage business),103813,18368,4,0163(brokerage business),99327,903
5,0259(brokerage business),56949,17499,5,0272(brokerage business),72893,2675,5,0253(brokerage business),75425,8244
6,0272(brokerage business),51790,4413,6,0103(brokerage business),67101,1814,6,0058(brokerage business),66701,2708
7,0034(brokerage business),37349,5977,7,0253(brokerage business),64873,4368,7,0272(brokerage business),60869,349
8,0103(brokerage business),35794,-1805,8,0335(brokerage business),52486,4516,8,0034(brokerage business),57672,3411
9,0186(brokerage business),32082,9862,9,0123(brokerage business),46535,5075,9,0082(brokerage business),51499,1446
10,0275(brokerage business),26673,3654,10,0059(brokerage business),44972,3567,10,0125(brokerage business),51278,1353
11,0268(brokerage business),25101,7203,11,0268(brokerage business),41724,663,11,0274(brokerage business),45223,-247
12,0123(brokerage business),24836,5707,12,0034(brokerage business),41262,-5660,12,0123(brokerage business),39319,643
13,0081(brokerage business),23493,12406,13,0274(brokerage business),38257,1216,13,0007(brokerage business),36259,-458
14,0239(brokerage business),22663,9964,14,0153(brokerage business),36574,-3024,14,0259(brokerage business),35633,3182
15,0096(brokerage business),20836,5842,15,0240(brokerage business),31129,1212,15,0275(brokerage business),34198,4244
16,0042(brokerage business),18993,3159,16,0082(brokerage business),29715,2158,16,0059(brokerage business),31126,-632
17,0240(brokerage business),18913,-4418,17,0323(brokerage business),28687,1211,17,0096(brokerage business),30103,1641
18,0043(brokerage business),18677,9605,18,0161(brokerage business),28608,2534,18,0069(brokerage business),29401,1270
19,0389(brokerage business),18513,-1969,19,0311(brokerage business),26560,4232,19,0121(brokerage business),28138,512
20,0274(brokerage business),18333,4142,20,0288(brokerage business),25293,4602,20,0178(brokerage business),27914,-378
Total,,1134369,229609,Total,,1435064,73945,Total,,1334047,37040
Member/OSP Type,Total Volume,Change from Previous Trading Day,Member/OSP Type,Total Long Position,Change from Previous Trading Day,Member/OSP Type,Total Short Position,Change from Previous Trading Day,,,
Contract Code：hcall,,,,,,,2026-05-07,,,,
Name of FF Member/OSBP,1234344,-120836,Name of FF Member/OSBP,2605353,45183,Name of FF Member/OSBP,2605353,45183,,,
Name of Non-FF Member/OSNBP,0,0,Name of Non-FF Member/OSNBP,0,0,Name of Non-FF Member/OSNBP,0,0,,,
Ranking,Name of FF Member /OSBPs,Volume,Change from Previous Trading Day,Ranking,Name of FF Member /OSBPs,Long Position,Change from Previous Trading Day,Ranking,Name of FF Member /OSBPs,Short Position,Change from Previous Trading Day
Contract Code：hc2605,,,,,,,,,,2026-05-07,
1,0103(brokerage business),870,630,1,0004(brokerage business),8340,0,1,0007(brokerage business),13770,0
2,0249(brokerage business),570,570,2,0103(brokerage business),6930,-870,2,0047(brokerage business),4740,0
3,0272(brokerage business),360,60,3,0161(brokerage business),4200,0,3,0019(brokerage business),3990,0
4,0004(brokerage business),330,-30,4,0311(brokerage business),3480,0,4,0259(brokerage business),3330,0
5,0008(brokerage business),270,270,5,0096(brokerage business),3120,120,5,0339(brokerage business),3090,0
6,0259(brokerage business),270,-180,6,0003(brokerage business),1800,0,6,0034(brokerage business),2460,0
7,0277(brokerage business),240,-180,7,0123(brokerage business),1800,0,7,0103(brokerage business),2070,0
8,0009(brokerage business),180,180,8,0240(brokerage business),1800,0,8,0096(brokerage business),1890,0
9,0042(brokerage business),180,180,9,0008(brokerage business),1770,30,9,0123(brokerage business),1860,-60
10,0067(brokerage business),180,60,10,0076(brokerage business),1500,0,10,0277(brokerage business),1740,-180
11,0151(brokerage business),180,-90,11,0153(brokerage business),1470,0,11,0004(brokerage business),1590,-210
12,0268(brokerage business),180,78,12,0067(brokerage business),1410,-180,12,0076(brokerage business),1260,0
13,0007(brokerage business),150,-60,13,0159(brokerage business),1380,0,13,0003(brokerage business),690,0
14,0137(brokerage business),150,-660,14,0272(brokerage business),1230,180,14,0043(brokerage business),450,0
15,0059(brokerage business),120,-90,15,0009(brokerage business),1020,-120,15,0272(brokerage business),420,180
16,0096(brokerage business),120,-60,16,0042(brokerage business),840,-120,16,0308(brokerage business),420,0
17,0163(brokerage business),120,-93,17,0059(brokerage business),810,-120,17,0163(brokerage business),360,-120
18,0254(brokerage business),90,90,18,0148(brokerage business),600,0,18,0171(brokerage business),330,0
19,0086(brokerage business),60,60,19,0034(brokerage business),510,0,19,0008(brokerage business),240,240
20,0123(brokerage business),60,0,20,0418(brokerage business),510,0,20,0058(brokerage business),150,0
Total,,4680,735,Total,,44520,-1080,Total,,44850,-150
Ranking,Name of FF Member /OSBPs,Volume,Change from Previous Trading Day,Ranking,Name of FF Member /OSBPs,Long Position,Change from Previous Trading Day,Ranking,Name of FF Member /OSBPs,Short Position,Change from Previous Trading Day
Contract Code：hc2607,,,,,,,,,,2026-05-07,
1,0004(brokerage business),12461,-3333,1,0148(brokerage business),34589,-1728,1,0268(brokerage business),27138,316
2,0163(brokerage business),11387,-6787,2,0268(brokerage business),27239,312,2,0081(brokerage business),21169,-645
3,0148(brokerage business),10453,-7701,3,0081(brokerage business),22056,-537,3,0240(brokerage business),17543,155
4,0253(brokerage business),4888,149,4,0004(brokerage business),19365,790,4,0148(brokerage business),16525,111
5,0268(brokerage business),3332,-1050,5,0253(brokerage business),16197,45,5,0004(brokerage business),16302,181
6,0043(brokerage business),2578,1383,6,0137(brokerage business),15999,680,6,0253(brokerage business),15853,9
7,0178(brokerage business),2271,-399,7,0240(brokerage business),15614,-51,7,0137(brokerage business),15692,493
8,0240(brokerage business),2172,907,8,0161(brokerage business),15059,-1,8,0161(brokerage business),15201,9
9,0081(brokerage business),1842,-1448,9,0139(brokerage business),14662,296,9,0139(brokerage business),14690,292
10,0137(brokerage business),1545,495,10,0178(brokerage business),14590,-321,10,0178(brokerage business),14617,-348
11,0103(brokerage business),1394,-1681,11,0323(brokerage business),14072,15,11,0323(brokerage business),14008,-1
12,0274(brokerage business),1226,409,12,0048(brokerage business),9007,-603,12,0048(brokerage business),9021,-580
13,0048(brokerage business),1215,505,13,0157(brokerage business),6471,116,13,0019(brokerage business),6477,80
14,0259(brokerage business),1109,-1888,14,0019(brokerage business),6445,80,14,0157(brokerage business),6447,127
15,0161(brokerage business),1046,-1854,15,0259(brokerage business),4089,-127,15,0103(brokerage business),5618,262
16,0139(brokerage business),760,-808,16,0103(brokerage business),3159,234,16,0008(brokerage business),4740,230
17,0008(brokerage business),710,659,17,0088(brokerage business),3023,0,17,0259(brokerage business),3970,-220
18,0019(brokerage business),452,66,18,0274(brokerage business),2870,558,18,0003(brokerage business),3935,0
19,0277(brokerage business),409,-78,19,0311(brokerage business),1779,22,19,0088(brokerage business),3023,0
20,0275(brokerage business),365,-359,20,0009(brokerage business),1675,38,20,0059(brokerage business),2448,1
Total,,61615,-22813,Total,,247960,-182,Total,,234417,472
Ranking,Name of FF Member /OSBPs,Volume,Change from Previous Trading Day,Ranking,Name of FF Member /OSBPs,Long Position,Change from Previous Trading Day,Ranking,Name of FF Member /OSBPs,Short Position,Change from Previous Trading Day
Contract Code：hc2609,,,,,,,,,,2026-05-07,
1,0004(brokerage business),4289,1304,1,0268(brokerage business),22560,249,1,0268(brokerage business),22743,239
2,0163(brokerage business),4216,815,2,0323(brokerage business),14176,143,2,0323(brokerage business),14123,132
3,0096(brokerage business),3945,1424,3,0004(brokerage business),11042,62,3,0004(brokerage business),12459,-21
4,0148(brokerage business),3878,1118,4,0139(brokerage business),10492,580,4,0139(brokerage business),10480,582
5,0268(brokerage business),2540,61,5,0081(brokerage business),10149,-1,5,0081(brokerage business),10047,-35
6,0253(brokerage business),1998,531,6,0253(brokerage business),7618,677,6,0253(brokerage business),7514,663
7,0139(brokerage business),1416,386,7,0137(brokerage business),6616,164,7,0148(brokerage business),6352,818
8,0178(brokerage business),1241,184,8,0148(brokerage business),6374,874,8,0137(brokerage business),6149,161
9,0103(brokerage business),898,-345,9,0240(brokerage business),6052,8,9,0161(brokerage business),5533,10
10,0137(brokerage business),809,123,10,0161(brokerage business),5529,-3,10,0240(brokerage business),5033,19
11,0081(brokerage business),598,-38,11,0178(brokerage business),5131,-132,11,0178(brokerage business),5011,-125
12,0312(brokerage business),522,-120,12,0048(brokerage business),4876,-183,12,0048(brokerage business),4877,-183
13,0323(brokerage business),475,-522,13,0157(brokerage business),2702,111,13,0157(brokerage business),2631,107
14,0019(brokerage business),402,18,14,0103(brokerage business),2123,449,14,0103(brokerage business),2502,449
15,0048(brokerage business),384,26,15,0163(brokerage business),1093,65,15,0096(brokerage business),1097,71
16,0123(brokerage business),361,-569,16,0009(brokerage business),1073,37,16,0077(brokerage business),1073,0
17,0240(brokerage business),347,-81,17,0077(brokerage business),1069,-3,17,0123(brokerage business),750,0
18,0272(brokerage business),305,182,18,0171(brokerage business),1020,1,18,0042(brokerage business),688,0
19,0275(brokerage business),300,-563,19,0123(brokerage business),786,27,19,0019(brokerage business),576,126
20,0161(brokerage business),221,-387,20,0019(brokerage business),578,130,20,0003(brokerage business),544,181
Total,,29145,3547,Total,,121059,3255,Total,,120182,3194
Ranking,Name of FF Member /OSBPs,Volume,Change from Previous Trading Day,Ranking,Name of FF Member /OSBPs,Long Position,Change from Previous Trading Day,Ranking,Name of FF Member /OSBPs,Short Position,Change from Previous Trading Day
Contract Code：hc2610,,,,,,,,,,2026-05-07,
1,0004(brokerage business),142661,-21699,1,0004(brokerage business),227729,2358,1,0004(brokerage business),395186,1197
2,0163(brokerage business),124254,-24273,2,0148(brokerage business),213536,676,2,0058(brokerage business),178268,-516
3,0148(brokerage business),101688,-4096,3,0163(brokerage business),180406,807,3,0103(brokerage business),117679,3391
4,0253(brokerage business),61181,2414,4,0239(brokerage business),129830,1261,4,0163(brokerage business),116513,1079
5,0272(brokerage business),36435,-4623,5,0042(brokerage business),116235,843,5,0272(brokerage business),101173,7958
6,0081(brokerage business),31063,-8525,6,0103(brokerage business),80757,1443,6,0148(brokerage business),70174,1822
7,0259(brokerage business),22977,11680,7,0253(brokerage business),72020,4029,7,0096(brokerage business),54375,-559
8,0077(brokerage business),21470,9568,8,0272(brokerage business),69627,-969,8,0042(brokerage business),52317,2652
9,0103(brokerage business),18540,-18952,9,0335(brokerage business),69027,-2176,9,0275(brokerage business),49430,1917
10,0323(brokerage business),18003,4035,10,0009(brokerage business),46210,-1222,10,0277(brokerage business),45180,2447
11,0042(brokerage business),17779,7871,11,0059(brokerage business),36927,1643,11,0125(brokerage business),45106,2489
12,0275(brokerage business),17206,-13245,12,0082(brokerage business),36793,1322,12,0034(brokerage business),41488,-2692
13,0096(brokerage business),16633,4015,13,0081(brokerage business),31919,-877,13,0259(brokerage business),40489,-675
14,0151(brokerage business),16254,4974,14,0275(brokerage business),27370,-1725,14,0253(brokerage business),38522,1760
15,0034(brokerage business),15453,-5786,15,0268(brokerage business),26606,-538,15,0009(brokerage business),37372,-200
16,0240(brokerage business),14547,1929,16,0123(brokerage business),24342,3766,16,0082(brokerage business),35294,-86
17,0058(brokerage business),13880,-1015,17,0240(brokerage business),24329,-31,17,0123(brokerage business),33257,-276
18,0274(brokerage business),13799,420,18,0288(brokerage business),23185,444,18,0059(brokerage business),31423,-2074
19,0125(brokerage business),13040,2847,19,0323(brokerage business),22375,381,19,0002(brokerage business),31409,336
20,0308(brokerage business),12299,3848,20,0058(brokerage business),22093,-318,20,0305(brokerage business),27471,-18
Total,,729162,-48613,Total,,1481316,11117,Total,,1542126,19952
Member/OSP Type,Total Volume,Change from Previous Trading Day,Member/OSP Type,Total Long Position,Change from Previous Trading Day,Member/OSP Type,Total Short Position,Change from Previous Trading Day,,,
Contract Code：ssall,,,,,,,2026-05-07,,,,
Name of FF Member/OSBP,762728,249302,Name of FF Member/OSBP,317625,-11608,Name of FF Member/OSBP,317625,-11608,,,
Name of Non-FF Member/OSNBP,0,0,Name of Non-FF Member/OSNBP,0,0,Name of Non-FF Member/OSNBP,0,0,,,
Ranking,Name of FF Member /OSBPs,Volume,Change from Previous Trading Day,Ranking,Name of FF Member /OSBPs,Long Position,Change from Previous Trading Day,Ranking,Name of FF Member /OSBPs,Short Position,Change from Previous Trading Day
Contract Code：ss2605,,,,,,,,,,2026-05-07,
1,0148(brokerage business),312,231,1,0004(brokerage business),1368,0,1,0148(brokerage business),1140,-108
2,0016(brokerage business),120,60,2,0148(brokerage business),1308,-204,2,0004(brokerage business),516,0
3,0103(brokerage business),84,24,3,0009(brokerage business),996,0,3,0253(brokerage business),456,-72
4,0019(brokerage business),72,72,4,0151(brokerage business),480,0,4,0244(brokerage business),444,-12
5,0042(brokerage business),72,0,5,0069(brokerage business),240,0,5,0163(brokerage business),408,0
6,0253(brokerage business),72,60,6,0349(brokerage business),240,-36,6,0125(brokerage business),240,0
7,0043(brokerage business),60,60,7,0253(brokerage business),120,0,7,0003(brokerage business),204,0
8,0312(brokerage business),36,36,8,0153(brokerage business),60,0,8,0049(brokerage business),180,-12
9,0349(brokerage business),36,24,9,0016(brokerage business),12,0,9,0275(brokerage business),132,0
10,0059(brokerage business),24,24,10,,,,10,0082(brokerage business),120,0
11,0076(brokerage business),24,12,11,,,,11,0186(brokerage business),120,0
12,0048(brokerage business),12,12,12,,,,12,0272(brokerage business),108,0
13,0049(brokerage business),12,12,13,,,,13,0103(brokerage business),96,-84
14,0137(brokerage business),12,10,14,,,,14,0240(brokerage business),96,0
15,0244(brokerage business),12,12,15,,,,15,0058(brokerage business),60,0
16,,,,16,,,,16,0123(brokerage business),60,0
17,,,,17,,,,17,0277(brokerage business),60,0
18,,,,18,,,,18,0295(brokerage business),60,0
19,,,,19,,,,19,0310(brokerage business),60,0
20,,,,20,,,,20,0312(brokerage business),60,-36
Total,,960,649,Total,,4824,-240,Total,,4620,-324
Ranking,Name of FF Member /OSBPs,Volume,Change from Previous Trading Day,Ranking,Name of FF Member /OSBPs,Long Position,Change from Previous Trading Day,Ranking,Name of FF Member /OSBPs,Short Position,Change from Previous Trading Day
Contract Code：ss2606,,,,,,,,,,2026-05-07,
1,0004(brokerage business),109048,12505,1,0004(brokerage business),13441,-506,1,0148(brokerage business),18699,-853
2,0163(brokerage business),73701,34414,2,0148(brokerage business),13216,-823,2,0004(brokerage business),13166,-1922
3,0148(brokerage business),49590,23894,3,0163(brokerage business),9590,-3863,3,0272(brokerage business),7267,66
4,0259(brokerage business),33173,22485,4,0103(brokerage business),7832,-1099,4,0151(brokerage business),5580,-95
5,0253(brokerage business),28603,12066,5,0253(brokerage business),5707,-86,5,0253(brokerage business),5297,-183
6,0081(brokerage business),28578,10220,6,0335(brokerage business),5546,65,6,0058(brokerage business),4786,-1197
7,0123(brokerage business),24025,8479,7,0288(brokerage business),5407,-128,7,0163(brokerage business),4781,-246
8,0298(brokerage business),20747,10229,8,0272(brokerage business),4854,-15,8,0034(brokerage business),4570,-551
9,0272(brokerage business),12067,5047,9,0240(brokerage business),4420,-143,9,0003(brokerage business),4512,-109
10,0275(brokerage business),9098,145,10,0034(brokerage business),3216,295,10,0240(brokerage business),4509,-728
11,0240(brokerage business),7401,1329,11,0268(brokerage business),2843,-100,11,0082(brokerage business),4346,-970
12,0103(brokerage business),4967,1191,12,0042(brokerage business),2472,-469,12,0338(brokerage business),4134,44
13,0034(brokerage business),4784,1883,13,0077(brokerage business),2414,152,13,0069(brokerage business),3498,515
14,0268(brokerage business),4591,952,14,0123(brokerage business),2309,121,14,0018(brokerage business),3174,-541
15,0082(brokerage business),4548,376,15,0007(brokerage business),2228,-27,15,0103(brokerage business),3110,-558
16,0186(brokerage business),4063,1142,16,0018(brokerage business),2009,35,16,0009(brokerage business),2697,2
17,0018(brokerage business),3586,1771,17,0082(brokerage business),1868,122,17,0372(brokerage business),2387,50
18,0137(brokerage business),3495,1287,18,0069(brokerage business),1860,-165,18,0125(brokerage business),2314,-394
19,0308(brokerage business),3456,1640,19,0323(brokerage business),1809,-151,19,0157(brokerage business),2227,-41
20,0288(brokerage business),3452,1455,20,0081(brokerage business),1804,-393,20,0153(brokerage business),2179,-461
Total,,432973,152510,Total,,94845,-7178,Total,,103233,-8172
Ranking,Name of FF Member /OSBPs,Volume,Change from Previous Trading Day,Ranking,Name of FF Member /OSBPs,Long Position,Change from Previous Trading Day,Ranking,Name of FF Member /OSBPs,Short Position,Change from Previous Trading Day
Contract Code：ss2607,,,,,,,,,,2026-05-07,
1,0004(brokerage business),22920,3478,1,0239(brokerage business),15418,-872,1,0004(brokerage business),23548,1073
2,0148(brokerage business),21811,9944,2,0148(brokerage business),14058,302,2,0148(brokerage business),9130,-287
3,0163(brokerage business),21156,6054,3,0123(brokerage business),7955,109,3,0157(brokerage business),5354,-11
4,0081(brokerage business),13755,5373,4,0335(brokerage business),7077,518,4,0253(brokerage business),5077,83
5,0123(brokerage business),12106,1699,5,0004(brokerage business),5267,-37,5,0058(brokerage business),4730,567
6,0275(brokerage business),9205,-1233,6,0272(brokerage business),4929,517,6,0082(brokerage business),4699,241
7,0253(brokerage business),8651,826,7,0084(brokerage business),4201,-56,7,0272(brokerage business),4251,-358
8,0259(brokerage business),5704,3579,8,0163(brokerage business),3922,-382,8,0003(brokerage business),3487,21
9,0082(brokerage business),4606,1836,9,0103(brokerage business),3604,220,9,0240(brokerage business),2367,-100
10,0069(brokerage business),2095,844,10,0253(brokerage business),2391,244,10,0275(brokerage business),2089,33
11,0096(brokerage business),2067,1170,11,0240(brokerage business),2312,-66,11,0338(brokerage business),2018,14
12,0239(brokerage business),1976,245,12,0003(brokerage business),2111,35,12,0123(brokerage business),1915,19
13,0034(brokerage business),1877,1568,13,0268(brokerage business),2094,145,13,0163(brokerage business),1829,-388
14,0298(brokerage business),1819,671,14,0288(brokerage business),1762,3,14,0069(brokerage business),1812,608
15,0272(brokerage business),1769,409,15,0323(brokerage business),1369,219,15,0136(brokerage business),1728,-5
16,0058(brokerage business),1760,1334,16,0007(brokerage business),1353,-2,16,0151(brokerage business),1718,125
17,0018(brokerage business),1737,774,17,0275(brokerage business),1266,62,17,0295(brokerage business),1442,394
18,0240(brokerage business),1502,-666,18,0308(brokerage business),1195,92,18,0316(brokerage business),1360,-2
19,0323(brokerage business),1457,547,19,0042(brokerage business),1096,159,19,0018(brokerage business),1192,-311
20,0310(brokerage business),1207,878,20,0096(brokerage business),1031,-103,20,0308(brokerage business),1181,96
Total,,139180,39330,Total,,84411,1107,Total,,80927,1812
Ranking,Name of FF Member /OSBPs,Volume,Change from Previous Trading Day,Ranking,Name of FF Member /OSBPs,Long Position,Change from Previous Trading Day,Ranking,Name of FF Member /OSBPs,Short Position,Change from Previous Trading Day
Contract Code：lu2606,,,,,,,,,,2026-05-07,
1,8004(brokerage business),17562,7397,1,8148(brokerage business),3895,360,1,8004(brokerage business),4410,58
2,8163(brokerage business),9410,2762,2,8004(brokerage business),3709,-810,2,8148(brokerage business),2997,-257
3,8148(brokerage business),8713,1042,3,8163(brokerage business),2377,-1134,3,8272(brokerage business),1801,-293
4,8253(brokerage business),5360,2691,4,8272(brokerage business),1843,452,4,8163(brokerage business),1459,-636
5,8272(brokerage business),4907,2293,5,8288(brokerage business),1414,76,5,8081(brokerage business),1427,591
6,8123(brokerage business),4070,-79,6,8081(brokerage business),1232,583,6,8253(brokerage business),1273,195
7,8009(brokerage business),2987,1857,7,8274(brokerage business),1163,-25,7,8103(brokerage business),1098,-104
8,8081(brokerage business),2428,675,8,8253(brokerage business),1152,-479,8,8274(brokerage business),1085,-55
9,8259(brokerage business),2219,486,9,8103(brokerage business),1137,-20,9,8042(brokerage business),1006,-107
10,8275(brokerage business),2175,530,10,8034(brokerage business),936,83,10,8123(brokerage business),882,-67
11,8186(brokerage business),2092,848,11,8153(brokerage business),839,-82,11,8254(brokerage business),784,4
12,8323(brokerage business),2088,1469,12,8254(brokerage business),817,1,12,8153(brokerage business),590,-65
13,8240(brokerage business),2011,790,13,8082(brokerage business),792,9,13,8034(brokerage business),575,-167
14,8298(brokerage business),1882,567,14,8268(brokerage business),614,-20,14,8161(brokerage business),564,95
15,8288(brokerage business),1822,478,15,8239(brokerage business),565,-2,15,8137(brokerage business),530,-129
16,8268(brokerage business),1573,192,16,8123(brokerage business),550,-125,16,8268(brokerage business),502,-265
17,8018(brokerage business),1441,745,17,8240(brokerage business),540,-96,17,8275(brokerage business),502,-75
18,8034(brokerage business),1386,177,18,8001(brokerage business),538,-150,18,8043(brokerage business),485,131
19,8137(brokerage business),1273,688,19,8244(brokerage business),492,-73,19,8288(brokerage business),474,-76
20,8042(brokerage business),1228,-163,20,8137(brokerage business),471,-106,20,8019(brokerage business),466,24
Total,,76627,25445,Total,,25076,-1558,Total,,22910,-1198
Member/OSP Type,Total Volume,Change from Previous Trading Day,Member/OSP Type,Total Long Position,Change from Previous Trading Day,Member/OSP Type,Total Short Position,Change from Previous Trading Day,,,
Contract Code：fuall,,,,,,,2026-05-07,,,,
Name of FF Member/OSBP,867388,335792,Name of FF Member/OSBP,349783,8958,Name of FF Member/OSBP,349773,8958,,,
Name of Non-FF Member/OSNBP,0,0,Name of Non-FF Member/OSNBP,0,0,Name of Non-FF Member/OSNBP,10,0,,,
Ranking,Name of FF Member /OSBPs,Volume,Change from Previous Trading Day,Ranking,Name of FF Member /OSBPs,Long Position,Change from Previous Trading Day,Ranking,Name of FF Member /OSBPs,Short Position,Change from Previous Trading Day
Contract Code：fu2606,,,,,,,,,,2026-05-07,
1,0004(brokerage business),63639,20497,1,0004(brokerage business),20661,1312,1,0004(brokerage business),11836,768
2,0148(brokerage business),41310,15765,2,0148(brokerage business),14629,-123,2,0148(brokerage business),11322,-113
3,0163(brokerage business),30777,7867,3,0272(brokerage business),8694,281,3,0272(brokerage business),7588,-237
4,0253(brokerage business),23560,14035,4,0253(brokerage business),8342,1676,4,0253(brokerage business),6469,894
5,0272(brokerage business),20941,6700,5,0103(brokerage business),8276,153,5,0268(brokerage business),6465,-505
6,0268(brokerage business),20572,9524,6,0163(brokerage business),7776,-414,6,0298(brokerage business),5382,-987
7,0240(brokerage business),19495,8002,7,0319(brokerage business),5037,20,7,0163(brokerage business),5368,-531
8,0081(brokerage business),15381,4907,8,0018(brokerage business),3996,-330,8,0240(brokerage business),4950,-854
9,0298(brokerage business),14417,6357,9,0081(brokerage business),3678,250,9,0034(brokerage business),4183,-137
10,0034(brokerage business),13002,4789,10,0034(brokerage business),3383,-979,10,0288(brokerage business),3884,-287
11,0275(brokerage business),12167,5361,11,0240(brokerage business),3144,-514,11,0081(brokerage business),3810,181
12,0323(brokerage business),10104,4677,12,0059(brokerage business),2541,-1408,12,0009(brokerage business),3693,644
13,0259(brokerage business),8996,1524,13,0259(brokerage business),2533,-277,13,0042(brokerage business),3253,167
14,0288(brokerage business),8920,3603,14,0042(brokerage business),2457,236,14,0161(brokerage business),3217,591
15,0186(brokerage business),8888,3666,15,0275(brokerage business),2269,67,15,0308(brokerage business),3141,31
16,0123(brokerage business),8496,3045,16,0082(brokerage business),2206,110,16,0186(brokerage business),2869,-298
17,0042(brokerage business),8077,2378,17,0137(brokerage business),2170,83,17,0323(brokerage business),2760,429
18,0161(brokerage business),7555,4362,18,0151(brokerage business),2090,-305,18,0275(brokerage business),2459,-727
19,0308(brokerage business),7418,2749,19,0308(brokerage business),1860,15,19,0103(brokerage business),2441,-635
20,0137(brokerage business),6658,2822,20,0389(brokerage business),1787,-129,20,0069(brokerage business),2227,-193
Total,,350373,132630,Total,,107529,-276,Total,,97317,-1799
Ranking,Name of FF Member /OSBPs,Volume,Change from Previous Trading Day,Ranking,Name of FF Member /OSBPs,Long Position,Change from Previous Trading Day,Ranking,Name of FF Member /OSBPs,Short Position,Change from Previous Trading Day
Contract Code：fu2607,,,,,,,,,,2026-05-07,
1,0004(brokerage business),9517,3325,1,0004(brokerage business),6525,180,1,0148(brokerage business),4201,-142
2,0148(brokerage business),7076,1358,2,0148(brokerage business),6286,-276,2,0253(brokerage business),4061,1925
3,0163(brokerage business),6152,3072,3,0103(brokerage business),4175,-348,3,0004(brokerage business),3847,489
4,0253(brokerage business),3999,2285,4,0272(brokerage business),2257,-111,4,0272(brokerage business),2595,91
5,0042(brokerage business),2463,460,5,0082(brokerage business),1791,-70,5,0103(brokerage business),2366,-183
6,0275(brokerage business),2448,1294,6,0163(brokerage business),1710,-226,6,0319(brokerage business),1754,-833
7,0103(brokerage business),2263,-1211,7,0253(brokerage business),1511,600,7,0034(brokerage business),1339,-543
8,0081(brokerage business),2086,1218,8,0319(brokerage business),1272,571,8,0042(brokerage business),998,317
9,0319(brokerage business),1948,491,9,0335(brokerage business),1159,39,9,0298(brokerage business),901,-38
10,0123(brokerage business),1870,856,10,0042(brokerage business),985,258,10,0081(brokerage business),891,276
11,0034(brokerage business),1865,351,11,0018(brokerage business),951,861,11,0163(brokerage business),837,-126
12,0308(brokerage business),1760,1304,12,0059(brokerage business),879,24,12,0169(brokerage business),802,109
13,0018(brokerage business),1740,1393,13,0096(brokerage business),864,-101,13,0299(brokerage business),761,77
14,0272(brokerage business),1736,-245,14,0239(brokerage business),764,181,14,0275(brokerage business),740,75
15,0240(brokerage business),1488,496,15,0372(brokerage business),728,119,15,0308(brokerage business),725,294
16,0298(brokerage business),1159,449,16,0299(brokerage business),683,15,16,0009(brokerage business),717,74
17,0009(brokerage business),959,443,17,0308(brokerage business),576,186,17,0240(brokerage business),664,38
18,0259(brokerage business),938,536,18,0288(brokerage business),557,-41,18,0268(brokerage business),654,112
19,0268(brokerage business),938,516,19,0275(brokerage business),548,-31,19,0043(brokerage business),612,-27
20,0137(brokerage business),892,216,20,0121(brokerage business),547,-178,20,0018(brokerage business),559,-371
Total,,53297,18607,Total,,34768,1652,Total,,30024,1614
Ranking,Name of FF Member /OSBPs,Volume,Change from Previous Trading Day,Ranking,Name of FF Member /OSBPs,Long Position,Change from Previous Trading Day,Ranking,Name of FF Member /OSBPs,Short Position,Change from Previous Trading Day
Contract Code：fu2609,,,,,,,,,,2026-05-07,
1,0004(brokerage business),28054,12593,1,0148(brokerage business),14318,659,1,0004(brokerage business),11155,1569
2,0148(brokerage business),20102,11488,2,0004(brokerage business),9968,1313,2,0103(brokerage business),7572,432
3,0163(brokerage business),13241,4285,3,0163(brokerage business),6949,-1325,3,0272(brokerage business),6937,1552
4,0272(brokerage business),7889,3438,4,0372(brokerage business),5459,-1453,4,0148(brokerage business),6907,523
5,0081(brokerage business),6135,2698,5,0084(brokerage business),5000,434,5,0018(brokerage business),4040,1031
6,0253(brokerage business),5319,2842,6,0253(brokerage business),4704,983,6,0253(brokerage business),3782,668
7,0042(brokerage business),4720,1456,7,0272(brokerage business),4576,345,7,0163(brokerage business),3240,-52
8,0034(brokerage business),4554,1581,8,0239(brokerage business),3839,656,8,0319(brokerage business),2927,-427
9,0240(brokerage business),4367,2654,9,0123(brokerage business),3170,334,9,0034(brokerage business),2702,-883
10,0259(brokerage business),4190,3085,10,0335(brokerage business),2967,1472,10,0042(brokerage business),2527,23
11,0275(brokerage business),4039,687,11,0082(brokerage business),2806,5,11,0240(brokerage business),2466,297
12,0186(brokerage business),3766,2616,12,0042(brokerage business),2569,743,12,0088(brokerage business),2410,1880
13,0123(brokerage business),3665,1394,13,0059(brokerage business),2041,43,13,0059(brokerage business),2282,-6
14,0096(brokerage business),3524,359,14,0103(brokerage business),1957,264,14,0137(brokerage business),1853,104
15,0268(brokerage business),3493,2191,15,0288(brokerage business),1803,195,15,0151(brokerage business),1806,148
16,0238(brokerage business),3390,2918,16,0081(brokerage business),1663,73,16,0298(brokerage business),1687,-116
17,0103(brokerage business),3140,-858,17,0240(brokerage business),1600,-48,17,0081(brokerage business),1672,506
18,0018(brokerage business),2861,2023,18,0125(brokerage business),1581,29,18,0268(brokerage business),1626,-94
19,0298(brokerage business),2582,1343,19,0069(brokerage business),1568,481,19,0275(brokerage business),1588,-342
20,0088(brokerage business),2534,2314,20,0043(brokerage business),1513,116,20,0082(brokerage business),1436,288
Total,,131565,61107,Total,,80051,5319,Total,,70615,7101
Member/OSP Type,Total Volume,Change from Previous Trading Day,Member/OSP Type,Total Long Position,Change from Previous Trading Day,Member/OSP Type,Total Short Position,Change from Previous Trading Day,,,
Contract Code：buall,,,,,,,2026-05-07,,,,
Name of FF Member/OSBP,1328912,701832,Name of FF Member/OSBP,442181,-10678,Name of FF Member/OSBP,441481,-10678,,,
Name of Non-FF Member/OSNBP,0,0,Name of Non-FF Member/OSNBP,0,0,Name of Non-FF Member/OSNBP,700,0,,,
Ranking,Name of FF Member /OSBPs,Volume,Change from Previous Trading Day,Ranking,Name of FF Member /OSBPs,Long Position,Change from Previous Trading Day,Ranking,Name of FF Member /OSBPs,Short Position,Change from Previous Trading Day
Contract Code：bu2605,,,,,,,,,,2026-05-07,
1,0177(brokerage business),51,30,1,0148(brokerage business),611,-2,1,0177(brokerage business),477,50
2,0004(brokerage business),36,-91,2,0240(brokerage business),400,-1,2,0103(brokerage business),273,-4
3,0148(brokerage business),22,7,3,0123(brokerage business),389,0,3,0081(brokerage business),250,0
4,0275(brokerage business),13,-75,4,0253(brokerage business),386,0,4,0253(brokerage business),227,-1
5,0042(brokerage business),10,-28,5,0298(brokerage business),2,-3,5,0007(brokerage business),195,-4
6,0151(brokerage business),10,5,6,0089(brokerage business),1,0,6,0004(brokerage business),105,-36
7,0298(brokerage business),10,3,7,,,,7,0082(brokerage business),100,0
8,0107(brokerage business),8,8,8,,,,8,0058(brokerage business),32,-2
9,0271(brokerage business),8,-40,9,,,,9,0372(brokerage business),27,0
10,0274(brokerage business),8,2,10,,,,10,0342(brokerage business),17,0
11,0137(brokerage business),7,6,11,,,,11,0019(brokerage business),8,0
12,0238(brokerage business),7,5,12,,,,12,0288(brokerage business),8,-6
13,0288(brokerage business),6,-124,13,,,,13,0148(brokerage business),7,4
14,0156(brokerage business),5,-6,14,,,,14,0272(brokerage business),7,0
15,0007(brokerage business),4,4,15,,,,15,0275(brokerage business),7,7
16,0029(brokerage business),4,4,16,,,,16,0018(brokerage business),4,0
17,0069(brokerage business),4,0,17,,,,17,0086(brokerage business),4,0
18,0082(brokerage business),4,-2,18,,,,18,0088(brokerage business),4,0
19,0103(brokerage business),4,2,19,,,,19,0308(brokerage business),4,0
20,0295(brokerage business),4,2,20,,,,20,0322(brokerage business),4,1
Total,,225,-288,Total,,1789,-6,Total,,1760,9
Ranking,Name of FF Member /OSBPs,Volume,Change from Previous Trading Day,Ranking,Name of FF Member /OSBPs,Long Position,Change from Previous Trading Day,Ranking,Name of FF Member /OSBPs,Short Position,Change from Previous Trading Day
Contract Code：bu2606,,,,,,,,,,2026-05-07,
1,0004(brokerage business),121398,61763,1,0004(brokerage business),23830,-1708,1,0272(brokerage business),15866,-137
2,0163(brokerage business),111495,63907,2,0148(brokerage business),14925,1576,2,0004(brokerage business),14666,-352
3,0148(brokerage business),81244,47485,3,0103(brokerage business),13249,-1993,3,0275(brokerage business),13796,-657
4,0123(brokerage business),47160,27275,4,0163(brokerage business),12908,-2582,4,0177(brokerage business),7045,-665
5,0275(brokerage business),39168,-662,5,0253(brokerage business),10912,520,5,0253(brokerage business),7043,349
6,0081(brokerage business),38510,4011,6,0272(brokerage business),7178,-1226,6,0148(brokerage business),6951,-592
7,0253(brokerage business),32049,22454,7,0240(brokerage business),4168,-545,7,0151(brokerage business),6581,139
8,0240(brokerage business),30326,15330,8,0082(brokerage business),3843,-290,8,0081(brokerage business),6478,-1084
9,0272(brokerage business),30033,16668,9,0288(brokerage business),3745,220,9,0103(brokerage business),5307,-89
10,0259(brokerage business),29308,18547,10,0018(brokerage business),3508,41,10,0163(brokerage business),5052,-303
11,0268(brokerage business),19010,9413,11,0333(brokerage business),3446,1257,11,0240(brokerage business),5012,-1991
12,0186(brokerage business),14110,6498,12,0335(brokerage business),3112,-332,12,0333(brokerage business),4278,-2231
13,0034(brokerage business),13422,5519,13,0323(brokerage business),3020,498,13,0121(brokerage business),4040,-117
14,0333(brokerage business),13056,8811,14,0137(brokerage business),2674,352,14,0123(brokerage business),3961,-682
15,0308(brokerage business),12709,7120,15,0268(brokerage business),2661,189,15,0268(brokerage business),3893,-503
16,0288(brokerage business),10985,5944,16,0069(brokerage business),2641,-671,16,0082(brokerage business),3847,-432
17,0051(brokerage business),9378,8168,17,0123(brokerage business),2485,-164,17,0034(brokerage business),2836,217
18,0082(brokerage business),9132,5258,18,0139(brokerage business),2468,24,18,0244(brokerage business),2824,-255
19,0103(brokerage business),8362,5133,19,0151(brokerage business),2463,-224,19,0125(brokerage business),2561,-10
20,0323(brokerage business),8349,4837,20,0042(brokerage business),2361,-546,20,0137(brokerage business),2546,16
Total,,679204,343479,Total,,125597,-5604,Total,,124583,-9379
Ranking,Name of FF Member /OSBPs,Volume,Change from Previous Trading Day,Ranking,Name of FF Member /OSBPs,Long Position,Change from Previous Trading Day,Ranking,Name of FF Member /OSBPs,Short Position,Change from Previous Trading Day
Contract Code：bu2607,,,,,,,,,,2026-05-07,
1,0163(brokerage business),26143,12742,1,0148(brokerage business),9560,-1750,1,0139(brokerage business),9307,847
2,0148(brokerage business),12288,5261,2,0103(brokerage business),8420,-2323,2,0123(brokerage business),7442,771
3,0004(brokerage business),10831,5552,3,0004(brokerage business),7501,-462,3,0148(brokerage business),7407,-318
4,0275(brokerage business),8780,6005,4,0123(brokerage business),7033,-27,4,0272(brokerage business),5492,172
5,0123(brokerage business),8362,5541,5,0069(brokerage business),4849,1341,5,0081(brokerage business),5224,451
6,0082(brokerage business),6187,3323,6,0139(brokerage business),4445,727,6,0069(brokerage business),4254,577
7,0103(brokerage business),5944,4377,7,0082(brokerage business),4270,19,7,0137(brokerage business),4219,-4
8,0007(brokerage business),4710,3502,8,0137(brokerage business),4260,32,8,0082(brokerage business),4085,-122
9,0268(brokerage business),3151,1787,9,0161(brokerage business),3995,-44,9,0161(brokerage business),4009,5
10,0081(brokerage business),2987,136,10,0081(brokerage business),3389,596,10,0275(brokerage business),3869,-228
11,0059(brokerage business),2924,1331,11,0254(brokerage business),3253,944,11,0004(brokerage business),3645,-641
12,0069(brokerage business),2452,807,12,0275(brokerage business),3130,388,12,0125(brokerage business),2961,-1061
13,0009(brokerage business),2335,648,13,0177(brokerage business),2804,-280,13,0240(brokerage business),2895,119
14,0272(brokerage business),2272,796,14,0009(brokerage business),2558,-107,14,0299(brokerage business),2711,834
15,0139(brokerage business),1936,737,15,0272(brokerage business),2489,308,15,0103(brokerage business),2564,-1441
16,0253(brokerage business),1876,1695,16,0007(brokerage business),2358,2259,16,0007(brokerage business),2538,2187
17,0137(brokerage business),1652,594,17,0268(brokerage business),2341,74,17,0151(brokerage business),2452,141
18,0177(brokerage business),1583,1365,18,0059(brokerage business),2132,-771,18,0009(brokerage business),2227,6
19,0308(brokerage business),1424,638,19,0163(brokerage business),2011,300,19,0058(brokerage business),2163,-149
20,0049(brokerage business),1352,1094,20,0239(brokerage business),2006,0,20,0268(brokerage business),2104,-9
Total,,109189,57931,Total,,82804,1224,Total,,81568,2137
Ranking,Name of FF Member /OSBPs,Volume,Change from Previous Trading Day,Ranking,Name of FF Member /OSBPs,Long Position,Change from Previous Trading Day,Ranking,Name of FF Member /OSBPs,Short Position,Change from Previous Trading Day
Contract Code：bu2609,,,,,,,,,,2026-05-07,
1,0163(brokerage business),33056,18609,1,0103(brokerage business),16109,502,1,0004(brokerage business),13054,-317
2,0004(brokerage business),28151,18237,2,0148(brokerage business),15539,2730,2,0148(brokerage business),10713,1019
3,0148(brokerage business),25501,16877,3,0239(brokerage business),12088,526,3,0123(brokerage business),9590,-157
4,0081(brokerage business),7993,5096,4,0004(brokerage business),9734,0,4,0103(brokerage business),6185,425
5,0069(brokerage business),7286,6719,5,0272(brokerage business),7057,746,5,0253(brokerage business),5102,-104
6,0240(brokerage business),7094,4051,6,0335(brokerage business),5185,-172,6,0177(brokerage business),4995,964
7,0275(brokerage business),7064,4353,7,0163(brokerage business),4173,-2708,7,0272(brokerage business),3186,-381
8,0308(brokerage business),6245,1791,8,0253(brokerage business),2669,118,8,0081(brokerage business),2250,-253
9,0123(brokerage business),6005,4583,9,0123(brokerage business),2498,58,9,0019(brokerage business),2216,246
10,0272(brokerage business),5583,3191,10,0042(brokerage business),2444,-45,10,0059(brokerage business),2035,-675
11,0253(brokerage business),4680,2779,11,0084(brokerage business),2284,258,11,0268(brokerage business),1979,30
12,0333(brokerage business),3493,1783,12,0019(brokerage business),1873,516,12,0333(brokerage business),1932,426
13,0268(brokerage business),3169,2162,13,0137(brokerage business),1733,-209,13,0018(brokerage business),1899,-34
14,0103(brokerage business),3117,-2740,14,0034(brokerage business),1710,270,14,0308(brokerage business),1621,148
15,0034(brokerage business),2972,1586,15,0240(brokerage business),1320,708,15,0058(brokerage business),1429,100
16,0177(brokerage business),2854,2529,16,0323(brokerage business),982,-26,16,0069(brokerage business),1429,597
17,0043(brokerage business),2516,1384,17,0275(brokerage business),954,-89,17,0275(brokerage business),1429,-667
18,0259(brokerage business),2422,1922,18,0077(brokerage business),945,44,18,0096(brokerage business),1356,-139
19,0019(brokerage business),2418,1741,19,0308(brokerage business),913,153,19,0034(brokerage business),1340,-636
20,0299(brokerage business),2380,1914,20,0082(brokerage business),887,313,20,0238(brokerage business),1269,97
Total,,163999,98567,Total,,91097,3693,Total,,75009,689
Member/OSP Type,Total Volume,Change from Previous Trading Day,Member/OSP Type,Total Long Position,Change from Previous Trading Day,Member/OSP Type,Total Short Position,Change from Previous Trading Day,,,
Contract Code：brall,,,,,,,2026-05-07,,,,
Name of FF Member/OSBP,796306,347836,Name of FF Member/OSBP,105790,-3886,Name of FF Member/OSBP,105790,-3886,,,
Name of Non-FF Member/OSNBP,0,0,Name of Non-FF Member/OSNBP,0,0,Name of Non-FF Member/OSNBP,0,0,,,
Ranking,Name of FF Member /OSBPs,Volume,Change from Previous Trading Day,Ranking,Name of FF Member /OSBPs,Long Position,Change from Previous Trading Day,Ranking,Name of FF Member /OSBPs,Short Position,Change from Previous Trading Day
Contract Code：br2605,,,,,,,,,,2026-05-07,
1,0058(brokerage business),260,42,1,0004(brokerage business),364,2,1,0004(brokerage business),792,48
2,0004(brokerage business),202,-348,2,0123(brokerage business),242,-18,2,0272(brokerage business),262,4
3,0148(brokerage business),180,68,3,0103(brokerage business),234,-8,3,0163(brokerage business),140,-4
4,0125(brokerage business),106,102,4,0163(brokerage business),206,-14,4,0077(brokerage business),134,-4
5,0177(brokerage business),102,86,5,0082(brokerage business),170,0,5,0123(brokerage business),130,-2
6,0096(brokerage business),78,62,6,0069(brokerage business),160,0,6,0096(brokerage business),122,-62
7,0272(brokerage business),78,-152,7,0177(brokerage business),150,-98,7,0253(brokerage business),106,-12
8,0042(brokerage business),70,34,8,0148(brokerage business),70,6,8,0103(brokerage business),62,-4
9,0385(brokerage business),64,24,9,0240(brokerage business),66,-8,9,0148(brokerage business),58,-10
10,0372(brokerage business),48,46,10,0272(brokerage business),62,-30,10,0115(brokerage business),26,0
11,0186(brokerage business),46,11,11,0008(brokerage business),60,0,11,0136(brokerage business),20,0
12,0271(brokerage business),46,18,12,0007(brokerage business),40,0,12,0177(brokerage business),12,0
13,0019(brokerage business),44,32,13,0288(brokerage business),24,10,13,0254(brokerage business),12,-8
14,0163(brokerage business),26,-72,14,0029(brokerage business),16,0,14,0042(brokerage business),10,-18
15,0288(brokerage business),24,-82,15,0034(brokerage business),14,-2,15,0045(brokerage business),8,-2
16,0137(brokerage business),22,-14,16,0096(brokerage business),14,-16,16,0137(brokerage business),8,6
17,0274(brokerage business),22,-2,17,0095(brokerage business),10,0,17,0009(brokerage business),6,0
18,0123(brokerage business),20,12,18,0042(brokerage business),8,-24,18,0271(brokerage business),6,6
19,0069(brokerage business),18,-22,19,0124(brokerage business),8,0,19,0019(brokerage business),4,0
20,0103(brokerage business),16,8,20,0018(brokerage business),6,0,20,0030(brokerage business),4,0
Total,,1472,-147,Total,,1924,-200,Total,,1922,-62
Ranking,Name of FF Member /OSBPs,Volume,Change from Previous Trading Day,Ranking,Name of FF Member /OSBPs,Long Position,Change from Previous Trading Day,Ranking,Name of FF Member /OSBPs,Short Position,Change from Previous Trading Day
Contract Code：br2606,,,,,,,,,,2026-05-07,
1,0148(brokerage business),77908,35253,1,0004(brokerage business),5472,-1185,1,0004(brokerage business),5963,-386
2,0004(brokerage business),71499,38309,2,0148(brokerage business),3336,-1715,2,0148(brokerage business),4243,1351
3,0081(brokerage business),48802,4672,3,0240(brokerage business),1758,8,3,0163(brokerage business),3869,795
4,0123(brokerage business),39468,16466,4,0163(brokerage business),1516,-644,4,0253(brokerage business),1977,43
5,0163(brokerage business),38955,20696,5,0103(brokerage business),1448,-65,5,0082(brokerage business),1778,-105
6,0259(brokerage business),26916,14500,6,0272(brokerage business),1438,357,6,0272(brokerage business),1602,313
7,0253(brokerage business),21750,5678,7,0034(brokerage business),1375,722,7,0311(brokerage business),1104,421
8,0275(brokerage business),19695,7218,8,0253(brokerage business),1297,-327,8,0081(brokerage business),1080,35
9,0240(brokerage business),17531,7398,9,0268(brokerage business),1059,144,9,0123(brokerage business),1068,-27
10,0272(brokerage business),12268,4505,10,0058(brokerage business),917,308,10,0275(brokerage business),923,-428
11,0186(brokerage business),11578,4810,11,0389(brokerage business),899,131,11,0240(brokerage business),827,-343
12,0298(brokerage business),9696,4273,12,0137(brokerage business),891,132,12,0335(brokerage business),790,250
13,0268(brokerage business),8036,3873,13,0288(brokerage business),861,273,13,0177(brokerage business),730,-581
14,0034(brokerage business),7567,2551,14,0067(brokerage business),852,-90,14,0034(brokerage business),726,-57
15,0323(brokerage business),6403,3295,15,0323(brokerage business),734,-218,15,0059(brokerage business),723,-154
16,0288(brokerage business),5966,3015,16,0259(brokerage business),711,112,16,0103(brokerage business),713,-378
17,0308(brokerage business),5549,1890,17,0123(brokerage business),683,35,17,0019(brokerage business),649,171
18,0244(brokerage business),5118,1750,18,0308(brokerage business),632,158,18,0323(brokerage business),557,-115
19,0299(brokerage business),4536,2218,19,0059(brokerage business),612,-372,19,0058(brokerage business),539,18
20,0019(brokerage business),4457,1952,20,0018(brokerage business),581,-265,20,0018(brokerage business),523,111
Total,,443698,184322,Total,,27072,-2501,Total,,30384,934
Ranking,Name of FF Member /OSBPs,Volume,Change from Previous Trading Day,Ranking,Name of FF Member /OSBPs,Long Position,Change from Previous Trading Day,Ranking,Name of FF Member /OSBPs,Short Position,Change from Previous Trading Day
Contract Code：br2607,,,,,,,,,,2026-05-07,
1,0004(brokerage business),29692,16951,1,0004(brokerage business),7705,-931,1,0004(brokerage business),10479,-1785
2,0081(brokerage business),25606,9011,2,0103(brokerage business),3732,-247,2,0272(brokerage business),3812,36
3,0148(brokerage business),19857,11163,3,0163(brokerage business),3568,-119,3,0096(brokerage business),2685,-6
4,0163(brokerage business),10459,4869,4,0148(brokerage business),3289,-955,4,0148(brokerage business),2536,-302
5,0123(brokerage business),8411,3912,5,0123(brokerage business),1755,20,5,0275(brokerage business),2061,55
6,0275(brokerage business),7233,856,6,0069(brokerage business),1678,-1071,6,0240(brokerage business),1436,-433
7,0272(brokerage business),5644,3153,7,0272(brokerage business),1591,162,7,0077(brokerage business),1362,22
8,0240(brokerage business),5109,2376,8,0067(brokerage business),1481,-35,8,0082(brokerage business),1053,-37
9,0007(brokerage business),4119,1356,9,0096(brokerage business),1190,-53,9,0253(brokerage business),976,196
10,0069(brokerage business),4032,2665,10,0269(brokerage business),1156,-1,10,0103(brokerage business),813,192
11,0253(brokerage business),3203,2050,11,0136(brokerage business),1043,989,11,0259(brokerage business),800,177
12,0259(brokerage business),2309,244,12,0240(brokerage business),1036,6,12,0121(brokerage business),753,-6
13,0103(brokerage business),1983,1373,13,0082(brokerage business),951,184,13,0123(brokerage business),741,37
14,0308(brokerage business),1967,604,14,0253(brokerage business),847,165,14,0163(brokerage business),563,200
15,0059(brokerage business),1953,1244,15,0058(brokerage business),818,47,15,0107(brokerage business),508,-195
16,0271(brokerage business),1433,865,16,0001(brokerage business),778,411,16,0069(brokerage business),490,137
17,0042(brokerage business),1280,809,17,0006(brokerage business),657,528,17,0177(brokerage business),490,-15
18,0136(brokerage business),1242,1116,18,0254(brokerage business),522,-326,18,0151(brokerage business),469,47
19,0298(brokerage business),1118,689,19,0321(brokerage business),521,134,19,0323(brokerage business),463,37
20,0019(brokerage business),1107,877,20,0153(brokerage business),510,-55,20,0034(brokerage business),449,120
Total,,137757,66183,Total,,34828,-1147,Total,,32939,-1523
Member/OSP Type,Total Volume,Change from Previous Trading Day,Member/OSP Type,Total Long Position,Change from Previous Trading Day,Member/OSP Type,Total Short Position,Change from Previous Trading Day,,,
Contract Code：ruall,,,,,,,2026-05-07,,,,
Name of FF Member/OSBP,924652,390894,Name of FF Member/OSBP,237312,10080,Name of FF Member/OSBP,236720,10060,,,
Name of Non-FF Member/OSNBP,20,-30,Name of Non-FF Member/OSNBP,0,0,Name of Non-FF Member/OSNBP,592,20,,,
Ranking,Name of FF Member /OSBPs,Volume,Change from Previous Trading Day,Ranking,Name of FF Member /OSBPs,Long Position,Change from Previous Trading Day,Ranking,Name of FF Member /OSBPs,Short Position,Change from Previous Trading Day
Contract Code：ru2605,,,,,,,,,,2026-05-07,
1,0004(brokerage business),379,275,1,0004(brokerage business),515,-208,1,0275(brokerage business),614,99
2,0148(brokerage business),323,144,2,0272(brokerage business),365,-12,2,0059(brokerage business),303,-3
3,0275(brokerage business),300,197,3,0253(brokerage business),363,-5,3,0004(brokerage business),153,-7
4,0271(brokerage business),178,178,4,0148(brokerage business),305,-10,4,0177(brokerage business),105,-6
5,0272(brokerage business),151,-43,5,0323(brokerage business),251,29,5,0240(brokerage business),102,-1
6,0042(brokerage business),148,-20,6,0096(brokerage business),178,0,6,0082(brokerage business),100,-22
7,0151(brokerage business),143,27,7,0081(brokerage business),59,-4,7,0043(brokerage business),94,0
8,0163(brokerage business),139,-31,8,0321(brokerage business),55,0,8,0096(brokerage business),75,0
9,0058(brokerage business),124,-71,9,0043(brokerage business),50,-1,9,0103(brokerage business),52,-1
10,0123(brokerage business),114,95,10,0058(brokerage business),23,0,10,0277(brokerage business),50,0
11,0177(brokerage business),110,84,11,0139(brokerage business),17,0,11,0019(brokerage business),43,-13
12,0274(brokerage business),102,36,12,0151(brokerage business),15,-100,12,0288(brokerage business),42,0
13,0308(brokerage business),97,0,13,0157(brokerage business),12,-4,13,0338(brokerage business),34,-10
14,0125(brokerage business),84,-26,14,0042(brokerage business),10,0,14,0123(brokerage business),33,-87
15,0081(brokerage business),76,19,15,0007(brokerage business),8,0,15,0058(brokerage business),32,8
16,0069(brokerage business),60,37,16,0288(brokerage business),8,-6,16,0308(brokerage business),30,-5
17,0121(brokerage business),59,-3,17,0009(brokerage business),7,0,17,0272(brokerage business),24,-45
18,0323(brokerage business),53,-39,18,0275(brokerage business),7,-9,18,0081(brokerage business),23,-50
19,0048(brokerage business),50,49,19,0059(brokerage business),5,-3,19,0148(brokerage business),23,-175
20,0348(brokerage business),50,46,20,0298(brokerage business),5,-2,20,0298(brokerage business),22,-7
Total,,2740,954,Total,,2258,-335,Total,,1954,-325
Ranking,Name of FF Member /OSBPs,Volume,Change from Previous Trading Day,Ranking,Name of FF Member /OSBPs,Long Position,Change from Previous Trading Day,Ranking,Name of FF Member /OSBPs,Short Position,Change from Previous Trading Day
Contract Code：ru2609,,,,,,,,,,2026-05-07,
1,0004(brokerage business),166087,52602,1,0004(brokerage business),19016,663,1,0004(brokerage business),39771,930
2,0148(brokerage business),88125,35935,2,0148(brokerage business),10857,937,2,0148(brokerage business),13991,488
3,0259(brokerage business),76991,44896,3,0253(brokerage business),9618,453,3,0163(brokerage business),10514,668
4,0163(brokerage business),62086,25638,4,0163(brokerage business),9144,1172,4,0082(brokerage business),9908,818
5,0253(brokerage business),52288,17311,5,0272(brokerage business),8852,529,5,0275(brokerage business),6868,272
6,0123(brokerage business),26741,10395,6,0103(brokerage business),7671,-861,6,0253(brokerage business),6756,73
7,0275(brokerage business),19908,6879,7,0077(brokerage business),5311,832,7,0125(brokerage business),6073,540
8,0240(brokerage business),19541,5133,8,0240(brokerage business),5269,711,8,0372(brokerage business),5952,-139
9,0081(brokerage business),17138,8505,9,0268(brokerage business),4340,416,9,0123(brokerage business),5793,750
10,0272(brokerage business),16932,7183,10,0081(brokerage business),3856,255,10,0151(brokerage business),5613,-133
11,0186(brokerage business),14868,9787,11,0323(brokerage business),3834,-559,11,0272(brokerage business),5192,119
12,0323(brokerage business),11821,7810,12,0277(brokerage business),3632,-47,12,0059(brokerage business),5093,237
13,0268(brokerage business),11294,5464,13,0069(brokerage business),3561,257,13,0103(brokerage business),4877,51
14,0034(brokerage business),10570,3332,14,0018(brokerage business),3125,92,14,0096(brokerage business),4590,266
15,0069(brokerage business),9014,3411,15,0274(brokerage business),3111,507,15,0177(brokerage business),3851,-70
16,0151(brokerage business),8798,5492,16,0067(brokerage business),3063,-56,16,0240(brokerage business),3724,198
17,0103(brokerage business),8758,5082,17,0034(brokerage business),3028,118,17,0077(brokerage business),3342,51
18,0238(brokerage business),8000,5700,18,0123(brokerage business),2994,257,18,0058(brokerage business),3280,402
19,0274(brokerage business),7128,3372,19,0335(brokerage business),2918,593,19,0157(brokerage business),2969,53
20,0137(brokerage business),6261,3297,20,0082(brokerage business),2899,138,20,0305(brokerage business),2581,1
Total,,642349,267224,Total,,116099,6407,Total,,150738,5575
Ranking,Name of FF Member /OSBPs,Volume,Change from Previous Trading Day,Ranking,Name of FF Member /OSBPs,Long Position,Change from Previous Trading Day,Ranking,Name of FF Member /OSBPs,Short Position,Change from Previous Trading Day
Contract Code：ru2701,,,,,,,,,,2026-05-07,
1,0004(brokerage business),10685,3335,1,0253(brokerage business),2563,324,1,0082(brokerage business),7093,101
2,0253(brokerage business),9048,3236,2,0004(brokerage business),1785,95,2,0004(brokerage business),2223,-18
3,0148(brokerage business),8933,4218,3,0277(brokerage business),1370,99,3,0123(brokerage business),1619,-2
4,0163(brokerage business),3392,1308,4,0272(brokerage business),951,-413,4,0372(brokerage business),1380,19
5,0272(brokerage business),2162,-696,5,0077(brokerage business),734,4,5,0275(brokerage business),743,-27
6,0275(brokerage business),1843,-719,6,0240(brokerage business),668,-31,6,0019(brokerage business),568,44
7,0259(brokerage business),1480,623,7,0163(brokerage business),639,38,7,0096(brokerage business),408,-14
8,0081(brokerage business),1199,51,8,0323(brokerage business),621,-5,8,0177(brokerage business),381,1
9,0240(brokerage business),1054,336,9,0148(brokerage business),565,20,9,0151(brokerage business),342,52
10,0125(brokerage business),922,358,10,0082(brokerage business),548,10,10,0240(brokerage business),334,53
11,0043(brokerage business),837,530,11,0349(brokerage business),475,128,11,0125(brokerage business),276,64
12,0059(brokerage business),711,465,12,0034(brokerage business),464,12,12,0308(brokerage business),266,202
13,0049(brokerage business),617,507,13,0069(brokerage business),426,35,13,0148(brokerage business),265,49
14,0096(brokerage business),535,115,14,0018(brokerage business),350,2,14,0059(brokerage business),246,25
15,0123(brokerage business),526,98,15,0103(brokerage business),300,18,15,0139(brokerage business),185,3
16,0274(brokerage business),385,116,16,0333(brokerage business),292,1,16,0253(brokerage business),174,80
17,0151(brokerage business),373,132,17,0125(brokerage business),291,276,17,0121(brokerage business),168,28
18,0308(brokerage business),363,290,18,0048(brokerage business),271,60,18,0335(brokerage business),164,-12
19,0139(brokerage business),324,309,19,0019(brokerage business),263,22,19,0272(brokerage business),143,33
20,0103(brokerage business),306,171,20,0335(brokerage business),246,10,20,0034(brokerage business),124,18
Total,,45695,14783,Total,,13822,705,Total,,17102,699
Ranking,Name of FF Member /OSBPs,Volume,Change from Previous Trading Day,Ranking,Name of FF Member /OSBPs,Long Position,Change from Previous Trading Day,Ranking,Name of FF Member /OSBPs,Short Position,Change from Previous Trading Day
Contract Code：nr2605,,,,,,,,,,2026-05-07,
1,8272(brokerage business),30,-30,1,8096(brokerage business),200,0,1,8253(brokerage business),110,0
2,8004(brokerage business),10,-130,2,8004(brokerage business),130,10,2,8125(brokerage business),100,0
3,8042(brokerage business),10,-30,3,8321(brokerage business),30,0,3,8004(brokerage business),60,0
4,8069(brokerage business),10,0,4,8151(brokerage business),20,0,4,8121(brokerage business),60,0
5,8125(brokerage business),10,10,5,8177(brokerage business),20,0,5,8177(brokerage business),30,0
6,8169(brokerage business),10,10,6,8001(brokerage business),10,0,6,8288(brokerage business),30,0
7,,,,7,8042(brokerage business),10,10,7,8323(brokerage business),30,0
8,,,,8,8272(brokerage business),10,-10,8,8123(brokerage business),10,0
Total,,80,-170,Total,,430,10,Total,,430,0
Ranking,Name of FF Member /OSBPs,Volume,Change from Previous Trading Day,Ranking,Name of FF Member /OSBPs,Long Position,Change from Previous Trading Day,Ranking,Name of FF Member /OSBPs,Short Position,Change from Previous Trading Day
Contract Code：nr2606,,,,,,,,,,2026-05-07,
1,8163(brokerage business),19726,5398,1,8004(brokerage business),3822,-452,1,8004(brokerage business),5278,-545
2,8253(brokerage business),19707,3949,2,8103(brokerage business),3217,-209,2,8148(brokerage business),3286,-67
3,8004(brokerage business),18449,1431,3,8163(brokerage business),2134,-458,3,8372(brokerage business),2506,-156
4,8148(brokerage business),17146,4069,4,8148(brokerage business),1599,-667,4,8077(brokerage business),1816,-478
5,8123(brokerage business),6534,-1080,5,8137(brokerage business),1320,-82,5,8096(brokerage business),1359,-13
6,8272(brokerage business),5799,1486,6,8177(brokerage business),1024,-28,6,8272(brokerage business),1252,-702
7,8186(brokerage business),2914,1938,7,8034(brokerage business),998,15,7,8058(brokerage business),1136,17
8,8268(brokerage business),2731,1644,8,8275(brokerage business),974,-81,8,8163(brokerage business),1104,-482
9,8259(brokerage business),2330,-57,9,8151(brokerage business),965,-6,9,8275(brokerage business),987,-78
10,8081(brokerage business),2265,-3078,10,8253(brokerage business),891,-39,10,8323(brokerage business),947,-219
11,8275(brokerage business),2067,242,11,8240(brokerage business),885,-78,11,8253(brokerage business),806,-104
12,8043(brokerage business),2015,1223,12,8096(brokerage business),767,7,12,8034(brokerage business),796,-95
13,8096(brokerage business),1752,665,13,8274(brokerage business),763,143,13,8103(brokerage business),792,40
14,8059(brokerage business),1601,805,14,8308(brokerage business),757,32,14,8136(brokerage business),774,43
15,8298(brokerage business),1286,622,15,8335(brokerage business),742,-228,15,8151(brokerage business),774,-86
16,8274(brokerage business),1203,486,16,8007(brokerage business),639,30,16,8240(brokerage business),730,22
17,8240(brokerage business),1072,346,17,8082(brokerage business),610,-36,17,8003(brokerage business),717,37
18,8244(brokerage business),928,408,18,8323(brokerage business),607,-11,18,8254(brokerage business),624,-10
19,8077(brokerage business),889,274,19,8385(brokerage business),585,0,19,8125(brokerage business),539,-230
20,8308(brokerage business),865,515,20,8077(brokerage business),560,-51,20,8123(brokerage business),537,-25
Total,,111279,21286,Total,,23859,-2199,Total,,26760,-3131
Ranking,Name of FF Member /OSBPs,Volume,Change from Previous Trading Day,Ranking,Name of FF Member /OSBPs,Long Position,Change from Previous Trading Day,Ranking,Name of FF Member /OSBPs,Short Position,Change from Previous Trading Day
Contract Code：nr2607,,,,,,,,,,2026-05-07,
1,8163(brokerage business),27386,10332,1,8004(brokerage business),7159,1432,1,8004(brokerage business),10269,616
2,8253(brokerage business),23655,7712,2,8148(brokerage business),5750,487,2,8148(brokerage business),7750,348
3,8004(brokerage business),22866,8886,3,8184(brokerage business),5653,133,3,8123(brokerage business),3614,-25
4,8148(brokerage business),17251,9803,4,8103(brokerage business),4904,245,4,8272(brokerage business),3429,339
5,8081(brokerage business),6228,2974,5,8163(brokerage business),3803,1015,5,8372(brokerage business),3275,241
6,8272(brokerage business),6111,3677,6,8335(brokerage business),3276,169,6,8163(brokerage business),3035,763
7,8123(brokerage business),4274,-790,7,8253(brokerage business),2669,1194,7,8077(brokerage business),2743,507
8,8096(brokerage business),4236,2336,8,8084(brokerage business),2603,15,8,8275(brokerage business),2520,116
9,8308(brokerage business),3189,1066,9,8239(brokerage business),1980,-112,9,8323(brokerage business),2157,187
10,8268(brokerage business),2410,1884,10,8272(brokerage business),1654,392,10,8389(brokerage business),2085,1005
11,8067(brokerage business),2247,886,11,8274(brokerage business),1544,26,11,8125(brokerage business),1933,331
12,8274(brokerage business),2184,-14,12,8277(brokerage business),1535,-93,12,8103(brokerage business),1835,207
13,8239(brokerage business),2134,675,13,8240(brokerage business),1461,-28,13,8096(brokerage business),1360,75
14,8259(brokerage business),1907,-213,14,8082(brokerage business),1267,216,14,8253(brokerage business),1326,275
15,8059(brokerage business),1888,1137,15,8177(brokerage business),1207,23,15,8240(brokerage business),1295,39
16,8275(brokerage business),1876,303,16,8137(brokerage business),1203,170,16,8177(brokerage business),1279,-16
17,8043(brokerage business),1658,1014,17,8151(brokerage business),1188,-12,17,8003(brokerage business),1265,140
18,8103(brokerage business),1586,-165,18,8268(brokerage business),1145,533,18,8151(brokerage business),1169,144
19,8184(brokerage business),1420,614,19,8308(brokerage business),1144,798,19,8009(brokerage business),1060,76
20,8240(brokerage business),1249,766,20,8034(brokerage business),1113,-142,20,8034(brokerage business),1052,286
Total,,135755,52883,Total,,52258,6461,Total,,54451,5654
Member/OSP Type,Total Volume,Change from Previous Trading Day,Member/OSP Type,Total Long Position,Change from Previous Trading Day,Member/OSP Type,Total Short Position,Change from Previous Trading Day,,,
Contract Code：spall,,,,,,,2026-05-07,,,,
Name of FF Member/OSBP,536696,184242,Name of FF Member/OSBP,396077,14643,Name of FF Member/OSBP,396077,14643,,,
Name of Non-FF Member/OSNBP,0,0,Name of Non-FF Member/OSNBP,0,0,Name of Non-FF Member/OSNBP,0,0,,,
Ranking,Name of FF Member /OSBPs,Volume,Change from Previous Trading Day,Ranking,Name of FF Member /OSBPs,Long Position,Change from Previous Trading Day,Ranking,Name of FF Member /OSBPs,Short Position,Change from Previous Trading Day
Contract Code：sp2605,,,,,,,,,,2026-05-07,
1,0004(brokerage business),608,-424,1,0253(brokerage business),1316,-22,1,0004(brokerage business),2542,-528
2,0163(brokerage business),344,84,2,0096(brokerage business),800,-8,2,0163(brokerage business),1476,-112
3,0272(brokerage business),242,-216,3,0004(brokerage business),670,-12,3,0009(brokerage business),610,-10
4,0308(brokerage business),180,42,4,0148(brokerage business),560,0,4,0148(brokerage business),416,2
5,0333(brokerage business),144,60,5,0009(brokerage business),554,0,5,0123(brokerage business),386,-28
6,0148(brokerage business),134,-295,6,0272(brokerage business),398,-74,6,0153(brokerage business),384,8
7,0067(brokerage business),96,2,7,0082(brokerage business),384,4,7,0272(brokerage business),334,-144
8,0271(brokerage business),76,-36,8,0136(brokerage business),382,0,8,0268(brokerage business),294,0
9,0138(brokerage business),62,42,9,0163(brokerage business),262,-132,9,0103(brokerage business),272,-8
10,0151(brokerage business),62,-50,10,0081(brokerage business),240,0,10,0096(brokerage business),270,0
11,0177(brokerage business),60,-72,11,0042(brokerage business),228,-16,11,0019(brokerage business),268,0
12,0042(brokerage business),52,-36,12,0034(brokerage business),224,-10,12,0082(brokerage business),230,0
13,0048(brokerage business),50,47,13,0268(brokerage business),194,-38,13,0240(brokerage business),202,0
14,0240(brokerage business),48,18,14,0008(brokerage business),160,0,14,0253(brokerage business),192,-2
15,0277(brokerage business),48,-168,15,0103(brokerage business),132,-20,15,0418(brokerage business),158,0
16,0288(brokerage business),46,4,16,0067(brokerage business),124,-96,16,0311(brokerage business),142,0
17,0275(brokerage business),40,-82,17,0186(brokerage business),114,-18,17,0008(brokerage business),102,0
18,0268(brokerage business),38,-190,18,0058(brokerage business),112,-14,18,0048(brokerage business),34,8
19,0103(brokerage business),32,-24,19,0240(brokerage business),112,-48,19,0177(brokerage business),32,-50
20,0123(brokerage business),28,20,20,0323(brokerage business),94,-4,20,0034(brokerage business),30,0
Total,,2390,-1274,Total,,7060,-508,Total,,8374,-864
Ranking,Name of FF Member /OSBPs,Volume,Change from Previous Trading Day,Ranking,Name of FF Member /OSBPs,Long Position,Change from Previous Trading Day,Ranking,Name of FF Member /OSBPs,Short Position,Change from Previous Trading Day
Contract Code：sp2607,,,,,,,,,,2026-05-07,
1,0148(brokerage business),10479,5293,1,0272(brokerage business),8734,-357,1,0004(brokerage business),9983,592
2,0163(brokerage business),9891,4017,2,0004(brokerage business),7352,-84,2,0148(brokerage business),6484,119
3,0004(brokerage business),9476,2930,3,0096(brokerage business),5457,39,3,0103(brokerage business),5324,-10
4,0253(brokerage business),3796,1330,4,0253(brokerage business),4637,-328,4,0239(brokerage business),4813,118
5,0272(brokerage business),2274,761,5,0123(brokerage business),4508,-1106,5,0253(brokerage business),4579,-626
6,0081(brokerage business),1973,-101,6,0042(brokerage business),3314,50,6,0059(brokerage business),3911,-296
7,0259(brokerage business),1486,872,7,0103(brokerage business),3264,-658,7,0272(brokerage business),3788,-1031
8,0123(brokerage business),1317,885,8,0148(brokerage business),2821,0,8,0163(brokerage business),3398,-2588
9,0059(brokerage business),1153,451,9,0059(brokerage business),2626,-143,9,0335(brokerage business),2454,43
10,0103(brokerage business),1132,502,10,0277(brokerage business),2400,82,10,0084(brokerage business),2395,0
11,0043(brokerage business),944,107,11,0157(brokerage business),2288,-298,11,0274(brokerage business),2295,291
12,0268(brokerage business),775,242,12,0163(brokerage business),2066,-315,12,0157(brokerage business),2196,-275
13,0240(brokerage business),733,77,13,0268(brokerage business),1689,-316,13,0153(brokerage business),1996,21
14,0274(brokerage business),717,613,14,0240(brokerage business),1558,-38,14,0029(brokerage business),1965,53
15,0077(brokerage business),682,300,15,0308(brokerage business),1325,202,15,0125(brokerage business),1803,-4
16,0157(brokerage business),593,287,16,0153(brokerage business),1278,72,16,0177(brokerage business),1741,-9
17,0058(brokerage business),537,298,17,0043(brokerage business),1257,-362,17,0043(brokerage business),1559,-362
18,0008(brokerage business),519,-36,18,0137(brokerage business),1225,7,18,0058(brokerage business),1401,-23
19,0139(brokerage business),469,63,19,0069(brokerage business),1090,72,19,0240(brokerage business),1245,-159
20,0308(brokerage business),424,-18,20,0323(brokerage business),1051,20,20,0137(brokerage business),985,-24
Total,,49370,18873,Total,,59940,-3461,Total,,64315,-4170
Ranking,Name of FF Member /OSBPs,Volume,Change from Previous Trading Day,Ranking,Name of FF Member /OSBPs,Long Position,Change from Previous Trading Day,Ranking,Name of FF Member /OSBPs,Short Position,Change from Previous Trading Day
Contract Code：sp2609,,,,,,,,,,2026-05-07,
1,0004(brokerage business),108183,36067,1,0004(brokerage business),19927,-837,1,0148(brokerage business),34290,1
2,0148(brokerage business),59779,24097,2,0163(brokerage business),10659,-364,2,0004(brokerage business),27717,3902
3,0163(brokerage business),47125,21342,3,0103(brokerage business),9732,-530,3,0163(brokerage business),27197,6585
4,0253(brokerage business),24531,7232,4,0148(brokerage business),9719,-676,4,0335(brokerage business),13164,368
5,0272(brokerage business),15540,5499,5,0272(brokerage business),9284,547,5,0272(brokerage business),12522,1369
6,0123(brokerage business),13900,3218,6,0253(brokerage business),8653,1518,6,0059(brokerage business),10944,593
7,0186(brokerage business),8458,4497,7,0240(brokerage business),8190,772,7,0239(brokerage business),10195,58
8,0240(brokerage business),6994,1984,8,0067(brokerage business),7571,408,8,0253(brokerage business),8708,-693
9,0268(brokerage business),6527,2304,9,0186(brokerage business),6659,1167,9,0103(brokerage business),7123,-467
10,0275(brokerage business),5957,3484,10,0123(brokerage business),6132,664,10,0240(brokerage business),6632,-118
11,0259(brokerage business),5210,2212,11,0042(brokerage business),6076,204,11,0058(brokerage business),6046,61
12,0081(brokerage business),5056,2119,12,0268(brokerage business),5998,846,12,0288(brokerage business),5870,-144
13,0137(brokerage business),5034,988,13,0069(brokerage business),5949,546,13,0161(brokerage business),4617,425
14,0308(brokerage business),4914,2180,14,0177(brokerage business),4898,328,14,0081(brokerage business),4148,793
15,0298(brokerage business),4826,2566,15,0059(brokerage business),4648,234,15,0042(brokerage business),4078,167
16,0151(brokerage business),4575,2973,16,0077(brokerage business),4556,683,16,0118(brokerage business),3912,1663
17,0103(brokerage business),4385,1999,17,0308(brokerage business),4431,710,17,0268(brokerage business),3682,-439
18,0034(brokerage business),4314,385,18,0034(brokerage business),4333,484,18,0123(brokerage business),3533,-2098
19,0274(brokerage business),4296,1721,19,0096(brokerage business),4325,105,19,0137(brokerage business),3424,215
20,0299(brokerage business),3916,2674,20,0018(brokerage business),4290,103,20,0274(brokerage business),3075,341
Total,,343520,129541,Total,,146030,6912,Total,,200877,12582
Member/OSP Type,Total Volume,Change from Previous Trading Day,Member/OSP Type,Total Long Position,Change from Previous Trading Day,Member/OSP Type,Total Short Position,Change from Previous Trading Day,,,
Contract Code：opall,,,,,,,2026-05-07,,,,
Name of FF Member/OSBP,9000,5022,Name of FF Member/OSBP,12561,1221,Name of FF Member/OSBP,12561,1221,,,
Name of Non-FF Member/OSNBP,0,0,Name of Non-FF Member/OSNBP,0,0,Name of Non-FF Member/OSNBP,0,0,,,
Ranking,Name of FF Member /OSBPs,Volume,Change from Previous Trading Day,Ranking,Name of FF Member /OSBPs,Long Position,Change from Previous Trading Day,Ranking,Name of FF Member /OSBPs,Short Position,Change from Previous Trading Day
Contract Code：op2606,,,,,,,,,,2026-05-07,
1,0163(brokerage business),393,189,1,0268(brokerage business),699,-9,1,0268(brokerage business),680,-10
2,0321(brokerage business),272,-28,2,0148(brokerage business),536,19,2,0148(brokerage business),509,1
3,0148(brokerage business),236,81,3,0008(brokerage business),488,-3,3,0008(brokerage business),489,-3
4,0161(brokerage business),229,5,4,0157(brokerage business),482,-4,4,0157(brokerage business),483,-5
5,0268(brokerage business),227,51,5,0257(brokerage business),482,-5,5,0257(brokerage business),480,0
6,0004(brokerage business),210,-5,6,0082(brokerage business),472,11,6,0082(brokerage business),469,7
7,0123(brokerage business),138,59,7,0123(brokerage business),472,-8,7,0123(brokerage business),469,-2
8,0257(brokerage business),105,49,8,0004(brokerage business),417,58,8,0161(brokerage business),409,-38
9,0272(brokerage business),73,-23,9,0161(brokerage business),408,-43,9,0275(brokerage business),408,7
10,0042(brokerage business),72,29,10,0275(brokerage business),407,1,10,0004(brokerage business),368,72
11,0244(brokerage business),60,53,11,0240(brokerage business),53,6,11,0321(brokerage business),361,14
12,0082(brokerage business),58,41,12,0163(brokerage business),45,17,12,0308(brokerage business),43,-3
13,0151(brokerage business),45,45,13,0272(brokerage business),37,-4,13,0151(brokerage business),41,18
14,0019(brokerage business),39,18,14,0156(brokerage business),31,0,14,0240(brokerage business),27,-3
15,0058(brokerage business),38,7,15,0389(brokerage business),22,1,15,0163(brokerage business),17,2
16,0275(brokerage business),38,16,16,0137(brokerage business),20,0,16,0288(brokerage business),13,0
17,0069(brokerage business),36,22,17,0058(brokerage business),18,11,17,0253(brokerage business),10,-1
18,0157(brokerage business),31,-4,18,0139(brokerage business),18,6,18,0238(brokerage business),9,8
19,0096(brokerage business),26,26,19,0059(brokerage business),17,12,19,0259(brokerage business),9,8
20,0137(brokerage business),25,2,20,0096(brokerage business),16,-24,20,0048(brokerage business),8,-10
Total,,2351,633,Total,,5140,42,Total,,5302,62
