"SHFE Member/OSP Volume, Open Interest Rankings",,,,,,,,,,,
,,,,,,,,,,,
Date: 2026-09-16,,,,,,,,,,,
"Note: FF Member/OSBP may not engage in trading of its own futures, the above volume and positions ranking data of FF Member/OSBP Clearing Members refers to he participation of all clients who are engaging in brokerage business during the statistical period. FF Member/OSBP engaging in brokerage business shall accept entrustment by its clients to conduct futures trading in its own name on behalf of the client.",,,,,,,,,,,
Member/OSP Type,Total Volume,Change from Previous Trading Day,Member/OSP Type,Total Long Position,Change from Previous Trading Day,Member/OSP Type,Total Short Position,Change from Previous Trading Day,,,
Contract Code：cuall,,,,,,,2026-09-16,,,,
Name of FF Member/OSBP,292291,-132693,Name of FF Member/OSBP,520218,-14836,Name of FF Member/OSBP,511134,-13913,,,
Name of Non-FF Member/OSNBP,4275,1737,Name of Non-FF Member/OSNBP,3702,-188,Name of Non-FF Member/OSNBP,12786,-1111,,,
Ranking,Name of FF Member /OSBPs,Volume,Change from Previous Trading Day,Ranking,Name of FF Member /OSBPs,Long Position,Change from Previous Trading Day,Ranking,Name of FF Member /OSBPs,Short Position,Change from Previous Trading Day
Contract Code：cu2610,,,,,,,,,,2026-09-16,
1,0163(brokerage business),19523,-5491,1,0148(brokerage business),18548,-880,1,0148(brokerage business),17786,-2210
2,0148(brokerage business),18203,-11055,2,0004(brokerage business),18187,-2337,2,0049(brokerage business),10756,-1231
3,0004(brokerage business),13509,-2197,3,0049(brokerage business),15412,-268,3,0163(brokerage business),10688,-1742
4,0049(brokerage business),8373,-2018,4,0272(brokerage business),8344,-405,4,0139(brokerage business),8454,-470
5,0272(brokerage business),6332,-3282,5,0163(brokerage business),6072,-1008,5,0004(brokerage business),8400,-982
6,0096(brokerage business),5589,-2373,6,0077(brokerage business),4902,-38,6,0009(brokerage business),7478,-229
7,0253(brokerage business),4599,-1950,7,0103(brokerage business),4314,-2543,7,0025(brokerage business),6047,444
8,0308(brokerage business),4545,-1365,8,0253(brokerage business),3877,-403,8,0082(brokerage business),5980,-312
9,0034(brokerage business),4349,-3163,9,0240(brokerage business),3501,-605,9,0321(brokerage business),5444,-258
10,0275(brokerage business),3758,-1882,10,0268(brokerage business),3407,-96,10,0240(brokerage business),3911,-141
11,0103(brokerage business),3501,1580,11,0321(brokerage business),3350,41,11,0272(brokerage business),3703,-157
12,0240(brokerage business),3462,89,12,0096(brokerage business),3051,155,12,0315(brokerage business),3641,-191
13,0315(brokerage business),2802,734,13,0042(brokerage business),2641,206,13,0253(brokerage business),3627,-276
14,0123(brokerage business),2650,-1083,14,0003(brokerage business),2300,-377,14,0058(brokerage business),3078,-693
15,0058(brokerage business),2546,690,15,0034(brokerage business),2093,-57,15,0169(brokerage business),3052,-207
16,0081(brokerage business),2316,-1238,16,0338(brokerage business),2013,-24,16,0096(brokerage business),2967,-272
17,0268(brokerage business),2178,-960,17,0136(brokerage business),2001,-173,17,0034(brokerage business),2800,-152
18,0042(brokerage business),2042,-627,18,0081(brokerage business),1930,-372,18,0308(brokerage business),2718,-748
19,0043(brokerage business),1912,200,19,0323(brokerage business),1914,-258,19,0018(brokerage business),2444,20
20,0025(brokerage business),1669,132,20,0308(brokerage business),1904,-285,20,0081(brokerage business),2426,-416
Total,,113858,-35259,Total,,109761,-9727,Total,,115400,-10223
Ranking,Name of FF Member /OSBPs,Volume,Change from Previous Trading Day,Ranking,Name of FF Member /OSBPs,Long Position,Change from Previous Trading Day,Ranking,Name of FF Member /OSBPs,Short Position,Change from Previous Trading Day
Contract Code：cu2611,,,,,,,,,,2026-09-16,
1,0004(brokerage business),9549,1478,1,0148(brokerage business),21966,192,1,0148(brokerage business),16166,342
2,0163(brokerage business),8709,-3004,2,0004(brokerage business),9635,-527,2,0004(brokerage business),15216,228
3,0148(brokerage business),7790,-8009,3,0272(brokerage business),8269,-253,3,0049(brokerage business),9359,-428
4,0272(brokerage business),4475,-2698,4,0239(brokerage business),6039,-239,4,0163(brokerage business),5501,-203
5,0096(brokerage business),3539,-1309,5,0003(brokerage business),5010,252,5,0315(brokerage business),5254,-33
6,0275(brokerage business),3387,529,6,0049(brokerage business),4952,977,6,0272(brokerage business),4218,-78
7,0308(brokerage business),2892,-1192,7,0163(brokerage business),4808,-528,7,0009(brokerage business),3952,39
8,0253(brokerage business),2381,269,8,0259(brokerage business),3444,-546,8,0042(brokerage business),3857,-833
9,0049(brokerage business),1727,-376,9,0034(brokerage business),3200,36,9,0321(brokerage business),3669,334
10,0042(brokerage business),1677,243,10,0268(brokerage business),3039,-165,10,0253(brokerage business),3483,158
11,0372(brokerage business),1434,-981,11,0308(brokerage business),2761,-300,11,0139(brokerage business),3303,15
12,0059(brokerage business),1103,-212,12,0125(brokerage business),2407,-156,12,0069(brokerage business),3212,28
13,0320(brokerage business),1097,211,13,0123(brokerage business),2326,146,13,0067(brokerage business),2818,20
14,0240(brokerage business),1084,-232,14,0323(brokerage business),2308,-29,14,0082(brokerage business),2700,-12
15,0178(brokerage business),1017,31,15,0385(brokerage business),2301,194,15,0169(brokerage business),2466,6
16,0019(brokerage business),963,148,16,0253(brokerage business),2293,165,16,0034(brokerage business),2273,98
17,0077(brokerage business),932,168,17,0178(brokerage business),2140,77,17,0177(brokerage business),2220,59
18,0058(brokerage business),915,388,18,0103(brokerage business),2133,51,18,0240(brokerage business),2216,424
19,0123(brokerage business),893,-1426,19,0096(brokerage business),2098,-62,19,0025(brokerage business),2015,-108
20,0025(brokerage business),803,108,20,0274(brokerage business),1786,191,20,0372(brokerage business),1940,-1212
Total,,56367,-15866,Total,,92915,-524,Total,,95838,-1156
Ranking,Name of FF Member /OSBPs,Volume,Change from Previous Trading Day,Ranking,Name of FF Member /OSBPs,Long Position,Change from Previous Trading Day,Ranking,Name of FF Member /OSBPs,Short Position,Change from Previous Trading Day
Contract Code：cu2612,,,,,,,,,,2026-09-16,
1,0004(brokerage business),5580,1035,1,0148(brokerage business),9199,647,1,0148(brokerage business),12192,711
2,0163(brokerage business),3918,-1790,2,0004(brokerage business),6933,2023,2,0004(brokerage business),10259,475
3,0148(brokerage business),3766,-2163,3,0049(brokerage business),4219,49,3,0049(brokerage business),9148,124
4,0308(brokerage business),1737,-1153,4,0272(brokerage business),4219,52,4,0372(brokerage business),5188,1016
5,0272(brokerage business),1642,-1525,5,0136(brokerage business),4116,6,5,0272(brokerage business),5080,220
6,0042(brokerage business),1378,665,6,0268(brokerage business),3517,-24,6,0042(brokerage business),3361,822
7,0275(brokerage business),1375,-578,7,0103(brokerage business),3273,-37,7,0163(brokerage business),3298,-602
8,0372(brokerage business),1201,-1052,8,0163(brokerage business),3100,-166,8,0125(brokerage business),3143,-12
9,0333(brokerage business),983,-1136,9,0323(brokerage business),2991,78,9,0034(brokerage business),3022,40
10,0323(brokerage business),590,54,10,0274(brokerage business),2950,-47,10,0067(brokerage business),2637,-56
11,0151(brokerage business),516,227,11,0081(brokerage business),2269,40,11,0096(brokerage business),2560,-4
12,0019(brokerage business),487,20,12,0178(brokerage business),2156,-32,12,0169(brokerage business),2232,-95
13,0034(brokerage business),432,48,13,0333(brokerage business),2029,212,13,0308(brokerage business),2163,-270
14,0316(brokerage business),423,363,14,0031(brokerage business),1985,1,14,0082(brokerage business),2055,-111
15,0253(brokerage business),411,-364,15,0034(brokerage business),1897,70,15,0138(brokerage business),1953,-16
16,0259(brokerage business),380,-327,16,0025(brokerage business),1850,-212,16,0253(brokerage business),1851,-78
17,0081(brokerage business),360,-374,17,0003(brokerage business),1780,-19,17,0259(brokerage business),1556,-167
18,0049(brokerage business),329,-775,18,0069(brokerage business),1773,63,18,0333(brokerage business),1540,79
19,0320(brokerage business),326,95,19,0077(brokerage business),1757,-25,19,0025(brokerage business),1487,10
20,0349(brokerage business),320,-38,20,0253(brokerage business),1746,-7,20,0240(brokerage business),1445,6
Total,,26154,-8768,Total,,63759,2672,Total,,76170,2092
Ranking,Name of FF Member /OSBPs,Volume,Change from Previous Trading Day,Ranking,Name of FF Member /OSBPs,Long Position,Change from Previous Trading Day,Ranking,Name of FF Member /OSBPs,Short Position,Change from Previous Trading Day
Contract Code：cu2701,,,,,,,,,,2026-09-16,
1,0163(brokerage business),1735,-493,1,0148(brokerage business),3950,6,1,0148(brokerage business),13081,-10
2,0049(brokerage business),750,255,2,0049(brokerage business),2801,-4,2,0049(brokerage business),6611,718
3,0333(brokerage business),732,-378,3,0004(brokerage business),2256,-8,3,0272(brokerage business),4940,70
4,0004(brokerage business),503,-280,4,0136(brokerage business),2139,-7,4,0034(brokerage business),2204,-1
5,0148(brokerage business),444,-776,5,0034(brokerage business),1993,73,5,0042(brokerage business),1430,189
6,0308(brokerage business),404,-81,6,0069(brokerage business),1866,-10,6,0067(brokerage business),1373,1
7,0272(brokerage business),332,-335,7,0096(brokerage business),1865,-136,7,0169(brokerage business),1369,85
8,0042(brokerage business),303,-348,8,0333(brokerage business),1764,278,8,0333(brokerage business),1351,16
9,0275(brokerage business),273,-190,9,0323(brokerage business),1442,-2,9,0103(brokerage business),1180,1
10,0025(brokerage business),238,173,10,0031(brokerage business),1327,9,10,0372(brokerage business),1094,128
11,0019(brokerage business),230,73,11,0103(brokerage business),1310,75,11,0029(brokerage business),672,0
12,0253(brokerage business),219,-254,12,0177(brokerage business),1030,9,12,0163(brokerage business),614,-295
13,0123(brokerage business),197,-194,13,0272(brokerage business),997,-8,13,0082(brokerage business),567,-3
14,0372(brokerage business),180,116,14,0274(brokerage business),926,1,14,0025(brokerage business),514,0
15,0096(brokerage business),174,-525,15,0178(brokerage business),869,82,15,0321(brokerage business),447,0
16,0077(brokerage business),170,-51,16,0125(brokerage business),827,-22,16,0018(brokerage business),443,-16
17,0240(brokerage business),164,-83,17,0163(brokerage business),823,-152,17,0077(brokerage business),426,-155
18,0161(brokerage business),142,21,18,0003(brokerage business),702,1,18,0240(brokerage business),384,-54
19,0268(brokerage business),134,-6,19,0042(brokerage business),652,-12,19,0004(brokerage business),383,3
20,0103(brokerage business),128,-96,20,0339(brokerage business),637,-48,20,0253(brokerage business),351,-133
Total,,7452,-3452,Total,,30176,125,Total,,39434,544
Ranking,Name of FF Member /OSBPs,Volume,Change from Previous Trading Day,Ranking,Name of FF Member /OSBPs,Long Position,Change from Previous Trading Day,Ranking,Name of FF Member /OSBPs,Short Position,Change from Previous Trading Day
Contract Code：cu2702,,,,,,,,,,2026-09-16,
1,0333(brokerage business),482,-97,1,0004(brokerage business),2940,0,1,0148(brokerage business),7260,44
2,0004(brokerage business),361,-240,2,0272(brokerage business),2193,-17,2,0004(brokerage business),2416,89
3,0163(brokerage business),317,-929,3,0148(brokerage business),1979,42,3,0025(brokerage business),2177,2
4,0272(brokerage business),264,-404,4,0069(brokerage business),1278,-39,4,0042(brokerage business),1416,-3
5,0148(brokerage business),210,-176,5,0049(brokerage business),1052,54,5,0163(brokerage business),1088,-52
6,0139(brokerage business),131,128,6,0031(brokerage business),1034,0,6,0333(brokerage business),1053,40
7,0240(brokerage business),131,-214,7,0323(brokerage business),1011,3,7,0103(brokerage business),1048,0
8,0253(brokerage business),125,-124,8,0081(brokerage business),754,47,8,0049(brokerage business),779,-2
9,0049(brokerage business),70,32,9,0139(brokerage business),698,0,9,0067(brokerage business),659,4
10,0308(brokerage business),67,-41,10,0034(brokerage business),676,40,10,0272(brokerage business),505,-7
11,0151(brokerage business),65,33,11,0333(brokerage business),649,134,11,0077(brokerage business),401,-50
12,0096(brokerage business),62,28,12,0178(brokerage business),541,-1,12,0082(brokerage business),202,0
13,0081(brokerage business),61,-94,13,0003(brokerage business),416,-1,13,0253(brokerage business),198,77
14,0077(brokerage business),52,23,14,0103(brokerage business),412,-2,14,0096(brokerage business),183,6
15,0069(brokerage business),49,-10,15,0008(brokerage business),358,0,15,0323(brokerage business),176,0
16,0034(brokerage business),47,-79,16,0161(brokerage business),356,0,16,0088(brokerage business),155,-3
17,0088(brokerage business),44,-77,17,0253(brokerage business),341,4,17,0139(brokerage business),150,131
18,0271(brokerage business),38,26,18,0268(brokerage business),304,-6,18,0059(brokerage business),143,0
19,0134(brokerage business),25,-25,19,0042(brokerage business),260,-3,19,0034(brokerage business),135,5
20,0137(brokerage business),24,10,20,0096(brokerage business),260,14,20,0008(brokerage business),131,0
Total,,2625,-2230,Total,,17512,269,Total,,20275,281
Ranking,Name of FF Member /OSBPs,Volume,Change from Previous Trading Day,Ranking,Name of FF Member /OSBPs,Long Position,Change from Previous Trading Day,Ranking,Name of FF Member /OSBPs,Short Position,Change from Previous Trading Day
Contract Code：cu2703,,,,,,,,,,2026-09-16,
1,0163(brokerage business),758,109,1,0323(brokerage business),2201,4,1,0148(brokerage business),10954,52
2,0096(brokerage business),658,332,2,0148(brokerage business),2184,25,2,0049(brokerage business),2870,8
3,0272(brokerage business),654,-328,3,0049(brokerage business),1957,48,3,0004(brokerage business),2373,-15
4,0333(brokerage business),492,-294,4,0272(brokerage business),1532,-227,4,0077(brokerage business),1861,-225
5,0077(brokerage business),250,216,5,0069(brokerage business),1480,3,5,0422(brokerage business),1040,0
6,0004(brokerage business),242,-331,6,0034(brokerage business),1245,-7,6,0323(brokerage business),1018,0
7,0148(brokerage business),181,-515,7,0004(brokerage business),1196,-21,7,0042(brokerage business),1011,1
8,0240(brokerage business),158,-210,8,0339(brokerage business),1091,0,8,0067(brokerage business),1003,-1
9,0042(brokerage business),151,67,9,0136(brokerage business),1078,-1,9,0103(brokerage business),843,1
10,0178(brokerage business),131,66,10,0003(brokerage business),992,0,10,0163(brokerage business),684,6
11,0034(brokerage business),126,73,11,0031(brokerage business),927,0,11,0333(brokerage business),618,207
12,0049(brokerage business),98,-293,12,0163(brokerage business),913,-42,12,0272(brokerage business),448,95
13,0081(brokerage business),80,-4,13,0333(brokerage business),856,-121,13,0372(brokerage business),236,1
14,0308(brokerage business),70,-64,14,0372(brokerage business),830,4,14,0240(brokerage business),197,-51
15,0259(brokerage business),58,5,15,0338(brokerage business),784,0,15,0025(brokerage business),144,10
16,0238(brokerage business),46,6,16,0268(brokerage business),673,-12,16,0096(brokerage business),140,1
17,0088(brokerage business),44,-45,17,0253(brokerage business),667,8,17,0008(brokerage business),103,0
18,0295(brokerage business),39,27,18,0042(brokerage business),663,136,18,0268(brokerage business),88,3
19,0161(brokerage business),36,-47,19,0096(brokerage business),566,101,19,0123(brokerage business),72,-1
20,0105(brokerage business),30,29,20,0178(brokerage business),433,129,20,0274(brokerage business),71,-13
Total,,4302,-1201,Total,,22268,27,Total,,25774,79
Ranking,Name of FF Member /OSBPs,Volume,Change from Previous Trading Day,Ranking,Name of FF Member /OSBPs,Long Position,Change from Previous Trading Day,Ranking,Name of FF Member /OSBPs,Short Position,Change from Previous Trading Day
Contract Code：bc2610,,,,,,,,,,2026-09-16,
1,8163(brokerage business),2183,-1349,1,8004(brokerage business),3032,59,1,8148(brokerage business),3000,-206
2,8148(brokerage business),1867,-152,2,8148(brokerage business),2464,-7,2,8004(brokerage business),2925,33
3,8253(brokerage business),1103,-276,3,8081(brokerage business),869,2,3,8081(brokerage business),757,0
4,8275(brokerage business),935,-214,4,8239(brokerage business),742,-79,4,8163(brokerage business),737,-23
5,8004(brokerage business),698,-254,5,8082(brokerage business),638,21,5,8240(brokerage business),626,38
6,8081(brokerage business),426,19,6,8161(brokerage business),571,-82,6,8082(brokerage business),604,19
7,8308(brokerage business),426,-179,7,8103(brokerage business),564,-16,7,8161(brokerage business),577,-101
8,8184(brokerage business),406,288,8,8184(brokerage business),418,-375,8,8049(brokerage business),519,3
9,8096(brokerage business),273,-105,9,8323(brokerage business),312,-46,9,8103(brokerage business),481,-32
10,8161(brokerage business),271,17,10,8048(brokerage business),282,-1,10,8084(brokerage business),353,-17
11,8048(brokerage business),222,-100,11,8253(brokerage business),218,20,11,8323(brokerage business),302,-49
12,8239(brokerage business),213,-61,12,8163(brokerage business),198,-34,12,8048(brokerage business),260,-1
13,8272(brokerage business),118,43,13,8272(brokerage business),182,-21,13,8051(brokerage business),239,0
14,8323(brokerage business),109,91,14,8001(brokerage business),143,0,14,8253(brokerage business),239,-19
15,8103(brokerage business),100,-30,15,8308(brokerage business),112,4,15,8034(brokerage business),156,-2
16,8153(brokerage business),72,-25,16,8311(brokerage business),103,-4,16,8139(brokerage business),96,0
17,8123(brokerage business),69,22,17,8138(brokerage business),92,-5,17,8123(brokerage business),81,0
18,8259(brokerage business),63,35,18,8259(brokerage business),74,2,18,8184(brokerage business),56,17
19,8186(brokerage business),56,31,19,8151(brokerage business),71,14,19,8308(brokerage business),33,-2
20,8082(brokerage business),52,-45,20,8096(brokerage business),67,5,20,8299(brokerage business),32,4
Total,,9662,-2244,Total,,11152,-543,Total,,12073,-338
Member/OSP Type,Total Volume,Change from Previous Trading Day,Member/OSP Type,Total Long Position,Change from Previous Trading Day,Member/OSP Type,Total Short Position,Change from Previous Trading Day,,,
Contract Code：alall,,,,,,,2026-09-16,,,,
Name of FF Member/OSBP,480338,-20466,Name of FF Member/OSBP,579410,-228,Name of FF Member/OSBP,572454,-308,,,
Name of Non-FF Member/OSNBP,120,100,Name of Non-FF Member/OSNBP,0,0,Name of Non-FF Member/OSNBP,6956,80,,,
Ranking,Name of FF Member /OSBPs,Volume,Change from Previous Trading Day,Ranking,Name of FF Member /OSBPs,Long Position,Change from Previous Trading Day,Ranking,Name of FF Member /OSBPs,Short Position,Change from Previous Trading Day
Contract Code：al2610,,,,,,,,,,2026-09-16,
1,0163(brokerage business),39602,-5372,1,0148(brokerage business),19068,-1380,1,0148(brokerage business),29762,-2573
2,0148(brokerage business),33875,-6960,2,0004(brokerage business),18393,-2386,2,0004(brokerage business),22351,334
3,0004(brokerage business),26754,-2051,3,0163(brokerage business),9319,-912,3,0253(brokerage business),7188,-195
4,0253(brokerage business),15484,-2909,4,0139(brokerage business),5701,-436,4,0272(brokerage business),7150,414
5,0275(brokerage business),12976,801,5,0253(brokerage business),4684,303,5,0163(brokerage business),6800,-762
6,0272(brokerage business),7701,1436,6,0034(brokerage business),4589,182,6,0034(brokerage business),5687,-151
7,0259(brokerage business),6634,-2054,7,0272(brokerage business),4567,-1465,7,0123(brokerage business),5664,-2095
8,0081(brokerage business),5247,-2626,8,0069(brokerage business),4565,-206,8,0268(brokerage business),5138,36
9,0240(brokerage business),4099,-668,9,0323(brokerage business),4006,-195,9,0240(brokerage business),4807,-1035
10,0323(brokerage business),3952,671,10,0103(brokerage business),4002,-464,10,0139(brokerage business),3517,-497
11,0123(brokerage business),3542,-1459,11,0123(brokerage business),3946,-341,11,0275(brokerage business),3348,-1313
12,0096(brokerage business),2868,-29,12,0003(brokerage business),3400,-90,12,0103(brokerage business),3230,-103
13,0268(brokerage business),2504,-918,13,0161(brokerage business),3121,-123,13,0002(brokerage business),2565,34
14,0069(brokerage business),2265,290,14,0077(brokerage business),2983,4,14,0018(brokerage business),2448,-35
15,0288(brokerage business),2212,-159,15,0268(brokerage business),2681,-420,15,0003(brokerage business),1871,179
16,0103(brokerage business),2047,-102,16,0096(brokerage business),2583,-197,16,0161(brokerage business),1825,-219
17,0034(brokerage business),1919,-1194,17,0275(brokerage business),2487,-277,17,0058(brokerage business),1793,-36
18,0327(brokerage business),1561,288,18,0335(brokerage business),2361,-339,18,0048(brokerage business),1791,-7
19,0139(brokerage business),1369,-170,19,0240(brokerage business),2314,-108,19,0049(brokerage business),1653,-562
20,0019(brokerage business),1331,-671,20,0316(brokerage business),2209,-19,20,0008(brokerage business),1614,-11
Total,,177942,-23856,Total,,106979,-8869,Total,,120202,-8597
Ranking,Name of FF Member /OSBPs,Volume,Change from Previous Trading Day,Ranking,Name of FF Member /OSBPs,Long Position,Change from Previous Trading Day,Ranking,Name of FF Member /OSBPs,Short Position,Change from Previous Trading Day
Contract Code：al2611,,,,,,,,,,2026-09-16,
1,0163(brokerage business),26906,6088,1,0148(brokerage business),29883,2430,1,0004(brokerage business),29938,1325
2,0148(brokerage business),26001,3824,2,0239(brokerage business),21191,-167,2,0123(brokerage business),28690,2020
3,0004(brokerage business),23523,-15356,3,0004(brokerage business),19932,3102,3,0148(brokerage business),24122,2033
4,0272(brokerage business),18610,16235,4,0163(brokerage business),17023,545,4,0058(brokerage business),13230,-33
5,0275(brokerage business),17414,7863,5,0272(brokerage business),12535,1636,5,0272(brokerage business),11735,194
6,0253(brokerage business),13601,204,6,0335(brokerage business),9987,-38,6,0139(brokerage business),7446,361
7,0323(brokerage business),3740,419,7,0268(brokerage business),9770,-47,7,0096(brokerage business),7008,472
8,0268(brokerage business),3317,871,8,0034(brokerage business),8141,236,8,0240(brokerage business),6022,347
9,0069(brokerage business),3196,-224,9,0077(brokerage business),5278,79,9,0103(brokerage business),5643,-8
10,0240(brokerage business),3130,-23,10,0323(brokerage business),5048,80,10,0163(brokerage business),5113,381
11,0123(brokerage business),3064,-3896,11,0253(brokerage business),4877,545,11,0275(brokerage business),4866,1276
12,0081(brokerage business),3056,-95,12,0069(brokerage business),4770,100,12,0372(brokerage business),4510,462
13,0239(brokerage business),2677,981,13,0103(brokerage business),4634,525,13,0323(brokerage business),4419,2346
14,0082(brokerage business),2428,1043,14,0084(brokerage business),4129,-5,14,0003(brokerage business),4350,76
15,0034(brokerage business),2285,-1109,15,0275(brokerage business),3555,1318,15,0002(brokerage business),4176,0
16,0103(brokerage business),2185,-851,16,0240(brokerage business),3042,125,16,0253(brokerage business),3972,820
17,0308(brokerage business),1674,-49,17,0082(brokerage business),2889,427,17,0161(brokerage business),3307,-436
18,0335(brokerage business),1410,-1616,18,0153(brokerage business),2635,522,18,0034(brokerage business),2974,227
19,0259(brokerage business),1297,768,19,0042(brokerage business),2615,-1,19,0018(brokerage business),2938,-38
20,0288(brokerage business),1229,285,20,0008(brokerage business),2592,49,20,0009(brokerage business),2893,57
Total,,160743,15362,Total,,174526,11461,Total,,177352,11882
Ranking,Name of FF Member /OSBPs,Volume,Change from Previous Trading Day,Ranking,Name of FF Member /OSBPs,Long Position,Change from Previous Trading Day,Ranking,Name of FF Member /OSBPs,Short Position,Change from Previous Trading Day
Contract Code：al2612,,,,,,,,,,2026-09-16,
1,0163(brokerage business),8828,2240,1,0148(brokerage business),12664,547,1,0148(brokerage business),13916,1739
2,0148(brokerage business),7142,413,2,0004(brokerage business),8203,222,2,0004(brokerage business),7510,44
3,0253(brokerage business),3225,-81,3,0268(brokerage business),7336,505,3,0123(brokerage business),7074,22
4,0004(brokerage business),2684,-1021,4,0272(brokerage business),6264,-160,4,0034(brokerage business),4285,172
5,0275(brokerage business),2067,-517,5,0163(brokerage business),4591,1757,5,0239(brokerage business),3585,46
6,0323(brokerage business),1709,146,6,0323(brokerage business),3634,202,6,0103(brokerage business),3345,13
7,0239(brokerage business),1645,1482,7,0034(brokerage business),3570,40,7,0042(brokerage business),3201,1
8,0308(brokerage business),1078,16,8,0069(brokerage business),3483,40,8,0139(brokerage business),3164,3
9,0019(brokerage business),958,392,9,0096(brokerage business),1852,-320,9,0308(brokerage business),3132,131
10,0069(brokerage business),907,-834,10,0315(brokerage business),1837,0,10,0249(brokerage business),3017,-6
11,0081(brokerage business),850,-130,11,0059(brokerage business),1698,-35,11,0003(brokerage business),2401,56
12,0272(brokerage business),784,122,12,0007(brokerage business),1694,-111,12,0323(brokerage business),2234,-653
13,0268(brokerage business),760,446,13,0042(brokerage business),1627,90,13,0272(brokerage business),2004,194
14,0240(brokerage business),571,166,14,0049(brokerage business),1558,1,14,0082(brokerage business),1738,-139
15,0096(brokerage business),552,487,15,0123(brokerage business),1502,66,15,0275(brokerage business),1696,37
16,0030(brokerage business),478,474,16,0139(brokerage business),1326,-1,16,0268(brokerage business),1524,19
17,0034(brokerage business),478,230,17,0103(brokerage business),1281,0,17,0163(brokerage business),1457,293
18,0295(brokerage business),427,422,18,0239(brokerage business),1268,99,18,0261(brokerage business),1295,144
19,0137(brokerage business),396,203,19,0003(brokerage business),1258,-9,19,0019(brokerage business),907,412
20,0007(brokerage business),338,268,20,0274(brokerage business),1251,27,20,0008(brokerage business),857,57
Total,,35877,4924,Total,,67897,2960,Total,,68342,2585
Ranking,Name of FF Member /OSBPs,Volume,Change from Previous Trading Day,Ranking,Name of FF Member /OSBPs,Long Position,Change from Previous Trading Day,Ranking,Name of FF Member /OSBPs,Short Position,Change from Previous Trading Day
Contract Code：al2701,,,,,,,,,,2026-09-16,
1,0163(brokerage business),2735,-446,1,0034(brokerage business),5297,-13,1,0148(brokerage business),10922,166
2,0323(brokerage business),1390,444,2,0148(brokerage business),4379,22,2,0004(brokerage business),3452,113
3,0253(brokerage business),1283,36,3,0323(brokerage business),4185,-348,3,0249(brokerage business),2421,0
4,0004(brokerage business),1223,-33,4,0004(brokerage business),3992,286,4,0042(brokerage business),2409,4
5,0148(brokerage business),1214,-147,5,0049(brokerage business),2628,-7,5,0103(brokerage business),1797,-21
6,0240(brokerage business),1071,532,6,0268(brokerage business),1926,61,6,0272(brokerage business),1753,25
7,0308(brokerage business),916,-160,7,0069(brokerage business),1888,-115,7,0139(brokerage business),1613,-3
8,0239(brokerage business),843,794,8,0163(brokerage business),1237,13,8,0275(brokerage business),1447,117
9,0275(brokerage business),776,115,9,0272(brokerage business),1063,228,9,0151(brokerage business),1006,0
10,0081(brokerage business),669,81,10,0007(brokerage business),876,22,10,0029(brokerage business),960,23
11,0153(brokerage business),463,441,11,0240(brokerage business),844,28,11,0153(brokerage business),921,370
12,0069(brokerage business),410,257,12,0042(brokerage business),826,0,12,0274(brokerage business),862,0
13,0272(brokerage business),379,123,13,0254(brokerage business),794,1,13,0163(brokerage business),858,56
14,0018(brokerage business),368,-27,14,0253(brokerage business),789,102,14,0268(brokerage business),802,-28
15,0009(brokerage business),348,-108,15,0103(brokerage business),729,213,15,0239(brokerage business),756,732
16,0103(brokerage business),286,-8,16,0139(brokerage business),692,-1,16,0311(brokerage business),677,6
17,0299(brokerage business),208,197,17,0081(brokerage business),680,41,17,0240(brokerage business),574,-569
18,0137(brokerage business),203,110,18,0169(brokerage business),625,-1,18,0137(brokerage business),560,5
19,0123(brokerage business),185,-109,19,0096(brokerage business),572,51,19,0003(brokerage business),534,12
20,0034(brokerage business),139,-118,20,0308(brokerage business),530,54,20,0082(brokerage business),492,-44
Total,,15109,1974,Total,,34552,637,Total,,34816,964
Ranking,Name of FF Member /OSBPs,Volume,Change from Previous Trading Day,Ranking,Name of FF Member /OSBPs,Long Position,Change from Previous Trading Day,Ranking,Name of FF Member /OSBPs,Short Position,Change from Previous Trading Day
Contract Code：al2702,,,,,,,,,,2026-09-16,
1,0275(brokerage business),1953,1608,1,0034(brokerage business),2223,0,1,0277(brokerage business),2493,0
2,0148(brokerage business),1247,1044,2,0004(brokerage business),1987,233,2,0004(brokerage business),2400,-118
3,0163(brokerage business),837,31,3,0049(brokerage business),1643,-3,3,0148(brokerage business),1813,285
4,0323(brokerage business),761,432,4,0148(brokerage business),1544,-16,4,0103(brokerage business),1724,-76
5,0081(brokerage business),710,281,5,0069(brokerage business),1231,248,5,0275(brokerage business),1481,1388
6,0004(brokerage business),491,-850,6,0272(brokerage business),920,-16,6,0349(brokerage business),1163,0
7,0253(brokerage business),395,59,7,0268(brokerage business),919,6,7,0163(brokerage business),1068,-13
8,0069(brokerage business),361,217,8,0254(brokerage business),810,185,8,0082(brokerage business),988,0
9,0271(brokerage business),242,140,9,0007(brokerage business),701,0,9,0268(brokerage business),793,-194
10,0308(brokerage business),232,45,10,0323(brokerage business),693,-16,10,0323(brokerage business),701,-369
11,0268(brokerage business),214,163,11,0042(brokerage business),601,-1,11,0261(brokerage business),700,0
12,0029(brokerage business),209,13,12,0009(brokerage business),433,0,12,0042(brokerage business),531,0
13,0254(brokerage business),185,185,13,0315(brokerage business),421,0,13,0153(brokerage business),446,0
14,0018(brokerage business),143,-140,14,0372(brokerage business),417,0,14,0335(brokerage business),311,0
15,0103(brokerage business),120,-375,15,0081(brokerage business),384,107,15,0069(brokerage business),292,-3
16,0274(brokerage business),106,72,16,0082(brokerage business),380,-1,16,0338(brokerage business),238,5
17,0333(brokerage business),103,37,17,0253(brokerage business),351,-25,17,0295(brokerage business),209,0
18,0077(brokerage business),91,1,18,0048(brokerage business),330,0,18,0115(brokerage business),195,9
19,0259(brokerage business),86,-55,19,0123(brokerage business),306,0,19,0161(brokerage business),186,12
20,0123(brokerage business),62,-54,20,0008(brokerage business),300,0,20,0025(brokerage business),180,0
Total,,8548,2854,Total,,16594,701,Total,,17912,926
Ranking,Name of FF Member /OSBPs,Volume,Change from Previous Trading Day,Ranking,Name of FF Member /OSBPs,Long Position,Change from Previous Trading Day,Ranking,Name of FF Member /OSBPs,Short Position,Change from Previous Trading Day
Contract Code：al2703,,,,,,,,,,2026-09-16,
1,0323(brokerage business),628,280,1,0148(brokerage business),2867,41,1,0148(brokerage business),2526,0
2,0069(brokerage business),542,475,2,0004(brokerage business),1732,207,2,0077(brokerage business),2345,-3
3,0103(brokerage business),440,256,3,0069(brokerage business),1171,412,3,0103(brokerage business),2121,440
4,0004(brokerage business),276,-48,4,0042(brokerage business),1088,0,4,0004(brokerage business),1713,3
5,0257(brokerage business),250,72,5,0268(brokerage business),1010,0,5,0069(brokerage business),997,-28
6,0148(brokerage business),211,-30,6,0007(brokerage business),999,198,6,0323(brokerage business),796,226
7,0007(brokerage business),202,202,7,0240(brokerage business),688,9,7,0261(brokerage business),773,0
8,0333(brokerage business),187,93,8,0082(brokerage business),674,0,8,0163(brokerage business),639,-5
9,0269(brokerage business),114,19,9,0034(brokerage business),605,-1,9,0257(brokerage business),550,250
10,0274(brokerage business),104,80,10,0372(brokerage business),498,0,10,0272(brokerage business),486,-4
11,0137(brokerage business),93,20,11,0315(brokerage business),419,0,11,0269(brokerage business),358,-34
12,0259(brokerage business),65,-77,12,0272(brokerage business),392,0,12,0274(brokerage business),332,60
13,0163(brokerage business),63,-65,13,0051(brokerage business),337,0,13,0139(brokerage business),260,3
14,0081(brokerage business),62,-81,14,0123(brokerage business),315,-1,14,0073(brokerage business),223,0
15,0153(brokerage business),62,62,15,0081(brokerage business),308,0,15,0177(brokerage business),221,3
16,0275(brokerage business),58,-31,16,0177(brokerage business),304,0,16,0333(brokerage business),203,-39
17,0271(brokerage business),52,-143,17,0333(brokerage business),250,94,17,0308(brokerage business),159,0
18,0049(brokerage business),50,2,18,0049(brokerage business),241,-1,18,0153(brokerage business),157,-62
19,0253(brokerage business),44,-21,19,0003(brokerage business),230,0,19,0051(brokerage business),142,0
20,0077(brokerage business),39,20,20,0275(brokerage business),220,0,20,0171(brokerage business),130,0
Total,,3542,1085,Total,,14348,958,Total,,15131,810
Member/OSP Type,Total Volume,Change from Previous Trading Day,Member/OSP Type,Total Long Position,Change from Previous Trading Day,Member/OSP Type,Total Short Position,Change from Previous Trading Day,,,
Contract Code：znall,,,,,,,2026-09-16,,,,
Name of FF Member/OSBP,537444,28588,Name of FF Member/OSBP,267702,-12465,Name of FF Member/OSBP,267702,-12465,,,
Name of Non-FF Member/OSNBP,0,0,Name of Non-FF Member/OSNBP,0,0,Name of Non-FF Member/OSNBP,0,0,,,
Ranking,Name of FF Member /OSBPs,Volume,Change from Previous Trading Day,Ranking,Name of FF Member /OSBPs,Long Position,Change from Previous Trading Day,Ranking,Name of FF Member /OSBPs,Short Position,Change from Previous Trading Day
Contract Code：zn2610,,,,,,,,,,2026-09-16,
1,0163(brokerage business),46396,6915,1,0163(brokerage business),9528,73,1,0148(brokerage business),9216,-225
2,0148(brokerage business),31695,-1340,2,0148(brokerage business),8820,-1975,2,0139(brokerage business),6394,-604
3,0004(brokerage business),25067,-493,3,0004(brokerage business),7369,-2164,3,0004(brokerage business),4510,-633
4,0275(brokerage business),22144,1423,4,0272(brokerage business),3153,-324,4,0058(brokerage business),4405,-57
5,0253(brokerage business),19639,-79,5,0003(brokerage business),2798,-222,5,0272(brokerage business),3769,-806
6,0272(brokerage business),13142,1484,6,0139(brokerage business),2771,79,6,0163(brokerage business),3308,-1012
7,0259(brokerage business),8376,2827,7,0019(brokerage business),2496,-233,7,0315(brokerage business),2891,-290
8,0123(brokerage business),6365,-898,8,0308(brokerage business),2374,-254,8,0042(brokerage business),2600,-61
9,0081(brokerage business),5972,-1390,9,0275(brokerage business),2303,-422,9,0052(brokerage business),2211,-45
10,0308(brokerage business),5140,-59,10,0184(brokerage business),2131,0,10,0082(brokerage business),2070,21
11,0096(brokerage business),5130,-490,11,0239(brokerage business),2122,-1,11,0049(brokerage business),1843,-254
12,0058(brokerage business),2865,673,12,0253(brokerage business),2064,628,12,0103(brokerage business),1829,67
13,0240(brokerage business),2737,-801,13,0123(brokerage business),1861,111,13,0059(brokerage business),1800,-167
14,0274(brokerage business),2733,1527,14,0323(brokerage business),1675,-632,14,0096(brokerage business),1791,-89
15,0069(brokerage business),2654,724,15,0274(brokerage business),1626,-27,15,0003(brokerage business),1785,-299
16,0298(brokerage business),2516,-296,16,0082(brokerage business),1625,-81,16,0253(brokerage business),1785,-793
17,0161(brokerage business),2495,48,17,0240(brokerage business),1568,-368,17,0240(brokerage business),1510,-123
18,0139(brokerage business),2151,-523,18,0372(brokerage business),1552,-29,18,0025(brokerage business),1465,-312
19,0059(brokerage business),1633,309,19,0049(brokerage business),1313,-348,19,0069(brokerage business),1409,-278
20,0034(brokerage business),1587,-794,20,0177(brokerage business),1265,-8,20,0323(brokerage business),1408,-38
Total,,210437,8767,Total,,60414,-6197,Total,,57999,-5998
Ranking,Name of FF Member /OSBPs,Volume,Change from Previous Trading Day,Ranking,Name of FF Member /OSBPs,Long Position,Change from Previous Trading Day,Ranking,Name of FF Member /OSBPs,Short Position,Change from Previous Trading Day
Contract Code：zn2611,,,,,,,,,,2026-09-16,
1,0148(brokerage business),32435,1200,1,0239(brokerage business),20679,-1750,1,0148(brokerage business),13761,825
2,0163(brokerage business),30155,5686,2,0148(brokerage business),16734,888,2,0272(brokerage business),7315,195
3,0275(brokerage business),19439,-6209,3,0004(brokerage business),14749,937,3,0004(brokerage business),6645,651
4,0004(brokerage business),17720,-675,4,0163(brokerage business),7440,-321,4,0058(brokerage business),5693,-295
5,0253(brokerage business),15981,1942,5,0272(brokerage business),7159,-823,5,0069(brokerage business),5120,468
6,0123(brokerage business),6995,-21,6,0123(brokerage business),4552,-103,6,0308(brokerage business),4659,-212
7,0081(brokerage business),6935,-362,7,0184(brokerage business),3786,903,7,0315(brokerage business),4084,89
8,0308(brokerage business),5726,1051,8,0335(brokerage business),3309,-88,8,0139(brokerage business),4049,1021
9,0272(brokerage business),4256,407,9,0268(brokerage business),2604,113,9,0077(brokerage business),3491,19
10,0049(brokerage business),4162,1257,10,0308(brokerage business),2335,138,10,0003(brokerage business),3151,149
11,0259(brokerage business),3970,585,11,0139(brokerage business),2142,-18,11,0059(brokerage business),3063,45
12,0042(brokerage business),3346,677,12,0084(brokerage business),2120,-71,12,0163(brokerage business),2835,-878
13,0239(brokerage business),2948,1383,13,0274(brokerage business),2120,-151,13,0321(brokerage business),2776,-7
14,0069(brokerage business),2805,1392,14,0240(brokerage business),1775,-185,14,0323(brokerage business),2752,-161
15,0240(brokerage business),2776,206,15,0103(brokerage business),1754,245,15,0025(brokerage business),2704,47
16,0034(brokerage business),2770,322,16,0049(brokerage business),1737,444,16,0253(brokerage business),2664,-105
17,0335(brokerage business),2371,-555,17,0323(brokerage business),1605,-74,17,0034(brokerage business),2310,-148
18,0103(brokerage business),1775,263,18,0253(brokerage business),1493,-172,18,0096(brokerage business),2310,75
19,0139(brokerage business),1755,1543,19,0081(brokerage business),1461,-1,19,0103(brokerage business),2160,-346
20,0059(brokerage business),1650,768,20,0019(brokerage business),1398,27,20,0275(brokerage business),2088,-169
Total,,169970,10860,Total,,100952,-62,Total,,83630,1263
Ranking,Name of FF Member /OSBPs,Volume,Change from Previous Trading Day,Ranking,Name of FF Member /OSBPs,Long Position,Change from Previous Trading Day,Ranking,Name of FF Member /OSBPs,Short Position,Change from Previous Trading Day
Contract Code：zn2612,,,,,,,,,,2026-09-16,
1,0163(brokerage business),10376,2042,1,0239(brokerage business),9391,91,1,0321(brokerage business),5240,6
2,0004(brokerage business),7644,2814,2,0148(brokerage business),6344,71,2,0272(brokerage business),4316,49
3,0148(brokerage business),6703,465,3,0004(brokerage business),3615,-62,3,0049(brokerage business),2015,205
4,0253(brokerage business),5614,437,4,0163(brokerage business),2917,1181,4,0004(brokerage business),1993,-524
5,0275(brokerage business),5281,2728,5,0268(brokerage business),2036,-26,5,0148(brokerage business),1776,122
6,0081(brokerage business),3811,781,6,0308(brokerage business),2030,-156,6,0025(brokerage business),1605,16
7,0259(brokerage business),1272,260,7,0059(brokerage business),1796,3,7,0253(brokerage business),1571,68
8,0308(brokerage business),1189,157,8,0019(brokerage business),1625,-1,8,0009(brokerage business),1533,-155
9,0139(brokerage business),783,634,9,0123(brokerage business),1456,11,9,0058(brokerage business),1301,254
10,0240(brokerage business),760,40,10,0042(brokerage business),1406,131,10,0069(brokerage business),1295,46
11,0049(brokerage business),704,242,11,0272(brokerage business),934,-7,11,0082(brokerage business),1214,-288
12,0103(brokerage business),669,163,12,0003(brokerage business),763,-9,12,0315(brokerage business),1086,55
13,0272(brokerage business),652,-211,13,0323(brokerage business),723,-102,13,0103(brokerage business),1076,288
14,0018(brokerage business),566,219,14,0077(brokerage business),721,-95,14,0169(brokerage business),1028,-129
15,0298(brokerage business),464,102,15,0274(brokerage business),546,24,15,0139(brokerage business),1001,703
16,0274(brokerage business),459,291,16,0253(brokerage business),544,222,16,0034(brokerage business),845,4
17,0321(brokerage business),448,324,17,0058(brokerage business),493,-1,17,0163(brokerage business),716,-31
18,0069(brokerage business),443,-238,18,0321(brokerage business),442,6,18,0059(brokerage business),705,55
19,0001(brokerage business),434,26,19,0096(brokerage business),357,2,19,0077(brokerage business),703,-1
20,0077(brokerage business),410,132,20,0034(brokerage business),333,94,20,0123(brokerage business),669,-43
Total,,48682,11408,Total,,38472,1377,Total,,31688,700
Member/OSP Type,Total Volume,Change from Previous Trading Day,Member/OSP Type,Total Long Position,Change from Previous Trading Day,Member/OSP Type,Total Short Position,Change from Previous Trading Day,,,
Contract Code：pball,,,,,,,2026-09-16,,,,
Name of FF Member/OSBP,174284,18326,Name of FF Member/OSBP,141974,-1266,Name of FF Member/OSBP,141974,-1266,,,
Name of Non-FF Member/OSNBP,0,0,Name of Non-FF Member/OSNBP,0,0,Name of Non-FF Member/OSNBP,0,0,,,
Ranking,Name of FF Member /OSBPs,Volume,Change from Previous Trading Day,Ranking,Name of FF Member /OSBPs,Long Position,Change from Previous Trading Day,Ranking,Name of FF Member /OSBPs,Short Position,Change from Previous Trading Day
Contract Code：pb2610,,,,,,,,,,2026-09-16,
1,0163(brokerage business),17678,1981,1,0004(brokerage business),6266,-325,1,0148(brokerage business),9853,377
2,0004(brokerage business),16340,-331,2,0272(brokerage business),5715,206,2,0004(brokerage business),6250,-585
3,0253(brokerage business),9656,1243,3,0163(brokerage business),4334,-832,3,0163(brokerage business),4580,108
4,0148(brokerage business),9134,-271,4,0049(brokerage business),4193,-435,4,0103(brokerage business),2164,-31
5,0123(brokerage business),4858,3394,5,0148(brokerage business),3914,-711,5,0253(brokerage business),1977,-213
6,0259(brokerage business),3965,-1217,6,0308(brokerage business),3818,-213,6,0272(brokerage business),1840,-204
7,0081(brokerage business),3493,350,7,0103(brokerage business),3710,-325,7,0153(brokerage business),1755,437
8,0275(brokerage business),2397,1000,8,0139(brokerage business),2528,-115,8,0081(brokerage business),1649,-121
9,0272(brokerage business),1912,-925,9,0275(brokerage business),2398,24,9,0335(brokerage business),1601,-490
10,0069(brokerage business),1211,-824,10,0288(brokerage business),1744,29,10,0274(brokerage business),1497,446
11,0153(brokerage business),1209,286,11,0253(brokerage business),1433,-305,11,0268(brokerage business),1472,-53
12,0335(brokerage business),1070,470,12,0274(brokerage business),1287,11,12,0069(brokerage business),1302,219
13,0006(brokerage business),1058,-173,13,0006(brokerage business),1265,711,13,0137(brokerage business),1107,-45
14,0034(brokerage business),1056,433,14,0069(brokerage business),1179,-32,14,0184(brokerage business),1107,-63
15,0049(brokerage business),1018,232,15,0034(brokerage business),1124,-8,15,0009(brokerage business),1050,-12
16,0389(brokerage business),963,202,16,0082(brokerage business),1013,-85,16,0259(brokerage business),999,35
17,0103(brokerage business),950,-15,17,0178(brokerage business),953,90,17,0308(brokerage business),965,28
18,0274(brokerage business),929,390,18,0123(brokerage business),817,-46,18,0240(brokerage business),960,64
19,0311(brokerage business),884,459,19,0320(brokerage business),722,-32,19,0288(brokerage business),847,-312
20,0019(brokerage business),872,111,20,0268(brokerage business),692,-56,20,0034(brokerage business),846,-668
Total,,80653,6795,Total,,49105,-2449,Total,,43821,-1083
Ranking,Name of FF Member /OSBPs,Volume,Change from Previous Trading Day,Ranking,Name of FF Member /OSBPs,Long Position,Change from Previous Trading Day,Ranking,Name of FF Member /OSBPs,Short Position,Change from Previous Trading Day
Contract Code：pb2611,,,,,,,,,,2026-09-16,
1,0253(brokerage business),8996,2517,1,0272(brokerage business),11375,73,1,0239(brokerage business),7557,431
2,0163(brokerage business),8855,2027,2,0148(brokerage business),8441,520,2,0148(brokerage business),6331,117
3,0004(brokerage business),8442,2222,3,0004(brokerage business),6340,172,3,0004(brokerage business),5999,506
4,0148(brokerage business),7123,1097,4,0288(brokerage business),5176,-62,4,0163(brokerage business),4326,306
5,0275(brokerage business),3068,112,5,0069(brokerage business),3380,337,5,0123(brokerage business),3690,198
6,0259(brokerage business),2781,516,6,0034(brokerage business),2372,96,6,0103(brokerage business),2596,68
7,0123(brokerage business),2599,1892,7,0081(brokerage business),1904,74,7,0081(brokerage business),2565,222
8,0081(brokerage business),2190,-1874,8,0184(brokerage business),1551,0,8,0253(brokerage business),2560,346
9,0272(brokerage business),1617,395,9,0275(brokerage business),1535,140,9,0274(brokerage business),2307,439
10,0274(brokerage business),1277,322,10,0058(brokerage business),1352,770,10,0335(brokerage business),2224,-7
11,0271(brokerage business),918,481,11,0163(brokerage business),1335,-829,11,0082(brokerage business),1554,4
12,0006(brokerage business),907,-338,12,0268(brokerage business),1227,81,12,0272(brokerage business),1248,424
13,0058(brokerage business),905,576,13,0339(brokerage business),1154,0,13,0139(brokerage business),1140,5
14,0153(brokerage business),843,575,14,0049(brokerage business),1109,528,14,0308(brokerage business),1137,-84
15,0335(brokerage business),794,-151,15,0153(brokerage business),1021,605,15,0240(brokerage business),1125,113
16,0239(brokerage business),738,-376,16,0253(brokerage business),977,222,16,0268(brokerage business),1124,149
17,0103(brokerage business),737,542,17,0103(brokerage business),923,401,17,0084(brokerage business),1070,-87
18,0177(brokerage business),721,608,18,0274(brokerage business),916,428,18,0288(brokerage business),980,491
19,0288(brokerage business),683,313,19,0077(brokerage business),869,-5,19,0320(brokerage business),972,-5
20,0240(brokerage business),603,-1215,20,0239(brokerage business),853,-121,20,0315(brokerage business),928,53
Total,,54797,10241,Total,,53810,3430,Total,,51433,3689
Member/OSP Type,Total Volume,Change from Previous Trading Day,Member/OSP Type,Total Long Position,Change from Previous Trading Day,Member/OSP Type,Total Short Position,Change from Previous Trading Day,,,
Contract Code：niall,,,,,,,2026-09-16,,,,
Name of FF Member/OSBP,746999,394695,Name of FF Member/OSBP,365628,-2344,Name of FF Member/OSBP,362438,-2353,,,
Name of Non-FF Member/OSNBP,9,-1,Name of Non-FF Member/OSNBP,30,0,Name of Non-FF Member/OSNBP,3220,9,,,
Ranking,Name of FF Member /OSBPs,Volume,Change from Previous Trading Day,Ranking,Name of FF Member /OSBPs,Long Position,Change from Previous Trading Day,Ranking,Name of FF Member /OSBPs,Short Position,Change from Previous Trading Day
Contract Code：ni2610,,,,,,,,,,2026-09-16,
1,0004(brokerage business),59708,28126,1,0004(brokerage business),10990,1,1,0004(brokerage business),17604,-171
2,0163(brokerage business),44732,22273,2,0253(brokerage business),6158,409,2,0148(brokerage business),12087,-1421
3,0148(brokerage business),38703,17933,3,0163(brokerage business),5763,-931,3,0082(brokerage business),8971,-242
4,0253(brokerage business),25171,16541,4,0148(brokerage business),5365,-346,4,0253(brokerage business),4934,28
5,0123(brokerage business),17368,10478,5,0103(brokerage business),5268,-167,5,0163(brokerage business),4221,13
6,0272(brokerage business),16570,9091,6,0034(brokerage business),4633,442,6,0272(brokerage business),4209,-663
7,0081(brokerage business),13911,6708,7,0240(brokerage business),3673,-418,7,0240(brokerage business),3833,64
8,0240(brokerage business),12372,6744,8,0096(brokerage business),3614,-353,8,0139(brokerage business),3501,3
9,0275(brokerage business),11947,-380,9,0272(brokerage business),3381,-503,9,0059(brokerage business),3343,-676
10,0268(brokerage business),8769,4423,10,0275(brokerage business),3355,860,10,0161(brokerage business),2689,56
11,0034(brokerage business),7555,3143,11,0003(brokerage business),3150,201,11,0103(brokerage business),2671,10
12,0069(brokerage business),6689,3806,12,0042(brokerage business),2861,-245,12,0335(brokerage business),2443,239
13,0186(brokerage business),6213,3426,13,0081(brokerage business),2516,-54,13,0268(brokerage business),2404,113
14,0161(brokerage business),6046,3610,14,0268(brokerage business),2485,-250,14,0323(brokerage business),2232,-158
15,0298(brokerage business),5546,2630,15,0161(brokerage business),2406,614,15,0018(brokerage business),2120,-307
16,0009(brokerage business),5432,2684,16,0308(brokerage business),2251,90,16,0184(brokerage business),2020,252
17,0059(brokerage business),5389,1760,17,0049(brokerage business),2238,-155,17,0275(brokerage business),1891,-241
18,0308(brokerage business),5058,2669,18,0123(brokerage business),2178,76,18,0288(brokerage business),1636,-62
19,0323(brokerage business),4983,2942,19,0316(brokerage business),1862,20,19,0259(brokerage business),1488,-49
20,0096(brokerage business),4868,2583,20,0298(brokerage business),1822,10,20,0069(brokerage business),1435,-88
Total,,307030,151190,Total,,75969,-699,Total,,85732,-3300
Ranking,Name of FF Member /OSBPs,Volume,Change from Previous Trading Day,Ranking,Name of FF Member /OSBPs,Long Position,Change from Previous Trading Day,Ranking,Name of FF Member /OSBPs,Short Position,Change from Previous Trading Day
Contract Code：ni2611,,,,,,,,,,2026-09-16,
1,0004(brokerage business),37462,25794,1,0103(brokerage business),16668,408,1,0004(brokerage business),22648,1039
2,0148(brokerage business),28843,15747,2,0004(brokerage business),12770,-13,2,0184(brokerage business),13565,241
3,0163(brokerage business),17230,10990,3,0148(brokerage business),12459,8,3,0148(brokerage business),13290,-545
4,0253(brokerage business),13518,9650,4,0096(brokerage business),7376,102,4,0239(brokerage business),7569,291
5,0123(brokerage business),9503,6337,5,0077(brokerage business),6746,128,5,0272(brokerage business),4958,-1252
6,0275(brokerage business),9445,3448,6,0272(brokerage business),4507,74,6,0009(brokerage business),4730,9
7,0081(brokerage business),7972,4682,7,0163(brokerage business),4189,916,7,0335(brokerage business),4353,12
8,0240(brokerage business),6350,4383,8,0003(brokerage business),3637,501,8,0082(brokerage business),4302,5
9,0308(brokerage business),5468,3970,9,0253(brokerage business),3449,516,9,0163(brokerage business),3563,-680
10,0272(brokerage business),4638,-1944,10,0240(brokerage business),3271,878,10,0042(brokerage business),3065,-236
11,0069(brokerage business),3666,2729,11,0178(brokerage business),2635,196,11,0323(brokerage business),2913,405
12,0059(brokerage business),3608,1924,12,0034(brokerage business),2168,283,12,0240(brokerage business),2687,648
13,0034(brokerage business),3294,2164,13,0059(brokerage business),2081,-294,13,0123(brokerage business),2620,-100
14,0042(brokerage business),3273,1907,14,0316(brokerage business),2011,2,14,0308(brokerage business),2519,621
15,0009(brokerage business),3097,1245,15,0018(brokerage business),1919,190,15,0096(brokerage business),2467,860
16,0096(brokerage business),2676,1872,16,0069(brokerage business),1829,511,16,0275(brokerage business),2353,600
17,0259(brokerage business),2644,1865,17,0308(brokerage business),1603,-841,17,0103(brokerage business),2352,415
18,0268(brokerage business),2609,1488,18,0161(brokerage business),1475,260,18,0253(brokerage business),2330,342
19,0082(brokerage business),2113,1620,19,0268(brokerage business),1459,172,19,0059(brokerage business),2227,584
20,0103(brokerage business),2053,1401,20,0338(brokerage business),1440,185,20,0274(brokerage business),1849,950
Total,,169462,101272,Total,,93692,4182,Total,,106360,4209
Ranking,Name of FF Member /OSBPs,Volume,Change from Previous Trading Day,Ranking,Name of FF Member /OSBPs,Long Position,Change from Previous Trading Day,Ranking,Name of FF Member /OSBPs,Short Position,Change from Previous Trading Day
Contract Code：ni2612,,,,,,,,,,2026-09-16,
1,0148(brokerage business),8641,5167,1,0148(brokerage business),14620,625,1,0004(brokerage business),23265,523
2,0004(brokerage business),8002,3316,2,0103(brokerage business),7998,216,2,0148(brokerage business),6789,1876
3,0253(brokerage business),4573,2917,3,0096(brokerage business),5240,31,3,0253(brokerage business),4884,-704
4,0163(brokerage business),3691,2464,4,0004(brokerage business),2791,451,4,0272(brokerage business),4679,-99
5,0081(brokerage business),3340,1681,5,0272(brokerage business),2481,64,5,0042(brokerage business),2924,739
6,0275(brokerage business),1833,513,6,0268(brokerage business),2393,-90,6,0003(brokerage business),2616,788
7,0123(brokerage business),1685,1181,7,0316(brokerage business),2253,13,7,0123(brokerage business),2612,29
8,0059(brokerage business),1563,700,8,0163(brokerage business),2036,538,8,0139(brokerage business),2189,-70
9,0042(brokerage business),1306,1099,9,0003(brokerage business),1932,81,9,0009(brokerage business),2039,202
10,0272(brokerage business),1149,944,10,0178(brokerage business),1918,169,10,0022(brokerage business),1432,140
11,0240(brokerage business),1026,644,11,0253(brokerage business),1076,-63,11,0240(brokerage business),1360,18
12,0308(brokerage business),995,362,12,0034(brokerage business),1018,198,12,0043(brokerage business),809,8
13,0003(brokerage business),965,506,13,0308(brokerage business),988,92,13,0007(brokerage business),781,4
14,0018(brokerage business),823,518,14,0240(brokerage business),881,54,14,0077(brokerage business),766,98
15,0034(brokerage business),767,556,15,0311(brokerage business),876,1,15,0058(brokerage business),659,118
16,0077(brokerage business),696,412,16,0042(brokerage business),850,249,16,0153(brokerage business),618,9
17,0103(brokerage business),680,460,17,0018(brokerage business),806,-2,17,0163(brokerage business),605,13
18,0069(brokerage business),634,396,18,0263(brokerage business),772,14,18,0184(brokerage business),584,435
19,0096(brokerage business),633,238,19,0298(brokerage business),760,138,19,0103(brokerage business),551,82
20,0058(brokerage business),616,432,20,0059(brokerage business),699,38,20,0323(brokerage business),491,243
Total,,43618,24506,Total,,52388,2817,Total,,60653,4452
Ranking,Name of FF Member /OSBPs,Volume,Change from Previous Trading Day,Ranking,Name of FF Member /OSBPs,Long Position,Change from Previous Trading Day,Ranking,Name of FF Member /OSBPs,Short Position,Change from Previous Trading Day
Contract Code：ni2701,,,,,,,,,,2026-09-16,
1,0004(brokerage business),4058,2725,1,0096(brokerage business),4200,60,1,0148(brokerage business),5777,1107
2,0148(brokerage business),3790,2921,2,0103(brokerage business),2905,247,2,0272(brokerage business),4426,198
3,0163(brokerage business),3534,1996,3,0148(brokerage business),1612,-353,3,0253(brokerage business),3970,381
4,0275(brokerage business),2965,1415,4,0004(brokerage business),1225,94,4,0004(brokerage business),3345,130
5,0081(brokerage business),1822,900,5,0163(brokerage business),1087,82,5,0042(brokerage business),2364,-2
6,0069(brokerage business),1213,1158,6,0240(brokerage business),914,8,6,0240(brokerage business),1957,-12
7,0123(brokerage business),1126,877,7,0253(brokerage business),729,40,7,0311(brokerage business),1131,-39
8,0253(brokerage business),949,519,8,0025(brokerage business),727,59,8,0022(brokerage business),711,0
9,0059(brokerage business),644,-82,9,0123(brokerage business),633,62,9,0320(brokerage business),638,-268
10,0272(brokerage business),630,471,10,0069(brokerage business),570,21,10,0103(brokerage business),616,-3
11,0096(brokerage business),572,491,11,0272(brokerage business),527,38,11,0163(brokerage business),449,16
12,0308(brokerage business),560,482,12,0169(brokerage business),521,-4,12,0288(brokerage business),417,-2
13,0103(brokerage business),514,412,13,0178(brokerage business),493,107,13,0058(brokerage business),385,-1
14,0339(brokerage business),415,400,14,0003(brokerage business),463,110,14,0268(brokerage business),378,10
15,0268(brokerage business),392,287,15,0038(brokerage business),459,121,15,0331(brokerage business),121,0
16,0319(brokerage business),366,269,16,0298(brokerage business),445,161,16,0019(brokerage business),114,2
17,0320(brokerage business),349,295,17,0323(brokerage business),402,6,17,0096(brokerage business),96,-6
18,0240(brokerage business),338,213,18,0268(brokerage business),364,6,18,0275(brokerage business),72,-25
19,0077(brokerage business),326,172,19,0257(brokerage business),354,48,19,0151(brokerage business),63,-6
20,0298(brokerage business),299,221,20,0125(brokerage business),328,4,20,0043(brokerage business),51,25
Total,,24862,16142,Total,,18958,917,Total,,27081,1505
Member/OSP Type,Total Volume,Change from Previous Trading Day,Member/OSP Type,Total Long Position,Change from Previous Trading Day,Member/OSP Type,Total Short Position,Change from Previous Trading Day,,,
Contract Code：snall,,,,,,,2026-09-16,,,,
Name of FF Member/OSBP,365872,59322,Name of FF Member/OSBP,71823,-4096,Name of FF Member/OSBP,71823,-4096,,,
Name of Non-FF Member/OSNBP,0,0,Name of Non-FF Member/OSNBP,0,0,Name of Non-FF Member/OSNBP,0,0,,,
Ranking,Name of FF Member /OSBPs,Volume,Change from Previous Trading Day,Ranking,Name of FF Member /OSBPs,Long Position,Change from Previous Trading Day,Ranking,Name of FF Member /OSBPs,Short Position,Change from Previous Trading Day
Contract Code：sn2610,,,,,,,,,,2026-09-16,
1,0004(brokerage business),41255,5767,1,0004(brokerage business),3004,-7,1,0004(brokerage business),4182,-358
2,0148(brokerage business),28187,4101,2,0148(brokerage business),2593,63,2,0148(brokerage business),3201,-256
3,0163(brokerage business),18674,2667,3,0268(brokerage business),2291,-174,3,0240(brokerage business),2070,-300
4,0275(brokerage business),11672,1685,4,0163(brokerage business),1949,-39,4,0163(brokerage business),2051,113
5,0253(brokerage business),9699,2348,5,0240(brokerage business),1344,-55,5,0272(brokerage business),1398,13
6,0240(brokerage business),9227,1235,6,0034(brokerage business),953,-179,6,0103(brokerage business),1045,-131
7,0081(brokerage business),7127,-194,7,0272(brokerage business),921,-145,7,0034(brokerage business),896,-171
8,0272(brokerage business),6596,718,8,0049(brokerage business),836,-172,8,0018(brokerage business),862,-12
9,0298(brokerage business),5143,210,9,0059(brokerage business),810,-103,9,0253(brokerage business),816,-5
10,0268(brokerage business),5067,536,10,0096(brokerage business),792,-222,10,0323(brokerage business),774,11
11,0034(brokerage business),4472,92,11,0007(brokerage business),769,-144,11,0153(brokerage business),718,24
12,0059(brokerage business),4013,190,12,0275(brokerage business),767,-145,12,0042(brokerage business),714,-79
13,0186(brokerage business),3984,86,13,0082(brokerage business),665,-276,13,0335(brokerage business),670,-191
14,0259(brokerage business),3907,-1200,14,0123(brokerage business),558,-72,14,0096(brokerage business),558,10
15,0308(brokerage business),3418,-496,15,0042(brokerage business),483,21,15,0161(brokerage business),514,-35
16,0103(brokerage business),2772,-403,16,0288(brokerage business),464,-82,16,0139(brokerage business),505,-164
17,0123(brokerage business),2580,797,17,0077(brokerage business),454,-47,17,0048(brokerage business),434,-19
18,0323(brokerage business),2572,306,18,0103(brokerage business),434,73,18,0003(brokerage business),426,-7
19,0007(brokerage business),2557,888,19,0252(brokerage business),432,-6,19,0082(brokerage business),420,-79
20,0151(brokerage business),2369,505,20,0081(brokerage business),430,-6,20,0007(brokerage business),415,-3
Total,,175291,19838,Total,,20949,-1717,Total,,22669,-1639
Ranking,Name of FF Member /OSBPs,Volume,Change from Previous Trading Day,Ranking,Name of FF Member /OSBPs,Long Position,Change from Previous Trading Day,Ranking,Name of FF Member /OSBPs,Short Position,Change from Previous Trading Day
Contract Code：sn2611,,,,,,,,,,2026-09-16,
1,0004(brokerage business),14136,3945,1,0004(brokerage business),2473,46,1,0004(brokerage business),2084,-156
2,0148(brokerage business),10550,-598,2,0148(brokerage business),2019,-158,2,0148(brokerage business),2073,42
3,0163(brokerage business),8575,2971,3,0272(brokerage business),1064,-58,3,0272(brokerage business),1886,-29
4,0275(brokerage business),6983,1280,4,0163(brokerage business),1006,-264,4,0323(brokerage business),1444,-20
5,0253(brokerage business),5417,1824,5,0084(brokerage business),984,-58,5,0163(brokerage business),1240,27
6,0240(brokerage business),2704,655,6,0096(brokerage business),943,170,6,0042(brokerage business),1028,-12
7,0081(brokerage business),2520,-114,7,0268(brokerage business),895,-21,7,0007(brokerage business),843,9
8,0059(brokerage business),2279,239,8,0034(brokerage business),836,95,8,0096(brokerage business),686,131
9,0272(brokerage business),2213,656,9,0049(brokerage business),728,-8,9,0240(brokerage business),555,110
10,0123(brokerage business),1744,166,10,0059(brokerage business),679,174,10,0178(brokerage business),549,24
11,0259(brokerage business),1532,768,11,0123(brokerage business),623,-98,11,0139(brokerage business),503,97
12,0298(brokerage business),1288,677,12,0253(brokerage business),485,40,12,0077(brokerage business),488,-121
13,0096(brokerage business),1197,8,13,0052(brokerage business),423,1,13,0335(brokerage business),451,-128
14,0268(brokerage business),944,150,14,0103(brokerage business),385,4,14,0003(brokerage business),399,16
15,0007(brokerage business),926,90,15,0274(brokerage business),367,13,15,0268(brokerage business),397,19
16,0308(brokerage business),905,185,16,0240(brokerage business),361,-156,16,0103(brokerage business),354,-4
17,0034(brokerage business),838,-740,17,0082(brokerage business),336,-3,17,0239(brokerage business),339,-59
18,0186(brokerage business),824,238,18,0315(brokerage business),321,5,18,0253(brokerage business),326,-7
19,0043(brokerage business),814,280,19,0009(brokerage business),308,-8,19,0274(brokerage business),317,-46
20,0137(brokerage business),780,259,20,0153(brokerage business),292,37,20,0059(brokerage business),316,-67
Total,,67169,12939,Total,,15528,-247,Total,,16278,-174
Ranking,Name of FF Member /OSBPs,Volume,Change from Previous Trading Day,Ranking,Name of FF Member /OSBPs,Long Position,Change from Previous Trading Day,Ranking,Name of FF Member /OSBPs,Short Position,Change from Previous Trading Day
Contract Code：sn2612,,,,,,,,,,2026-09-16,
1,0148(brokerage business),3526,419,1,0004(brokerage business),1996,66,1,0240(brokerage business),1301,33
2,0004(brokerage business),3228,712,2,0148(brokerage business),1061,164,2,0148(brokerage business),1202,34
3,0275(brokerage business),2949,331,3,0096(brokerage business),911,-32,3,0004(brokerage business),1077,118
4,0253(brokerage business),2109,849,4,0268(brokerage business),813,-16,4,0163(brokerage business),979,110
5,0163(brokerage business),1902,538,5,0272(brokerage business),628,52,5,0272(brokerage business),851,4
6,0059(brokerage business),1332,244,6,0049(brokerage business),560,14,6,0007(brokerage business),677,40
7,0123(brokerage business),974,85,7,0163(brokerage business),399,130,7,0034(brokerage business),579,98
8,0096(brokerage business),656,11,8,0288(brokerage business),314,8,8,0077(brokerage business),529,1
9,0240(brokerage business),641,277,9,0009(brokerage business),310,0,9,0315(brokerage business),334,8
10,0007(brokerage business),626,297,10,0016(brokerage business),305,5,10,0096(brokerage business),240,32
11,0034(brokerage business),607,221,11,0240(brokerage business),299,16,11,0295(brokerage business),167,142
12,0157(brokerage business),490,486,12,0019(brokerage business),222,-1,12,0009(brokerage business),129,-7
13,0081(brokerage business),483,251,13,0034(brokerage business),194,9,13,0320(brokerage business),122,-2
14,0259(brokerage business),443,319,14,0123(brokerage business),164,71,14,0067(brokerage business),119,86
15,0151(brokerage business),398,364,15,0252(brokerage business),151,0,15,0239(brokerage business),116,0
16,0272(brokerage business),392,122,16,0253(brokerage business),146,84,16,0268(brokerage business),87,3
17,0342(brokerage business),381,130,17,0052(brokerage business),91,-1,17,0288(brokerage business),84,1
18,0271(brokerage business),374,166,18,0007(brokerage business),74,20,18,0253(brokerage business),78,-29
19,0103(brokerage business),361,17,19,0136(brokerage business),74,-3,19,0141(brokerage business),76,-22
20,0137(brokerage business),318,120,20,0157(brokerage business),72,-53,20,0045(brokerage business),65,-11
Total,,22190,5959,Total,,8784,533,Total,,8812,639
Member/OSP Type,Total Volume,Change from Previous Trading Day,Member/OSP Type,Total Long Position,Change from Previous Trading Day,Member/OSP Type,Total Short Position,Change from Previous Trading Day,,,
Contract Code：aoall,,,,,,,2026-09-16,,,,
Name of FF Member/OSBP,266622,-53648,Name of FF Member/OSBP,467855,-4236,Name of FF Member/OSBP,465555,-3786,,,
Name of Non-FF Member/OSNBP,0,0,Name of Non-FF Member/OSNBP,0,0,Name of Non-FF Member/OSNBP,2300,-450,,,
Ranking,Name of FF Member /OSBPs,Volume,Change from Previous Trading Day,Ranking,Name of FF Member /OSBPs,Long Position,Change from Previous Trading Day,Ranking,Name of FF Member /OSBPs,Short Position,Change from Previous Trading Day
Contract Code：ao2610,,,,,,,,,,2026-09-16,
1,0163(brokerage business),3445,-2122,1,0096(brokerage business),2710,-129,1,0148(brokerage business),7806,-90
2,0004(brokerage business),2162,-390,2,0004(brokerage business),2434,-50,2,0004(brokerage business),4235,-292
3,0148(brokerage business),1158,-1243,3,0082(brokerage business),2150,-469,3,0163(brokerage business),2085,-362
4,0275(brokerage business),1081,-585,4,0148(brokerage business),1723,38,4,0103(brokerage business),1926,1
5,0029(brokerage business),900,-156,5,0253(brokerage business),1703,28,5,0029(brokerage business),1617,113
6,0081(brokerage business),863,123,6,0163(brokerage business),1659,113,6,0323(brokerage business),1562,-87
7,0253(brokerage business),757,-226,7,0298(brokerage business),1309,-107,7,0019(brokerage business),1107,-219
8,0082(brokerage business),684,480,8,0003(brokerage business),1145,-1,8,0139(brokerage business),1077,10
9,0069(brokerage business),596,-265,9,0327(brokerage business),1030,-7,9,0003(brokerage business),1065,70
10,0123(brokerage business),568,119,10,0034(brokerage business),1011,6,10,0268(brokerage business),1014,-2
11,0240(brokerage business),458,146,11,0323(brokerage business),977,-6,11,0253(brokerage business),992,181
12,0272(brokerage business),453,27,12,0018(brokerage business),960,-13,12,0059(brokerage business),954,-6
13,0323(brokerage business),381,275,13,0272(brokerage business),948,-82,13,0274(brokerage business),809,-7
14,0095(brokerage business),354,-4,14,0161(brokerage business),916,17,14,0136(brokerage business),777,-13
15,0298(brokerage business),347,-183,15,0029(brokerage business),903,-3,15,0151(brokerage business),770,-73
16,0268(brokerage business),325,-263,16,0240(brokerage business),896,184,16,0272(brokerage business),738,-31
17,0077(brokerage business),310,95,17,0275(brokerage business),876,-79,17,0259(brokerage business),577,8
18,0034(brokerage business),292,81,18,0288(brokerage business),801,-54,18,0081(brokerage business),575,-28
19,0019(brokerage business),291,178,19,0103(brokerage business),774,-40,19,0275(brokerage business),551,48
20,0288(brokerage business),269,-46,20,0007(brokerage business),735,0,20,0349(brokerage business),547,32
Total,,15694,-3959,Total,,25660,-654,Total,,30784,-747
Ranking,Name of FF Member /OSBPs,Volume,Change from Previous Trading Day,Ranking,Name of FF Member /OSBPs,Long Position,Change from Previous Trading Day,Ranking,Name of FF Member /OSBPs,Short Position,Change from Previous Trading Day
Contract Code：ao2611,,,,,,,,,,2026-09-16,
1,0163(brokerage business),3825,-1949,1,0272(brokerage business),13896,-270,1,0151(brokerage business),8758,-188
2,0004(brokerage business),2809,-770,2,0323(brokerage business),12041,-17,2,0323(brokerage business),8506,0
3,0148(brokerage business),2112,-1234,3,0082(brokerage business),10655,-4,3,0148(brokerage business),7861,-9
4,0253(brokerage business),2059,717,4,0151(brokerage business),8156,-145,4,0004(brokerage business),7621,-684
5,0240(brokerage business),1418,-1167,5,0004(brokerage business),7044,71,5,0163(brokerage business),6401,82
6,0178(brokerage business),1026,-988,6,0253(brokerage business),6851,6,6,0240(brokerage business),6276,-155
7,0275(brokerage business),975,519,7,0240(brokerage business),5758,-41,7,0253(brokerage business),4515,-49
8,0161(brokerage business),860,-622,8,0178(brokerage business),4500,-27,8,0178(brokerage business),4388,-1
9,0059(brokerage business),847,-212,9,0161(brokerage business),3772,-241,9,0161(brokerage business),3847,-269
10,0103(brokerage business),818,706,10,0077(brokerage business),3702,-5,10,0103(brokerage business),3708,-486
11,0268(brokerage business),752,363,11,0148(brokerage business),3281,25,11,0019(brokerage business),2980,-195
12,0151(brokerage business),747,-509,12,0163(brokerage business),3281,-1,12,0268(brokerage business),2813,-332
13,0058(brokerage business),529,225,13,0048(brokerage business),1809,-132,13,0274(brokerage business),2769,-8
14,0009(brokerage business),459,-53,14,0308(brokerage business),1572,1,14,0058(brokerage business),2635,278
15,0029(brokerage business),459,-261,15,0034(brokerage business),1509,-6,15,0335(brokerage business),2559,-127
16,0272(brokerage business),459,42,16,0009(brokerage business),1303,-137,16,0082(brokerage business),2442,111
17,0081(brokerage business),436,-2139,17,0268(brokerage business),1156,-242,17,0048(brokerage business),1843,-135
18,0349(brokerage business),435,353,18,0103(brokerage business),1054,-74,18,0288(brokerage business),1835,-107
19,0123(brokerage business),383,-616,19,0029(brokerage business),786,-98,19,0275(brokerage business),1302,-238
20,0271(brokerage business),280,251,20,0244(brokerage business),635,0,20,0081(brokerage business),1220,-2
Total,,21688,-7344,Total,,92761,-1337,Total,,84279,-2514
Ranking,Name of FF Member /OSBPs,Volume,Change from Previous Trading Day,Ranking,Name of FF Member /OSBPs,Long Position,Change from Previous Trading Day,Ranking,Name of FF Member /OSBPs,Short Position,Change from Previous Trading Day
Contract Code：ao2612,,,,,,,,,,2026-09-16,
1,0253(brokerage business),969,672,1,0323(brokerage business),8010,-1,1,0323(brokerage business),8204,-19
2,0268(brokerage business),895,631,2,0151(brokerage business),6345,-6,2,0151(brokerage business),6358,-18
3,0163(brokerage business),782,-672,3,0240(brokerage business),5009,2,3,0240(brokerage business),5223,-145
4,0161(brokerage business),527,66,4,0178(brokerage business),4530,20,4,0161(brokerage business),4552,-15
5,0178(brokerage business),474,-82,5,0161(brokerage business),4522,-20,5,0178(brokerage business),4552,24
6,0103(brokerage business),372,322,6,0268(brokerage business),4175,-13,6,0004(brokerage business),4124,-51
7,0151(brokerage business),350,-131,7,0272(brokerage business),4069,189,7,0268(brokerage business),4008,-8
8,0004(brokerage business),341,205,8,0163(brokerage business),3800,-52,8,0163(brokerage business),3580,-14
9,0148(brokerage business),326,121,9,0004(brokerage business),3453,32,9,0253(brokerage business),2948,-47
10,0272(brokerage business),322,237,10,0253(brokerage business),2601,0,10,0103(brokerage business),2505,283
11,0240(brokerage business),289,159,11,0059(brokerage business),2026,48,11,0059(brokerage business),2022,48
12,0153(brokerage business),273,262,12,0082(brokerage business),1756,1,12,0009(brokerage business),1866,48
13,0123(brokerage business),258,83,13,0034(brokerage business),1657,4,13,0335(brokerage business),1861,27
14,0288(brokerage business),239,152,14,0048(brokerage business),1526,-49,14,0048(brokerage business),1643,-45
15,0335(brokerage business),195,156,15,0139(brokerage business),1356,0,15,0148(brokerage business),950,-48
16,0081(brokerage business),179,-268,16,0288(brokerage business),1273,-126,16,0272(brokerage business),843,-73
17,0059(brokerage business),158,0,17,0095(brokerage business),571,0,17,0123(brokerage business),810,-1
18,0003(brokerage business),155,155,18,0148(brokerage business),411,18,18,0288(brokerage business),450,-39
19,0009(brokerage business),151,84,19,0009(brokerage business),356,-27,19,0003(brokerage business),438,155
20,0029(brokerage business),138,119,20,0349(brokerage business),252,0,20,0082(brokerage business),307,0
Total,,7393,2271,Total,,57698,20,Total,,57244,62
Ranking,Name of FF Member /OSBPs,Volume,Change from Previous Trading Day,Ranking,Name of FF Member /OSBPs,Long Position,Change from Previous Trading Day,Ranking,Name of FF Member /OSBPs,Short Position,Change from Previous Trading Day
Contract Code：ao2701,,,,,,,,,,2026-09-16,
1,0004(brokerage business),36521,-15525,1,0004(brokerage business),18503,842,1,0148(brokerage business),28984,-29
2,0163(brokerage business),25248,-3352,2,0148(brokerage business),16525,-235,2,0004(brokerage business),26492,-281
3,0148(brokerage business),18888,61,3,0034(brokerage business),14403,106,3,0103(brokerage business),18593,661
4,0253(brokerage business),10396,465,4,0082(brokerage business),11159,505,4,0335(brokerage business),13126,604
5,0275(brokerage business),5705,-549,5,0163(brokerage business),9693,-870,5,0253(brokerage business),10654,250
6,0272(brokerage business),5346,-2167,6,0077(brokerage business),6877,-36,6,0163(brokerage business),10239,1042
7,0059(brokerage business),5330,1417,7,0288(brokerage business),6754,186,7,0272(brokerage business),8052,228
8,0268(brokerage business),4779,1215,8,0272(brokerage business),6216,-408,8,0082(brokerage business),5454,82
9,0240(brokerage business),4258,-153,9,0323(brokerage business),6001,113,9,0059(brokerage business),5136,-278
10,0186(brokerage business),3975,218,10,0123(brokerage business),5614,13,10,0268(brokerage business),4429,-57
11,0298(brokerage business),3767,-820,11,0103(brokerage business),5546,-417,11,0034(brokerage business),4337,255
12,0081(brokerage business),3739,850,12,0253(brokerage business),5499,336,12,0240(brokerage business),4127,-6
13,0103(brokerage business),3118,-740,13,0116(brokerage business),4671,-10,13,0288(brokerage business),4080,-410
14,0034(brokerage business),2869,331,14,0052(brokerage business),4183,10,14,0058(brokerage business),3355,-283
15,0288(brokerage business),2328,-998,15,0268(brokerage business),4048,382,15,0274(brokerage business),2853,-5
16,0137(brokerage business),2324,752,16,0298(brokerage business),3720,-95,16,0123(brokerage business),2848,-29
17,0259(brokerage business),2312,149,17,0003(brokerage business),3700,14,17,0018(brokerage business),2718,149
18,0151(brokerage business),2105,216,18,0275(brokerage business),3504,-35,18,0151(brokerage business),2672,28
19,0335(brokerage business),2002,-734,19,0009(brokerage business),3228,112,19,0007(brokerage business),2646,15
20,0019(brokerage business),1967,519,20,0139(brokerage business),3127,193,20,0308(brokerage business),2581,45
Total,,146977,-18845,Total,,142971,706,Total,,163376,1981
Member/OSP Type,Total Volume,Change from Previous Trading Day,Member/OSP Type,Total Long Position,Change from Previous Trading Day,Member/OSP Type,Total Short Position,Change from Previous Trading Day,,,
Contract Code：adall,,,,,,,2026-09-16,,,,
Name of FF Member/OSBP,24742,5468,Name of FF Member/OSBP,24609,1201,Name of FF Member/OSBP,24609,1201,,,
Name of Non-FF Member/OSNBP,0,0,Name of Non-FF Member/OSNBP,0,0,Name of Non-FF Member/OSNBP,0,0,,,
Ranking,Name of FF Member /OSBPs,Volume,Change from Previous Trading Day,Ranking,Name of FF Member /OSBPs,Long Position,Change from Previous Trading Day,Ranking,Name of FF Member /OSBPs,Short Position,Change from Previous Trading Day
Contract Code：ad2610,,,,,,,,,,2026-09-16,
1,0004(brokerage business),291,112,1,0253(brokerage business),407,-6,1,0123(brokerage business),454,-2
2,0137(brokerage business),123,-348,2,0123(brokerage business),338,-4,2,0275(brokerage business),378,-2
3,0163(brokerage business),100,-112,3,0323(brokerage business),300,0,3,0139(brokerage business),346,-12
4,0275(brokerage business),90,-47,4,0139(brokerage business),299,-10,4,0323(brokerage business),318,0
5,0268(brokerage business),55,28,5,0009(brokerage business),292,0,5,0253(brokerage business),306,-1
6,0148(brokerage business),52,-26,6,0008(brokerage business),287,6,6,0048(brokerage business),304,0
7,0253(brokerage business),47,-129,7,0257(brokerage business),287,-7,7,0009(brokerage business),292,0
8,0096(brokerage business),40,-82,8,0048(brokerage business),284,-1,8,0257(brokerage business),292,-2
9,0123(brokerage business),40,-63,9,0275(brokerage business),284,2,9,0008(brokerage business),287,6
10,0009(brokerage business),32,-64,10,0034(brokerage business),256,0,10,0096(brokerage business),247,5
11,0139(brokerage business),32,-70,11,0096(brokerage business),241,5,11,0137(brokerage business),243,-6
12,0059(brokerage business),24,2,12,0137(brokerage business),240,-9,12,0004(brokerage business),154,-105
13,0272(brokerage business),22,18,13,0004(brokerage business),223,-100,13,0272(brokerage business),102,4
14,0257(brokerage business),21,-51,14,0148(brokerage business),143,2,14,0163(brokerage business),97,-5
15,0299(brokerage business),21,13,15,0272(brokerage business),113,18,15,0349(brokerage business),74,-2
16,0058(brokerage business),18,-6,16,0320(brokerage business),50,12,16,0103(brokerage business),72,3
17,0008(brokerage business),16,-88,17,0163(brokerage business),40,-15,17,0335(brokerage business),48,0
18,0069(brokerage business),12,0,18,0268(brokerage business),35,-10,18,0148(brokerage business),47,-2
19,0171(brokerage business),12,-15,19,0277(brokerage business),24,0,19,0268(brokerage business),45,13
20,0320(brokerage business),12,-15,20,0059(brokerage business),19,1,20,0107(brokerage business),30,6
Total,,1060,-943,Total,,4162,-116,Total,,4136,-102
Ranking,Name of FF Member /OSBPs,Volume,Change from Previous Trading Day,Ranking,Name of FF Member /OSBPs,Long Position,Change from Previous Trading Day,Ranking,Name of FF Member /OSBPs,Short Position,Change from Previous Trading Day
Contract Code：ad2611,,,,,,,,,,2026-09-16,
1,0163(brokerage business),2071,433,1,0123(brokerage business),1910,91,1,0323(brokerage business),1809,87
2,0004(brokerage business),1551,550,2,0323(brokerage business),1875,103,2,0139(brokerage business),1674,-1
3,0081(brokerage business),1408,303,3,0253(brokerage business),1429,39,3,0123(brokerage business),1515,83
4,0253(brokerage business),1355,384,4,0139(brokerage business),1393,-1,4,0272(brokerage business),1502,612
5,0139(brokerage business),1072,634,5,0257(brokerage business),1198,5,5,0253(brokerage business),1352,50
6,0008(brokerage business),954,84,6,0009(brokerage business),1190,66,6,0257(brokerage business),1194,-2
7,0275(brokerage business),860,217,7,0096(brokerage business),1179,154,7,0009(brokerage business),1191,65
8,0123(brokerage business),844,443,8,0148(brokerage business),1146,40,8,0004(brokerage business),1186,59
9,0137(brokerage business),798,749,9,0048(brokerage business),1057,2,9,0096(brokerage business),1186,153
10,0272(brokerage business),763,518,10,0137(brokerage business),1015,-4,10,0048(brokerage business),1051,0
11,0257(brokerage business),715,-86,11,0163(brokerage business),987,61,11,0137(brokerage business),1014,-6
12,0096(brokerage business),697,205,12,0275(brokerage business),912,3,12,0008(brokerage business),896,-3
13,0048(brokerage business),588,63,13,0008(brokerage business),896,-3,13,0275(brokerage business),889,5
14,0148(brokerage business),498,188,14,0004(brokerage business),468,90,14,0268(brokerage business),599,77
15,0069(brokerage business),395,370,15,0034(brokerage business),398,15,15,0148(brokerage business),496,86
16,0277(brokerage business),327,327,16,0069(brokerage business),362,288,16,0067(brokerage business),302,-14
17,0107(brokerage business),224,168,17,0277(brokerage business),333,327,17,0107(brokerage business),255,210
18,0103(brokerage business),203,154,18,0082(brokerage business),147,36,18,0103(brokerage business),230,81
19,0323(brokerage business),200,-156,19,0320(brokerage business),134,134,19,0163(brokerage business),207,68
20,0268(brokerage business),194,153,20,0288(brokerage business),116,37,20,0018(brokerage business),166,1
Total,,15717,5701,Total,,18145,1483,Total,,18714,1611
Member/OSP Type,Total Volume,Change from Previous Trading Day,Member/OSP Type,Total Long Position,Change from Previous Trading Day,Member/OSP Type,Total Short Position,Change from Previous Trading Day,,,
Contract Code：auall,,,,,,,2026-09-16,,,,
Name of FF Member/OSBP,625032,-32535,Name of FF Member/OSBP,332451,8258,Name of FF Member/OSBP,75084,2037,,,
Name of Non-FF Member/OSNBP,38796,9167,Name of Non-FF Member/OSNBP,94446,-464,Name of Non-FF Member/OSNBP,351813,5757,,,
Ranking,Name of FF Member /OSBPs,Volume,Change from Previous Trading Day,Ranking,Name of FF Member /OSBPs,Long Position,Change from Previous Trading Day,Ranking,Name of FF Member /OSBPs,Short Position,Change from Previous Trading Day
Contract Code：au2610,,,,,,,,,,2026-09-16,
1,0004(brokerage business),75282,-10550,1,0004(brokerage business),12901,-1603,1,0004(brokerage business),8437,-405
2,0148(brokerage business),47450,-2516,2,0148(brokerage business),9210,229,2,0240(brokerage business),2062,-51
3,0163(brokerage business),35444,-3512,3,0163(brokerage business),6504,411,3,0163(brokerage business),1994,-44
4,0272(brokerage business),24746,-1012,4,0272(brokerage business),6183,80,4,0306(brokerage business),1577,0
5,0308(brokerage business),21960,-1204,5,0253(brokerage business),4642,158,5,0148(brokerage business),1545,9
6,0253(brokerage business),20899,1712,6,0034(brokerage business),4264,-122,6,0272(brokerage business),1258,-122
7,0275(brokerage business),12878,-2396,7,0082(brokerage business),3821,-562,7,0049(brokerage business),852,-34
8,0096(brokerage business),11118,243,8,0103(brokerage business),3547,477,8,0253(brokerage business),850,-330
9,0161(brokerage business),8901,-1721,9,0240(brokerage business),2950,-24,9,0009(brokerage business),791,-117
10,0268(brokerage business),8505,1365,10,0169(brokerage business),2912,-112,10,0268(brokerage business),751,-142
11,0240(brokerage business),7899,-1674,11,0268(brokerage business),2829,-105,11,0034(brokerage business),614,57
12,0123(brokerage business),7766,547,12,0288(brokerage business),2777,-869,12,0095(brokerage business),515,389
13,0372(brokerage business),7204,-1382,13,0275(brokerage business),2635,207,13,0137(brokerage business),513,-267
14,0077(brokerage business),6350,-716,14,0161(brokerage business),2463,392,14,0042(brokerage business),478,-45
15,0009(brokerage business),5804,-236,15,0042(brokerage business),2281,-130,15,0096(brokerage business),471,-313
16,0034(brokerage business),5569,-2496,16,0323(brokerage business),1752,15,16,0372(brokerage business),471,37
17,0081(brokerage business),5509,-820,17,0274(brokerage business),1698,-206,17,0001(brokerage business),464,44
18,0298(brokerage business),5402,-41,18,0001(brokerage business),1579,49,18,0059(brokerage business),366,-57
19,0274(brokerage business),5246,-1000,19,0096(brokerage business),1462,-275,19,0003(brokerage business),330,32
20,0288(brokerage business),4496,-767,20,0308(brokerage business),1461,-161,20,0023(brokerage business),326,20
Total,,328428,-28176,Total,,77871,-2151,Total,,24665,-1339
Ranking,Name of FF Member /OSBPs,Volume,Change from Previous Trading Day,Ranking,Name of FF Member /OSBPs,Long Position,Change from Previous Trading Day,Ranking,Name of FF Member /OSBPs,Short Position,Change from Previous Trading Day
Contract Code：au2612,,,,,,,,,,2026-09-16,
1,0004(brokerage business),26793,2413,1,0004(brokerage business),28971,2157,1,0148(brokerage business),3825,101
2,0148(brokerage business),17213,748,2,0148(brokerage business),18201,1414,2,0004(brokerage business),2721,430
3,0272(brokerage business),16220,-278,3,0163(brokerage business),8709,46,3,0268(brokerage business),1976,183
4,0253(brokerage business),9934,807,4,0067(brokerage business),7467,369,4,0025(brokerage business),1799,0
5,0163(brokerage business),9134,-1611,5,0272(brokerage business),5514,291,5,0001(brokerage business),1613,63
6,0308(brokerage business),6310,412,6,0103(brokerage business),5300,-32,6,0049(brokerage business),1596,137
7,0009(brokerage business),5620,-131,7,0253(brokerage business),3990,-413,7,0082(brokerage business),1536,59
8,0096(brokerage business),4467,-530,8,0288(brokerage business),3524,106,8,0272(brokerage business),1101,273
9,0306(brokerage business),4236,3514,9,0240(brokerage business),3374,189,9,0253(brokerage business),1023,435
10,0161(brokerage business),4091,-1206,10,0268(brokerage business),3128,194,10,0096(brokerage business),1022,384
11,0274(brokerage business),3956,-270,11,0003(brokerage business),2566,42,11,0288(brokerage business),1008,234
12,0001(brokerage business),2550,1393,12,0042(brokerage business),2476,74,12,0052(brokerage business),970,-20
13,0240(brokerage business),2474,-1667,13,0082(brokerage business),2441,38,13,0009(brokerage business),877,121
14,0103(brokerage business),2328,-603,14,0123(brokerage business),2351,49,14,0137(brokerage business),808,269
15,0268(brokerage business),2216,48,15,0034(brokerage business),2268,92,15,0089(brokerage business),802,-78
16,0275(brokerage business),2099,-139,16,0069(brokerage business),2140,55,16,0034(brokerage business),748,65
17,0081(brokerage business),2094,-176,17,0239(brokerage business),2134,171,17,0059(brokerage business),621,72
18,0311(brokerage business),2025,362,18,0169(brokerage business),1982,100,18,0007(brokerage business),493,8
19,0019(brokerage business),1919,-6,19,0323(brokerage business),1725,-234,19,0042(brokerage business),480,-1
20,0123(brokerage business),1846,403,20,0349(brokerage business),1723,6,20,0161(brokerage business),479,201
Total,,127525,3483,Total,,109984,4714,Total,,25498,2936
Ranking,Name of FF Member /OSBPs,Volume,Change from Previous Trading Day,Ranking,Name of FF Member /OSBPs,Long Position,Change from Previous Trading Day,Ranking,Name of FF Member /OSBPs,Short Position,Change from Previous Trading Day
Contract Code：au2702,,,,,,,,,,2026-09-16,
1,0004(brokerage business),6422,2515,1,0148(brokerage business),4072,505,1,0323(brokerage business),1034,7
2,0148(brokerage business),6230,1725,2,0067(brokerage business),2933,1,2,0025(brokerage business),620,50
3,0308(brokerage business),4504,2254,3,0272(brokerage business),2802,72,3,0004(brokerage business),412,-83
4,0161(brokerage business),3294,-309,4,0004(brokerage business),2752,233,4,0169(brokerage business),237,3
5,0272(brokerage business),3236,-230,5,0288(brokerage business),1749,773,5,0335(brokerage business),145,26
6,0253(brokerage business),2836,947,6,0323(brokerage business),1170,1,6,0009(brokerage business),135,10
7,0096(brokerage business),2370,566,7,0163(brokerage business),1045,55,7,0148(brokerage business),133,25
8,0163(brokerage business),2010,352,8,0335(brokerage business),981,940,8,0042(brokerage business),102,-2
9,0288(brokerage business),1017,719,9,0103(brokerage business),866,62,9,0272(brokerage business),99,2
10,0335(brokerage business),984,949,10,0308(brokerage business),796,271,10,0058(brokerage business),85,-2
11,0081(brokerage business),730,100,11,0082(brokerage business),770,618,11,0163(brokerage business),76,11
12,0069(brokerage business),672,-46,12,0025(brokerage business),698,0,12,0034(brokerage business),73,6
13,0082(brokerage business),643,599,13,0253(brokerage business),630,-3,13,0268(brokerage business),72,18
14,0271(brokerage business),625,557,14,0123(brokerage business),588,-4,14,0240(brokerage business),71,14
15,0275(brokerage business),587,237,15,0009(brokerage business),555,-1,15,0253(brokerage business),65,9
16,0009(brokerage business),577,11,16,0059(brokerage business),519,110,16,0239(brokerage business),57,0
17,0137(brokerage business),440,97,17,0311(brokerage business),478,-3,17,0308(brokerage business),56,1
18,0268(brokerage business),361,-6,18,0274(brokerage business),367,1,18,0049(brokerage business),53,0
19,0240(brokerage business),330,92,19,0268(brokerage business),360,15,19,0081(brokerage business),45,23
20,0048(brokerage business),328,48,20,0081(brokerage business),347,25,20,0007(brokerage business),40,0
Total,,38196,11177,Total,,24478,3671,Total,,3610,118
Ranking,Name of FF Member /OSBPs,Volume,Change from Previous Trading Day,Ranking,Name of FF Member /OSBPs,Long Position,Change from Previous Trading Day,Ranking,Name of FF Member /OSBPs,Short Position,Change from Previous Trading Day
Contract Code：au2704,,,,,,,,,,2026-09-16,
1,0163(brokerage business),1142,-92,1,0148(brokerage business),2415,54,1,0323(brokerage business),1001,0
2,0069(brokerage business),653,-52,2,0067(brokerage business),2017,-1,2,0004(brokerage business),231,-17
3,0148(brokerage business),616,-383,3,0004(brokerage business),1120,50,3,0308(brokerage business),160,5
4,0308(brokerage business),565,-510,4,0323(brokerage business),1066,1,4,0163(brokerage business),121,41
5,0004(brokerage business),527,-210,5,0123(brokerage business),570,0,5,0272(brokerage business),86,-10
6,0161(brokerage business),517,-278,6,0272(brokerage business),418,34,6,0333(brokerage business),66,0
7,0137(brokerage business),288,-107,7,0275(brokerage business),402,-48,7,0049(brokerage business),50,6
8,0275(brokerage business),213,69,8,0163(brokerage business),222,3,8,0009(brokerage business),37,-15
9,0253(brokerage business),206,-81,9,0253(brokerage business),204,-12,9,0268(brokerage business),35,1
10,0272(brokerage business),206,-16,10,0327(brokerage business),190,-1,10,0148(brokerage business),34,-38
11,0081(brokerage business),171,-6,11,0288(brokerage business),182,3,11,0244(brokerage business),31,1
12,0271(brokerage business),135,-184,12,0156(brokerage business),166,0,12,0275(brokerage business),26,13
13,0268(brokerage business),118,-65,13,0001(brokerage business),130,0,13,0042(brokerage business),25,-11
14,0009(brokerage business),76,-9,14,0268(brokerage business),119,3,14,0161(brokerage business),22,-17
15,0338(brokerage business),61,28,15,0308(brokerage business),105,8,15,0332(brokerage business),22,0
16,0331(brokerage business),60,60,16,0240(brokerage business),83,8,16,0151(brokerage business),19,-28
17,0238(brokerage business),51,12,17,0003(brokerage business),74,0,17,0253(brokerage business),19,-2
18,0151(brokerage business),47,-14,18,0018(brokerage business),68,-5,18,0069(brokerage business),17,-4
19,0138(brokerage business),36,13,19,0311(brokerage business),63,0,19,0240(brokerage business),17,1
20,0067(brokerage business),34,-1002,20,0298(brokerage business),53,1,20,0137(brokerage business),16,-39
Total,,5722,-2827,Total,,9667,98,Total,,2035,-113
Member/OSP Type,Total Volume,Change from Previous Trading Day,Member/OSP Type,Total Long Position,Change from Previous Trading Day,Member/OSP Type,Total Short Position,Change from Previous Trading Day,,,
Contract Code：agall,,,,,,,2026-09-16,,,,
Name of FF Member/OSBP,1382873,62770,Name of FF Member/OSBP,493814,-6305,Name of FF Member/OSBP,340340,-5700,,,
Name of Non-FF Member/OSNBP,5963,-8824,Name of Non-FF Member/OSNBP,64011,1283,Name of Non-FF Member/OSNBP,217485,678,,,
Ranking,Name of FF Member /OSBPs,Volume,Change from Previous Trading Day,Ranking,Name of FF Member /OSBPs,Long Position,Change from Previous Trading Day,Ranking,Name of FF Member /OSBPs,Short Position,Change from Previous Trading Day
Contract Code：ag2610,,,,,,,,,,2026-09-16,
1,0004(brokerage business),104708,11051,1,0148(brokerage business),10786,88,1,0004(brokerage business),13358,-2817
2,0148(brokerage business),67909,827,2,0004(brokerage business),10172,916,2,0148(brokerage business),12768,-885
3,0163(brokerage business),47378,-2123,3,0163(brokerage business),8256,721,3,0049(brokerage business),5852,122
4,0253(brokerage business),26303,3631,4,0034(brokerage business),5866,-861,4,0163(brokerage business),4335,-929
5,0240(brokerage business),25690,-1602,5,0240(brokerage business),5097,615,5,0253(brokerage business),3999,-466
6,0275(brokerage business),24941,-3533,6,0288(brokerage business),4942,-786,6,0137(brokerage business),3092,-618
7,0272(brokerage business),24872,2317,7,0272(brokerage business),4877,-1491,7,0272(brokerage business),3005,-143
8,0308(brokerage business),20907,-1934,8,0275(brokerage business),4651,27,8,0240(brokerage business),2571,-239
9,0034(brokerage business),18271,1787,9,0253(brokerage business),3921,-447,9,0001(brokerage business),2530,286
10,0268(brokerage business),16071,823,10,0268(brokerage business),3227,-529,10,0042(brokerage business),2297,44
11,0298(brokerage business),14865,926,11,0082(brokerage business),3219,-303,11,0034(brokerage business),2284,482
12,0081(brokerage business),12683,982,12,0323(brokerage business),3044,905,12,0139(brokerage business),1963,-227
13,0123(brokerage business),12627,1250,13,0009(brokerage business),3013,-1132,13,0082(brokerage business),1832,192
14,0186(brokerage business),10733,218,14,0081(brokerage business),2778,122,14,0006(brokerage business),1652,-162
15,0288(brokerage business),9504,613,15,0049(brokerage business),2681,-106,15,0275(brokerage business),1626,-434
16,0137(brokerage business),8325,1512,16,0096(brokerage business),2666,-73,16,0025(brokerage business),1564,-102
17,0103(brokerage business),8322,-1814,17,0067(brokerage business),2569,-353,17,0288(brokerage business),1557,214
18,0082(brokerage business),7671,964,18,0042(brokerage business),2475,-64,18,0308(brokerage business),1504,71
19,0299(brokerage business),7356,2054,19,0161(brokerage business),2392,-84,19,0096(brokerage business),1466,-266
20,0161(brokerage business),7175,774,20,0298(brokerage business),2392,-379,20,0069(brokerage business),1445,-32
Total,,476311,18723,Total,,89024,-3214,Total,,70700,-5909
Ranking,Name of FF Member /OSBPs,Volume,Change from Previous Trading Day,Ranking,Name of FF Member /OSBPs,Long Position,Change from Previous Trading Day,Ranking,Name of FF Member /OSBPs,Short Position,Change from Previous Trading Day
Contract Code：ag2612,,,,,,,,,,2026-09-16,
1,0004(brokerage business),40387,4886,1,0272(brokerage business),15450,292,1,0148(brokerage business),27635,99
2,0148(brokerage business),19935,1260,2,0004(brokerage business),14685,40,2,0004(brokerage business),18808,70
3,0275(brokerage business),19493,3034,3,0082(brokerage business),12061,0,3,0163(brokerage business),6806,-341
4,0163(brokerage business),16156,1829,4,0163(brokerage business),9607,412,4,0049(brokerage business),6616,-68
5,0240(brokerage business),11763,3210,5,0049(brokerage business),8324,39,5,0272(brokerage business),6605,229
6,0253(brokerage business),10435,3681,6,0148(brokerage business),7947,400,6,0103(brokerage business),4018,-846
7,0123(brokerage business),9449,1491,7,0067(brokerage business),7159,119,7,0315(brokerage business),3567,570
8,0272(brokerage business),8175,-176,8,0288(brokerage business),6912,150,8,0137(brokerage business),3472,671
9,0103(brokerage business),6399,937,9,0253(brokerage business),6558,-132,9,0372(brokerage business),3278,-30
10,0268(brokerage business),5743,1553,10,0103(brokerage business),6306,43,10,0123(brokerage business),3257,-5
11,0308(brokerage business),5134,-540,11,0268(brokerage business),5184,-183,11,0006(brokerage business),3047,183
12,0081(brokerage business),4977,459,12,0240(brokerage business),4754,-70,12,0042(brokerage business),2993,68
13,0034(brokerage business),4746,67,13,0034(brokerage business),4621,-223,13,0096(brokerage business),2924,276
14,0096(brokerage business),4485,925,14,0025(brokerage business),4390,5,14,0139(brokerage business),2829,-4
15,0059(brokerage business),4081,1813,15,0043(brokerage business),4147,-33,15,0025(brokerage business),2593,-240
16,0137(brokerage business),3335,1132,16,0042(brokerage business),4124,38,16,0240(brokerage business),2591,301
17,0186(brokerage business),3166,624,17,0009(brokerage business),3609,303,17,0034(brokerage business),2551,-81
18,0009(brokerage business),3044,327,18,0275(brokerage business),3177,-214,18,0009(brokerage business),2098,125
19,0069(brokerage business),2958,853,19,0323(brokerage business),2443,798,19,0274(brokerage business),2039,37
20,0161(brokerage business),2649,769,20,0333(brokerage business),2428,-543,20,0059(brokerage business),2013,-584
Total,,186510,28134,Total,,133886,1241,Total,,109740,430
Ranking,Name of FF Member /OSBPs,Volume,Change from Previous Trading Day,Ranking,Name of FF Member /OSBPs,Long Position,Change from Previous Trading Day,Ranking,Name of FF Member /OSBPs,Short Position,Change from Previous Trading Day
Contract Code：ag2702,,,,,,,,,,2026-09-16,
1,0004(brokerage business),51909,8879,1,0148(brokerage business),6702,491,1,0004(brokerage business),12862,1346
2,0163(brokerage business),41079,2143,2,0272(brokerage business),4984,1275,2,0148(brokerage business),10157,116
3,0148(brokerage business),24559,-14986,3,0009(brokerage business),4739,628,3,0372(brokerage business),7537,17
4,0275(brokerage business),20665,-2431,4,0082(brokerage business),3878,18,4,0163(brokerage business),6242,168
5,0009(brokerage business),14665,2277,5,0004(brokerage business),3856,-71,5,0272(brokerage business),3667,239
6,0240(brokerage business),13575,1580,6,0043(brokerage business),3313,-22,6,0049(brokerage business),3197,21
7,0123(brokerage business),12834,2558,7,0067(brokerage business),3184,-9,7,0123(brokerage business),1944,6
8,0253(brokerage business),12263,3395,8,0163(brokerage business),2942,-169,8,0042(brokerage business),1783,21
9,0272(brokerage business),8686,1605,9,0003(brokerage business),2627,1172,9,0069(brokerage business),1597,120
10,0308(brokerage business),8346,454,10,0253(brokerage business),2159,-53,10,0034(brokerage business),1213,127
11,0298(brokerage business),7163,384,11,0049(brokerage business),1882,-24,11,0240(brokerage business),1122,499
12,0268(brokerage business),6771,1350,12,0025(brokerage business),1241,190,12,0275(brokerage business),802,278
13,0081(brokerage business),5426,-2534,13,0123(brokerage business),1212,-56,13,0315(brokerage business),714,29
14,0096(brokerage business),5298,743,14,0333(brokerage business),1143,-49,14,0253(brokerage business),685,150
15,0186(brokerage business),5251,-394,15,0323(brokerage business),1116,681,15,0058(brokerage business),559,-210
16,0059(brokerage business),3893,-143,16,0277(brokerage business),1099,-12,16,0096(brokerage business),421,-7
17,0103(brokerage business),3782,-410,17,0007(brokerage business),1048,275,17,0335(brokerage business),397,-44
18,0323(brokerage business),3671,-118,18,0042(brokerage business),922,-10,18,0009(brokerage business),344,41
19,0038(brokerage business),3662,-2495,19,0240(brokerage business),908,-252,19,0298(brokerage business),339,119
20,0034(brokerage business),3417,-44,20,0151(brokerage business),888,-18,20,0311(brokerage business),296,-2
Total,,256915,1813,Total,,49843,3985,Total,,55878,3034
Member/OSP Type,Total Volume,Change from Previous Trading Day,Member/OSP Type,Total Long Position,Change from Previous Trading Day,Member/OSP Type,Total Short Position,Change from Previous Trading Day,,,
Contract Code：rball,,,,,,,2026-09-16,,,,
Name of FF Member/OSBP,1854978,-120366,Name of FF Member/OSBP,2612634,-52656,Name of FF Member/OSBP,2612634,-52656,,,
Name of Non-FF Member/OSNBP,0,0,Name of Non-FF Member/OSNBP,0,0,Name of Non-FF Member/OSNBP,0,0,,,
Ranking,Name of FF Member /OSBPs,Volume,Change from Previous Trading Day,Ranking,Name of FF Member /OSBPs,Long Position,Change from Previous Trading Day,Ranking,Name of FF Member /OSBPs,Short Position,Change from Previous Trading Day
Contract Code：rb2610,,,,,,,,,,2026-09-16,
1,0163(brokerage business),37514,-7003,1,0004(brokerage business),39771,-6119,1,0004(brokerage business),42748,-1478
2,0004(brokerage business),23844,-10843,2,0163(brokerage business),18324,-1629,2,0148(brokerage business),25585,117
3,0148(brokerage business),16298,-7126,3,0148(brokerage business),17651,-2975,3,0163(brokerage business),22616,-6856
4,0253(brokerage business),12823,-5293,4,0058(brokerage business),9893,-88,4,0103(brokerage business),18642,-267
5,0034(brokerage business),10543,6583,5,0009(brokerage business),9504,-283,5,0034(brokerage business),17600,-4288
6,0272(brokerage business),6571,2559,6,0272(brokerage business),9280,-3392,6,0042(brokerage business),12178,-263
7,0275(brokerage business),6122,-4705,7,0123(brokerage business),9151,234,7,0123(brokerage business),11606,1367
8,0081(brokerage business),5479,-2538,8,0275(brokerage business),8116,-506,8,0275(brokerage business),10487,-851
9,0059(brokerage business),3470,651,9,0178(brokerage business),8054,-132,9,0096(brokerage business),8550,-2774
10,0096(brokerage business),3329,-2472,10,0069(brokerage business),7660,20,10,0253(brokerage business),8530,-1573
11,0259(brokerage business),3288,356,11,0103(brokerage business),6891,-1661,11,0238(brokerage business),8148,-1002
12,0103(brokerage business),3070,-8257,12,0253(brokerage business),6822,-1074,12,0058(brokerage business),7816,48
13,0082(brokerage business),2906,849,13,0082(brokerage business),5979,-1668,13,0306(brokerage business),7199,0
14,0125(brokerage business),2840,1254,14,0323(brokerage business),5664,271,14,0125(brokerage business),5873,-411
15,0274(brokerage business),2747,-107,15,0096(brokerage business),5392,-243,15,0418(brokerage business),5587,-837
16,0123(brokerage business),2553,134,16,0034(brokerage business),5069,-711,16,0059(brokerage business),5449,-2547
17,0268(brokerage business),2516,-3202,17,0277(brokerage business),4973,-67,17,0178(brokerage business),5404,-66
18,0238(brokerage business),2155,-827,18,0125(brokerage business),4423,-945,18,0274(brokerage business),4850,-878
19,0240(brokerage business),2011,-2462,19,0240(brokerage business),4372,-296,19,0151(brokerage business),4709,-577
20,0073(brokerage business),2001,1999,20,0019(brokerage business),4366,-256,20,0082(brokerage business),4670,-802
Total,,152080,-40450,Total,,191355,-21520,Total,,238247,-23938
Ranking,Name of FF Member /OSBPs,Volume,Change from Previous Trading Day,Ranking,Name of FF Member /OSBPs,Long Position,Change from Previous Trading Day,Ranking,Name of FF Member /OSBPs,Short Position,Change from Previous Trading Day
Contract Code：rb2611,,,,,,,,,,2026-09-16,
1,0163(brokerage business),10200,-7809,1,0323(brokerage business),53118,-208,1,0323(brokerage business),52588,-89
2,0004(brokerage business),5336,-7885,2,0253(brokerage business),28280,102,2,0148(brokerage business),30511,-267
3,0253(brokerage business),4290,-8414,3,0148(brokerage business),27556,-163,3,0253(brokerage business),27934,-202
4,0082(brokerage business),3870,-7532,4,0151(brokerage business),26833,1,4,0151(brokerage business),27236,43
5,0148(brokerage business),3642,-3780,5,0004(brokerage business),26118,-1110,5,0004(brokerage business),26014,-914
6,0081(brokerage business),3609,-3799,6,0163(brokerage business),26010,-55,6,0163(brokerage business),25990,-131
7,0096(brokerage business),3140,-3832,7,0272(brokerage business),19532,591,7,0272(brokerage business),20509,732
8,0103(brokerage business),2872,-3338,8,0082(brokerage business),18037,3,8,0082(brokerage business),18119,39
9,0084(brokerage business),2611,2611,9,0268(brokerage business),17235,-40,9,0069(brokerage business),16657,683
10,0275(brokerage business),2512,-5404,10,0069(brokerage business),16772,698,10,0268(brokerage business),16306,-12
11,0077(brokerage business),1568,637,11,0081(brokerage business),15284,-1027,11,0081(brokerage business),15234,-1026
12,0069(brokerage business),1547,-2818,12,0103(brokerage business),9789,-707,12,0096(brokerage business),10030,-1736
13,0075(brokerage business),1511,41,13,0139(brokerage business),9633,-583,13,0139(brokerage business),9708,-581
14,0268(brokerage business),1506,-2227,14,0244(brokerage business),6507,335,14,0244(brokerage business),6309,1
15,0272(brokerage business),1499,-3279,15,0019(brokerage business),6436,-302,15,0275(brokerage business),5152,-531
16,0139(brokerage business),1166,-1646,16,0096(brokerage business),6165,126,16,0034(brokerage business),4915,18
17,0312(brokerage business),1114,1114,17,0372(brokerage business),5735,1,17,0103(brokerage business),4791,-959
18,0007(brokerage business),1092,-1031,18,0259(brokerage business),2531,-538,18,0019(brokerage business),4141,-65
19,0288(brokerage business),1079,236,19,0312(brokerage business),2471,666,19,0084(brokerage business),2611,2611
20,0123(brokerage business),1047,-2972,20,0007(brokerage business),1790,481,20,0153(brokerage business),2255,253
Total,,55211,-61127,Total,,325832,-1729,Total,,327010,-2133
Ranking,Name of FF Member /OSBPs,Volume,Change from Previous Trading Day,Ranking,Name of FF Member /OSBPs,Long Position,Change from Previous Trading Day,Ranking,Name of FF Member /OSBPs,Short Position,Change from Previous Trading Day
Contract Code：rb2701,,,,,,,,,,2026-09-16,
1,0004(brokerage business),189847,7383,1,0148(brokerage business),214984,-5018,1,0004(brokerage business),159935,415
2,0163(brokerage business),151738,-14920,2,0004(brokerage business),136864,-460,2,0239(brokerage business),113319,-2854
3,0148(brokerage business),147316,-4217,3,0163(brokerage business),81005,-2018,3,0148(brokerage business),88771,-6688
4,0253(brokerage business),111933,16772,4,0272(brokerage business),73869,-3092,4,0103(brokerage business),76484,1352
5,0272(brokerage business),109529,6246,5,0253(brokerage business),67170,290,5,0163(brokerage business),62157,1324
6,0275(brokerage business),44809,-18386,6,0103(brokerage business),64031,-2326,6,0082(brokerage business),53054,337
7,0081(brokerage business),37897,9256,7,0034(brokerage business),52245,-5801,7,0272(brokerage business),45869,4407
8,0274(brokerage business),32557,13587,8,0059(brokerage business),39037,-1708,8,0034(brokerage business),42668,5101
9,0059(brokerage business),28586,-2953,9,0274(brokerage business),36313,1516,9,0007(brokerage business),42435,-15
10,0034(brokerage business),28388,1844,10,0268(brokerage business),35551,-611,10,0058(brokerage business),41026,-617
11,0186(brokerage business),28322,10418,11,0042(brokerage business),32670,-1403,11,0253(brokerage business),40407,-813
12,0259(brokerage business),28219,2611,12,0123(brokerage business),27269,-3621,12,0274(brokerage business),36770,-10895
13,0103(brokerage business),26238,-22197,13,0058(brokerage business),23985,-1156,13,0084(brokerage business),35905,-118
14,0268(brokerage business),26161,5471,14,0009(brokerage business),23792,-1943,14,0277(brokerage business),34551,716
15,0240(brokerage business),21868,4721,15,0069(brokerage business),22572,207,15,0059(brokerage business),31190,-5732
16,0009(brokerage business),18646,6793,16,0096(brokerage business),22548,-2817,16,0275(brokerage business),30782,1143
17,0096(brokerage business),17162,4051,17,0240(brokerage business),20860,94,17,0153(brokerage business),29508,-164
18,0137(brokerage business),16526,7176,18,0186(brokerage business),20554,-112,18,0335(brokerage business),28898,-4953
19,0123(brokerage business),16456,5537,19,0238(brokerage business),19450,319,19,0067(brokerage business),26241,3646
20,0239(brokerage business),15282,-8049,20,0081(brokerage business),19155,1345,20,0123(brokerage business),23112,-1917
Total,,1097480,31144,Total,,1033924,-28315,Total,,1043082,-16325
Ranking,Name of FF Member /OSBPs,Volume,Change from Previous Trading Day,Ranking,Name of FF Member /OSBPs,Long Position,Change from Previous Trading Day,Ranking,Name of FF Member /OSBPs,Short Position,Change from Previous Trading Day
Contract Code：rb2703,,,,,,,,,,2026-09-16,
1,0163(brokerage business),9014,-4023,1,0323(brokerage business),39742,-26,1,0323(brokerage business),39461,-120
2,0148(brokerage business),4531,509,2,0253(brokerage business),25083,723,2,0253(brokerage business),24960,793
3,0082(brokerage business),2152,-1141,3,0274(brokerage business),20032,-150,3,0274(brokerage business),20789,-6
4,0253(brokerage business),2132,212,4,0082(brokerage business),18024,62,4,0082(brokerage business),18067,4
5,0004(brokerage business),1873,750,5,0004(brokerage business),17717,429,5,0004(brokerage business),17571,-332
6,0096(brokerage business),1628,-2700,6,0163(brokerage business),17016,-315,6,0163(brokerage business),17548,553
7,0151(brokerage business),1173,-964,7,0151(brokerage business),16982,32,7,0151(brokerage business),16715,1
8,0069(brokerage business),1140,-470,8,0081(brokerage business),16261,298,8,0081(brokerage business),16237,415
9,0081(brokerage business),1129,-529,9,0268(brokerage business),15151,-5,9,0268(brokerage business),15339,202
10,0238(brokerage business),1121,678,10,0103(brokerage business),14854,-364,10,0103(brokerage business),15095,-383
11,0275(brokerage business),855,-2944,11,0139(brokerage business),13645,180,11,0139(brokerage business),13575,181
12,0272(brokerage business),841,-617,12,0272(brokerage business),13268,292,12,0272(brokerage business),13088,375
13,0268(brokerage business),839,-457,13,0148(brokerage business),11044,-378,13,0148(brokerage business),11039,-305
14,0311(brokerage business),806,287,14,0069(brokerage business),9144,492,14,0069(brokerage business),9059,514
15,0034(brokerage business),800,-71,15,0096(brokerage business),8376,-21,15,0096(brokerage business),8573,-25
16,0103(brokerage business),773,-240,16,0238(brokerage business),6329,506,16,0238(brokerage business),6395,591
17,0161(brokerage business),496,289,17,0138(brokerage business),4162,-39,17,0138(brokerage business),4000,0
18,0178(brokerage business),496,456,18,0019(brokerage business),3150,52,18,0019(brokerage business),3178,158
19,0048(brokerage business),486,409,19,0254(brokerage business),3040,-1,19,0254(brokerage business),3031,0
20,0323(brokerage business),486,21,20,0259(brokerage business),2667,29,20,0259(brokerage business),2701,2
Total,,32771,-10545,Total,,275687,1796,Total,,276421,2618
Member/OSP Type,Total Volume,Change from Previous Trading Day,Member/OSP Type,Total Long Position,Change from Previous Trading Day,Member/OSP Type,Total Short Position,Change from Previous Trading Day,,,
Contract Code：hcall,,,,,,,2026-09-16,,,,
Name of FF Member/OSBP,783356,-140226,Name of FF Member/OSBP,1957186,-33070,Name of FF Member/OSBP,1957186,-33070,,,
Name of Non-FF Member/OSNBP,0,0,Name of Non-FF Member/OSNBP,0,0,Name of Non-FF Member/OSNBP,0,0,,,
Ranking,Name of FF Member /OSBPs,Volume,Change from Previous Trading Day,Ranking,Name of FF Member /OSBPs,Long Position,Change from Previous Trading Day,Ranking,Name of FF Member /OSBPs,Short Position,Change from Previous Trading Day
Contract Code：hc2610,,,,,,,,,,2026-09-16,
1,0163(brokerage business),16225,1065,1,0004(brokerage business),32291,-2029,1,0004(brokerage business),24507,-1665
2,0004(brokerage business),11600,-4168,2,0103(brokerage business),13421,-1680,2,0275(brokerage business),14855,-1027
3,0148(brokerage business),5818,-2711,3,0009(brokerage business),11137,-307,3,0272(brokerage business),14519,-1316
4,0103(brokerage business),3984,1145,4,0163(brokerage business),9956,-4217,4,0058(brokerage business),10879,-1048
5,0253(brokerage business),3840,-3588,5,0253(brokerage business),8847,-351,5,0103(brokerage business),10215,-1142
6,0272(brokerage business),3664,269,6,0148(brokerage business),8114,-154,6,0163(brokerage business),9079,-2026
7,0275(brokerage business),3165,-2697,7,0272(brokerage business),7894,-1610,7,0148(brokerage business),8230,-1078
8,0125(brokerage business),3000,-1097,8,0059(brokerage business),6997,-218,8,0259(brokerage business),8114,-281
9,0042(brokerage business),2927,480,9,0042(brokerage business),5826,-2219,9,0042(brokerage business),6733,-568
10,0081(brokerage business),2002,-1247,10,0125(brokerage business),5804,702,10,0153(brokerage business),6078,-407
11,0184(brokerage business),1586,172,11,0095(brokerage business),4973,-17,11,0137(brokerage business),6076,-83
12,0058(brokerage business),1359,-496,12,0240(brokerage business),4335,-118,12,0009(brokerage business),5677,34
13,0259(brokerage business),976,-404,13,0123(brokerage business),4326,-216,13,0123(brokerage business),3909,-246
14,0123(brokerage business),950,-82,14,0082(brokerage business),4077,-15,14,0003(brokerage business),3727,-131
15,0059(brokerage business),874,-1357,15,0058(brokerage business),3868,69,15,0096(brokerage business),3623,1
16,0240(brokerage business),874,-133,16,0034(brokerage business),3328,-248,16,0253(brokerage business),3621,-353
17,0153(brokerage business),726,-45,17,0288(brokerage business),2943,0,17,0125(brokerage business),3469,-938
18,0178(brokerage business),678,-372,18,0275(brokerage business),2141,-36,18,0034(brokerage business),3118,-99
19,0277(brokerage business),546,-560,19,0007(brokerage business),2046,-23,19,0007(brokerage business),2505,-184
20,0335(brokerage business),521,-161,20,0096(brokerage business),1952,-75,20,0067(brokerage business),2360,-69
Total,,65315,-15987,Total,,144276,-12762,Total,,151294,-12626
Ranking,Name of FF Member /OSBPs,Volume,Change from Previous Trading Day,Ranking,Name of FF Member /OSBPs,Long Position,Change from Previous Trading Day,Ranking,Name of FF Member /OSBPs,Short Position,Change from Previous Trading Day
Contract Code：hc2611,,,,,,,,,,2026-09-16,
1,0323(brokerage business),11330,9622,1,0148(brokerage business),44911,-640,1,0323(brokerage business),36694,-5575
2,0163(brokerage business),3821,-2069,2,0323(brokerage business),36174,-5611,2,0240(brokerage business),34301,-860
3,0148(brokerage business),2767,-1207,3,0240(brokerage business),33217,-687,3,0148(brokerage business),31184,-19
4,0253(brokerage business),2504,-1441,4,0268(brokerage business),25847,-93,4,0004(brokerage business),26894,-28
5,0161(brokerage business),2319,356,5,0004(brokerage business),25277,-11,5,0268(brokerage business),25818,-91
6,0139(brokerage business),1975,-327,6,0081(brokerage business),21751,1,6,0081(brokerage business),21872,-75
7,0004(brokerage business),1793,-1277,7,0178(brokerage business),19167,-416,7,0178(brokerage business),19103,-418
8,0240(brokerage business),1761,-1489,8,0161(brokerage business),18077,-1138,8,0161(brokerage business),18016,-1153
9,0268(brokerage business),1736,-725,9,0048(brokerage business),17015,-147,9,0048(brokerage business),16950,-147
10,0096(brokerage business),1471,-1317,10,0253(brokerage business),16300,-804,10,0253(brokerage business),15538,-830
11,0081(brokerage business),1054,-521,11,0137(brokerage business),14530,0,11,0137(brokerage business),14468,1
12,0178(brokerage business),1054,-1253,12,0139(brokerage business),11304,-995,12,0139(brokerage business),10103,-980
13,0103(brokerage business),863,81,13,0019(brokerage business),5987,-47,13,0372(brokerage business),6242,5
14,0137(brokerage business),669,-112,14,0103(brokerage business),4750,-320,14,0019(brokerage business),5939,-82
15,0259(brokerage business),605,239,15,0275(brokerage business),2040,31,15,0103(brokerage business),4903,-255
16,0274(brokerage business),421,166,16,0151(brokerage business),1420,1,16,0042(brokerage business),3141,-16
17,0277(brokerage business),318,282,17,0115(brokerage business),1250,0,17,0275(brokerage business),2074,0
18,0048(brokerage business),294,-708,18,0271(brokerage business),1150,0,18,0272(brokerage business),1584,23
19,0019(brokerage business),215,-245,19,0163(brokerage business),1082,102,19,0151(brokerage business),1241,-8
20,0058(brokerage business),203,162,20,0077(brokerage business),1041,0,20,0034(brokerage business),1184,-23
Total,,37173,-1783,Total,,302290,-10774,Total,,297249,-10531
Ranking,Name of FF Member /OSBPs,Volume,Change from Previous Trading Day,Ranking,Name of FF Member /OSBPs,Long Position,Change from Previous Trading Day,Ranking,Name of FF Member /OSBPs,Short Position,Change from Previous Trading Day
Contract Code：hc2701,,,,,,,,,,2026-09-16,
1,0163(brokerage business),108681,-4074,1,0004(brokerage business),221875,85,1,0004(brokerage business),250029,5037
2,0004(brokerage business),81842,-15267,2,0042(brokerage business),130352,4391,2,0148(brokerage business),87933,-4901
3,0148(brokerage business),64519,-14262,3,0148(brokerage business),129124,-2082,3,0272(brokerage business),82142,165
4,0253(brokerage business),33988,-348,4,0163(brokerage business),78636,-3183,4,0058(brokerage business),79607,2558
5,0272(brokerage business),27748,6177,5,0272(brokerage business),56372,8009,5,0163(brokerage business),66347,-432
6,0275(brokerage business),25165,-10455,6,0009(brokerage business),52197,-3380,6,0103(brokerage business),43117,444
7,0259(brokerage business),18961,-4976,7,0103(brokerage business),41033,448,7,0275(brokerage business),33047,-456
8,0103(brokerage business),13652,-3221,8,0253(brokerage business),31075,259,8,0059(brokerage business),30169,2236
9,0081(brokerage business),11840,335,9,0034(brokerage business),29309,865,9,0125(brokerage business),29434,-229
10,0007(brokerage business),11716,3426,10,0275(brokerage business),28386,-2373,10,0253(brokerage business),28594,-129
11,0239(brokerage business),11206,-740,11,0123(brokerage business),26643,2014,11,0003(brokerage business),28579,-364
12,0096(brokerage business),11045,-1413,12,0268(brokerage business),22723,920,12,0335(brokerage business),27766,-174
13,0034(brokerage business),10765,-3620,13,0058(brokerage business),21271,-729,13,0042(brokerage business),26661,191
14,0268(brokerage business),9861,1071,14,0139(brokerage business),21178,18,14,0259(brokerage business),23883,1296
15,0058(brokerage business),9443,-8836,15,0082(brokerage business),19968,2,15,0123(brokerage business),23715,278
16,0069(brokerage business),9022,4347,16,0277(brokerage business),18444,144,16,0009(brokerage business),22714,-153
17,0042(brokerage business),8202,-45,17,0059(brokerage business),17675,448,17,0019(brokerage business),21816,-178
18,0059(brokerage business),7388,235,18,0274(brokerage business),17509,779,18,0177(brokerage business),21519,2294
19,0123(brokerage business),7062,2723,19,0125(brokerage business),15967,93,19,0034(brokerage business),20685,-4542
20,0335(brokerage business),6804,-4466,20,0081(brokerage business),15618,-109,20,0096(brokerage business),19342,934
Total,,488910,-53409,Total,,995355,6619,Total,,967099,3875
Ranking,Name of FF Member /OSBPs,Volume,Change from Previous Trading Day,Ranking,Name of FF Member /OSBPs,Long Position,Change from Previous Trading Day,Ranking,Name of FF Member /OSBPs,Short Position,Change from Previous Trading Day
Contract Code：hc2703,,,,,,,,,,2026-09-16,
1,0163(brokerage business),5540,-413,1,0323(brokerage business),16999,745,1,0323(brokerage business),17078,770
2,0148(brokerage business),2935,171,2,0081(brokerage business),13512,387,2,0081(brokerage business),13558,378
3,0323(brokerage business),1533,-216,3,0253(brokerage business),10518,-7,3,0253(brokerage business),10482,6
4,0268(brokerage business),1265,467,4,0004(brokerage business),10445,428,4,0004(brokerage business),10440,422
5,0096(brokerage business),1132,1132,5,0268(brokerage business),10281,240,5,0268(brokerage business),10426,239
6,0004(brokerage business),1090,-137,6,0103(brokerage business),9034,296,6,0103(brokerage business),9018,298
7,0253(brokerage business),1045,-193,7,0161(brokerage business),8372,334,7,0161(brokerage business),8340,321
8,0178(brokerage business),1037,-282,8,0148(brokerage business),7332,323,8,0139(brokerage business),6092,177
9,0081(brokerage business),971,-613,9,0178(brokerage business),6179,-215,9,0148(brokerage business),5690,-48
10,0240(brokerage business),917,129,10,0139(brokerage business),6072,172,10,0240(brokerage business),5627,408
11,0312(brokerage business),695,157,11,0240(brokerage business),5699,395,11,0178(brokerage business),5004,272
12,0161(brokerage business),677,57,12,0137(brokerage business),4846,322,12,0137(brokerage business),4846,326
13,0137(brokerage business),668,131,13,0048(brokerage business),3723,139,13,0048(brokerage business),3723,139
14,0103(brokerage business),616,-78,14,0019(brokerage business),1991,66,14,0019(brokerage business),1981,119
15,0042(brokerage business),511,-60,15,0271(brokerage business),1125,96,15,0271(brokerage business),1128,97
16,0139(brokerage business),359,-182,16,0151(brokerage business),1017,122,16,0151(brokerage business),1027,127
17,0048(brokerage business),298,48,17,0275(brokerage business),931,-2,17,0288(brokerage business),1004,-8
18,0151(brokerage business),287,-114,18,0254(brokerage business),896,0,18,0275(brokerage business),928,-11
19,0019(brokerage business),197,-4,19,0288(brokerage business),817,27,19,0254(brokerage business),896,0
20,0271(brokerage business),193,-134,20,0259(brokerage business),557,3,20,0163(brokerage business),798,22
Total,,21966,-134,Total,,120346,3871,Total,,118086,4054
Member/OSP Type,Total Volume,Change from Previous Trading Day,Member/OSP Type,Total Long Position,Change from Previous Trading Day,Member/OSP Type,Total Short Position,Change from Previous Trading Day,,,
Contract Code：ssall,,,,,,,2026-09-16,,,,
Name of FF Member/OSBP,850096,409912,Name of FF Member/OSBP,206541,-286,Name of FF Member/OSBP,206541,-286,,,
Name of Non-FF Member/OSNBP,0,0,Name of Non-FF Member/OSNBP,0,0,Name of Non-FF Member/OSNBP,0,0,,,
Ranking,Name of FF Member /OSBPs,Volume,Change from Previous Trading Day,Ranking,Name of FF Member /OSBPs,Long Position,Change from Previous Trading Day,Ranking,Name of FF Member /OSBPs,Short Position,Change from Previous Trading Day
Contract Code：ss2610,,,,,,,,,,2026-09-16,
1,0163(brokerage business),73417,24146,1,0148(brokerage business),6580,-1295,1,0148(brokerage business),8189,-1133
2,0148(brokerage business),59044,22279,2,0004(brokerage business),6523,-399,2,0004(brokerage business),6017,-1192
3,0253(brokerage business),35979,18980,3,0253(brokerage business),3978,-788,3,0163(brokerage business),2973,-1122
4,0004(brokerage business),33779,17015,4,0163(brokerage business),3206,-73,4,0253(brokerage business),2422,-1063
5,0123(brokerage business),22851,2095,5,0240(brokerage business),2273,-607,5,0335(brokerage business),1888,-503
6,0275(brokerage business),18695,4074,6,0298(brokerage business),1382,-570,6,0161(brokerage business),1505,-352
7,0240(brokerage business),9569,5276,7,0275(brokerage business),1203,143,7,0272(brokerage business),1490,-412
8,0081(brokerage business),9043,3158,8,0018(brokerage business),1173,-395,8,0058(brokerage business),1439,373
9,0298(brokerage business),5756,2930,9,0008(brokerage business),1093,-627,9,0240(brokerage business),1362,-328
10,0272(brokerage business),4181,-217,10,0103(brokerage business),1083,-652,10,0081(brokerage business),1357,-475
11,0161(brokerage business),3732,2742,11,0153(brokerage business),942,-44,11,0049(brokerage business),1293,96
12,0259(brokerage business),3576,215,12,0272(brokerage business),890,-585,12,0288(brokerage business),1034,-533
13,0274(brokerage business),2638,1666,13,0125(brokerage business),822,-552,13,0103(brokerage business),862,-204
14,0058(brokerage business),2511,1086,14,0059(brokerage business),811,-30,14,0153(brokerage business),782,-223
15,0082(brokerage business),2338,174,15,0338(brokerage business),804,-276,15,0048(brokerage business),780,-18
16,0288(brokerage business),2189,-637,16,0096(brokerage business),749,-347,16,0003(brokerage business),718,-120
17,0018(brokerage business),1871,255,17,0009(brokerage business),733,-420,17,0244(brokerage business),672,-21
18,0186(brokerage business),1762,1338,18,0186(brokerage business),726,49,18,0137(brokerage business),639,-195
19,0042(brokerage business),1678,644,19,0139(brokerage business),716,-184,19,0274(brokerage business),622,-172
20,0268(brokerage business),1589,624,20,0161(brokerage business),585,-1436,20,0069(brokerage business),606,-59
Total,,296198,107843,Total,,36272,-9088,Total,,36650,-7656
Ranking,Name of FF Member /OSBPs,Volume,Change from Previous Trading Day,Ranking,Name of FF Member /OSBPs,Long Position,Change from Previous Trading Day,Ranking,Name of FF Member /OSBPs,Short Position,Change from Previous Trading Day
Contract Code：ss2611,,,,,,,,,,2026-09-16,
1,0163(brokerage business),78405,39246,1,0004(brokerage business),15537,3659,1,0148(brokerage business),17121,2815
2,0004(brokerage business),52986,29459,2,0148(brokerage business),14401,3468,2,0163(brokerage business),10141,1211
3,0253(brokerage business),47300,29860,3,0253(brokerage business),8545,644,3,0004(brokerage business),10093,-533
4,0148(brokerage business),38255,19808,4,0082(brokerage business),7844,1435,4,0239(brokerage business),7874,-701
5,0275(brokerage business),30406,16412,5,0163(brokerage business),7455,1324,5,0335(brokerage business),7565,445
6,0123(brokerage business),20725,7287,6,0239(brokerage business),5617,2720,6,0253(brokerage business),5023,568
7,0259(brokerage business),12708,8068,7,0018(brokerage business),5159,-778,7,0272(brokerage business),4982,294
8,0272(brokerage business),12105,4811,8,0272(brokerage business),5134,-347,8,0139(brokerage business),4614,22
9,0240(brokerage business),11822,7767,9,0275(brokerage business),4329,-28,9,0123(brokerage business),3614,428
10,0081(brokerage business),11013,4833,10,0125(brokerage business),3949,665,10,0084(brokerage business),3441,-271
11,0034(brokerage business),8504,4312,11,0240(brokerage business),3704,333,11,0240(brokerage business),3398,369
12,0082(brokerage business),8440,5157,12,0058(brokerage business),2976,1792,12,0103(brokerage business),3136,349
13,0069(brokerage business),5770,3408,13,0008(brokerage business),2743,430,13,0034(brokerage business),3001,948
14,0239(brokerage business),5689,3966,14,0338(brokerage business),2293,488,14,0288(brokerage business),2708,414
15,0298(brokerage business),5151,2505,15,0184(brokerage business),2139,885,15,0308(brokerage business),2146,152
16,0288(brokerage business),4785,848,16,0034(brokerage business),2033,112,16,0082(brokerage business),1980,-131
17,0018(brokerage business),4117,570,17,0310(brokerage business),1585,-155,17,0161(brokerage business),1772,110
18,0323(brokerage business),3628,2656,18,0096(brokerage business),1513,167,18,0137(brokerage business),1750,-42
19,0058(brokerage business),3468,2065,19,0103(brokerage business),1505,463,19,0069(brokerage business),1662,564
20,0019(brokerage business),3397,2679,20,0288(brokerage business),1485,-2831,20,0274(brokerage business),1591,-409
Total,,368674,195717,Total,,99946,14446,Total,,97612,6602
Ranking,Name of FF Member /OSBPs,Volume,Change from Previous Trading Day,Ranking,Name of FF Member /OSBPs,Long Position,Change from Previous Trading Day,Ranking,Name of FF Member /OSBPs,Short Position,Change from Previous Trading Day
Contract Code：lu2610,,,,,,,,,,2026-09-16,
1,8004(brokerage business),4751,291,1,8004(brokerage business),1448,212,1,8372(brokerage business),2550,-701
2,8163(brokerage business),3006,697,2,8163(brokerage business),1261,-391,2,8103(brokerage business),1463,40
3,8275(brokerage business),2501,444,3,8103(brokerage business),828,-508,3,8163(brokerage business),712,-175
4,8271(brokerage business),1329,43,4,8240(brokerage business),584,-14,4,8148(brokerage business),678,-2
5,8103(brokerage business),1208,280,5,8096(brokerage business),545,-15,5,8333(brokerage business),658,-70
6,8308(brokerage business),963,483,6,8075(brokerage business),500,0,6,8253(brokerage business),527,-2
7,8253(brokerage business),752,-1256,7,8148(brokerage business),377,-88,7,8004(brokerage business),522,-325
8,8372(brokerage business),712,-135,8,8151(brokerage business),234,41,8,8319(brokerage business),284,-238
9,8148(brokerage business),680,-857,9,8335(brokerage business),221,-4,9,8077(brokerage business),270,-184
10,8333(brokerage business),671,-212,10,8081(brokerage business),159,-68,10,8272(brokerage business),268,-104
11,8058(brokerage business),606,43,11,8125(brokerage business),148,0,11,8067(brokerage business),230,0
12,8069(brokerage business),556,245,12,8137(brokerage business),145,-18,12,8169(brokerage business),120,-81
13,8077(brokerage business),434,394,13,8288(brokerage business),142,-43,13,8137(brokerage business),110,-15
14,8272(brokerage business),397,75,14,8274(brokerage business),137,-3,14,8048(brokerage business),105,-1
15,8059(brokerage business),342,-701,15,8058(brokerage business),123,-38,15,8298(brokerage business),100,-20
16,8342(brokerage business),313,-121,16,8389(brokerage business),116,14,16,8288(brokerage business),81,2
17,8007(brokerage business),263,-82,17,8034(brokerage business),109,-53,17,8186(brokerage business),74,-23
18,8048(brokerage business),254,199,18,8385(brokerage business),101,-9,18,8006(brokerage business),68,-3
19,8151(brokerage business),254,-177,19,8022(brokerage business),100,-1,19,8178(brokerage business),61,-10
20,8186(brokerage business),246,-109,20,8048(brokerage business),99,1,20,8268(brokerage business),53,-3
Total,,20238,-456,Total,,7377,-985,Total,,8934,-1915
Ranking,Name of FF Member /OSBPs,Volume,Change from Previous Trading Day,Ranking,Name of FF Member /OSBPs,Long Position,Change from Previous Trading Day,Ranking,Name of FF Member /OSBPs,Short Position,Change from Previous Trading Day
Contract Code：lu2611,,,,,,,,,,2026-09-16,
1,8148(brokerage business),46618,6823,1,8148(brokerage business),9095,680,1,8103(brokerage business),8002,291
2,8163(brokerage business),41973,8504,2,8004(brokerage business),7723,138,2,8163(brokerage business),7388,291
3,8004(brokerage business),37784,471,3,8163(brokerage business),5269,74,3,8004(brokerage business),6914,-428
4,8272(brokerage business),17901,5,4,8103(brokerage business),3515,222,4,8372(brokerage business),5903,-697
5,8253(brokerage business),17809,10070,5,8272(brokerage business),2769,-492,5,8148(brokerage business),4175,-598
6,8275(brokerage business),14491,1371,6,8335(brokerage business),1919,114,6,8319(brokerage business),1970,459
7,8123(brokerage business),8061,-755,7,8086(brokerage business),1832,145,7,8253(brokerage business),1928,163
8,8069(brokerage business),6918,1172,8,8268(brokerage business),1830,-157,8,8177(brokerage business),1485,-103
9,8240(brokerage business),6621,2297,9,8253(brokerage business),1703,58,9,8096(brokerage business),1456,-160
10,8081(brokerage business),6606,-737,10,8082(brokerage business),1681,-114,10,8042(brokerage business),1379,336
11,8298(brokerage business),5836,355,11,8096(brokerage business),1319,-61,11,8018(brokerage business),1322,505
12,8186(brokerage business),4934,656,12,8240(brokerage business),1298,63,12,8333(brokerage business),1317,49
13,8268(brokerage business),4891,428,13,8274(brokerage business),1294,-47,13,8084(brokerage business),1314,0
14,8342(brokerage business),4675,-550,14,8081(brokerage business),1288,71,14,8239(brokerage business),1117,-18
15,8308(brokerage business),4202,443,15,8288(brokerage business),1128,-244,15,8272(brokerage business),1089,67
16,8059(brokerage business),4036,978,16,8018(brokerage business),1106,51,16,8088(brokerage business),941,-34
17,8137(brokerage business),3969,1154,17,8239(brokerage business),1065,165,17,8137(brokerage business),901,-13
18,8103(brokerage business),3953,591,18,8259(brokerage business),1060,75,18,8059(brokerage business),866,20
19,8043(brokerage business),3885,950,19,8161(brokerage business),1057,-247,19,8268(brokerage business),855,68
20,8259(brokerage business),3257,284,20,8137(brokerage business),926,130,20,8240(brokerage business),814,6
Total,,248420,34510,Total,,48877,624,Total,,51136,204
Ranking,Name of FF Member /OSBPs,Volume,Change from Previous Trading Day,Ranking,Name of FF Member /OSBPs,Long Position,Change from Previous Trading Day,Ranking,Name of FF Member /OSBPs,Short Position,Change from Previous Trading Day
Contract Code：lu2612,,,,,,,,,,2026-09-16,
1,8163(brokerage business),21904,8006,1,8184(brokerage business),10754,-197,1,8372(brokerage business),10104,1360
2,8275(brokerage business),16746,7281,2,8148(brokerage business),10169,759,2,8004(brokerage business),9936,-11
3,8004(brokerage business),13671,-285,3,8239(brokerage business),6519,355,3,8103(brokerage business),6669,1517
4,8148(brokerage business),13553,2232,4,8081(brokerage business),5632,-14,4,8163(brokerage business),5374,1250
5,8253(brokerage business),12149,3447,5,8004(brokerage business),5325,240,5,8096(brokerage business),5296,1308
6,8096(brokerage business),7812,278,6,8335(brokerage business),3548,316,6,7002(brokerage business),4685,-2
7,8123(brokerage business),6073,4494,7,8163(brokerage business),3174,1188,7,8239(brokerage business),3236,-429
8,8103(brokerage business),4855,1175,8,8084(brokerage business),2379,200,8,8272(brokerage business),3045,101
9,8272(brokerage business),3916,1426,9,8333(brokerage business),2290,28,9,8253(brokerage business),2435,149
10,8034(brokerage business),3684,2919,10,8272(brokerage business),1963,777,10,8148(brokerage business),2233,-100
11,8240(brokerage business),3676,1712,11,8268(brokerage business),1203,130,11,8059(brokerage business),1879,92
12,8059(brokerage business),3423,413,12,8288(brokerage business),1100,272,12,8319(brokerage business),1616,187
13,8069(brokerage business),2751,619,13,8274(brokerage business),945,52,13,8275(brokerage business),1170,-292
14,8077(brokerage business),2688,2001,14,8034(brokerage business),875,48,14,8333(brokerage business),839,96
15,8342(brokerage business),2290,-934,15,8018(brokerage business),853,-55,15,8240(brokerage business),748,18
16,8268(brokerage business),2213,1189,16,8253(brokerage business),827,78,16,8018(brokerage business),669,33
17,8081(brokerage business),2062,97,17,8240(brokerage business),824,120,17,8034(brokerage business),633,404
18,8239(brokerage business),1840,-59,18,8103(brokerage business),643,202,18,8082(brokerage business),616,118
19,8308(brokerage business),1790,278,19,8161(brokerage business),517,197,19,8335(brokerage business),613,-2
20,8372(brokerage business),1539,1463,20,8321(brokerage business),516,37,20,8141(brokerage business),565,-159
Total,,128635,37752,Total,,60056,4733,Total,,62361,5638
Member/OSP Type,Total Volume,Change from Previous Trading Day,Member/OSP Type,Total Long Position,Change from Previous Trading Day,Member/OSP Type,Total Short Position,Change from Previous Trading Day,,,
Contract Code：fuall,,,,,,,2026-09-16,,,,
Name of FF Member/OSBP,2912080,284052,Name of FF Member/OSBP,516228,11917,Name of FF Member/OSBP,516226,11917,,,
Name of Non-FF Member/OSNBP,0,-10,Name of Non-FF Member/OSNBP,3,0,Name of Non-FF Member/OSNBP,5,0,,,
Ranking,Name of FF Member /OSBPs,Volume,Change from Previous Trading Day,Ranking,Name of FF Member /OSBPs,Long Position,Change from Previous Trading Day,Ranking,Name of FF Member /OSBPs,Short Position,Change from Previous Trading Day
Contract Code：fu2610,,,,,,,,,,2026-09-16,
1,0004(brokerage business),40416,8774,1,0004(brokerage business),2659,44,1,0148(brokerage business),2730,1047
2,0163(brokerage business),38672,18839,2,0163(brokerage business),2506,-125,2,0067(brokerage business),2611,2090
3,0148(brokerage business),28274,1795,3,0148(brokerage business),2458,896,3,0004(brokerage business),1652,-1964
4,0272(brokerage business),21752,17328,4,0067(brokerage business),2065,1901,4,0081(brokerage business),1514,1152
5,0275(brokerage business),19689,-717,5,0081(brokerage business),1509,918,5,0163(brokerage business),1418,-814
6,0253(brokerage business),15167,11276,6,0253(brokerage business),1074,274,6,0103(brokerage business),1161,939
7,0268(brokerage business),14918,4322,7,0059(brokerage business),793,283,7,0275(brokerage business),912,13
8,0081(brokerage business),11435,6909,8,0272(brokerage business),771,-218,8,0319(brokerage business),885,374
9,0240(brokerage business),11378,2960,9,0268(brokerage business),702,31,9,0268(brokerage business),863,81
10,0123(brokerage business),8454,776,10,0034(brokerage business),612,-26,10,0253(brokerage business),789,-169
11,0069(brokerage business),6024,-355,11,0275(brokerage business),607,-53,11,0059(brokerage business),768,596
12,0103(brokerage business),5823,2385,12,0103(brokerage business),589,-1446,12,0034(brokerage business),617,-228
13,0342(brokerage business),4970,-284,13,0308(brokerage business),558,-65,13,0288(brokerage business),571,35
14,0298(brokerage business),4690,-422,14,0125(brokerage business),555,-85,14,0298(brokerage business),516,-75
15,0034(brokerage business),4445,617,15,0323(brokerage business),480,179,15,0240(brokerage business),498,-889
16,0271(brokerage business),4166,419,16,0151(brokerage business),461,-276,16,0272(brokerage business),494,-271
17,0161(brokerage business),3525,-476,17,0169(brokerage business),370,-2,17,0043(brokerage business),431,-222
18,0059(brokerage business),3344,148,18,0082(brokerage business),365,-39,18,0137(brokerage business),395,-223
19,0308(brokerage business),3068,-181,19,0096(brokerage business),356,17,19,0323(brokerage business),390,54
20,0288(brokerage business),3009,-467,20,0240(brokerage business),332,34,20,0042(brokerage business),384,-144
Total,,253219,73646,Total,,19822,2242,Total,,19599,1382
Ranking,Name of FF Member /OSBPs,Volume,Change from Previous Trading Day,Ranking,Name of FF Member /OSBPs,Long Position,Change from Previous Trading Day,Ranking,Name of FF Member /OSBPs,Short Position,Change from Previous Trading Day
Contract Code：fu2611,,,,,,,,,,2026-09-16,
1,0004(brokerage business),294218,24650,1,0004(brokerage business),21809,-514,1,0004(brokerage business),20839,507
2,0148(brokerage business),204135,17209,2,0148(brokerage business),19697,962,2,0148(brokerage business),20236,779
3,0163(brokerage business),142846,-16937,3,0163(brokerage business),12676,-1609,3,0103(brokerage business),10056,797
4,0275(brokerage business),91138,2898,4,0103(brokerage business),8121,850,4,0163(brokerage business),9446,563
5,0081(brokerage business),89287,-4228,5,0272(brokerage business),7946,291,5,0298(brokerage business),7511,-53
6,0240(brokerage business),70823,681,6,0253(brokerage business),7701,666,6,0123(brokerage business),6633,-475
7,0272(brokerage business),69600,2633,7,0268(brokerage business),7583,47,7,0268(brokerage business),6015,-587
8,0253(brokerage business),69266,5836,8,0059(brokerage business),6203,-1950,8,0034(brokerage business),5819,460
9,0268(brokerage business),50052,4824,9,0335(brokerage business),4757,-303,9,0240(brokerage business),5410,220
10,0308(brokerage business),44792,-336,10,0081(brokerage business),4706,61,10,0272(brokerage business),5006,301
11,0298(brokerage business),44590,3694,11,0240(brokerage business),4017,-297,11,0288(brokerage business),4350,-247
12,0034(brokerage business),40721,4097,12,0153(brokerage business),3656,324,12,0253(brokerage business),4229,140
13,0259(brokerage business),36412,-491,13,0034(brokerage business),3605,87,13,0018(brokerage business),3916,126
14,0186(brokerage business),31242,-1701,14,0288(brokerage business),3505,-269,14,0319(brokerage business),3620,28
15,0059(brokerage business),26094,2001,15,0082(brokerage business),3503,143,15,0059(brokerage business),3329,242
16,0299(brokerage business),21628,3062,16,0096(brokerage business),3136,-46,16,0275(brokerage business),2882,-153
17,0043(brokerage business),21109,4539,17,0161(brokerage business),3113,-45,17,0081(brokerage business),2842,137
18,0323(brokerage business),21096,4835,18,0311(brokerage business),3008,718,18,0186(brokerage business),2798,-5
19,0161(brokerage business),20748,3057,19,0308(brokerage business),3004,41,19,0042(brokerage business),2641,-23
20,0123(brokerage business),19776,-889,20,0137(brokerage business),2851,-351,20,0019(brokerage business),2565,-39
Total,,1409573,59434,Total,,134597,-1194,Total,,130143,2718
Ranking,Name of FF Member /OSBPs,Volume,Change from Previous Trading Day,Ranking,Name of FF Member /OSBPs,Long Position,Change from Previous Trading Day,Ranking,Name of FF Member /OSBPs,Short Position,Change from Previous Trading Day
Contract Code：fu2612,,,,,,,,,,2026-09-16,
1,0275(brokerage business),27184,5765,1,0004(brokerage business),10929,-293,1,0004(brokerage business),12248,1450
2,0163(brokerage business),20798,3148,2,0163(brokerage business),8891,327,2,0163(brokerage business),8985,601
3,0148(brokerage business),18027,7354,3,0034(brokerage business),7111,435,3,0137(brokerage business),6599,729
4,0004(brokerage business),15523,7751,4,0137(brokerage business),6135,1080,4,0008(brokerage business),6030,23
5,0069(brokerage business),8756,1654,5,0008(brokerage business),6002,1,5,0034(brokerage business),5992,99
6,0123(brokerage business),7735,1280,6,0148(brokerage business),5763,-128,6,0069(brokerage business),5059,198
7,0308(brokerage business),5508,2186,7,0253(brokerage business),5590,77,7,0253(brokerage business),4869,26
8,0161(brokerage business),5113,966,8,0123(brokerage business),4871,76,8,0123(brokerage business),4749,39
9,0268(brokerage business),5045,3189,9,0161(brokerage business),4496,-656,9,0161(brokerage business),4665,-645
10,0272(brokerage business),3926,1256,10,0275(brokerage business),4295,-8,10,0323(brokerage business),4326,-935
11,0240(brokerage business),3782,233,11,0069(brokerage business),4277,-34,11,0275(brokerage business),4239,-34
12,0342(brokerage business),3451,49,12,0178(brokerage business),4006,2,12,0178(brokerage business),4149,-9
13,0298(brokerage business),3182,-270,13,0335(brokerage business),2324,-52,13,0148(brokerage business),2155,629
14,0253(brokerage business),3033,1159,14,0103(brokerage business),2104,780,14,0272(brokerage business),1023,81
15,0137(brokerage business),2609,-615,15,0081(brokerage business),764,-717,15,0308(brokerage business),996,29
16,0034(brokerage business),2586,1502,16,0313(brokerage business),757,753,16,0238(brokerage business),990,774
17,0008(brokerage business),2580,344,17,0177(brokerage business),720,699,17,0268(brokerage business),859,42
18,0081(brokerage business),2320,611,18,0319(brokerage business),717,158,18,0274(brokerage business),698,94
19,0178(brokerage business),2143,331,19,0058(brokerage business),635,27,19,0385(brokerage business),657,1
20,0103(brokerage business),1853,1431,20,0272(brokerage business),604,-353,20,0169(brokerage business),617,72
Total,,145154,39324,Total,,80991,2174,Total,,79905,3264
Ranking,Name of FF Member /OSBPs,Volume,Change from Previous Trading Day,Ranking,Name of FF Member /OSBPs,Long Position,Change from Previous Trading Day,Ranking,Name of FF Member /OSBPs,Short Position,Change from Previous Trading Day
Contract Code：fu2701,,,,,,,,,,2026-09-16,
1,0004(brokerage business),49641,-5104,1,0004(brokerage business),16097,2659,1,0004(brokerage business),20701,2060
2,0163(brokerage business),47693,-7601,2,0148(brokerage business),14504,376,2,0148(brokerage business),14348,2155
3,0148(brokerage business),28331,7578,3,0239(brokerage business),9177,419,3,0163(brokerage business),7227,-1479
4,0275(brokerage business),23449,1972,4,0272(brokerage business),8389,-92,4,0272(brokerage business),6090,463
5,0253(brokerage business),12690,8070,5,0335(brokerage business),6005,-496,5,0103(brokerage business),5895,77
6,0319(brokerage business),11968,8075,6,0163(brokerage business),5745,-1590,6,0059(brokerage business),5350,727
7,0240(brokerage business),11218,3764,7,0123(brokerage business),5373,55,7,0323(brokerage business),4426,-1226
8,0081(brokerage business),10005,-2010,8,0084(brokerage business),5000,0,8,0240(brokerage business),4399,18
9,0272(brokerage business),9353,3093,9,0319(brokerage business),4852,609,9,0253(brokerage business),3408,-32
10,0009(brokerage business),6725,746,10,0253(brokerage business),4113,-134,10,0151(brokerage business),2726,83
11,0034(brokerage business),6267,1907,11,0103(brokerage business),4107,528,11,0268(brokerage business),2468,204
12,0096(brokerage business),6176,3829,12,0018(brokerage business),2854,448,12,0298(brokerage business),2460,52
13,0308(brokerage business),5795,441,13,0034(brokerage business),2494,271,13,0186(brokerage business),2340,381
14,0268(brokerage business),4966,39,14,0081(brokerage business),2332,224,14,0082(brokerage business),1887,-723
15,0298(brokerage business),4818,1675,15,0288(brokerage business),2178,421,15,0137(brokerage business),1867,283
16,0342(brokerage business),4327,85,16,0240(brokerage business),1961,98,16,0034(brokerage business),1771,188
17,0186(brokerage business),4179,1441,17,0338(brokerage business),1936,-14,17,0252(brokerage business),1729,90
18,0323(brokerage business),4045,1984,18,0096(brokerage business),1712,-92,18,0275(brokerage business),1661,-135
19,0069(brokerage business),3863,674,19,0333(brokerage business),1701,46,19,0372(brokerage business),1614,13
20,0043(brokerage business),3498,758,20,0274(brokerage business),1547,272,20,0313(brokerage business),1452,762
Total,,259007,31416,Total,,102077,4008,Total,,93819,3961
Member/OSP Type,Total Volume,Change from Previous Trading Day,Member/OSP Type,Total Long Position,Change from Previous Trading Day,Member/OSP Type,Total Short Position,Change from Previous Trading Day,,,
Contract Code：buall,,,,,,,2026-09-16,,,,
Name of FF Member/OSBP,2688908,352198,Name of FF Member/OSBP,653304,3415,Name of FF Member/OSBP,653304,3415,,,
Name of Non-FF Member/OSNBP,0,0,Name of Non-FF Member/OSNBP,0,0,Name of Non-FF Member/OSNBP,0,0,,,
Ranking,Name of FF Member /OSBPs,Volume,Change from Previous Trading Day,Ranking,Name of FF Member /OSBPs,Long Position,Change from Previous Trading Day,Ranking,Name of FF Member /OSBPs,Short Position,Change from Previous Trading Day
Contract Code：bu2610,,,,,,,,,,2026-09-16,
1,0004(brokerage business),246693,24090,1,0004(brokerage business),18812,-1189,1,0148(brokerage business),8902,-3185
2,0163(brokerage business),220294,15040,2,0148(brokerage business),13128,5,2,0272(brokerage business),8747,131
3,0148(brokerage business),108015,-371,3,0103(brokerage business),8993,569,3,0275(brokerage business),8524,-591
4,0275(brokerage business),69191,13996,4,0163(brokerage business),8214,-488,4,0240(brokerage business),6337,361
5,0123(brokerage business),58162,2699,5,0059(brokerage business),5265,-644,5,0123(brokerage business),5179,155
6,0272(brokerage business),44325,5494,6,0272(brokerage business),4379,-731,6,0298(brokerage business),5022,314
7,0081(brokerage business),41870,4280,7,0253(brokerage business),4007,-863,7,0139(brokerage business),5004,8
8,0253(brokerage business),38749,11971,8,0275(brokerage business),3457,-464,8,0004(brokerage business),4766,-1018
9,0240(brokerage business),36937,713,9,0323(brokerage business),3334,-144,9,0081(brokerage business),4206,112
10,0268(brokerage business),30460,4320,10,0240(brokerage business),3220,-256,10,0288(brokerage business),4039,-183
11,0298(brokerage business),26901,72,11,0288(brokerage business),3158,-278,11,0253(brokerage business),3890,-149
12,0259(brokerage business),25757,2398,12,0018(brokerage business),3137,-353,12,0121(brokerage business),3795,311
13,0059(brokerage business),22236,4674,13,0082(brokerage business),2670,-424,13,0268(brokerage business),3681,-89
14,0069(brokerage business),21874,2796,14,0019(brokerage business),2494,41,14,0163(brokerage business),3601,523
15,0186(brokerage business),21824,1006,15,0311(brokerage business),2456,703,15,0103(brokerage business),3564,297
16,0308(brokerage business),21672,2,16,0151(brokerage business),2371,-179,16,0082(brokerage business),3212,575
17,0034(brokerage business),21039,2011,17,0308(brokerage business),2207,410,17,0034(brokerage business),3194,152
18,0137(brokerage business),20848,5337,18,0069(brokerage business),2059,-487,18,0161(brokerage business),2996,490
19,0323(brokerage business),17891,3874,19,0137(brokerage business),2043,-451,19,0042(brokerage business),2695,114
20,0103(brokerage business),17691,-3585,20,0268(brokerage business),1987,-31,20,0029(brokerage business),2285,-99
Total,,1112429,100817,Total,,97391,-5254,Total,,93639,-1771
Ranking,Name of FF Member /OSBPs,Volume,Change from Previous Trading Day,Ranking,Name of FF Member /OSBPs,Long Position,Change from Previous Trading Day,Ranking,Name of FF Member /OSBPs,Short Position,Change from Previous Trading Day
Contract Code：bu2611,,,,,,,,,,2026-09-16,
1,0163(brokerage business),142132,32456,1,0148(brokerage business),29650,-783,1,0272(brokerage business),19620,526
2,0004(brokerage business),84781,14090,2,0004(brokerage business),20793,-2663,2,0148(brokerage business),17731,1834
3,0148(brokerage business),60523,11184,3,0272(brokerage business),19378,-90,3,0082(brokerage business),12414,78
4,0123(brokerage business),50250,15852,4,0103(brokerage business),16199,5310,4,0004(brokerage business),11933,302
5,0253(brokerage business),42648,8978,5,0163(brokerage business),11201,423,5,0275(brokerage business),10465,1242
6,0275(brokerage business),42465,-383,6,0239(brokerage business),10371,-296,6,0009(brokerage business),9760,70
7,0081(brokerage business),20376,6794,7,0082(brokerage business),10159,97,7,0081(brokerage business),9261,1162
8,0059(brokerage business),16686,5238,8,0123(brokerage business),9124,-821,8,0123(brokerage business),9135,-21
9,0272(brokerage business),16540,3856,9,0268(brokerage business),9107,100,9,0059(brokerage business),7949,181
10,0103(brokerage business),16497,13107,10,0081(brokerage business),7177,136,10,0137(brokerage business),7709,67
11,0240(brokerage business),15189,2407,11,0059(brokerage business),7129,533,11,0103(brokerage business),7395,-1725
12,0069(brokerage business),14565,4083,12,0137(brokerage business),6875,73,12,0163(brokerage business),7161,901
13,0268(brokerage business),12468,1846,13,0253(brokerage business),6702,7,13,0268(brokerage business),6968,784
14,0082(brokerage business),10739,5572,14,0161(brokerage business),6287,-1131,14,0253(brokerage business),6618,-1241
15,0043(brokerage business),10105,6129,15,0335(brokerage business),6263,98,15,0069(brokerage business),6499,568
16,0161(brokerage business),9557,4697,16,0275(brokerage business),4830,-205,16,0139(brokerage business),6481,-383
17,0342(brokerage business),9155,2678,17,0116(brokerage business),4690,3680,17,0177(brokerage business),5613,-126
18,0298(brokerage business),8874,2959,18,0009(brokerage business),4686,-232,18,0288(brokerage business),4354,2
19,0186(brokerage business),8868,3007,19,0069(brokerage business),4621,-49,19,0333(brokerage business),4242,193
20,0034(brokerage business),8455,2848,20,0238(brokerage business),4342,11,20,0034(brokerage business),3930,-132
Total,,600873,147398,Total,,199584,4198,Total,,175238,4282
Ranking,Name of FF Member /OSBPs,Volume,Change from Previous Trading Day,Ranking,Name of FF Member /OSBPs,Long Position,Change from Previous Trading Day,Ranking,Name of FF Member /OSBPs,Short Position,Change from Previous Trading Day
Contract Code：bu2612,,,,,,,,,,2026-09-16,
1,0163(brokerage business),28142,1563,1,0004(brokerage business),15137,-1735,1,0103(brokerage business),8241,-1411
2,0148(brokerage business),18004,-485,2,0148(brokerage business),11687,422,2,0004(brokerage business),7565,84
3,0004(brokerage business),16515,-5306,3,0335(brokerage business),10198,722,3,0123(brokerage business),7119,-678
4,0275(brokerage business),15842,-1591,4,0239(brokerage business),10085,178,4,0244(brokerage business),6931,226
5,0123(brokerage business),15146,2355,5,0103(brokerage business),7537,-714,5,0253(brokerage business),6762,208
6,0253(brokerage business),11572,2872,6,0177(brokerage business),5220,-27,6,0333(brokerage business),6158,208
7,0272(brokerage business),9419,1662,7,0009(brokerage business),4928,260,7,0272(brokerage business),5988,-2551
8,0308(brokerage business),8057,-1888,8,0163(brokerage business),4294,552,8,0275(brokerage business),5477,459
9,0103(brokerage business),5411,3112,9,0253(brokerage business),4103,274,9,0335(brokerage business),5212,79
10,0333(brokerage business),5247,-1671,10,0272(brokerage business),3527,-264,10,0082(brokerage business),5117,109
11,0059(brokerage business),5038,343,11,0084(brokerage business),3000,0,11,0238(brokerage business),5098,36
12,0240(brokerage business),4332,780,12,0059(brokerage business),2855,-309,12,0323(brokerage business),4914,-147
13,0069(brokerage business),4015,981,13,0161(brokerage business),2801,253,13,0148(brokerage business),4898,940
14,0268(brokerage business),3592,1604,14,0275(brokerage business),2566,-73,14,0240(brokerage business),3989,415
15,0137(brokerage business),3083,570,15,0277(brokerage business),2486,-88,15,0096(brokerage business),3797,292
16,0271(brokerage business),2705,-1541,16,0034(brokerage business),2247,144,16,0163(brokerage business),3327,388
17,0342(brokerage business),2217,641,17,0268(brokerage business),2197,356,17,0018(brokerage business),3032,114
18,0095(brokerage business),2153,1575,18,0240(brokerage business),1882,395,18,0069(brokerage business),3030,-161
19,0096(brokerage business),2046,983,19,0153(brokerage business),1784,210,19,0268(brokerage business),2468,76
20,0009(brokerage business),2013,716,20,0082(brokerage business),1669,-452,20,0068(brokerage business),1995,198
Total,,164549,7275,Total,,100203,104,Total,,101118,-1116
Ranking,Name of FF Member /OSBPs,Volume,Change from Previous Trading Day,Ranking,Name of FF Member /OSBPs,Long Position,Change from Previous Trading Day,Ranking,Name of FF Member /OSBPs,Short Position,Change from Previous Trading Day
Contract Code：bu2701,,,,,,,,,,2026-09-16,
1,0163(brokerage business),19396,4203,1,0148(brokerage business),9724,1782,1,0272(brokerage business),9752,823
2,0004(brokerage business),8914,2246,2,0272(brokerage business),8140,220,2,0275(brokerage business),5653,38
3,0148(brokerage business),7866,1357,3,0161(brokerage business),4546,0,3,0137(brokerage business),4664,98
4,0275(brokerage business),6425,631,4,0082(brokerage business),4419,166,4,0082(brokerage business),4493,153
5,0308(brokerage business),5275,1097,5,0139(brokerage business),4238,241,5,0161(brokerage business),4342,741
6,0272(brokerage business),4815,603,6,0081(brokerage business),4161,109,6,0139(brokerage business),4273,250
7,0253(brokerage business),4528,1087,7,0137(brokerage business),4003,-32,7,0148(brokerage business),4266,106
8,0059(brokerage business),4214,-20,8,0059(brokerage business),3642,338,8,0059(brokerage business),3926,148
9,0123(brokerage business),3745,433,9,0069(brokerage business),3555,332,9,0004(brokerage business),3356,383
10,0333(brokerage business),3345,1657,10,0275(brokerage business),3505,141,10,0069(brokerage business),3312,61
11,0268(brokerage business),2728,944,11,0009(brokerage business),3085,380,11,0123(brokerage business),2924,-132
12,0161(brokerage business),2409,714,12,0123(brokerage business),3024,-261,12,0009(brokerage business),2760,149
13,0342(brokerage business),2125,623,13,0268(brokerage business),2004,119,13,0081(brokerage business),2640,14
14,0240(brokerage business),2082,454,14,0163(brokerage business),1743,38,14,0238(brokerage business),2575,-55
15,0069(brokerage business),2065,-22,15,0004(brokerage business),1668,-1145,15,0103(brokerage business),2444,-14
16,0271(brokerage business),1723,412,16,0335(brokerage business),1638,226,16,0268(brokerage business),2201,67
17,0137(brokerage business),1562,-1439,17,0253(brokerage business),1591,369,17,0333(brokerage business),1373,104
18,0299(brokerage business),1528,-54,18,0042(brokerage business),1147,405,18,0018(brokerage business),1195,-16
19,0081(brokerage business),1419,157,19,0141(brokerage business),1011,231,19,0163(brokerage business),844,-6
20,0186(brokerage business),1365,72,20,0240(brokerage business),805,39,20,0321(brokerage business),814,73
Total,,87529,15155,Total,,67649,3698,Total,,67807,2985
Member/OSP Type,Total Volume,Change from Previous Trading Day,Member/OSP Type,Total Long Position,Change from Previous Trading Day,Member/OSP Type,Total Short Position,Change from Previous Trading Day,,,
Contract Code：brall,,,,,,,2026-09-16,,,,
Name of FF Member/OSBP,644946,108714,Name of FF Member/OSBP,144225,6561,Name of FF Member/OSBP,144225,6561,,,
Name of Non-FF Member/OSNBP,0,0,Name of Non-FF Member/OSNBP,0,0,Name of Non-FF Member/OSNBP,0,0,,,
Ranking,Name of FF Member /OSBPs,Volume,Change from Previous Trading Day,Ranking,Name of FF Member /OSBPs,Long Position,Change from Previous Trading Day,Ranking,Name of FF Member /OSBPs,Short Position,Change from Previous Trading Day
Contract Code：br2610,,,,,,,,,,2026-09-16,
1,0148(brokerage business),47107,4013,1,0004(brokerage business),3372,-9,1,0004(brokerage business),2523,-958
2,0275(brokerage business),30691,3728,2,0148(brokerage business),2022,-491,2,0163(brokerage business),1966,-577
3,0004(brokerage business),29207,-1842,3,0103(brokerage business),987,-176,3,0148(brokerage business),1637,8
4,0163(brokerage business),28762,1958,4,0253(brokerage business),906,166,4,0253(brokerage business),816,-43
5,0253(brokerage business),16647,1636,5,0163(brokerage business),758,-653,5,0275(brokerage business),779,-16
6,0123(brokerage business),16298,1736,6,0321(brokerage business),619,78,6,0082(brokerage business),721,-145
7,0081(brokerage business),16296,588,7,0275(brokerage business),517,41,7,0298(brokerage business),671,259
8,0259(brokerage business),9697,3092,8,0268(brokerage business),511,-149,8,0058(brokerage business),574,-29
9,0298(brokerage business),8858,1362,9,0272(brokerage business),500,-6,9,0272(brokerage business),558,-43
10,0240(brokerage business),7473,411,10,0059(brokerage business),486,-101,10,0123(brokerage business),557,-77
11,0272(brokerage business),5177,304,11,0081(brokerage business),462,88,11,0034(brokerage business),469,137
12,0268(brokerage business),4594,-395,12,0123(brokerage business),444,-15,12,0186(brokerage business),464,60
13,0186(brokerage business),4542,-1270,13,0007(brokerage business),437,24,13,0418(brokerage business),461,-75
14,0034(brokerage business),4038,-439,14,0058(brokerage business),407,54,14,0151(brokerage business),434,-132
15,0019(brokerage business),3660,312,15,0052(brokerage business),386,115,15,0240(brokerage business),423,4
16,0059(brokerage business),3568,257,16,0096(brokerage business),355,-29,16,0018(brokerage business),420,-102
17,0288(brokerage business),2891,-869,17,0034(brokerage business),338,-179,17,0103(brokerage business),417,-139
18,0323(brokerage business),2859,891,18,0001(brokerage business),337,-122,18,0019(brokerage business),385,-620
19,0308(brokerage business),2592,609,19,0009(brokerage business),335,203,19,0177(brokerage business),380,35
20,0007(brokerage business),2463,352,20,0271(brokerage business),327,101,20,0081(brokerage business),367,-46
Total,,247420,16434,Total,,14506,-1060,Total,,15022,-2499
Ranking,Name of FF Member /OSBPs,Volume,Change from Previous Trading Day,Ranking,Name of FF Member /OSBPs,Long Position,Change from Previous Trading Day,Ranking,Name of FF Member /OSBPs,Short Position,Change from Previous Trading Day
Contract Code：br2611,,,,,,,,,,2026-09-16,
1,0004(brokerage business),44816,12017,1,0148(brokerage business),16172,5458,1,0004(brokerage business),12811,-5270
2,0148(brokerage business),37284,13925,2,0004(brokerage business),8720,2202,2,0323(brokerage business),8514,354
3,0081(brokerage business),21975,6455,3,0323(brokerage business),7986,-47,3,0148(brokerage business),7992,990
4,0163(brokerage business),19817,1365,4,0268(brokerage business),7456,609,4,0268(brokerage business),6670,229
5,0253(brokerage business),17531,4628,5,0163(brokerage business),4896,14,5,0272(brokerage business),4628,365
6,0275(brokerage business),16035,3021,6,0253(brokerage business),4638,270,6,0103(brokerage business),4470,2948
7,0123(brokerage business),12396,2867,7,0123(brokerage business),4138,-785,7,0123(brokerage business),4176,527
8,0240(brokerage business),7166,-453,8,0103(brokerage business),3875,458,8,0253(brokerage business),3881,497
9,0103(brokerage business),5166,2134,9,0275(brokerage business),2383,-190,9,0163(brokerage business),3760,-473
10,0272(brokerage business),4167,508,10,0335(brokerage business),2300,146,10,0275(brokerage business),2457,335
11,0268(brokerage business),3976,-376,11,0043(brokerage business),2222,-48,11,0082(brokerage business),2353,324
12,0274(brokerage business),3669,1281,12,0096(brokerage business),2024,-244,12,0029(brokerage business),2321,346
13,0096(brokerage business),3101,1485,13,0272(brokerage business),1992,-148,13,0096(brokerage business),2085,-155
14,0059(brokerage business),3010,293,14,0048(brokerage business),1448,78,14,0043(brokerage business),1903,-74
15,0177(brokerage business),2908,1297,15,0240(brokerage business),1192,-359,15,0058(brokerage business),1777,1462
16,0058(brokerage business),2692,1646,16,0007(brokerage business),1147,-233,16,0081(brokerage business),1692,391
17,0323(brokerage business),2547,790,17,0259(brokerage business),965,107,17,0048(brokerage business),1218,-1
18,0186(brokerage business),2451,591,18,0034(brokerage business),867,-50,18,0254(brokerage business),1164,99
19,0137(brokerage business),2136,885,19,0137(brokerage business),778,79,19,0177(brokerage business),1067,629
20,0069(brokerage business),2075,1102,20,0059(brokerage business),697,34,20,0240(brokerage business),929,623
Total,,214918,55461,Total,,75896,7351,Total,,75868,4146
Member/OSP Type,Total Volume,Change from Previous Trading Day,Member/OSP Type,Total Long Position,Change from Previous Trading Day,Member/OSP Type,Total Short Position,Change from Previous Trading Day,,,
Contract Code：ruall,,,,,,,2026-09-16,,,,
Name of FF Member/OSBP,531416,-70426,Name of FF Member/OSBP,173792,-6046,Name of FF Member/OSBP,173562,-6096,,,
Name of Non-FF Member/OSNBP,0,0,Name of Non-FF Member/OSNBP,0,-50,Name of Non-FF Member/OSNBP,230,0,,,
Ranking,Name of FF Member /OSBPs,Volume,Change from Previous Trading Day,Ranking,Name of FF Member /OSBPs,Long Position,Change from Previous Trading Day,Ranking,Name of FF Member /OSBPs,Short Position,Change from Previous Trading Day
Contract Code：ru2611,,,,,,,,,,2026-09-16,
1,0004(brokerage business),900,249,1,0004(brokerage business),743,26,1,0004(brokerage business),1158,364
2,0253(brokerage business),704,-204,2,0151(brokerage business),528,27,2,0240(brokerage business),704,79
3,0151(brokerage business),552,377,3,0058(brokerage business),464,2,3,0103(brokerage business),487,0
4,0163(brokerage business),496,-172,4,0163(brokerage business),390,-29,4,0151(brokerage business),455,-17
5,0148(brokerage business),404,-7,5,0123(brokerage business),377,8,5,0163(brokerage business),346,-13
6,0161(brokerage business),361,-42,6,0177(brokerage business),353,0,6,0349(brokerage business),324,0
7,0308(brokerage business),348,-166,7,0148(brokerage business),337,13,7,0077(brokerage business),296,1
8,0272(brokerage business),287,-70,8,0082(brokerage business),217,-1,8,0148(brokerage business),250,13
9,0081(brokerage business),273,251,9,0240(brokerage business),181,74,9,0081(brokerage business),198,1
10,0240(brokerage business),247,-103,10,0272(brokerage business),180,-33,10,0253(brokerage business),189,0
11,0137(brokerage business),191,-20,11,0096(brokerage business),174,0,11,0069(brokerage business),138,22
12,0312(brokerage business),137,-63,12,0253(brokerage business),142,20,12,0123(brokerage business),98,5
13,0047(brokerage business),90,90,13,0081(brokerage business),102,6,13,0335(brokerage business),96,0
14,0125(brokerage business),90,41,14,0125(brokerage business),100,40,14,0082(brokerage business),84,3
15,0123(brokerage business),71,23,15,0312(brokerage business),96,-4,15,0096(brokerage business),80,3
16,0082(brokerage business),68,-68,16,0137(brokerage business),83,23,16,0268(brokerage business),72,-1
17,0069(brokerage business),64,28,17,0103(brokerage business),79,-2,17,0177(brokerage business),62,0
18,0268(brokerage business),55,6,18,0042(brokerage business),65,-2,18,0058(brokerage business),59,0
19,0275(brokerage business),49,-19,19,0009(brokerage business),64,-3,19,0059(brokerage business),58,-9
20,0244(brokerage business),42,37,20,0069(brokerage business),59,2,20,0029(brokerage business),46,0
Total,,5429,168,Total,,4734,167,Total,,5200,451
Ranking,Name of FF Member /OSBPs,Volume,Change from Previous Trading Day,Ranking,Name of FF Member /OSBPs,Long Position,Change from Previous Trading Day,Ranking,Name of FF Member /OSBPs,Short Position,Change from Previous Trading Day
Contract Code：ru2701,,,,,,,,,,2026-09-16,
1,0163(brokerage business),73931,-11195,1,0004(brokerage business),10031,-267,1,0004(brokerage business),17014,-1228
2,0004(brokerage business),57479,-31380,2,0148(brokerage business),8509,-132,2,0148(brokerage business),9581,-481
3,0148(brokerage business),43821,-7211,3,0272(brokerage business),7308,-667,3,0123(brokerage business),9474,-52
4,0275(brokerage business),36779,12228,4,0163(brokerage business),6675,-2781,4,0272(brokerage business),5111,-323
5,0253(brokerage business),34649,2876,5,0103(brokerage business),6359,-1,5,0163(brokerage business),4936,358
6,0272(brokerage business),27910,-746,6,0253(brokerage business),5796,780,6,0275(brokerage business),4363,438
7,0123(brokerage business),17591,-1445,7,0240(brokerage business),3469,112,7,0372(brokerage business),4294,22
8,0240(brokerage business),14578,217,8,0082(brokerage business),3223,-34,8,0151(brokerage business),4282,113
9,0259(brokerage business),12103,-4114,9,0268(brokerage business),2871,148,9,0103(brokerage business),3998,-669
10,0096(brokerage business),7809,-833,10,0077(brokerage business),2698,47,10,0253(brokerage business),3481,-45
11,0081(brokerage business),6101,-1594,11,0096(brokerage business),2449,-34,11,0096(brokerage business),3411,-89
12,0034(brokerage business),5664,-697,12,0125(brokerage business),2282,-268,12,0082(brokerage business),3372,62
13,0323(brokerage business),4518,-1060,13,0277(brokerage business),2223,96,13,0240(brokerage business),3287,54
14,0186(brokerage business),4189,-1644,14,0034(brokerage business),2148,-59,14,0125(brokerage business),3057,-61
15,0019(brokerage business),3953,-76,15,0323(brokerage business),2094,-1088,15,0059(brokerage business),3052,211
16,0059(brokerage business),3554,-1629,16,0018(brokerage business),2053,-201,16,0077(brokerage business),3035,-30
17,0298(brokerage business),3498,-510,17,0081(brokerage business),2048,393,17,0058(brokerage business),2748,-28
18,0009(brokerage business),3408,-456,18,0275(brokerage business),2042,-707,18,0177(brokerage business),2507,-434
19,0268(brokerage business),3289,-815,19,0059(brokerage business),2011,65,19,0069(brokerage business),2068,176
20,0018(brokerage business),3217,-757,20,0288(brokerage business),1910,-20,20,0019(brokerage business),1851,-431
Total,,368041,-50841,Total,,78199,-4618,Total,,94922,-2437
Ranking,Name of FF Member /OSBPs,Volume,Change from Previous Trading Day,Ranking,Name of FF Member /OSBPs,Long Position,Change from Previous Trading Day,Ranking,Name of FF Member /OSBPs,Short Position,Change from Previous Trading Day
Contract Code：ru2705,,,,,,,,,,2026-09-16,
1,0163(brokerage business),10402,-1775,1,0004(brokerage business),2134,92,1,0082(brokerage business),11190,-9
2,0148(brokerage business),8721,517,2,0148(brokerage business),1955,-133,2,0272(brokerage business),2402,-29
3,0253(brokerage business),7186,-160,3,0253(brokerage business),1848,126,3,0004(brokerage business),2335,201
4,0004(brokerage business),5649,930,4,0277(brokerage business),1703,-5,4,0275(brokerage business),1720,16
5,0081(brokerage business),2411,580,5,0103(brokerage business),1543,-4,5,0372(brokerage business),1386,6
6,0275(brokerage business),2207,-1223,6,0163(brokerage business),1472,-99,6,0148(brokerage business),1067,-112
7,0123(brokerage business),1956,796,7,0272(brokerage business),1307,-217,7,0137(brokerage business),760,17
8,0240(brokerage business),987,-113,8,0295(brokerage business),1307,5,8,0103(brokerage business),651,-113
9,0009(brokerage business),927,-272,9,0240(brokerage business),947,-29,9,0096(brokerage business),624,89
10,0272(brokerage business),666,249,10,0059(brokerage business),629,70,10,0123(brokerage business),602,8
11,0059(brokerage business),652,-621,11,0323(brokerage business),608,310,11,0151(brokerage business),452,68
12,0007(brokerage business),619,312,12,0418(brokerage business),600,-200,12,0058(brokerage business),448,-5
13,0069(brokerage business),585,124,13,0139(brokerage business),522,10,13,0019(brokerage business),434,2
14,0323(brokerage business),570,240,14,0125(brokerage business),512,215,14,0125(brokerage business),406,-39
15,0103(brokerage business),451,-267,15,0007(brokerage business),505,-5,15,0163(brokerage business),396,155
16,0268(brokerage business),308,101,16,0268(brokerage business),492,208,16,0121(brokerage business),350,-13
17,0043(brokerage business),307,-15,17,0077(brokerage business),445,-1,17,0139(brokerage business),336,-1
18,0125(brokerage business),294,-215,18,0096(brokerage business),405,15,18,0077(brokerage business),263,-9
19,0389(brokerage business),288,-208,19,0018(brokerage business),391,1,19,0136(brokerage business),233,2
20,0274(brokerage business),287,-13,20,0034(brokerage business),376,9,20,0240(brokerage business),212,8
Total,,45473,-1033,Total,,19701,368,Total,,26267,242
Ranking,Name of FF Member /OSBPs,Volume,Change from Previous Trading Day,Ranking,Name of FF Member /OSBPs,Long Position,Change from Previous Trading Day,Ranking,Name of FF Member /OSBPs,Short Position,Change from Previous Trading Day
Contract Code：nr2610,,,,,,,,,,2026-09-16,
1,8163(brokerage business),3606,1525,1,8004(brokerage business),2547,-790,1,8004(brokerage business),2072,-229
2,8004(brokerage business),2246,558,2,8148(brokerage business),1350,-98,2,8272(brokerage business),1629,47
3,8275(brokerage business),1414,468,3,8096(brokerage business),1055,-415,3,8148(brokerage business),1382,-226
4,8271(brokerage business),1357,1152,4,8253(brokerage business),829,-48,4,8103(brokerage business),976,-48
5,8253(brokerage business),958,161,5,8058(brokerage business),740,-35,5,8163(brokerage business),961,-115
6,8308(brokerage business),622,322,6,8077(brokerage business),616,-106,6,8240(brokerage business),729,146
7,8349(brokerage business),577,554,7,8059(brokerage business),610,0,7,8177(brokerage business),596,-541
8,8148(brokerage business),550,-646,8,8389(brokerage business),341,-167,8,8019(brokerage business),564,-28
9,8177(brokerage business),541,358,9,8153(brokerage business),326,-3,9,8253(brokerage business),428,-1
10,8096(brokerage business),419,397,10,8001(brokerage business),260,-159,10,8077(brokerage business),362,-10
11,8123(brokerage business),408,138,11,8272(brokerage business),252,-120,11,8275(brokerage business),307,9
12,8139(brokerage business),400,400,12,8123(brokerage business),234,2,12,8139(brokerage business),217,-400
13,8272(brokerage business),302,57,13,8171(brokerage business),222,-110,13,8058(brokerage business),213,-11
14,8305(brokerage business),270,140,14,8095(brokerage business),216,-55,14,8123(brokerage business),193,-194
15,8240(brokerage business),246,152,15,8003(brokerage business),200,-103,15,8069(brokerage business),133,-8
16,8389(brokerage business),204,202,16,8274(brokerage business),200,0,16,8254(brokerage business),127,0
17,8333(brokerage business),172,130,17,8312(brokerage business),171,-80,17,8389(brokerage business),113,-37
18,8268(brokerage business),165,-73,18,8163(brokerage business),167,-82,18,8385(brokerage business),96,0
19,8001(brokerage business),159,159,19,8018(brokerage business),164,-7,19,8308(brokerage business),94,1
20,8103(brokerage business),156,122,20,8103(brokerage business),160,-108,20,8081(brokerage business),84,10
Total,,14772,6276,Total,,10660,-2484,Total,,11276,-1635
Ranking,Name of FF Member /OSBPs,Volume,Change from Previous Trading Day,Ranking,Name of FF Member /OSBPs,Long Position,Change from Previous Trading Day,Ranking,Name of FF Member /OSBPs,Short Position,Change from Previous Trading Day
Contract Code：nr2611,,,,,,,,,,2026-09-16,
1,8163(brokerage business),24926,1302,1,8239(brokerage business),5453,-338,1,8004(brokerage business),8729,-765
2,8148(brokerage business),9221,-2031,2,8148(brokerage business),5350,-432,2,8148(brokerage business),5673,-3
3,8253(brokerage business),8932,-871,3,8184(brokerage business),5059,-363,3,8253(brokerage business),3574,-199
4,8004(brokerage business),8695,-2497,4,8004(brokerage business),4919,262,4,8272(brokerage business),3542,-195
5,8272(brokerage business),8238,-335,5,8103(brokerage business),4644,569,5,8096(brokerage business),3461,-515
6,8275(brokerage business),7565,-275,6,8163(brokerage business),3795,-1435,6,8163(brokerage business),3111,39
7,8123(brokerage business),4946,1595,7,8084(brokerage business),3093,-366,7,8123(brokerage business),3077,108
8,8081(brokerage business),3359,-1039,8,8272(brokerage business),2336,-35,8,8240(brokerage business),2803,50
9,8096(brokerage business),3118,396,9,8277(brokerage business),1884,42,9,8082(brokerage business),2544,-33
10,8298(brokerage business),1873,767,10,8253(brokerage business),1583,-59,10,8125(brokerage business),2513,149
11,8103(brokerage business),1812,-67,11,8240(brokerage business),1503,-53,11,8103(brokerage business),2235,-151
12,8323(brokerage business),1765,-571,12,8274(brokerage business),1503,32,12,8058(brokerage business),1921,-89
13,8288(brokerage business),1688,831,13,8335(brokerage business),1488,-235,13,8059(brokerage business),1571,-11
14,8238(brokerage business),1386,1153,14,8268(brokerage business),1396,-34,14,8077(brokerage business),1489,-134
15,8240(brokerage business),1273,4,15,8288(brokerage business),1172,-37,15,8275(brokerage business),1248,-95
16,8186(brokerage business),1230,-326,16,8007(brokerage business),1125,4,16,8177(brokerage business),1062,-91
17,8059(brokerage business),1187,-479,17,8139(brokerage business),997,23,17,8153(brokerage business),1026,73
18,8043(brokerage business),1132,-304,18,8123(brokerage business),953,-4,18,8009(brokerage business),962,-46
19,8308(brokerage business),1052,419,19,8349(brokerage business),909,-71,19,8069(brokerage business),945,-85
20,8069(brokerage business),880,-85,20,8077(brokerage business),901,0,20,8308(brokerage business),932,-219
Total,,94278,-2413,Total,,50063,-2530,Total,,52418,-2212
Ranking,Name of FF Member /OSBPs,Volume,Change from Previous Trading Day,Ranking,Name of FF Member /OSBPs,Long Position,Change from Previous Trading Day,Ranking,Name of FF Member /OSBPs,Short Position,Change from Previous Trading Day
Contract Code：nr2612,,,,,,,,,,2026-09-16,
1,8163(brokerage business),7716,-1595,1,8004(brokerage business),5844,47,1,8004(brokerage business),8765,-305
2,8253(brokerage business),5739,-184,2,8148(brokerage business),4652,-269,2,8148(brokerage business),3312,226
3,8148(brokerage business),3675,-2318,3,8103(brokerage business),3033,-71,3,8253(brokerage business),3170,-49
4,8004(brokerage business),3072,-2197,4,8163(brokerage business),2849,152,4,8163(brokerage business),2582,14
5,8081(brokerage business),2400,-162,5,8323(brokerage business),2317,77,5,8240(brokerage business),2378,248
6,8275(brokerage business),2132,-3,6,8268(brokerage business),2170,-22,6,8268(brokerage business),2336,-14
7,8308(brokerage business),1003,193,7,8082(brokerage business),2164,8,7,8082(brokerage business),2180,6
8,8096(brokerage business),985,-458,8,8034(brokerage business),2091,39,8,8123(brokerage business),2108,-9
9,8272(brokerage business),982,181,9,8253(brokerage business),1965,132,9,8323(brokerage business),2082,6
10,8123(brokerage business),907,-339,10,8161(brokerage business),1657,-21,10,8034(brokerage business),1874,25
11,8372(brokerage business),649,204,11,8295(brokerage business),1596,-1,11,8103(brokerage business),1808,-67
12,8240(brokerage business),587,220,12,8274(brokerage business),1466,-36,12,8372(brokerage business),1804,-398
13,8059(brokerage business),543,-715,13,8372(brokerage business),1338,-21,13,8272(brokerage business),1592,68
14,8069(brokerage business),468,99,14,8277(brokerage business),1204,0,14,8161(brokerage business),1556,20
15,8239(brokerage business),423,124,15,8139(brokerage business),1193,6,15,8058(brokerage business),1246,-163
16,8103(brokerage business),404,-63,16,8239(brokerage business),816,387,16,8275(brokerage business),1228,-72
17,8259(brokerage business),329,242,17,8238(brokerage business),708,-13,17,8277(brokerage business),1092,-110
18,8007(brokerage business),323,-74,18,8009(brokerage business),666,-114,18,8177(brokerage business),891,21
19,8058(brokerage business),322,34,19,8123(brokerage business),600,0,19,8096(brokerage business),688,72
20,8321(brokerage business),245,231,20,8184(brokerage business),519,5,20,8019(brokerage business),450,4
Total,,32904,-6580,Total,,38848,285,Total,,43142,-477
Ranking,Name of FF Member /OSBPs,Volume,Change from Previous Trading Day,Ranking,Name of FF Member /OSBPs,Long Position,Change from Previous Trading Day,Ranking,Name of FF Member /OSBPs,Short Position,Change from Previous Trading Day
Contract Code：nr2701,,,,,,,,,,2026-09-16,
1,8163(brokerage business),4718,-685,1,8004(brokerage business),3431,-37,1,8004(brokerage business),7620,-45
2,8253(brokerage business),2564,-898,2,8148(brokerage business),2918,91,2,8148(brokerage business),3240,-11
3,8004(brokerage business),2090,-794,3,8103(brokerage business),1886,196,3,8272(brokerage business),2091,98
4,8148(brokerage business),1648,-1899,4,8139(brokerage business),1632,0,4,8372(brokerage business),1417,101
5,8123(brokerage business),1297,541,5,8274(brokerage business),1609,20,5,8123(brokerage business),1340,-23
6,8275(brokerage business),788,-309,6,8295(brokerage business),1472,0,6,8275(brokerage business),1251,-25
7,8059(brokerage business),728,-640,7,8272(brokerage business),1428,-163,7,8163(brokerage business),1235,-46
8,8308(brokerage business),719,234,8,8323(brokerage business),1265,81,8,8254(brokerage business),1232,0
9,8272(brokerage business),623,234,9,8253(brokerage business),1255,101,9,8253(brokerage business),1024,9
10,8240(brokerage business),476,108,10,8163(brokerage business),1206,-62,10,8059(brokerage business),991,-15
11,8349(brokerage business),387,387,11,8335(brokerage business),1197,-2,11,8349(brokerage business),981,385
12,8007(brokerage business),358,21,12,8059(brokerage business),884,-15,12,8240(brokerage business),955,267
13,8323(brokerage business),332,-124,13,8137(brokerage business),842,101,13,8103(brokerage business),938,-7
14,8305(brokerage business),322,80,14,8121(brokerage business),792,0,14,8305(brokerage business),885,322
15,8069(brokerage business),321,78,15,8288(brokerage business),756,-3,15,8321(brokerage business),785,84
16,8077(brokerage business),282,175,16,8240(brokerage business),709,-23,16,8058(brokerage business),778,-65
17,8103(brokerage business),245,-68,17,8077(brokerage business),680,-165,17,8019(brokerage business),741,-13
18,8259(brokerage business),240,192,18,8107(brokerage business),622,17,18,8385(brokerage business),734,0
19,8239(brokerage business),234,-113,19,8123(brokerage business),543,4,19,8034(brokerage business),720,3
20,8271(brokerage business),218,14,20,8043(brokerage business),519,3,20,8082(brokerage business),716,-5
Total,,18590,-3466,Total,,25646,144,Total,,29674,1014
Member/OSP Type,Total Volume,Change from Previous Trading Day,Member/OSP Type,Total Long Position,Change from Previous Trading Day,Member/OSP Type,Total Short Position,Change from Previous Trading Day,,,
Contract Code：spall,,,,,,,2026-09-16,,,,
Name of FF Member/OSBP,878976,6412,Name of FF Member/OSBP,398468,-20341,Name of FF Member/OSBP,398468,-20341,,,
Name of Non-FF Member/OSNBP,0,0,Name of Non-FF Member/OSNBP,0,0,Name of Non-FF Member/OSNBP,0,0,,,
Ranking,Name of FF Member /OSBPs,Volume,Change from Previous Trading Day,Ranking,Name of FF Member /OSBPs,Long Position,Change from Previous Trading Day,Ranking,Name of FF Member /OSBPs,Short Position,Change from Previous Trading Day
Contract Code：sp2611,,,,,,,,,,2026-09-16,
1,0004(brokerage business),139380,5715,1,0004(brokerage business),26433,1125,1,0148(brokerage business),25944,2493
2,0163(brokerage business),102298,7961,2,0148(brokerage business),13255,-2688,2,0004(brokerage business),23834,-171
3,0148(brokerage business),66143,5418,3,0163(brokerage business),12104,3017,3,0163(brokerage business),13163,-2983
4,0253(brokerage business),39338,1849,4,0272(brokerage business),11308,-1926,4,0239(brokerage business),11761,-619
5,0081(brokerage business),36493,19303,5,0268(brokerage business),7644,-262,5,0272(brokerage business),10804,553
6,0275(brokerage business),35721,-120,6,0240(brokerage business),6076,-3,6,0103(brokerage business),7892,-192
7,0259(brokerage business),25885,-1058,7,0103(brokerage business),6058,-2720,7,0253(brokerage business),7571,-278
8,0272(brokerage business),17579,-14313,8,0253(brokerage business),6037,-940,8,0335(brokerage business),6839,-395
9,0123(brokerage business),16603,-654,9,0096(brokerage business),4510,-1834,9,0123(brokerage business),5860,489
10,0103(brokerage business),12268,343,10,0081(brokerage business),4328,371,10,0177(brokerage business),5819,251
11,0096(brokerage business),9507,368,11,0169(brokerage business),3445,324,11,0081(brokerage business),4692,-860
12,0240(brokerage business),9065,-14955,12,0043(brokerage business),2941,-163,12,0059(brokerage business),3797,-1336
13,0059(brokerage business),7166,2687,13,0059(brokerage business),2926,706,13,0034(brokerage business),3268,-595
14,0308(brokerage business),7091,174,14,0238(brokerage business),2917,-135,14,0043(brokerage business),3261,-91
15,0268(brokerage business),6702,760,15,0137(brokerage business),2878,584,15,0268(brokerage business),3032,560
16,0161(brokerage business),6484,-2274,16,0275(brokerage business),2810,-1265,16,0082(brokerage business),2861,-318
17,0186(brokerage business),6395,83,17,0034(brokerage business),2778,-631,17,0240(brokerage business),2668,212
18,0298(brokerage business),5462,448,18,0013(brokerage business),2774,83,18,0321(brokerage business),2667,-254
19,0034(brokerage business),5166,36,19,0069(brokerage business),2740,-362,19,0058(brokerage business),2578,282
20,0077(brokerage business),4751,1562,20,0058(brokerage business),2650,-437,20,0084(brokerage business),2510,-311
Total,,559497,13333,Total,,126612,-7156,Total,,150821,-3563
Ranking,Name of FF Member /OSBPs,Volume,Change from Previous Trading Day,Ranking,Name of FF Member /OSBPs,Long Position,Change from Previous Trading Day,Ranking,Name of FF Member /OSBPs,Short Position,Change from Previous Trading Day
Contract Code：sp2701,,,,,,,,,,2026-09-16,
1,0148(brokerage business),29095,-3912,1,0004(brokerage business),11945,679,1,0004(brokerage business),17880,35
2,0163(brokerage business),18539,1123,2,0123(brokerage business),9995,-366,2,0148(brokerage business),15525,307
3,0004(brokerage business),16684,-7038,3,0163(brokerage business),8300,-396,3,0103(brokerage business),5867,1613
4,0253(brokerage business),16521,3246,4,0272(brokerage business),6834,-378,4,0418(brokerage business),5685,0
5,0123(brokerage business),8366,-9414,5,0177(brokerage business),5301,-11,5,0163(brokerage business),4731,195
6,0275(brokerage business),7968,-376,6,0148(brokerage business),5218,146,6,0081(brokerage business),4707,-182
7,0081(brokerage business),5014,2676,7,0042(brokerage business),5165,-122,7,0169(brokerage business),4618,-315
8,0240(brokerage business),4194,1061,8,0103(brokerage business),4787,223,8,0009(brokerage business),4472,-73
9,0259(brokerage business),3243,123,9,0043(brokerage business),4003,-208,9,0335(brokerage business),4467,118
10,0103(brokerage business),3132,2004,10,0275(brokerage business),3398,1030,10,0253(brokerage business),4192,-174
11,0272(brokerage business),2978,492,11,0077(brokerage business),3150,21,11,0272(brokerage business),3756,-30
12,0077(brokerage business),2920,1816,12,0018(brokerage business),2999,141,12,0029(brokerage business),3746,24
13,0034(brokerage business),2072,1156,13,0253(brokerage business),2437,23,13,0125(brokerage business),3708,31
14,0096(brokerage business),1939,266,14,0082(brokerage business),2055,-59,14,0274(brokerage business),3441,-355
15,0311(brokerage business),1615,523,15,0288(brokerage business),1985,-31,15,0077(brokerage business),3396,801
16,0086(brokerage business),1573,1260,16,0186(brokerage business),1975,53,16,0177(brokerage business),3049,-18
17,0069(brokerage business),1404,-940,17,0034(brokerage business),1867,-890,17,0139(brokerage business),2782,311
18,0186(brokerage business),1300,228,18,0096(brokerage business),1856,-225,18,0096(brokerage business),2664,-910
19,0059(brokerage business),1296,-1081,19,0136(brokerage business),1780,17,19,0019(brokerage business),1929,-40
20,0308(brokerage business),1163,59,20,0262(brokerage business),1652,-9,20,0059(brokerage business),1885,-279
Total,,131016,-6728,Total,,86702,-362,Total,,102500,1059
Ranking,Name of FF Member /OSBPs,Volume,Change from Previous Trading Day,Ranking,Name of FF Member /OSBPs,Long Position,Change from Previous Trading Day,Ranking,Name of FF Member /OSBPs,Short Position,Change from Previous Trading Day
Contract Code：sp2703,,,,,,,,,,2026-09-16,
1,0163(brokerage business),6296,93,1,0048(brokerage business),4891,5,1,0148(brokerage business),5563,190
2,0253(brokerage business),2729,574,2,0103(brokerage business),4710,6,2,0048(brokerage business),4496,0
3,0004(brokerage business),1511,-80,3,0148(brokerage business),4611,112,3,0081(brokerage business),4300,203
4,0148(brokerage business),1490,-497,4,0081(brokerage business),4300,217,4,0139(brokerage business),4021,0
5,0008(brokerage business),1344,128,5,0139(brokerage business),4005,0,5,0103(brokerage business),4016,3
6,0275(brokerage business),1118,-79,6,0043(brokerage business),2958,302,6,0043(brokerage business),2977,305
7,0081(brokerage business),1098,518,7,0137(brokerage business),2790,488,7,0137(brokerage business),2751,458
8,0178(brokerage business),1026,-485,8,0042(brokerage business),2330,-95,8,0178(brokerage business),2300,0
9,0137(brokerage business),950,413,9,0178(brokerage business),2323,0,9,0008(brokerage business),1999,-1
10,0139(brokerage business),918,112,10,0008(brokerage business),1999,-1,10,0253(brokerage business),1847,12
11,0059(brokerage business),778,79,11,0253(brokerage business),1640,15,11,0059(brokerage business),1609,-6
12,0043(brokerage business),615,57,12,0059(brokerage business),1559,4,12,0019(brokerage business),893,31
13,0048(brokerage business),457,317,13,0019(brokerage business),811,46,13,0272(brokerage business),802,24
14,0103(brokerage business),433,-552,14,0004(brokerage business),588,-1,14,0004(brokerage business),715,-52
15,0298(brokerage business),224,152,15,0086(brokerage business),368,0,15,0163(brokerage business),552,-86
16,0025(brokerage business),172,-102,16,0163(brokerage business),317,4,16,0159(brokerage business),527,0
17,0244(brokerage business),151,123,17,0077(brokerage business),254,2,17,0308(brokerage business),388,0
18,0259(brokerage business),133,78,18,0049(brokerage business),204,0,18,0029(brokerage business),351,2
19,0042(brokerage business),99,-1309,19,0275(brokerage business),176,-3,19,0153(brokerage business),262,17
20,0019(brokerage business),83,-66,20,0389(brokerage business),168,0,20,0389(brokerage business),251,2
Total,,21625,-526,Total,,41002,1101,Total,,40620,1102
Member/OSP Type,Total Volume,Change from Previous Trading Day,Member/OSP Type,Total Long Position,Change from Previous Trading Day,Member/OSP Type,Total Short Position,Change from Previous Trading Day,,,
Contract Code：opall,,,,,,,2026-09-16,,,,
Name of FF Member/OSBP,28156,-13146,Name of FF Member/OSBP,26593,134,Name of FF Member/OSBP,26593,134,,,
Name of Non-FF Member/OSNBP,0,0,Name of Non-FF Member/OSNBP,0,0,Name of Non-FF Member/OSNBP,0,0,,,
Ranking,Name of FF Member /OSBPs,Volume,Change from Previous Trading Day,Ranking,Name of FF Member /OSBPs,Long Position,Change from Previous Trading Day,Ranking,Name of FF Member /OSBPs,Short Position,Change from Previous Trading Day
Contract Code：op2610,,,,,,,,,,2026-09-16,
1,0268(brokerage business),1490,-1259,1,0268(brokerage business),976,24,1,0268(brokerage business),899,-2
2,0257(brokerage business),722,-1084,2,0082(brokerage business),538,-4,2,0004(brokerage business),768,-5
3,0275(brokerage business),610,-930,3,0004(brokerage business),513,10,3,0257(brokerage business),491,-9
4,0148(brokerage business),560,-2972,4,0148(brokerage business),497,20,4,0008(brokerage business),490,-4
5,0123(brokerage business),520,18,5,0257(brokerage business),495,3,5,0123(brokerage business),485,-2
6,0004(brokerage business),429,-282,6,0008(brokerage business),490,-4,6,0082(brokerage business),477,-4
7,0163(brokerage business),267,-259,7,0123(brokerage business),485,-2,7,0148(brokerage business),477,10
8,0321(brokerage business),100,100,8,0275(brokerage business),463,-1,8,0275(brokerage business),454,-7
9,0008(brokerage business),50,-4,9,0013(brokerage business),157,0,9,0321(brokerage business),100,100
10,0137(brokerage business),15,4,10,0163(brokerage business),32,21,10,0018(brokerage business),39,-4
11,0081(brokerage business),9,9,11,0069(brokerage business),31,1,11,0319(brokerage business),38,0
12,0082(brokerage business),8,1,12,0067(brokerage business),30,0,12,0125(brokerage business),30,0
13,0089(brokerage business),8,4,13,0059(brokerage business),28,3,13,0163(brokerage business),24,-12
14,0299(brokerage business),7,3,14,0137(brokerage business),25,-4,14,0103(brokerage business),20,-1
15,0086(brokerage business),6,6,15,0048(brokerage business),21,-1,15,0137(brokerage business),20,5
16,0058(brokerage business),5,-6,16,0182(brokerage business),19,0,16,0389(brokerage business),20,0
17,0059(brokerage business),5,0,17,0311(brokerage business),11,1,17,0136(brokerage business),13,-2
18,0018(brokerage business),4,-2,18,0240(brokerage business),10,-1,18,0001(brokerage business),7,-1
19,0259(brokerage business),4,4,19,0139(brokerage business),9,0,19,0151(brokerage business),7,0
20,0069(brokerage business),3,2,20,0042(brokerage business),8,0,20,0277(brokerage business),5,0
Total,,4822,-6647,Total,,4838,66,Total,,4864,62
Ranking,Name of FF Member /OSBPs,Volume,Change from Previous Trading Day,Ranking,Name of FF Member /OSBPs,Long Position,Change from Previous Trading Day,Ranking,Name of FF Member /OSBPs,Short Position,Change from Previous Trading Day
Contract Code：op2611,,,,,,,,,,2026-09-16,
1,0004(brokerage business),3743,1617,1,0268(brokerage business),3758,-3,1,0268(brokerage business),3745,1
2,0268(brokerage business),3194,274,2,0004(brokerage business),3129,36,2,0123(brokerage business),2899,20
3,0163(brokerage business),3160,-322,3,0148(brokerage business),2812,61,3,0004(brokerage business),2694,25
4,0148(brokerage business),2124,-2324,4,0123(brokerage business),2498,20,4,0148(brokerage business),2564,17
5,0008(brokerage business),1484,-212,5,0008(brokerage business),2003,1,5,0008(brokerage business),2008,1
6,0257(brokerage business),1418,-1826,6,0082(brokerage business),1615,-7,6,0082(brokerage business),1516,-1
7,0275(brokerage business),1365,199,7,0275(brokerage business),1438,-12,7,0275(brokerage business),1410,-3
8,0123(brokerage business),1288,-801,8,0257(brokerage business),1300,-5,8,0257(brokerage business),1302,7
9,0081(brokerage business),747,126,9,0321(brokerage business),288,0,9,0163(brokerage business),563,-3
10,0019(brokerage business),199,-23,10,0313(brokerage business),178,110,10,0103(brokerage business),498,2
11,0186(brokerage business),127,36,11,0163(brokerage business),140,-57,11,0253(brokerage business),348,-1
12,0309(brokerage business),123,-34,12,0059(brokerage business),125,2,12,0001(brokerage business),158,-1
13,0313(brokerage business),112,-115,13,0103(brokerage business),102,32,13,0274(brokerage business),135,29
14,0058(brokerage business),101,5,14,0161(brokerage business),90,41,14,0137(brokerage business),113,-1
15,0103(brokerage business),60,27,15,0048(brokerage business),86,-7,15,0019(brokerage business),110,-3
16,0161(brokerage business),57,1,16,0029(brokerage business),80,1,16,0042(brokerage business),87,5
17,0018(brokerage business),53,23,17,0272(brokerage business),79,-7,17,0030(brokerage business),82,0
18,0274(brokerage business),48,39,18,0186(brokerage business),70,1,18,0048(brokerage business),71,0
19,0311(brokerage business),47,-22,19,0034(brokerage business),61,-18,19,0186(brokerage business),61,28
20,0253(brokerage business),46,-30,20,0137(brokerage business),59,12,20,0086(brokerage business),60,6
Total,,19496,-3362,Total,,19911,201,Total,,20424,128
