"SHFE Member/OSP Volume, Open Interest Rankings",,,,,,,,,,,
,,,,,,,,,,,
Date: 2026-09-15,,,,,,,,,,,
"Note: FF Member/OSBP may not engage in trading of its own futures, the above volume and positions ranking data of FF Member/OSBP Clearing Members refers to he participation of all clients who are engaging in brokerage business during the statistical period. FF Member/OSBP engaging in brokerage business shall accept entrustment by its clients to conduct futures trading in its own name on behalf of the client.",,,,,,,,,,,
Member/OSP Type,Total Volume,Change from Previous Trading Day,Member/OSP Type,Total Long Position,Change from Previous Trading Day,Member/OSP Type,Total Short Position,Change from Previous Trading Day,,,
Contract Code：cuall,,,,,,,2026-09-15,,,,
Name of FF Member/OSBP,424984,-166,Name of FF Member/OSBP,535054,5231,Name of FF Member/OSBP,525047,6009,,,
Name of Non-FF Member/OSNBP,2538,-1482,Name of Non-FF Member/OSNBP,3890,254,Name of Non-FF Member/OSNBP,13897,-524,,,
Ranking,Name of FF Member /OSBPs,Volume,Change from Previous Trading Day,Ranking,Name of FF Member /OSBPs,Long Position,Change from Previous Trading Day,Ranking,Name of FF Member /OSBPs,Short Position,Change from Previous Trading Day
Contract Code：cu2609,,,,,,,,,,2026-09-15,
1,0049(brokerage business),1620,-545,1,0148(brokerage business),1510,-5,1,0315(brokerage business),535,110
2,0272(brokerage business),365,-625,2,0004(brokerage business),860,-105,2,0025(brokerage business),400,-10
3,0169(brokerage business),310,50,3,0272(brokerage business),195,160,3,0139(brokerage business),395,0
4,0151(brokerage business),245,0,4,0049(brokerage business),145,-605,4,0004(brokerage business),365,90
5,0004(brokerage business),225,-2075,5,0323(brokerage business),100,0,5,0081(brokerage business),330,0
6,0077(brokerage business),225,25,6,0007(brokerage business),65,35,6,0082(brokerage business),265,30
7,0311(brokerage business),200,150,7,0077(brokerage business),30,-120,7,0047(brokerage business),185,-5
8,0025(brokerage business),195,-2355,8,0108(brokerage business),10,0,8,0049(brokerage business),140,-115
9,0123(brokerage business),170,105,9,0013(brokerage business),5,0,9,0003(brokerage business),65,-15
10,0240(brokerage business),160,-305,10,0137(brokerage business),5,0,10,0009(brokerage business),60,-30
11,0338(brokerage business),160,-35,11,,,,11,0148(brokerage business),55,-5
12,0069(brokerage business),155,80,12,,,,12,0151(brokerage business),20,0
13,0081(brokerage business),150,-1090,13,,,,13,0274(brokerage business),20,0
14,0096(brokerage business),150,-770,14,,,,14,0121(brokerage business),15,-55
15,0161(brokerage business),135,110,15,,,,15,0048(brokerage business),5,5
16,0058(brokerage business),120,-305,16,,,,16,0096(brokerage business),5,-150
17,0315(brokerage business),110,-1570,17,,,,17,0137(brokerage business),5,0
18,0007(brokerage business),105,-105,18,,,,18,,,
19,0009(brokerage business),100,-685,19,,,,19,,,
20,0003(brokerage business),60,-1010,20,,,,20,,,
Total,,4960,-10955,Total,,2925,-640,Total,,2865,-150
Ranking,Name of FF Member /OSBPs,Volume,Change from Previous Trading Day,Ranking,Name of FF Member /OSBPs,Long Position,Change from Previous Trading Day,Ranking,Name of FF Member /OSBPs,Short Position,Change from Previous Trading Day
Contract Code：cu2610,,,,,,,,,,2026-09-15,
1,0148(brokerage business),29258,2462,1,0004(brokerage business),20524,-1077,1,0148(brokerage business),19996,1547
2,0163(brokerage business),25014,845,2,0148(brokerage business),19428,-4951,2,0163(brokerage business),12430,-399
3,0004(brokerage business),15706,-3785,3,0049(brokerage business),15680,1765,3,0049(brokerage business),11987,-2115
4,0049(brokerage business),10391,1210,4,0272(brokerage business),8749,281,4,0004(brokerage business),9382,-249
5,0272(brokerage business),9614,-2183,5,0163(brokerage business),7080,-315,5,0139(brokerage business),8924,417
6,0096(brokerage business),7962,168,6,0103(brokerage business),6857,-285,6,0009(brokerage business),7707,-335
7,0034(brokerage business),7512,2730,7,0077(brokerage business),4940,-53,7,0082(brokerage business),6292,675
8,0253(brokerage business),6549,-378,8,0253(brokerage business),4280,-411,8,0321(brokerage business),5702,41
9,0308(brokerage business),5910,722,9,0240(brokerage business),4106,865,9,0025(brokerage business),5603,92
10,0275(brokerage business),5640,-1003,10,0268(brokerage business),3503,164,10,0240(brokerage business),4052,-76
11,0123(brokerage business),3733,699,11,0321(brokerage business),3309,980,11,0253(brokerage business),3903,-322
12,0082(brokerage business),3606,1231,12,0096(brokerage business),2896,193,12,0272(brokerage business),3860,-13
13,0081(brokerage business),3554,-2561,13,0003(brokerage business),2677,209,13,0315(brokerage business),3832,43
14,0240(brokerage business),3373,995,14,0042(brokerage business),2435,-127,14,0058(brokerage business),3771,-942
15,0268(brokerage business),3138,101,15,0081(brokerage business),2302,-21,15,0308(brokerage business),3466,-495
16,0151(brokerage business),2793,1308,16,0308(brokerage business),2189,-71,16,0169(brokerage business),3259,298
17,0095(brokerage business),2705,1933,17,0136(brokerage business),2174,-141,17,0096(brokerage business),3239,-481
18,0042(brokerage business),2669,-458,18,0323(brokerage business),2172,159,18,0034(brokerage business),2952,-31
19,0009(brokerage business),2625,-618,19,0034(brokerage business),2150,-269,19,0081(brokerage business),2842,-341
20,0125(brokerage business),2299,-384,20,0161(brokerage business),2039,-203,20,0018(brokerage business),2424,-135
Total,,154051,3034,Total,,119490,-3308,Total,,125623,-2821
Ranking,Name of FF Member /OSBPs,Volume,Change from Previous Trading Day,Ranking,Name of FF Member /OSBPs,Long Position,Change from Previous Trading Day,Ranking,Name of FF Member /OSBPs,Short Position,Change from Previous Trading Day
Contract Code：cu2611,,,,,,,,,,2026-09-15,
1,0148(brokerage business),15799,5939,1,0148(brokerage business),21774,-1816,1,0148(brokerage business),15824,2611
2,0163(brokerage business),11713,2628,2,0004(brokerage business),10162,1262,2,0004(brokerage business),14988,465
3,0004(brokerage business),8071,533,3,0272(brokerage business),8522,-1080,3,0049(brokerage business),9787,-297
4,0272(brokerage business),7173,5,4,0239(brokerage business),6278,-2204,4,0163(brokerage business),5704,365
5,0096(brokerage business),4848,317,5,0163(brokerage business),5336,-300,5,0315(brokerage business),5287,-216
6,0308(brokerage business),4084,188,6,0003(brokerage business),4758,1178,6,0042(brokerage business),4690,-78
7,0275(brokerage business),2858,492,7,0259(brokerage business),3990,374,7,0272(brokerage business),4296,-317
8,0372(brokerage business),2415,1995,8,0049(brokerage business),3975,102,8,0009(brokerage business),3913,-30
9,0123(brokerage business),2319,1301,9,0268(brokerage business),3204,174,9,0321(brokerage business),3335,182
10,0239(brokerage business),2296,-179,10,0034(brokerage business),3164,276,10,0253(brokerage business),3325,66
11,0253(brokerage business),2112,228,11,0308(brokerage business),3061,277,11,0139(brokerage business),3288,-100
12,0049(brokerage business),2103,364,12,0125(brokerage business),2563,247,12,0069(brokerage business),3184,-215
13,0333(brokerage business),1929,579,13,0323(brokerage business),2337,74,13,0372(brokerage business),3152,-1990
14,0081(brokerage business),1688,-382,14,0123(brokerage business),2180,58,14,0067(brokerage business),2798,180
15,0009(brokerage business),1527,418,15,0096(brokerage business),2160,207,15,0082(brokerage business),2712,119
16,0103(brokerage business),1477,490,16,0253(brokerage business),2128,176,16,0169(brokerage business),2460,-11
17,0042(brokerage business),1434,551,17,0385(brokerage business),2107,110,17,0034(brokerage business),2175,-496
18,0034(brokerage business),1346,348,18,0103(brokerage business),2082,-408,18,0177(brokerage business),2161,-1
19,0003(brokerage business),1320,1160,19,0178(brokerage business),2063,32,19,0025(brokerage business),2123,-260
20,0240(brokerage business),1316,-14,20,0042(brokerage business),1757,234,20,0138(brokerage business),1803,-18
Total,,77828,16961,Total,,93601,-1027,Total,,97005,-41
Ranking,Name of FF Member /OSBPs,Volume,Change from Previous Trading Day,Ranking,Name of FF Member /OSBPs,Long Position,Change from Previous Trading Day,Ranking,Name of FF Member /OSBPs,Short Position,Change from Previous Trading Day
Contract Code：cu2612,,,,,,,,,,2026-09-15,
1,0148(brokerage business),5929,2211,1,0148(brokerage business),8552,2173,1,0148(brokerage business),11481,1016
2,0163(brokerage business),5708,1159,2,0004(brokerage business),4910,582,2,0004(brokerage business),9784,521
3,0004(brokerage business),4545,583,3,0049(brokerage business),4170,513,3,0049(brokerage business),9024,141
4,0272(brokerage business),3167,72,4,0272(brokerage business),4167,66,4,0272(brokerage business),4860,767
5,0308(brokerage business),2890,789,5,0136(brokerage business),4110,59,5,0372(brokerage business),4172,2022
6,0372(brokerage business),2253,1633,6,0268(brokerage business),3541,5,6,0163(brokerage business),3900,996
7,0333(brokerage business),2119,334,7,0103(brokerage business),3310,77,7,0125(brokerage business),3155,-75
8,0275(brokerage business),1953,407,8,0163(brokerage business),3266,888,8,0034(brokerage business),2982,-10
9,0096(brokerage business),1649,342,9,0274(brokerage business),2997,-89,9,0067(brokerage business),2693,99
10,0049(brokerage business),1104,262,10,0323(brokerage business),2913,216,10,0096(brokerage business),2564,-793
11,0123(brokerage business),1085,636,11,0081(brokerage business),2229,-35,11,0042(brokerage business),2539,156
12,0003(brokerage business),920,191,12,0178(brokerage business),2188,-43,12,0308(brokerage business),2433,908
13,0240(brokerage business),846,304,13,0025(brokerage business),2062,5,13,0169(brokerage business),2327,-177
14,0253(brokerage business),775,-72,14,0031(brokerage business),1984,16,14,0082(brokerage business),2166,-3
15,0081(brokerage business),734,7,15,0034(brokerage business),1827,54,15,0138(brokerage business),1969,6
16,0042(brokerage business),713,-71,16,0333(brokerage business),1817,176,16,0253(brokerage business),1929,99
17,0259(brokerage business),707,-151,17,0003(brokerage business),1799,737,17,0259(brokerage business),1723,546
18,0077(brokerage business),595,418,18,0077(brokerage business),1782,-214,18,0025(brokerage business),1477,-1
19,0029(brokerage business),546,-317,19,0253(brokerage business),1753,116,19,0333(brokerage business),1461,475
20,0323(brokerage business),536,14,20,0069(brokerage business),1710,36,20,0240(brokerage business),1439,211
Total,,38774,8751,Total,,61087,5338,Total,,74078,6904
Ranking,Name of FF Member /OSBPs,Volume,Change from Previous Trading Day,Ranking,Name of FF Member /OSBPs,Long Position,Change from Previous Trading Day,Ranking,Name of FF Member /OSBPs,Short Position,Change from Previous Trading Day
Contract Code：cu2701,,,,,,,,,,2026-09-15,
1,0163(brokerage business),2228,572,1,0148(brokerage business),3944,138,1,0148(brokerage business),13091,166
2,0148(brokerage business),1220,165,2,0049(brokerage business),2805,8,2,0049(brokerage business),5893,385
3,0333(brokerage business),1110,-98,3,0004(brokerage business),2264,191,3,0272(brokerage business),4870,-31
4,0004(brokerage business),783,270,4,0136(brokerage business),2146,3,4,0034(brokerage business),2205,456
5,0096(brokerage business),699,-465,5,0096(brokerage business),2001,454,5,0067(brokerage business),1372,-47
6,0272(brokerage business),667,-38,6,0034(brokerage business),1920,131,6,0333(brokerage business),1335,100
7,0042(brokerage business),651,256,7,0069(brokerage business),1876,59,7,0169(brokerage business),1284,58
8,0034(brokerage business),645,580,8,0333(brokerage business),1486,142,8,0042(brokerage business),1241,-100
9,0184(brokerage business),500,500,9,0323(brokerage business),1444,38,9,0103(brokerage business),1179,63
10,0049(brokerage business),495,383,10,0031(brokerage business),1318,5,10,0372(brokerage business),966,13
11,0308(brokerage business),485,-46,11,0103(brokerage business),1235,3,11,0163(brokerage business),909,34
12,0253(brokerage business),473,-14,12,0177(brokerage business),1021,1,12,0029(brokerage business),672,361
13,0275(brokerage business),463,69,13,0272(brokerage business),1005,32,13,0077(brokerage business),581,4
14,0123(brokerage business),391,225,14,0163(brokerage business),975,-52,14,0082(brokerage business),570,3
15,0239(brokerage business),389,381,15,0274(brokerage business),925,-3,15,0025(brokerage business),514,-1
16,0029(brokerage business),371,-159,16,0125(brokerage business),849,67,16,0253(brokerage business),484,96
17,0240(brokerage business),247,-81,17,0178(brokerage business),787,42,17,0018(brokerage business),459,3
18,0125(brokerage business),232,-480,18,0003(brokerage business),701,60,18,0321(brokerage business),447,0
19,0103(brokerage business),224,157,19,0339(brokerage business),685,0,19,0240(brokerage business),438,42
20,0077(brokerage business),221,126,20,0042(brokerage business),664,-17,20,0004(brokerage business),380,36
Total,,12494,2303,Total,,30051,1302,Total,,38890,1641
Ranking,Name of FF Member /OSBPs,Volume,Change from Previous Trading Day,Ranking,Name of FF Member /OSBPs,Long Position,Change from Previous Trading Day,Ranking,Name of FF Member /OSBPs,Short Position,Change from Previous Trading Day
Contract Code：cu2702,,,,,,,,,,2026-09-15,
1,0163(brokerage business),1246,636,1,0004(brokerage business),2940,177,1,0148(brokerage business),7216,170
2,0272(brokerage business),668,376,2,0272(brokerage business),2210,92,2,0004(brokerage business),2327,32
3,0004(brokerage business),601,57,3,0148(brokerage business),1937,16,3,0025(brokerage business),2175,4
4,0333(brokerage business),579,-129,4,0069(brokerage business),1317,9,4,0042(brokerage business),1419,178
5,0148(brokerage business),386,-352,5,0031(brokerage business),1034,48,5,0163(brokerage business),1140,478
6,0240(brokerage business),345,86,6,0323(brokerage business),1008,46,6,0103(brokerage business),1048,0
7,0253(brokerage business),249,170,7,0049(brokerage business),998,-16,7,0333(brokerage business),1013,87
8,0042(brokerage business),191,-206,8,0081(brokerage business),707,69,8,0049(brokerage business),781,-14
9,0081(brokerage business),155,-29,9,0139(brokerage business),698,0,9,0067(brokerage business),655,-22
10,0034(brokerage business),126,89,10,0034(brokerage business),636,118,10,0272(brokerage business),512,330
11,0088(brokerage business),121,89,11,0178(brokerage business),542,40,11,0077(brokerage business),451,-9
12,0008(brokerage business),108,108,12,0333(brokerage business),515,138,12,0082(brokerage business),202,0
13,0308(brokerage business),108,-52,13,0003(brokerage business),417,22,13,0096(brokerage business),177,15
14,0269(brokerage business),105,105,14,0103(brokerage business),414,9,14,0323(brokerage business),176,1
15,0161(brokerage business),103,85,15,0008(brokerage business),358,92,15,0088(brokerage business),158,-39
16,0123(brokerage business),90,-25,16,0161(brokerage business),356,1,16,0059(brokerage business),143,0
17,0125(brokerage business),87,-28,17,0253(brokerage business),337,-10,17,0008(brokerage business),131,0
18,0323(brokerage business),73,36,18,0268(brokerage business),310,-6,18,0034(brokerage business),130,2
19,0116(brokerage business),66,47,19,0042(brokerage business),263,5,19,0240(brokerage business),126,90
20,0186(brokerage business),60,-29,20,0096(brokerage business),246,17,20,0253(brokerage business),121,-59
Total,,5467,1034,Total,,17243,867,Total,,20101,1244
Ranking,Name of FF Member /OSBPs,Volume,Change from Previous Trading Day,Ranking,Name of FF Member /OSBPs,Long Position,Change from Previous Trading Day,Ranking,Name of FF Member /OSBPs,Short Position,Change from Previous Trading Day
Contract Code：cu2703,,,,,,,,,,2026-09-15,
1,0272(brokerage business),982,299,1,0323(brokerage business),2197,4,1,0148(brokerage business),10902,474
2,0333(brokerage business),786,253,2,0148(brokerage business),2159,-2,2,0049(brokerage business),2862,347
3,0148(brokerage business),696,318,3,0049(brokerage business),1909,-12,3,0004(brokerage business),2388,9
4,0163(brokerage business),649,-320,4,0272(brokerage business),1759,15,4,0077(brokerage business),2086,-3
5,0004(brokerage business),573,258,5,0069(brokerage business),1477,8,5,0422(brokerage business),1040,0
6,0049(brokerage business),391,245,6,0034(brokerage business),1252,6,6,0323(brokerage business),1018,0
7,0240(brokerage business),368,232,7,0004(brokerage business),1217,304,7,0042(brokerage business),1010,9
8,0096(brokerage business),326,224,8,0339(brokerage business),1091,1,8,0067(brokerage business),1004,0
9,0372(brokerage business),278,186,9,0136(brokerage business),1079,1,9,0103(brokerage business),842,-3
10,0269(brokerage business),237,237,10,0003(brokerage business),992,4,10,0163(brokerage business),678,81
11,0186(brokerage business),175,66,11,0333(brokerage business),977,72,11,0333(brokerage business),411,166
12,0253(brokerage business),151,61,12,0163(brokerage business),955,72,12,0272(brokerage business),353,-25
13,0308(brokerage business),134,17,13,0031(brokerage business),927,70,13,0240(brokerage business),248,117
14,0095(brokerage business),126,66,14,0372(brokerage business),826,66,14,0372(brokerage business),235,212
15,0123(brokerage business),104,39,15,0338(brokerage business),784,2,15,0096(brokerage business),139,25
16,0088(brokerage business),89,57,16,0268(brokerage business),685,9,16,0025(brokerage business),134,1
17,0018(brokerage business),85,35,17,0253(brokerage business),659,73,17,0008(brokerage business),103,0
18,0275(brokerage business),85,58,18,0042(brokerage business),527,65,18,0268(brokerage business),85,3
19,0042(brokerage business),84,-303,19,0096(brokerage business),465,225,19,0274(brokerage business),84,-13
20,0081(brokerage business),84,-3,20,0169(brokerage business),318,4,20,0123(brokerage business),73,-5
Total,,6403,2025,Total,,22255,987,Total,,25695,1395
Ranking,Name of FF Member /OSBPs,Volume,Change from Previous Trading Day,Ranking,Name of FF Member /OSBPs,Long Position,Change from Previous Trading Day,Ranking,Name of FF Member /OSBPs,Short Position,Change from Previous Trading Day
Contract Code：bc2609,,,,,,,,,,2026-09-15,
1,,,,1,8240(brokerage business),490,0,1,8009(brokerage business),330,0
2,,,,2,8253(brokerage business),140,0,2,8274(brokerage business),215,0
3,,,,3,8049(brokerage business),135,0,3,8096(brokerage business),190,0
4,,,,4,8148(brokerage business),115,0,4,8240(brokerage business),140,0
5,,,,5,8161(brokerage business),90,0,5,8049(brokerage business),80,0
6,,,,6,,,,6,8253(brokerage business),15,0
Total,,,,Total,,970,0,Total,,970,0
Ranking,Name of FF Member /OSBPs,Volume,Change from Previous Trading Day,Ranking,Name of FF Member /OSBPs,Long Position,Change from Previous Trading Day,Ranking,Name of FF Member /OSBPs,Short Position,Change from Previous Trading Day
Contract Code：bc2610,,,,,,,,,,2026-09-15,
1,8163(brokerage business),3532,-320,1,8004(brokerage business),2973,-79,1,8148(brokerage business),3206,-223
2,8148(brokerage business),2019,-644,2,8148(brokerage business),2471,-14,2,8004(brokerage business),2892,-175
3,8253(brokerage business),1379,-707,3,8081(brokerage business),867,8,3,8163(brokerage business),760,79
4,8275(brokerage business),1149,1064,4,8239(brokerage business),821,-179,4,8081(brokerage business),757,-7
5,8004(brokerage business),952,-717,5,8184(brokerage business),793,-71,5,8161(brokerage business),678,-61
6,8308(brokerage business),605,-1,6,8161(brokerage business),653,-37,6,8240(brokerage business),588,-2
7,8081(brokerage business),407,-193,7,8082(brokerage business),617,34,7,8082(brokerage business),585,39
8,8096(brokerage business),378,-62,8,8103(brokerage business),580,-6,8,8049(brokerage business),516,-4
9,8048(brokerage business),322,242,9,8323(brokerage business),358,1,9,8103(brokerage business),513,-6
10,8239(brokerage business),274,-100,10,8048(brokerage business),283,-41,10,8084(brokerage business),370,30
11,8161(brokerage business),254,-35,11,8163(brokerage business),232,-135,11,8323(brokerage business),351,-1
12,8103(brokerage business),130,-45,12,8272(brokerage business),203,-6,12,8048(brokerage business),261,-41
13,8184(brokerage business),118,20,13,8253(brokerage business),198,-66,13,8253(brokerage business),258,1
14,8082(brokerage business),97,29,14,8001(brokerage business),143,0,14,8051(brokerage business),239,0
15,8153(brokerage business),97,5,15,8308(brokerage business),108,92,15,8034(brokerage business),158,-20
16,8333(brokerage business),96,93,16,8311(brokerage business),107,-28,16,8139(brokerage business),96,55
17,8009(brokerage business),75,-182,17,8138(brokerage business),97,15,17,8123(brokerage business),81,1
18,8272(brokerage business),75,-54,18,8259(brokerage business),72,2,18,8239(brokerage business),46,21
19,8321(brokerage business),60,47,19,8096(brokerage business),62,56,19,8184(brokerage business),39,-43
20,8268(brokerage business),58,-54,20,8151(brokerage business),57,-1,20,8308(brokerage business),35,-27
Total,,12077,-1614,Total,,11695,-455,Total,,12429,-384
Member/OSP Type,Total Volume,Change from Previous Trading Day,Member/OSP Type,Total Long Position,Change from Previous Trading Day,Member/OSP Type,Total Short Position,Change from Previous Trading Day,,,
Contract Code：alall,,,,,,,2026-09-15,,,,
Name of FF Member/OSBP,500804,-143806,Name of FF Member/OSBP,579638,-9590,Name of FF Member/OSBP,572762,-9570,,,
Name of Non-FF Member/OSNBP,20,-240,Name of Non-FF Member/OSNBP,0,0,Name of Non-FF Member/OSNBP,6876,-20,,,
Ranking,Name of FF Member /OSBPs,Volume,Change from Previous Trading Day,Ranking,Name of FF Member /OSBPs,Long Position,Change from Previous Trading Day,Ranking,Name of FF Member /OSBPs,Short Position,Change from Previous Trading Day
Contract Code：al2609,,,,,,,,,,2026-09-15,
1,0139(brokerage business),460,50,1,0148(brokerage business),4195,0,1,0004(brokerage business),2825,100
2,0004(brokerage business),395,-680,2,0004(brokerage business),2740,-215,2,0240(brokerage business),880,65
3,0019(brokerage business),305,165,3,0058(brokerage business),1525,175,3,0043(brokerage business),665,0
4,0049(brokerage business),270,70,4,0043(brokerage business),710,0,4,0321(brokerage business),600,0
5,0058(brokerage business),175,125,5,0139(brokerage business),525,460,5,0123(brokerage business),535,0
6,0007(brokerage business),165,125,6,0059(brokerage business),160,5,6,0308(brokerage business),505,65
7,0153(brokerage business),115,115,7,0349(brokerage business),125,45,7,0048(brokerage business),390,50
8,0042(brokerage business),105,-70,8,0049(brokerage business),120,-270,8,0069(brokerage business),365,0
9,0240(brokerage business),105,-30,9,0153(brokerage business),115,115,9,0007(brokerage business),360,40
10,0003(brokerage business),100,0,10,0082(brokerage business),45,0,10,0139(brokerage business),360,0
11,0148(brokerage business),100,-270,11,0308(brokerage business),45,0,11,0299(brokerage business),335,-40
12,0059(brokerage business),95,75,12,0042(brokerage business),30,30,12,0103(brokerage business),305,0
13,0238(brokerage business),90,-310,13,0077(brokerage business),30,-20,13,0268(brokerage business),260,30
14,0299(brokerage business),90,35,14,0038(brokerage business),20,0,14,0018(brokerage business),230,0
15,0308(brokerage business),65,65,15,0338(brokerage business),10,0,15,0272(brokerage business),210,25
16,0253(brokerage business),55,40,16,,,,16,0275(brokerage business),210,10
17,0048(brokerage business),50,30,17,,,,17,0013(brokerage business),200,0
18,0103(brokerage business),50,-390,18,,,,18,0171(brokerage business),200,0
19,0349(brokerage business),45,-35,19,,,,19,0148(brokerage business),175,-40
20,0081(brokerage business),40,40,20,,,,20,0042(brokerage business),160,-75
Total,,2875,-850,Total,,10395,325,Total,,9770,230
Ranking,Name of FF Member /OSBPs,Volume,Change from Previous Trading Day,Ranking,Name of FF Member /OSBPs,Long Position,Change from Previous Trading Day,Ranking,Name of FF Member /OSBPs,Short Position,Change from Previous Trading Day
Contract Code：al2610,,,,,,,,,,2026-09-15,
1,0163(brokerage business),44974,-550,1,0004(brokerage business),20779,-2817,1,0148(brokerage business),32335,-3862
2,0148(brokerage business),40835,-8484,2,0148(brokerage business),20448,-4569,2,0004(brokerage business),22017,-2424
3,0004(brokerage business),28805,-13174,3,0163(brokerage business),10231,-2621,3,0123(brokerage business),7759,-3621
4,0253(brokerage business),18393,-3141,4,0139(brokerage business),6137,-134,4,0163(brokerage business),7562,587
5,0275(brokerage business),12175,-10882,5,0272(brokerage business),6032,-541,5,0253(brokerage business),7383,-477
6,0259(brokerage business),8688,1853,6,0069(brokerage business),4771,562,6,0272(brokerage business),6736,-762
7,0081(brokerage business),7873,-3219,7,0103(brokerage business),4466,-518,7,0240(brokerage business),5842,-909
8,0272(brokerage business),6265,-13265,8,0034(brokerage business),4407,-1026,8,0034(brokerage business),5838,-525
9,0123(brokerage business),5001,580,9,0253(brokerage business),4381,-1402,9,0268(brokerage business),5102,-502
10,0240(brokerage business),4767,-975,10,0123(brokerage business),4287,-262,10,0275(brokerage business),4661,-816
11,0268(brokerage business),3422,-1573,11,0323(brokerage business),4201,-113,11,0139(brokerage business),4014,-673
12,0323(brokerage business),3281,376,12,0003(brokerage business),3490,15,12,0323(brokerage business),3355,-1132
13,0335(brokerage business),3140,1075,13,0161(brokerage business),3244,-286,13,0103(brokerage business),3333,-293
14,0034(brokerage business),3113,-1443,14,0268(brokerage business),3101,-1084,14,0002(brokerage business),2531,1
15,0096(brokerage business),2897,-271,15,0077(brokerage business),2979,-9,15,0018(brokerage business),2483,41
16,0288(brokerage business),2371,467,16,0096(brokerage business),2780,-164,16,0049(brokerage business),2215,-723
17,0161(brokerage business),2359,405,17,0275(brokerage business),2764,-231,17,0161(brokerage business),2044,-989
18,0042(brokerage business),2311,379,18,0335(brokerage business),2700,-2306,18,0058(brokerage business),1829,-1405
19,0058(brokerage business),2217,282,19,0082(brokerage business),2498,-325,19,0048(brokerage business),1798,-35
20,0103(brokerage business),2149,-696,20,0240(brokerage business),2422,-184,20,0003(brokerage business),1692,201
Total,,205036,-52256,Total,,116118,-18015,Total,,130529,-18318
Ranking,Name of FF Member /OSBPs,Volume,Change from Previous Trading Day,Ranking,Name of FF Member /OSBPs,Long Position,Change from Previous Trading Day,Ranking,Name of FF Member /OSBPs,Short Position,Change from Previous Trading Day
Contract Code：al2611,,,,,,,,,,2026-09-15,
1,0004(brokerage business),38879,12241,1,0148(brokerage business),27453,-778,1,0004(brokerage business),28613,483
2,0148(brokerage business),22177,-4115,2,0239(brokerage business),21358,-23,2,0123(brokerage business),26670,2767
3,0163(brokerage business),20818,-9291,3,0004(brokerage business),16830,886,3,0148(brokerage business),22089,1741
4,0253(brokerage business),13397,-154,4,0163(brokerage business),16478,2659,4,0058(brokerage business),13263,428
5,0275(brokerage business),9551,-4572,5,0272(brokerage business),10899,154,5,0272(brokerage business),11541,151
6,0123(brokerage business),6960,3713,6,0335(brokerage business),10025,1139,6,0139(brokerage business),7085,186
7,0069(brokerage business),3420,394,7,0268(brokerage business),9817,662,7,0096(brokerage business),6536,62
8,0034(brokerage business),3394,1190,8,0034(brokerage business),7905,1806,8,0240(brokerage business),5675,662
9,0323(brokerage business),3321,-790,9,0077(brokerage business),5199,30,9,0103(brokerage business),5651,-1887
10,0240(brokerage business),3153,-396,10,0323(brokerage business),4968,-346,10,0163(brokerage business),4732,-341
11,0081(brokerage business),3151,-1274,11,0069(brokerage business),4670,-945,11,0003(brokerage business),4274,279
12,0103(brokerage business),3036,294,12,0253(brokerage business),4332,765,12,0002(brokerage business),4176,0
13,0335(brokerage business),3026,1084,13,0084(brokerage business),4134,-2,13,0372(brokerage business),4048,26
14,0268(brokerage business),2446,-1691,14,0103(brokerage business),4109,-133,14,0161(brokerage business),3743,18
15,0272(brokerage business),2375,-19557,15,0240(brokerage business),2917,57,15,0275(brokerage business),3590,857
16,0308(brokerage business),1723,-474,16,0042(brokerage business),2616,-117,16,0253(brokerage business),3152,-134
17,0239(brokerage business),1696,-1263,17,0008(brokerage business),2543,104,17,0018(brokerage business),2976,12
18,0082(brokerage business),1385,-36,18,0123(brokerage business),2522,337,18,0009(brokerage business),2836,704
19,0042(brokerage business),1371,472,19,0082(brokerage business),2462,375,19,0034(brokerage business),2747,86
20,0009(brokerage business),1285,56,20,0096(brokerage business),2413,74,20,0008(brokerage business),2746,25
Total,,146564,-24169,Total,,163650,6704,Total,,166143,6125
Ranking,Name of FF Member /OSBPs,Volume,Change from Previous Trading Day,Ranking,Name of FF Member /OSBPs,Long Position,Change from Previous Trading Day,Ranking,Name of FF Member /OSBPs,Short Position,Change from Previous Trading Day
Contract Code：al2612,,,,,,,,,,2026-09-15,
1,0148(brokerage business),6729,1078,1,0148(brokerage business),12117,1406,1,0148(brokerage business),12177,1013
2,0163(brokerage business),6588,-1653,2,0004(brokerage business),7981,850,2,0004(brokerage business),7466,211
3,0004(brokerage business),3705,-290,3,0268(brokerage business),6831,-33,3,0123(brokerage business),7052,0
4,0253(brokerage business),3306,-744,4,0272(brokerage business),6424,-198,4,0034(brokerage business),4113,121
5,0275(brokerage business),2584,-1693,5,0034(brokerage business),3530,43,5,0239(brokerage business),3539,-37
6,0069(brokerage business),1741,-141,6,0069(brokerage business),3443,283,6,0103(brokerage business),3332,-26
7,0323(brokerage business),1563,-403,7,0323(brokerage business),3432,-12,7,0042(brokerage business),3200,-7
8,0308(brokerage business),1062,113,8,0163(brokerage business),2834,171,8,0139(brokerage business),3161,162
9,0081(brokerage business),980,-699,9,0096(brokerage business),2172,54,9,0249(brokerage business),3023,3
10,0018(brokerage business),735,496,10,0315(brokerage business),1837,0,10,0308(brokerage business),3001,323
11,0272(brokerage business),662,-1052,11,0007(brokerage business),1805,-30,11,0323(brokerage business),2887,435
12,0019(brokerage business),566,372,12,0059(brokerage business),1733,-41,12,0003(brokerage business),2345,3
13,0049(brokerage business),440,-40,13,0049(brokerage business),1557,199,13,0082(brokerage business),1877,56
14,0123(brokerage business),438,-448,14,0042(brokerage business),1537,2,14,0272(brokerage business),1810,48
15,0240(brokerage business),405,-169,15,0123(brokerage business),1436,-66,15,0275(brokerage business),1659,70
16,0003(brokerage business),353,302,16,0139(brokerage business),1327,0,16,0268(brokerage business),1505,97
17,0029(brokerage business),346,255,17,0103(brokerage business),1281,64,17,0163(brokerage business),1164,239
18,0259(brokerage business),332,-90,18,0003(brokerage business),1267,306,18,0261(brokerage business),1151,200
19,0268(brokerage business),314,-2268,19,0274(brokerage business),1224,3,19,0161(brokerage business),848,-1
20,0034(brokerage business),248,-611,20,0239(brokerage business),1169,-62,20,0008(brokerage business),800,57
Total,,33097,-7685,Total,,64937,2939,Total,,66110,2967
Ranking,Name of FF Member /OSBPs,Volume,Change from Previous Trading Day,Ranking,Name of FF Member /OSBPs,Long Position,Change from Previous Trading Day,Ranking,Name of FF Member /OSBPs,Short Position,Change from Previous Trading Day
Contract Code：al2701,,,,,,,,,,2026-09-15,
1,0163(brokerage business),3181,-680,1,0034(brokerage business),5310,15,1,0148(brokerage business),10756,-176
2,0148(brokerage business),1361,-1807,2,0323(brokerage business),4533,74,2,0004(brokerage business),3339,204
3,0004(brokerage business),1256,509,3,0148(brokerage business),4357,5,3,0249(brokerage business),2421,0
4,0253(brokerage business),1247,-1127,4,0004(brokerage business),3706,24,4,0042(brokerage business),2405,-139
5,0308(brokerage business),1076,29,5,0049(brokerage business),2635,-4,5,0103(brokerage business),1818,-89
6,0323(brokerage business),946,-648,6,0069(brokerage business),2003,-53,6,0272(brokerage business),1728,36
7,0275(brokerage business),661,-71,7,0268(brokerage business),1865,-8,7,0139(brokerage business),1616,-4
8,0081(brokerage business),588,-412,8,0163(brokerage business),1224,-7,8,0275(brokerage business),1330,20
9,0240(brokerage business),539,-40,9,0007(brokerage business),854,52,9,0240(brokerage business),1143,261
10,0009(brokerage business),456,25,10,0272(brokerage business),835,22,10,0151(brokerage business),1006,-7
11,0259(brokerage business),436,-54,11,0042(brokerage business),826,-4,11,0029(brokerage business),937,29
12,0018(brokerage business),395,173,12,0240(brokerage business),816,76,12,0274(brokerage business),862,0
13,0103(brokerage business),294,141,13,0254(brokerage business),793,0,13,0268(brokerage business),830,-38
14,0123(brokerage business),294,-107,14,0139(brokerage business),693,-1,14,0163(brokerage business),802,46
15,0034(brokerage business),257,-101,15,0253(brokerage business),687,83,15,0311(brokerage business),671,-2
16,0272(brokerage business),256,-517,16,0081(brokerage business),639,6,16,0009(brokerage business),622,307
17,0058(brokerage business),206,-70,17,0169(brokerage business),626,-8,17,0137(brokerage business),555,0
18,0321(brokerage business),203,73,18,0096(brokerage business),521,-1,18,0153(brokerage business),551,14
19,0042(brokerage business),197,-363,19,0103(brokerage business),516,127,19,0082(brokerage business),536,-38
20,0069(brokerage business),153,-381,20,0008(brokerage business),503,1,20,0003(brokerage business),522,9
Total,,14002,-5428,Total,,33942,399,Total,,34450,433
Ranking,Name of FF Member /OSBPs,Volume,Change from Previous Trading Day,Ranking,Name of FF Member /OSBPs,Long Position,Change from Previous Trading Day,Ranking,Name of FF Member /OSBPs,Short Position,Change from Previous Trading Day
Contract Code：al2702,,,,,,,,,,2026-09-15,
1,0004(brokerage business),1341,936,1,0034(brokerage business),2223,0,1,0004(brokerage business),2518,923
2,0163(brokerage business),806,-421,2,0004(brokerage business),1754,12,2,0277(brokerage business),2493,0
3,0103(brokerage business),495,-465,3,0049(brokerage business),1646,3,3,0103(brokerage business),1800,-233
4,0081(brokerage business),429,149,4,0148(brokerage business),1560,1,4,0148(brokerage business),1528,-46
5,0275(brokerage business),345,38,5,0069(brokerage business),983,14,5,0349(brokerage business),1163,22
6,0253(brokerage business),336,-409,6,0272(brokerage business),936,98,6,0163(brokerage business),1081,-25
7,0323(brokerage business),329,-295,7,0268(brokerage business),913,-3,7,0323(brokerage business),1070,-29
8,0018(brokerage business),283,160,8,0323(brokerage business),709,-6,8,0082(brokerage business),988,50
9,0148(brokerage business),203,-544,9,0007(brokerage business),701,0,9,0268(brokerage business),987,-30
10,0029(brokerage business),196,-15,10,0254(brokerage business),625,0,10,0261(brokerage business),700,0
11,0308(brokerage business),187,-250,11,0042(brokerage business),602,3,11,0042(brokerage business),531,1
12,0069(brokerage business),144,-143,12,0009(brokerage business),433,0,12,0153(brokerage business),446,0
13,0259(brokerage business),141,40,13,0315(brokerage business),421,0,13,0335(brokerage business),311,-6
14,0272(brokerage business),136,59,14,0372(brokerage business),417,-1,14,0069(brokerage business),295,-32
15,0123(brokerage business),116,-7,15,0082(brokerage business),381,2,15,0338(brokerage business),233,3
16,0271(brokerage business),102,-113,16,0253(brokerage business),376,4,16,0295(brokerage business),209,0
17,0086(brokerage business),100,48,17,0048(brokerage business),330,0,17,0029(brokerage business),193,-81
18,0003(brokerage business),95,45,18,0123(brokerage business),306,20,18,0115(brokerage business),186,0
19,0077(brokerage business),90,-131,19,0008(brokerage business),300,0,19,0025(brokerage business),180,0
20,0034(brokerage business),69,-14,20,0169(brokerage business),286,0,20,0308(brokerage business),179,3
Total,,5943,-1332,Total,,15902,147,Total,,17091,520
Ranking,Name of FF Member /OSBPs,Volume,Change from Previous Trading Day,Ranking,Name of FF Member /OSBPs,Long Position,Change from Previous Trading Day,Ranking,Name of FF Member /OSBPs,Short Position,Change from Previous Trading Day
Contract Code：al2703,,,,,,,,,,2026-09-15,
1,0323(brokerage business),348,122,1,0148(brokerage business),2826,127,1,0148(brokerage business),2526,-6
2,0004(brokerage business),324,236,2,0004(brokerage business),1525,-135,2,0077(brokerage business),2348,0
3,0148(brokerage business),241,-169,3,0042(brokerage business),1088,2,3,0004(brokerage business),1710,131
4,0271(brokerage business),195,90,4,0268(brokerage business),1010,-1,4,0103(brokerage business),1681,181
5,0103(brokerage business),184,-202,5,0007(brokerage business),801,0,5,0069(brokerage business),1025,-5
6,0257(brokerage business),178,92,6,0069(brokerage business),759,0,6,0261(brokerage business),773,0
7,0081(brokerage business),143,-113,7,0240(brokerage business),679,15,7,0163(brokerage business),644,4
8,0259(brokerage business),142,-96,8,0082(brokerage business),674,1,8,0323(brokerage business),570,-265
9,0163(brokerage business),128,-292,9,0034(brokerage business),606,-1,9,0272(brokerage business),490,-69
10,0308(brokerage business),116,-74,10,0372(brokerage business),498,0,10,0269(brokerage business),392,-95
11,0269(brokerage business),95,-38,11,0315(brokerage business),419,0,11,0257(brokerage business),300,178
12,0333(brokerage business),94,-112,12,0272(brokerage business),392,4,12,0274(brokerage business),272,12
13,0275(brokerage business),89,-223,13,0051(brokerage business),337,0,13,0139(brokerage business),257,0
14,0240(brokerage business),87,-33,14,0123(brokerage business),316,0,14,0333(brokerage business),242,-24
15,0272(brokerage business),83,-34,15,0081(brokerage business),308,-2,15,0073(brokerage business),223,0
16,0034(brokerage business),75,-195,16,0177(brokerage business),304,0,16,0153(brokerage business),219,0
17,0139(brokerage business),75,16,17,0049(brokerage business),242,5,17,0177(brokerage business),218,0
18,0137(brokerage business),73,-40,18,0003(brokerage business),230,0,18,0308(brokerage business),159,88
19,0069(brokerage business),67,-682,19,0275(brokerage business),220,-1,19,0051(brokerage business),142,0
20,0253(brokerage business),65,44,20,0262(brokerage business),214,0,20,0171(brokerage business),130,0
Total,,2802,-1703,Total,,13448,14,Total,,14321,130
Member/OSP Type,Total Volume,Change from Previous Trading Day,Member/OSP Type,Total Long Position,Change from Previous Trading Day,Member/OSP Type,Total Short Position,Change from Previous Trading Day,,,
Contract Code：znall,,,,,,,2026-09-15,,,,
Name of FF Member/OSBP,508856,-75010,Name of FF Member/OSBP,280167,-17088,Name of FF Member/OSBP,280167,-17088,,,
Name of Non-FF Member/OSNBP,0,0,Name of Non-FF Member/OSNBP,0,0,Name of Non-FF Member/OSNBP,0,0,,,
Ranking,Name of FF Member /OSBPs,Volume,Change from Previous Trading Day,Ranking,Name of FF Member /OSBPs,Long Position,Change from Previous Trading Day,Ranking,Name of FF Member /OSBPs,Short Position,Change from Previous Trading Day
Contract Code：zn2609,,,,,,,,,,2026-09-15,
1,0025(brokerage business),110,40,1,0272(brokerage business),1600,0,1,0139(brokerage business),1035,0
2,0004(brokerage business),100,-175,2,0004(brokerage business),1105,90,2,0272(brokerage business),800,0
3,0121(brokerage business),90,90,3,0058(brokerage business),980,0,3,0077(brokerage business),600,0
4,0048(brokerage business),85,85,4,0148(brokerage business),415,0,4,0311(brokerage business),440,50
5,0311(brokerage business),50,50,5,0059(brokerage business),305,0,5,0103(brokerage business),385,0
6,0069(brokerage business),45,0,6,0048(brokerage business),215,-85,6,0315(brokerage business),360,0
7,0275(brokerage business),30,-35,7,0069(brokerage business),200,0,7,0052(brokerage business),245,0
8,0299(brokerage business),15,15,8,0052(brokerage business),140,0,8,0148(brokerage business),235,0
9,0073(brokerage business),10,-30,9,0081(brokerage business),110,0,9,0253(brokerage business),185,0
10,0240(brokerage business),5,-25,10,0299(brokerage business),100,15,10,0069(brokerage business),180,-45
11,,,,11,0051(brokerage business),85,0,11,0059(brokerage business),175,0
12,,,,12,0240(brokerage business),35,0,12,0009(brokerage business),150,0
13,,,,13,0019(brokerage business),20,0,13,0049(brokerage business),145,0
14,,,,14,,,,14,0240(brokerage business),135,5
15,,,,15,,,,15,0121(brokerage business),90,90
16,,,,16,,,,16,0081(brokerage business),70,0
17,,,,17,,,,17,0025(brokerage business),60,-110
18,,,,18,,,,18,0038(brokerage business),20,0
Total,,540,15,Total,,5310,20,Total,,5310,-10
Ranking,Name of FF Member /OSBPs,Volume,Change from Previous Trading Day,Ranking,Name of FF Member /OSBPs,Long Position,Change from Previous Trading Day,Ranking,Name of FF Member /OSBPs,Short Position,Change from Previous Trading Day
Contract Code：zn2610,,,,,,,,,,2026-09-15,
1,0163(brokerage business),39481,-7359,1,0148(brokerage business),10795,-1426,1,0148(brokerage business),9441,10
2,0148(brokerage business),33035,-8832,2,0004(brokerage business),9533,-821,2,0139(brokerage business),6998,-713
3,0004(brokerage business),25560,-12183,3,0163(brokerage business),9455,-834,3,0004(brokerage business),5143,-945
4,0275(brokerage business),20721,-1266,4,0272(brokerage business),3477,-521,4,0272(brokerage business),4575,-663
5,0253(brokerage business),19718,-5924,5,0003(brokerage business),3020,111,5,0058(brokerage business),4462,-68
6,0272(brokerage business),11658,-1546,6,0019(brokerage business),2729,-184,6,0163(brokerage business),4320,695
7,0081(brokerage business),7362,-2894,7,0275(brokerage business),2725,-424,7,0315(brokerage business),3181,-216
8,0123(brokerage business),7263,340,8,0139(brokerage business),2692,-43,8,0042(brokerage business),2661,-232
9,0096(brokerage business),5620,-622,9,0308(brokerage business),2628,-139,9,0253(brokerage business),2578,404
10,0259(brokerage business),5549,-3155,10,0323(brokerage business),2307,-218,10,0052(brokerage business),2256,-88
11,0308(brokerage business),5199,1235,11,0184(brokerage business),2131,26,11,0049(brokerage business),2097,-1006
12,0240(brokerage business),3538,265,12,0239(brokerage business),2123,-115,12,0003(brokerage business),2084,-491
13,0298(brokerage business),2812,-1228,13,0240(brokerage business),1936,-384,13,0082(brokerage business),2049,-192
14,0139(brokerage business),2674,555,14,0123(brokerage business),1750,-28,14,0059(brokerage business),1967,-359
15,0049(brokerage business),2520,-536,15,0082(brokerage business),1706,-145,15,0096(brokerage business),1880,-319
16,0161(brokerage business),2447,546,16,0049(brokerage business),1661,164,16,0025(brokerage business),1777,-6
17,0034(brokerage business),2381,-730,17,0274(brokerage business),1653,-101,17,0103(brokerage business),1762,-491
18,0268(brokerage business),2303,-547,18,0372(brokerage business),1581,-102,18,0069(brokerage business),1687,-157
19,0058(brokerage business),2192,-463,19,0253(brokerage business),1436,-994,19,0240(brokerage business),1633,-870
20,0069(brokerage business),1930,-2064,20,0069(brokerage business),1363,-66,20,0136(brokerage business),1548,-128
Total,,203963,-46408,Total,,66701,-6244,Total,,64099,-5835
Ranking,Name of FF Member /OSBPs,Volume,Change from Previous Trading Day,Ranking,Name of FF Member /OSBPs,Long Position,Change from Previous Trading Day,Ranking,Name of FF Member /OSBPs,Short Position,Change from Previous Trading Day
Contract Code：zn2611,,,,,,,,,,2026-09-15,
1,0148(brokerage business),31235,1891,1,0239(brokerage business),22429,981,1,0148(brokerage business),12936,1359
2,0275(brokerage business),25648,1722,2,0148(brokerage business),15846,-2592,2,0272(brokerage business),7120,-210
3,0163(brokerage business),24469,2906,3,0004(brokerage business),13812,1848,3,0004(brokerage business),5994,-1697
4,0004(brokerage business),18395,1047,4,0272(brokerage business),7982,-591,4,0058(brokerage business),5988,-384
5,0253(brokerage business),14039,258,5,0163(brokerage business),7761,-546,5,0308(brokerage business),4871,-181
6,0081(brokerage business),7297,-685,6,0123(brokerage business),4655,-223,6,0069(brokerage business),4652,-193
7,0123(brokerage business),7016,-431,7,0335(brokerage business),3397,-2172,7,0315(brokerage business),3995,38
8,0308(brokerage business),4675,1009,8,0184(brokerage business),2883,0,8,0163(brokerage business),3713,1165
9,0272(brokerage business),3849,1056,9,0268(brokerage business),2491,28,9,0077(brokerage business),3472,-257
10,0259(brokerage business),3385,318,10,0274(brokerage business),2271,182,10,0139(brokerage business),3028,-111
11,0335(brokerage business),2926,511,11,0308(brokerage business),2197,-268,11,0059(brokerage business),3018,-134
12,0049(brokerage business),2905,1350,12,0084(brokerage business),2191,-69,12,0003(brokerage business),3002,28
13,0042(brokerage business),2669,608,13,0139(brokerage business),2160,45,13,0323(brokerage business),2913,-542
14,0240(brokerage business),2570,173,14,0240(brokerage business),1960,-371,14,0321(brokerage business),2783,-131
15,0034(brokerage business),2448,58,15,0323(brokerage business),1679,18,15,0253(brokerage business),2769,-232
16,0323(brokerage business),1990,94,16,0253(brokerage business),1665,-105,16,0025(brokerage business),2657,-68
17,0320(brokerage business),1877,1083,17,0103(brokerage business),1509,-100,17,0103(brokerage business),2506,-14
18,0277(brokerage business),1578,749,18,0081(brokerage business),1462,208,18,0034(brokerage business),2458,381
19,0239(brokerage business),1565,-467,19,0019(brokerage business),1371,391,19,0275(brokerage business),2257,-113
20,0103(brokerage business),1512,-1600,20,0049(brokerage business),1293,-126,20,0096(brokerage business),2235,13
Total,,162048,11650,Total,,101014,-3462,Total,,82367,-1283
Ranking,Name of FF Member /OSBPs,Volume,Change from Previous Trading Day,Ranking,Name of FF Member /OSBPs,Long Position,Change from Previous Trading Day,Ranking,Name of FF Member /OSBPs,Short Position,Change from Previous Trading Day
Contract Code：zn2612,,,,,,,,,,2026-09-15,
1,0163(brokerage business),8334,-30,1,0239(brokerage business),9300,2,1,0321(brokerage business),5234,-99
2,0148(brokerage business),6238,196,2,0148(brokerage business),6273,403,2,0272(brokerage business),4267,350
3,0253(brokerage business),5177,-846,3,0004(brokerage business),3677,553,3,0004(brokerage business),2517,191
4,0004(brokerage business),4830,-2141,4,0308(brokerage business),2186,-91,4,0049(brokerage business),1810,11
5,0081(brokerage business),3030,-1117,5,0268(brokerage business),2062,-117,5,0009(brokerage business),1688,-200
6,0275(brokerage business),2553,-4670,6,0059(brokerage business),1793,3,6,0148(brokerage business),1654,79
7,0123(brokerage business),1379,509,7,0163(brokerage business),1736,-167,7,0025(brokerage business),1589,39
8,0308(brokerage business),1032,-20,8,0019(brokerage business),1626,0,8,0253(brokerage business),1503,78
9,0259(brokerage business),1012,-292,9,0123(brokerage business),1445,13,9,0082(brokerage business),1502,14
10,0272(brokerage business),863,62,10,0042(brokerage business),1275,-24,10,0069(brokerage business),1249,-170
11,0034(brokerage business),784,294,11,0272(brokerage business),941,-85,11,0169(brokerage business),1157,-38
12,0240(brokerage business),720,-249,12,0323(brokerage business),825,-37,12,0058(brokerage business),1047,-69
13,0069(brokerage business),681,143,13,0077(brokerage business),816,13,13,0315(brokerage business),1031,-3
14,0103(brokerage business),506,-1,14,0003(brokerage business),772,14,14,0034(brokerage business),841,-69
15,0049(brokerage business),462,-119,15,0274(brokerage business),522,-27,15,0103(brokerage business),788,209
16,0058(brokerage business),449,243,16,0058(brokerage business),494,-374,16,0163(brokerage business),747,-73
17,0295(brokerage business),445,424,17,0321(brokerage business),436,11,17,0123(brokerage business),712,28
18,0001(brokerage business),408,284,18,0096(brokerage business),355,8,18,0077(brokerage business),704,-87
19,0298(brokerage business),362,95,19,0253(brokerage business),322,-61,19,0059(brokerage business),650,-55
20,0018(brokerage business),347,-83,20,0069(brokerage business),300,111,20,0240(brokerage business),503,-54
Total,,39612,-7318,Total,,37156,148,Total,,31193,82
Member/OSP Type,Total Volume,Change from Previous Trading Day,Member/OSP Type,Total Long Position,Change from Previous Trading Day,Member/OSP Type,Total Short Position,Change from Previous Trading Day,,,
Contract Code：pball,,,,,,,2026-09-15,,,,
Name of FF Member/OSBP,155958,-88862,Name of FF Member/OSBP,143240,8075,Name of FF Member/OSBP,143240,8075,,,
Name of Non-FF Member/OSNBP,0,0,Name of Non-FF Member/OSNBP,0,0,Name of Non-FF Member/OSNBP,0,0,,,
Ranking,Name of FF Member /OSBPs,Volume,Change from Previous Trading Day,Ranking,Name of FF Member /OSBPs,Long Position,Change from Previous Trading Day,Ranking,Name of FF Member /OSBPs,Short Position,Change from Previous Trading Day
Contract Code：pb2609,,,,,,,,,,2026-09-15,
1,0049(brokerage business),75,65,1,0049(brokerage business),1935,75,1,0148(brokerage business),1350,0
2,0051(brokerage business),55,55,2,0139(brokerage business),940,0,2,0049(brokerage business),695,0
3,0272(brokerage business),20,20,3,0320(brokerage business),400,0,3,0007(brokerage business),500,0
4,,,,4,0069(brokerage business),310,0,4,0029(brokerage business),330,0
5,,,,5,0272(brokerage business),310,0,5,0069(brokerage business),300,0
6,,,,6,0006(brokerage business),100,0,6,0004(brokerage business),210,0
7,,,,7,0004(brokerage business),35,0,7,0272(brokerage business),170,20
8,,,,8,0096(brokerage business),10,0,8,0308(brokerage business),150,0
9,,,,9,,,,9,0052(brokerage business),85,0
10,,,,10,,,,10,0051(brokerage business),55,55
11,,,,11,,,,11,0077(brokerage business),55,0
12,,,,12,,,,12,0253(brokerage business),50,0
13,,,,13,,,,13,0059(brokerage business),30,0
14,,,,14,,,,14,0161(brokerage business),25,0
15,,,,15,,,,15,0275(brokerage business),15,0
16,,,,16,,,,16,0034(brokerage business),10,0
17,,,,17,,,,17,0320(brokerage business),10,0
Total,,150,140,Total,,4040,75,Total,,4040,75
Ranking,Name of FF Member /OSBPs,Volume,Change from Previous Trading Day,Ranking,Name of FF Member /OSBPs,Long Position,Change from Previous Trading Day,Ranking,Name of FF Member /OSBPs,Short Position,Change from Previous Trading Day
Contract Code：pb2610,,,,,,,,,,2026-09-15,
1,0004(brokerage business),16671,-13256,1,0004(brokerage business),6591,-372,1,0148(brokerage business),9476,1357
2,0163(brokerage business),15697,-8580,2,0272(brokerage business),5509,1413,2,0004(brokerage business),6835,-1
3,0148(brokerage business),9405,-5645,3,0163(brokerage business),5166,309,3,0163(brokerage business),4472,16
4,0253(brokerage business),8413,-8427,4,0049(brokerage business),4628,114,4,0103(brokerage business),2195,156
5,0259(brokerage business),5182,-581,5,0148(brokerage business),4625,106,5,0253(brokerage business),2190,-73
6,0081(brokerage business),3143,-2797,6,0103(brokerage business),4035,-89,6,0335(brokerage business),2091,52
7,0272(brokerage business),2837,-839,7,0308(brokerage business),4031,-151,7,0272(brokerage business),2044,82
8,0069(brokerage business),2035,-792,8,0139(brokerage business),2643,-5,8,0081(brokerage business),1770,-49
9,0123(brokerage business),1464,-29,9,0275(brokerage business),2374,12,9,0268(brokerage business),1525,74
10,0275(brokerage business),1397,-4577,10,0253(brokerage business),1738,0,10,0034(brokerage business),1514,-145
11,0006(brokerage business),1231,-789,11,0288(brokerage business),1715,-192,11,0153(brokerage business),1318,-121
12,0161(brokerage business),1183,-1,12,0274(brokerage business),1276,-19,12,0184(brokerage business),1170,-229
13,0240(brokerage business),1042,-328,13,0069(brokerage business),1211,204,13,0288(brokerage business),1159,628
14,0288(brokerage business),990,-107,14,0034(brokerage business),1132,-4,14,0137(brokerage business),1152,47
15,0103(brokerage business),965,-480,15,0082(brokerage business),1098,77,15,0069(brokerage business),1083,219
16,0153(brokerage business),923,-589,16,0177(brokerage business),1088,-35,16,0009(brokerage business),1062,-37
17,0049(brokerage business),786,-748,17,0123(brokerage business),863,138,17,0274(brokerage business),1051,332
18,0019(brokerage business),761,-119,18,0178(brokerage business),863,122,18,0059(brokerage business),1035,-15
19,0389(brokerage business),761,-435,19,0320(brokerage business),754,86,19,0259(brokerage business),964,476
20,0268(brokerage business),752,-888,20,0042(brokerage business),752,-176,20,0308(brokerage business),937,-49
Total,,75638,-50007,Total,,52092,1538,Total,,45043,2720
Ranking,Name of FF Member /OSBPs,Volume,Change from Previous Trading Day,Ranking,Name of FF Member /OSBPs,Long Position,Change from Previous Trading Day,Ranking,Name of FF Member /OSBPs,Short Position,Change from Previous Trading Day
Contract Code：pb2611,,,,,,,,,,2026-09-15,
1,0163(brokerage business),6828,-1350,1,0272(brokerage business),11302,410,1,0239(brokerage business),7126,845
2,0253(brokerage business),6479,-2224,2,0148(brokerage business),7921,530,2,0148(brokerage business),6214,556
3,0004(brokerage business),6220,-2750,3,0004(brokerage business),6168,438,3,0004(brokerage business),5493,240
4,0148(brokerage business),6026,-2886,4,0288(brokerage business),5238,-180,4,0163(brokerage business),4020,-403
5,0081(brokerage business),4064,-2041,5,0069(brokerage business),3043,680,5,0123(brokerage business),3492,466
6,0275(brokerage business),2956,779,6,0034(brokerage business),2276,-94,6,0103(brokerage business),2528,59
7,0259(brokerage business),2265,-390,7,0163(brokerage business),2164,335,7,0081(brokerage business),2343,255
8,0240(brokerage business),1818,-301,8,0081(brokerage business),1830,139,8,0335(brokerage business),2231,535
9,0006(brokerage business),1245,-103,9,0184(brokerage business),1551,-43,9,0253(brokerage business),2214,397
10,0272(brokerage business),1222,-2431,10,0275(brokerage business),1395,1100,10,0274(brokerage business),1868,754
11,0239(brokerage business),1114,62,11,0339(brokerage business),1154,0,11,0082(brokerage business),1550,-308
12,0082(brokerage business),1014,-236,12,0268(brokerage business),1146,1,12,0308(brokerage business),1221,-336
13,0274(brokerage business),955,629,13,0006(brokerage business),1090,400,13,0084(brokerage business),1157,-64
14,0335(brokerage business),945,-310,14,0239(brokerage business),974,-77,14,0139(brokerage business),1135,-54
15,0042(brokerage business),741,495,15,0077(brokerage business),874,1,15,0240(brokerage business),1012,305
16,0069(brokerage business),731,-164,16,0331(brokerage business),777,317,16,0320(brokerage business),977,-91
17,0034(brokerage business),721,-112,17,0253(brokerage business),755,20,17,0268(brokerage business),975,143
18,0123(brokerage business),707,126,18,0096(brokerage business),678,66,18,0315(brokerage business),875,1
19,0308(brokerage business),697,-32,19,0058(brokerage business),582,207,19,0272(brokerage business),824,-168
20,0323(brokerage business),569,220,20,0049(brokerage business),581,228,20,0042(brokerage business),795,-282
Total,,47317,-13019,Total,,51499,4478,Total,,48050,2850
Member/OSP Type,Total Volume,Change from Previous Trading Day,Member/OSP Type,Total Long Position,Change from Previous Trading Day,Member/OSP Type,Total Short Position,Change from Previous Trading Day,,,
Contract Code：niall,,,,,,,2026-09-15,,,,
Name of FF Member/OSBP,352304,-83271,Name of FF Member/OSBP,367972,3565,Name of FF Member/OSBP,364791,3575,,,
Name of Non-FF Member/OSNBP,10,5,Name of Non-FF Member/OSNBP,30,0,Name of Non-FF Member/OSNBP,3211,-10,,,
Ranking,Name of FF Member /OSBPs,Volume,Change from Previous Trading Day,Ranking,Name of FF Member /OSBPs,Long Position,Change from Previous Trading Day,Ranking,Name of FF Member /OSBPs,Short Position,Change from Previous Trading Day
Contract Code：ni2609,,,,,,,,,,2026-09-15,
1,0320(brokerage business),168,96,1,0004(brokerage business),2016,30,1,0004(brokerage business),2532,18
2,0161(brokerage business),72,-12,2,0148(brokerage business),1992,0,2,0148(brokerage business),2010,60
3,0148(brokerage business),60,60,3,0253(brokerage business),1440,-6,3,0272(brokerage business),1440,0
4,0052(brokerage business),54,54,4,0139(brokerage business),1200,0,4,0169(brokerage business),750,0
5,0004(brokerage business),48,48,5,0275(brokerage business),1074,0,5,0305(brokerage business),744,-6
6,0275(brokerage business),36,36,6,0082(brokerage business),600,0,6,0059(brokerage business),702,12
7,0163(brokerage business),30,6,7,0272(brokerage business),600,0,7,0316(brokerage business),600,0
8,0311(brokerage business),30,24,8,0003(brokerage business),522,0,8,0323(brokerage business),510,0
9,0019(brokerage business),24,24,9,0240(brokerage business),420,-18,9,0418(brokerage business),462,12
10,0240(brokerage business),18,12,10,0096(brokerage business),378,0,10,0007(brokerage business),456,0
11,0277(brokerage business),18,6,11,0059(brokerage business),366,0,11,0058(brokerage business),336,0
12,0059(brokerage business),12,12,12,0103(brokerage business),324,0,12,0275(brokerage business),330,36
13,0095(brokerage business),12,6,13,0311(brokerage business),324,-24,13,0081(brokerage business),300,0
14,0308(brokerage business),12,6,14,0049(brokerage business),300,0,14,0153(brokerage business),288,0
15,0418(brokerage business),12,12,15,0322(brokerage business),300,0,15,0277(brokerage business),282,18
16,0169(brokerage business),6,0,16,0136(brokerage business),252,0,16,0240(brokerage business),276,0
17,0253(brokerage business),6,6,17,0058(brokerage business),228,0,17,0052(brokerage business),198,-54
18,0305(brokerage business),6,6,18,0069(brokerage business),216,0,18,0389(brokerage business),180,0
19,,,,19,0323(brokerage business),150,0,19,0069(brokerage business),156,0
20,,,,20,0043(brokerage business),96,0,20,0253(brokerage business),108,0
Total,,624,402,Total,,12798,-18,Total,,12660,96
Ranking,Name of FF Member /OSBPs,Volume,Change from Previous Trading Day,Ranking,Name of FF Member /OSBPs,Long Position,Change from Previous Trading Day,Ranking,Name of FF Member /OSBPs,Short Position,Change from Previous Trading Day
Contract Code：ni2610,,,,,,,,,,2026-09-15,
1,0004(brokerage business),31582,-14866,1,0004(brokerage business),10989,-54,1,0004(brokerage business),17775,-642
2,0163(brokerage business),22459,-6305,2,0163(brokerage business),6694,252,2,0148(brokerage business),13508,-1408
3,0148(brokerage business),20770,-5242,3,0253(brokerage business),5749,-337,3,0082(brokerage business),9213,-58
4,0275(brokerage business),12327,-208,4,0148(brokerage business),5711,-380,4,0253(brokerage business),4906,-327
5,0253(brokerage business),8630,-3572,5,0103(brokerage business),5435,48,5,0272(brokerage business),4872,116
6,0272(brokerage business),7479,-2746,6,0034(brokerage business),4191,-350,6,0163(brokerage business),4208,-485
7,0081(brokerage business),7203,-1376,7,0240(brokerage business),4091,-212,7,0059(brokerage business),4019,111
8,0123(brokerage business),6890,-135,8,0096(brokerage business),3967,165,8,0240(brokerage business),3769,-30
9,0240(brokerage business),5628,-784,9,0272(brokerage business),3884,-145,9,0139(brokerage business),3498,-114
10,0034(brokerage business),4412,372,10,0077(brokerage business),3397,21,10,0103(brokerage business),2661,64
11,0268(brokerage business),4346,-1459,11,0042(brokerage business),3106,-154,11,0161(brokerage business),2633,116
12,0059(brokerage business),3629,-1929,12,0003(brokerage business),2949,-225,12,0018(brokerage business),2427,37
13,0298(brokerage business),2916,-420,13,0268(brokerage business),2735,-88,13,0323(brokerage business),2390,-190
14,0069(brokerage business),2883,-208,14,0081(brokerage business),2570,172,14,0268(brokerage business),2291,88
15,0186(brokerage business),2787,-253,15,0275(brokerage business),2495,71,15,0335(brokerage business),2204,-133
16,0009(brokerage business),2748,213,16,0049(brokerage business),2393,-59,16,0275(brokerage business),2132,-232
17,0003(brokerage business),2451,-82,17,0308(brokerage business),2161,-106,17,0184(brokerage business),1768,-6
18,0161(brokerage business),2436,880,18,0123(brokerage business),2102,-178,18,0288(brokerage business),1698,-237
19,0308(brokerage business),2389,-1183,19,0316(brokerage business),1842,3,19,0259(brokerage business),1537,225
20,0288(brokerage business),2359,89,20,0298(brokerage business),1812,-99,20,0069(brokerage business),1523,-217
Total,,156324,-39214,Total,,78273,-1655,Total,,89032,-3322
Ranking,Name of FF Member /OSBPs,Volume,Change from Previous Trading Day,Ranking,Name of FF Member /OSBPs,Long Position,Change from Previous Trading Day,Ranking,Name of FF Member /OSBPs,Short Position,Change from Previous Trading Day
Contract Code：ni2611,,,,,,,,,,2026-09-15,
1,0148(brokerage business),13096,-1390,1,0103(brokerage business),16260,87,1,0004(brokerage business),21609,441
2,0004(brokerage business),11668,-2075,2,0004(brokerage business),12783,-411,2,0148(brokerage business),13835,-244
3,0272(brokerage business),6582,513,3,0148(brokerage business),12451,300,3,0184(brokerage business),13324,454
4,0163(brokerage business),6240,-2286,4,0096(brokerage business),7274,-11,4,0239(brokerage business),7278,834
5,0275(brokerage business),5997,313,5,0077(brokerage business),6618,74,5,0272(brokerage business),6210,43
6,0253(brokerage business),3868,-743,6,0272(brokerage business),4433,-82,6,0009(brokerage business),4721,0
7,0081(brokerage business),3290,-968,7,0163(brokerage business),3273,137,7,0335(brokerage business),4341,457
8,0123(brokerage business),3166,-1619,8,0003(brokerage business),3136,581,8,0082(brokerage business),4297,7
9,0240(brokerage business),1967,187,9,0253(brokerage business),2933,542,9,0163(brokerage business),4243,-407
10,0009(brokerage business),1852,-227,10,0308(brokerage business),2444,57,10,0042(brokerage business),3301,-80
11,0059(brokerage business),1684,-837,11,0178(brokerage business),2439,92,11,0123(brokerage business),2720,24
12,0308(brokerage business),1498,-32,12,0240(brokerage business),2393,201,12,0323(brokerage business),2508,2
13,0042(brokerage business),1366,622,13,0059(brokerage business),2375,-33,13,0240(brokerage business),2039,64
14,0298(brokerage business),1223,-383,14,0082(brokerage business),2061,-78,14,0253(brokerage business),1988,90
15,0139(brokerage business),1203,996,15,0316(brokerage business),2009,20,15,0103(brokerage business),1937,81
16,0003(brokerage business),1162,410,16,0034(brokerage business),1885,44,16,0308(brokerage business),1898,175
17,0323(brokerage business),1159,-36,17,0018(brokerage business),1729,58,17,0275(brokerage business),1753,-64
18,0034(brokerage business),1130,-43,18,0139(brokerage business),1446,1132,18,0029(brokerage business),1657,36
19,0268(brokerage business),1121,-1173,19,0335(brokerage business),1418,9,19,0059(brokerage business),1643,385
20,0239(brokerage business),1036,-83,20,0069(brokerage business),1318,149,20,0096(brokerage business),1607,-123
Total,,70308,-8854,Total,,90678,2868,Total,,102909,2175
Ranking,Name of FF Member /OSBPs,Volume,Change from Previous Trading Day,Ranking,Name of FF Member /OSBPs,Long Position,Change from Previous Trading Day,Ranking,Name of FF Member /OSBPs,Short Position,Change from Previous Trading Day
Contract Code：ni2612,,,,,,,,,,2026-09-15,
1,0004(brokerage business),4686,-929,1,0148(brokerage business),13995,74,1,0004(brokerage business),22742,399
2,0148(brokerage business),3474,-714,2,0103(brokerage business),7782,26,2,0253(brokerage business),5588,-102
3,0081(brokerage business),1659,-160,3,0096(brokerage business),5209,-52,3,0148(brokerage business),4913,310
4,0253(brokerage business),1656,-731,4,0268(brokerage business),2483,-6,4,0272(brokerage business),4778,26
5,0275(brokerage business),1320,-393,5,0272(brokerage business),2417,7,5,0123(brokerage business),2583,-64
6,0163(brokerage business),1227,-949,6,0004(brokerage business),2340,623,6,0139(brokerage business),2259,0
7,0059(brokerage business),863,-219,7,0316(brokerage business),2240,42,7,0042(brokerage business),2185,13
8,0308(brokerage business),633,119,8,0003(brokerage business),1851,70,8,0009(brokerage business),1837,140
9,0123(brokerage business),504,-746,9,0178(brokerage business),1749,84,9,0003(brokerage business),1828,343
10,0003(brokerage business),459,-48,10,0163(brokerage business),1498,75,10,0240(brokerage business),1342,23
11,0259(brokerage business),397,-41,11,0253(brokerage business),1139,100,11,0022(brokerage business),1292,178
12,0096(brokerage business),395,-335,12,0308(brokerage business),896,22,12,0043(brokerage business),801,6
13,0240(brokerage business),382,-348,13,0311(brokerage business),875,-1,13,0007(brokerage business),777,5
14,0018(brokerage business),305,-172,14,0240(brokerage business),827,-23,14,0077(brokerage business),668,-107
15,0077(brokerage business),284,-83,15,0034(brokerage business),820,-11,15,0153(brokerage business),609,5
16,0069(brokerage business),238,-35,16,0018(brokerage business),808,23,16,0163(brokerage business),592,6
17,0323(brokerage business),236,168,17,0263(brokerage business),758,5,17,0308(brokerage business),542,-89
18,0016(brokerage business),233,223,18,0059(brokerage business),661,9,18,0058(brokerage business),541,121
19,0103(brokerage business),220,-172,19,0298(brokerage business),622,46,19,0103(brokerage business),469,6
20,0034(brokerage business),211,-102,20,0123(brokerage business),604,-2,20,0082(brokerage business),450,-1
Total,,19382,-5667,Total,,49574,1111,Total,,56796,1218
Ranking,Name of FF Member /OSBPs,Volume,Change from Previous Trading Day,Ranking,Name of FF Member /OSBPs,Long Position,Change from Previous Trading Day,Ranking,Name of FF Member /OSBPs,Short Position,Change from Previous Trading Day
Contract Code：ni2701,,,,,,,,,,2026-09-15,
1,0275(brokerage business),1550,-113,1,0096(brokerage business),4140,57,1,0148(brokerage business),4670,507
2,0163(brokerage business),1538,-135,2,0103(brokerage business),2658,-21,2,0272(brokerage business),4228,10
3,0004(brokerage business),1333,-592,3,0148(brokerage business),1965,58,3,0253(brokerage business),3589,93
4,0081(brokerage business),922,-284,4,0004(brokerage business),1131,12,4,0004(brokerage business),3215,151
5,0148(brokerage business),869,-464,5,0163(brokerage business),1005,371,5,0042(brokerage business),2366,3
6,0059(brokerage business),726,-184,6,0240(brokerage business),906,24,6,0240(brokerage business),1969,25
7,0253(brokerage business),430,-1198,7,0253(brokerage business),689,29,7,0311(brokerage business),1170,1
8,0123(brokerage business),249,-201,8,0025(brokerage business),668,4,8,0320(brokerage business),906,-7
9,0238(brokerage business),234,-65,9,0123(brokerage business),571,4,9,0022(brokerage business),711,0
10,0272(brokerage business),159,12,10,0069(brokerage business),549,-1,10,0103(brokerage business),619,3
11,0077(brokerage business),154,12,11,0169(brokerage business),525,0,11,0163(brokerage business),433,7
12,0178(brokerage business),138,-4,12,0272(brokerage business),489,27,12,0288(brokerage business),419,4
13,0240(brokerage business),125,-111,13,0323(brokerage business),396,4,13,0058(brokerage business),386,0
14,0186(brokerage business),117,-24,14,0178(brokerage business),386,53,14,0268(brokerage business),368,13
15,0139(brokerage business),106,65,15,0268(brokerage business),358,2,15,0331(brokerage business),121,0
16,0268(brokerage business),105,-129,16,0003(brokerage business),353,17,16,0019(brokerage business),112,0
17,0103(brokerage business),102,18,17,0310(brokerage business),350,8,17,0096(brokerage business),102,2
18,0319(brokerage business),97,-21,18,0277(brokerage business),340,-1,18,0275(brokerage business),97,15
19,0007(brokerage business),94,-33,19,0038(brokerage business),338,2,19,0151(brokerage business),69,7
20,0342(brokerage business),86,-10,20,0125(brokerage business),324,3,20,0048(brokerage business),56,-13
Total,,9134,-3461,Total,,18141,652,Total,,25606,821
Member/OSP Type,Total Volume,Change from Previous Trading Day,Member/OSP Type,Total Long Position,Change from Previous Trading Day,Member/OSP Type,Total Short Position,Change from Previous Trading Day,,,
Contract Code：snall,,,,,,,2026-09-15,,,,
Name of FF Member/OSBP,306550,-56058,Name of FF Member/OSBP,75919,1821,Name of FF Member/OSBP,75919,1821,,,
Name of Non-FF Member/OSNBP,0,0,Name of Non-FF Member/OSNBP,0,0,Name of Non-FF Member/OSNBP,0,0,,,
Ranking,Name of FF Member /OSBPs,Volume,Change from Previous Trading Day,Ranking,Name of FF Member /OSBPs,Long Position,Change from Previous Trading Day,Ranking,Name of FF Member /OSBPs,Short Position,Change from Previous Trading Day
Contract Code：sn2609,,,,,,,,,,2026-09-15,
1,0268(brokerage business),20,-44,1,0148(brokerage business),480,0,1,0272(brokerage business),1282,0
2,0349(brokerage business),16,16,2,0004(brokerage business),416,0,2,0042(brokerage business),658,0
3,0049(brokerage business),14,14,3,0049(brokerage business),226,14,3,0349(brokerage business),136,16
4,0163(brokerage business),14,6,4,0034(brokerage business),200,0,4,0007(brokerage business),72,0
5,0048(brokerage business),12,12,5,0058(brokerage business),170,0,5,0103(brokerage business),70,0
6,0311(brokerage business),6,4,6,0048(brokerage business),148,-12,6,0311(brokerage business),52,6
7,0323(brokerage business),4,4,7,0009(brokerage business),124,0,7,0069(brokerage business),34,0
8,0003(brokerage business),2,0,8,0268(brokerage business),100,-10,8,0009(brokerage business),22,0
9,0004(brokerage business),2,-2,9,0316(brokerage business),100,0,9,0052(brokerage business),8,0
10,0059(brokerage business),2,0,10,0069(brokerage business),76,0,10,,,
11,,,,11,0042(brokerage business),50,0,11,,,
12,,,,12,0082(brokerage business),48,0,12,,,
13,,,,13,0338(brokerage business),40,0,13,,,
14,,,,14,0240(brokerage business),38,0,14,,,
15,,,,15,0163(brokerage business),26,0,15,,,
16,,,,16,0275(brokerage business),20,0,16,,,
17,,,,17,0308(brokerage business),20,0,17,,,
18,,,,18,0077(brokerage business),14,0,18,,,
19,,,,19,0305(brokerage business),10,0,19,,,
20,,,,20,0003(brokerage business),4,2,20,,,
Total,,92,10,Total,,2310,-6,Total,,2334,22
Ranking,Name of FF Member /OSBPs,Volume,Change from Previous Trading Day,Ranking,Name of FF Member /OSBPs,Long Position,Change from Previous Trading Day,Ranking,Name of FF Member /OSBPs,Short Position,Change from Previous Trading Day
Contract Code：sn2610,,,,,,,,,,2026-09-15,
1,0004(brokerage business),35488,-7400,1,0004(brokerage business),3011,195,1,0004(brokerage business),4540,-217
2,0148(brokerage business),24086,-4015,2,0148(brokerage business),2530,-142,2,0148(brokerage business),3457,178
3,0163(brokerage business),16007,-3560,3,0268(brokerage business),2465,159,3,0240(brokerage business),2370,-112
4,0275(brokerage business),9987,-2564,4,0163(brokerage business),1988,92,4,0163(brokerage business),1938,-231
5,0240(brokerage business),7992,-1047,5,0240(brokerage business),1399,14,5,0272(brokerage business),1385,-18
6,0253(brokerage business),7351,-1607,6,0034(brokerage business),1132,-153,6,0103(brokerage business),1176,153
7,0081(brokerage business),7321,-913,7,0272(brokerage business),1066,56,7,0034(brokerage business),1067,77
8,0272(brokerage business),5878,-870,8,0096(brokerage business),1014,-257,8,0018(brokerage business),874,-71
9,0259(brokerage business),5107,455,9,0049(brokerage business),1008,-271,9,0335(brokerage business),861,217
10,0298(brokerage business),4933,-687,10,0082(brokerage business),941,23,10,0253(brokerage business),821,56
11,0268(brokerage business),4531,-1282,11,0007(brokerage business),913,111,11,0042(brokerage business),793,62
12,0034(brokerage business),4380,101,12,0059(brokerage business),913,-73,12,0323(brokerage business),763,-23
13,0308(brokerage business),3914,214,13,0275(brokerage business),912,-23,13,0153(brokerage business),694,-34
14,0186(brokerage business),3898,-231,14,0123(brokerage business),630,6,14,0139(brokerage business),669,-27
15,0059(brokerage business),3823,-471,15,0288(brokerage business),546,-23,15,0161(brokerage business),549,-16
16,0103(brokerage business),3175,-107,16,0077(brokerage business),501,59,16,0096(brokerage business),548,31
17,0323(brokerage business),2266,-208,17,0298(brokerage business),465,-26,17,0082(brokerage business),499,-63
18,0009(brokerage business),2204,-84,18,0042(brokerage business),462,-5,18,0308(brokerage business),461,3
19,0082(brokerage business),2102,-33,19,0308(brokerage business),448,-65,19,0048(brokerage business),453,-25
20,0096(brokerage business),1984,-68,20,0252(brokerage business),438,7,20,0288(brokerage business),434,35
Total,,156427,-24377,Total,,22782,-316,Total,,24352,-25
Ranking,Name of FF Member /OSBPs,Volume,Change from Previous Trading Day,Ranking,Name of FF Member /OSBPs,Long Position,Change from Previous Trading Day,Ranking,Name of FF Member /OSBPs,Short Position,Change from Previous Trading Day
Contract Code：sn2611,,,,,,,,,,2026-09-15,
1,0148(brokerage business),11148,-688,1,0004(brokerage business),2427,130,1,0004(brokerage business),2240,265
2,0004(brokerage business),10191,-2283,2,0148(brokerage business),2177,59,2,0148(brokerage business),2031,55
3,0275(brokerage business),5703,-1942,3,0163(brokerage business),1270,136,3,0272(brokerage business),1915,88
4,0163(brokerage business),5604,-2516,4,0272(brokerage business),1122,-65,4,0323(brokerage business),1464,22
5,0253(brokerage business),3593,8,5,0084(brokerage business),1042,-74,5,0163(brokerage business),1213,76
6,0081(brokerage business),2634,-249,6,0268(brokerage business),916,-9,6,0042(brokerage business),1040,98
7,0240(brokerage business),2049,63,7,0096(brokerage business),773,89,7,0007(brokerage business),834,61
8,0059(brokerage business),2040,-95,8,0034(brokerage business),741,522,8,0077(brokerage business),609,5
9,0034(brokerage business),1578,229,9,0049(brokerage business),736,222,9,0335(brokerage business),579,152
10,0123(brokerage business),1578,202,10,0123(brokerage business),721,-55,10,0096(brokerage business),555,-64
11,0272(brokerage business),1557,-207,11,0240(brokerage business),517,14,11,0178(brokerage business),525,63
12,0096(brokerage business),1189,-148,12,0059(brokerage business),505,124,12,0240(brokerage business),445,19
13,0271(brokerage business),861,225,13,0253(brokerage business),445,35,13,0139(brokerage business),406,7
14,0007(brokerage business),836,72,14,0052(brokerage business),422,2,14,0239(brokerage business),398,151
15,0268(brokerage business),794,-523,15,0103(brokerage business),381,-19,15,0003(brokerage business),383,5
16,0259(brokerage business),764,-75,16,0274(brokerage business),354,9,16,0059(brokerage business),383,84
17,0308(brokerage business),720,117,17,0082(brokerage business),339,20,17,0268(brokerage business),378,-51
18,0298(brokerage business),611,-27,18,0069(brokerage business),329,19,18,0274(brokerage business),363,25
19,0103(brokerage business),593,-117,19,0009(brokerage business),316,44,19,0103(brokerage business),358,110
20,0186(brokerage business),586,48,20,0239(brokerage business),316,-19,20,0253(brokerage business),333,62
Total,,54629,-7906,Total,,15849,1184,Total,,16452,1233
Member/OSP Type,Total Volume,Change from Previous Trading Day,Member/OSP Type,Total Long Position,Change from Previous Trading Day,Member/OSP Type,Total Short Position,Change from Previous Trading Day,,,
Contract Code：aoall,,,,,,,2026-09-15,,,,
Name of FF Member/OSBP,320270,-179410,Name of FF Member/OSBP,472091,-1586,Name of FF Member/OSBP,469341,-1586,,,
Name of Non-FF Member/OSNBP,0,0,Name of Non-FF Member/OSNBP,0,0,Name of Non-FF Member/OSNBP,2750,0,,,
Ranking,Name of FF Member /OSBPs,Volume,Change from Previous Trading Day,Ranking,Name of FF Member /OSBPs,Long Position,Change from Previous Trading Day,Ranking,Name of FF Member /OSBPs,Short Position,Change from Previous Trading Day
Contract Code：ao2609,,,,,,,,,,2026-09-15,
1,0136(brokerage business),285,285,1,0018(brokerage business),1050,0,1,0004(brokerage business),855,0
2,0151(brokerage business),15,15,2,0327(brokerage business),990,0,2,0148(brokerage business),855,0
3,,,,3,0034(brokerage business),900,0,3,0096(brokerage business),570,0
4,,,,4,0103(brokerage business),240,0,4,0139(brokerage business),405,0
5,,,,5,0136(brokerage business),150,-150,5,0272(brokerage business),210,0
6,,,,6,0148(brokerage business),150,0,6,0320(brokerage business),90,0
7,,,,7,,,,7,0123(brokerage business),45,0
Total,,300,300,Total,,3480,-150,Total,,3030,0
Ranking,Name of FF Member /OSBPs,Volume,Change from Previous Trading Day,Ranking,Name of FF Member /OSBPs,Long Position,Change from Previous Trading Day,Ranking,Name of FF Member /OSBPs,Short Position,Change from Previous Trading Day
Contract Code：ao2610,,,,,,,,,,2026-09-15,
1,0163(brokerage business),5567,-3387,1,0096(brokerage business),2839,-170,1,0148(brokerage business),7896,399
2,0004(brokerage business),2552,-3469,2,0082(brokerage business),2619,-10,2,0004(brokerage business),4527,-609
3,0148(brokerage business),2401,-3345,3,0004(brokerage business),2484,-93,3,0163(brokerage business),2447,-84
4,0275(brokerage business),1666,-2118,4,0148(brokerage business),1685,-404,4,0103(brokerage business),1925,-48
5,0029(brokerage business),1056,663,5,0253(brokerage business),1675,-36,5,0323(brokerage business),1649,-2
6,0253(brokerage business),983,-1397,6,0163(brokerage business),1546,-287,6,0029(brokerage business),1504,138
7,0151(brokerage business),927,-97,7,0298(brokerage business),1416,-66,7,0019(brokerage business),1326,26
8,0069(brokerage business),861,-522,8,0003(brokerage business),1146,0,8,0139(brokerage business),1067,-2
9,0081(brokerage business),740,-1228,9,0327(brokerage business),1037,35,9,0268(brokerage business),1016,-61
10,0268(brokerage business),588,-514,10,0272(brokerage business),1030,-72,10,0003(brokerage business),995,51
11,0298(brokerage business),530,-332,11,0034(brokerage business),1005,-54,11,0059(brokerage business),960,-2
12,0161(brokerage business),509,-82,12,0323(brokerage business),983,-12,12,0151(brokerage business),843,-780
13,0123(brokerage business),449,-404,13,0018(brokerage business),973,-7,13,0274(brokerage business),816,-7
14,0272(brokerage business),426,-1011,14,0275(brokerage business),955,-60,14,0253(brokerage business),811,-381
15,0259(brokerage business),409,199,15,0029(brokerage business),906,-8,15,0136(brokerage business),790,-4
16,0058(brokerage business),407,205,16,0161(brokerage business),899,-21,16,0272(brokerage business),769,-100
17,0095(brokerage business),358,173,17,0288(brokerage business),855,-158,17,0082(brokerage business),728,150
18,0139(brokerage business),357,185,18,0103(brokerage business),814,-18,18,0081(brokerage business),603,-118
19,0096(brokerage business),338,-69,19,0007(brokerage business),735,-2,19,0259(brokerage business),569,-290
20,0288(brokerage business),315,-343,20,0137(brokerage business),735,14,20,0049(brokerage business),538,-96
Total,,21439,-16893,Total,,26337,-1429,Total,,31779,-1820
Ranking,Name of FF Member /OSBPs,Volume,Change from Previous Trading Day,Ranking,Name of FF Member /OSBPs,Long Position,Change from Previous Trading Day,Ranking,Name of FF Member /OSBPs,Short Position,Change from Previous Trading Day
Contract Code：ao2611,,,,,,,,,,2026-09-15,
1,0163(brokerage business),5774,-3202,1,0272(brokerage business),14166,48,1,0151(brokerage business),8946,699
2,0004(brokerage business),3579,-4139,2,0323(brokerage business),12058,101,2,0323(brokerage business),8506,25
3,0148(brokerage business),3346,-2363,3,0082(brokerage business),10659,-4,3,0004(brokerage business),8305,154
4,0240(brokerage business),2585,1006,4,0151(brokerage business),8301,-21,4,0148(brokerage business),7870,-534
5,0081(brokerage business),2575,1157,5,0004(brokerage business),6973,69,5,0240(brokerage business),6431,-1131
6,0178(brokerage business),2014,123,6,0253(brokerage business),6845,69,6,0163(brokerage business),6319,-138
7,0161(brokerage business),1482,-1091,7,0240(brokerage business),5799,-782,7,0253(brokerage business),4564,29
8,0082(brokerage business),1396,1081,8,0178(brokerage business),4527,-805,8,0178(brokerage business),4389,-815
9,0253(brokerage business),1342,-1552,9,0161(brokerage business),4013,-158,9,0103(brokerage business),4194,24
10,0151(brokerage business),1256,667,10,0077(brokerage business),3707,5,10,0161(brokerage business),4116,-432
11,0059(brokerage business),1059,135,11,0163(brokerage business),3282,-128,11,0019(brokerage business),3175,-28
12,0123(brokerage business),999,-436,12,0148(brokerage business),3256,36,12,0268(brokerage business),3145,-195
13,0029(brokerage business),720,98,13,0048(brokerage business),1941,-197,13,0274(brokerage business),2777,78
14,0259(brokerage business),609,122,14,0308(brokerage business),1571,-4,14,0335(brokerage business),2686,-133
15,0009(brokerage business),512,-482,15,0034(brokerage business),1515,-13,15,0058(brokerage business),2357,161
16,0048(brokerage business),481,226,16,0009(brokerage business),1440,130,16,0082(brokerage business),2331,1084
17,0275(brokerage business),456,-2305,17,0268(brokerage business),1398,-112,17,0048(brokerage business),1978,-192
18,0089(brokerage business),422,412,18,0103(brokerage business),1128,-6,18,0288(brokerage business),1942,89
19,0335(brokerage business),419,-482,19,0029(brokerage business),884,231,19,0275(brokerage business),1540,-58
20,0272(brokerage business),417,-782,20,0123(brokerage business),693,-103,20,0081(brokerage business),1222,264
Total,,31443,-11807,Total,,94156,-1644,Total,,86793,-1049
Ranking,Name of FF Member /OSBPs,Volume,Change from Previous Trading Day,Ranking,Name of FF Member /OSBPs,Long Position,Change from Previous Trading Day,Ranking,Name of FF Member /OSBPs,Short Position,Change from Previous Trading Day
Contract Code：ao2612,,,,,,,,,,2026-09-15,
1,0163(brokerage business),1454,-1127,1,0323(brokerage business),8011,1,1,0323(brokerage business),8223,0
2,0178(brokerage business),556,-464,2,0151(brokerage business),6351,1,2,0151(brokerage business),6376,152
3,0151(brokerage business),481,297,3,0240(brokerage business),5007,13,3,0240(brokerage business),5368,5
4,0161(brokerage business),461,-516,4,0161(brokerage business),4542,-7,4,0161(brokerage business),4567,-10
5,0081(brokerage business),447,-260,5,0178(brokerage business),4510,281,5,0178(brokerage business),4528,275
6,0253(brokerage business),297,-1156,6,0268(brokerage business),4188,-7,6,0004(brokerage business),4175,11
7,0048(brokerage business),277,-219,7,0272(brokerage business),3880,9,7,0268(brokerage business),4016,1
8,0268(brokerage business),264,-971,8,0163(brokerage business),3852,63,8,0163(brokerage business),3594,-13
9,0148(brokerage business),205,-823,9,0004(brokerage business),3421,25,9,0253(brokerage business),2995,12
10,0123(brokerage business),175,-131,10,0253(brokerage business),2601,-1,10,0103(brokerage business),2222,50
11,0059(brokerage business),158,-161,11,0059(brokerage business),1978,77,11,0059(brokerage business),1974,75
12,0004(brokerage business),136,-475,12,0082(brokerage business),1755,1,12,0335(brokerage business),1834,13
13,0240(brokerage business),130,-353,13,0034(brokerage business),1653,9,13,0009(brokerage business),1818,-5
14,0288(brokerage business),87,-285,14,0048(brokerage business),1575,-134,14,0048(brokerage business),1688,-127
15,0272(brokerage business),85,-1222,15,0288(brokerage business),1399,-7,15,0148(brokerage business),998,66
16,0323(brokerage business),83,-194,16,0139(brokerage business),1356,3,16,0272(brokerage business),916,6
17,0141(brokerage business),72,-152,17,0095(brokerage business),571,-1,17,0123(brokerage business),811,49
18,0009(brokerage business),67,-403,18,0148(brokerage business),393,1,18,0288(brokerage business),489,-68
19,0069(brokerage business),67,-127,19,0009(brokerage business),383,62,19,0043(brokerage business),329,0
20,0238(brokerage business),60,-63,20,0153(brokerage business),280,1,20,0082(brokerage business),307,-1
Total,,5562,-8805,Total,,57706,390,Total,,57228,491
Ranking,Name of FF Member /OSBPs,Volume,Change from Previous Trading Day,Ranking,Name of FF Member /OSBPs,Long Position,Change from Previous Trading Day,Ranking,Name of FF Member /OSBPs,Short Position,Change from Previous Trading Day
Contract Code：ao2701,,,,,,,,,,2026-09-15,
1,0004(brokerage business),52046,-10315,1,0004(brokerage business),17661,-543,1,0148(brokerage business),29013,-251
2,0163(brokerage business),28600,-12168,2,0148(brokerage business),16760,370,2,0004(brokerage business),26773,223
3,0148(brokerage business),18827,-14251,3,0034(brokerage business),14297,148,3,0103(brokerage business),17932,657
4,0253(brokerage business),9931,-7503,4,0082(brokerage business),10654,1080,4,0335(brokerage business),12522,-670
5,0272(brokerage business),7513,-451,5,0163(brokerage business),10563,-536,5,0253(brokerage business),10404,362
6,0275(brokerage business),6254,-2575,6,0077(brokerage business),6913,-153,6,0163(brokerage business),9197,-864
7,0298(brokerage business),4587,-826,7,0272(brokerage business),6624,799,7,0272(brokerage business),7824,-12
8,0240(brokerage business),4411,-2083,8,0288(brokerage business),6568,580,8,0059(brokerage business),5414,470
9,0059(brokerage business),3913,-2204,9,0103(brokerage business),5963,-119,9,0082(brokerage business),5372,95
10,0103(brokerage business),3858,-1908,10,0323(brokerage business),5888,177,10,0288(brokerage business),4490,-694
11,0186(brokerage business),3757,-1696,11,0123(brokerage business),5601,-773,11,0268(brokerage business),4486,128
12,0268(brokerage business),3564,-3434,12,0253(brokerage business),5163,-307,12,0240(brokerage business),4133,-23
13,0288(brokerage business),3326,-1394,13,0116(brokerage business),4681,-42,13,0034(brokerage business),4082,408
14,0161(brokerage business),3249,165,14,0052(brokerage business),4173,2025,14,0058(brokerage business),3638,-18
15,0081(brokerage business),2889,-2489,15,0298(brokerage business),3815,179,15,0123(brokerage business),2877,304
16,0335(brokerage business),2736,-950,16,0003(brokerage business),3686,23,16,0274(brokerage business),2858,-204
17,0123(brokerage business),2549,-6122,17,0268(brokerage business),3666,-116,17,0081(brokerage business),2741,197
18,0034(brokerage business),2538,-1476,18,0275(brokerage business),3539,36,18,0151(brokerage business),2644,-33
19,0096(brokerage business),2202,757,19,0009(brokerage business),3116,314,19,0007(brokerage business),2631,-34
20,0007(brokerage business),2171,950,20,0096(brokerage business),3062,-160,20,0018(brokerage business),2569,-137
Total,,168921,-69973,Total,,142393,2982,Total,,161600,-96
Member/OSP Type,Total Volume,Change from Previous Trading Day,Member/OSP Type,Total Long Position,Change from Previous Trading Day,Member/OSP Type,Total Short Position,Change from Previous Trading Day,,,
Contract Code：adall,,,,,,,2026-09-15,,,,
Name of FF Member/OSBP,19274,-4406,Name of FF Member/OSBP,23408,-558,Name of FF Member/OSBP,23408,-558,,,
Name of Non-FF Member/OSNBP,0,0,Name of Non-FF Member/OSNBP,0,0,Name of Non-FF Member/OSNBP,0,0,,,
Ranking,Name of FF Member /OSBPs,Volume,Change from Previous Trading Day,Ranking,Name of FF Member /OSBPs,Long Position,Change from Previous Trading Day,Ranking,Name of FF Member /OSBPs,Short Position,Change from Previous Trading Day
Contract Code：ad2609,,,,,,,,,,2026-09-15,
1,,,,1,0018(brokerage business),180,0,1,0275(brokerage business),186,0
2,,,,2,0148(brokerage business),135,0,2,0123(brokerage business),81,0
3,,,,3,0320(brokerage business),123,0,3,0004(brokerage business),69,0
4,,,,4,0004(brokerage business),33,0,4,0103(brokerage business),63,0
5,,,,5,0163(brokerage business),9,0,5,0169(brokerage business),33,0
6,,,,6,0125(brokerage business),6,0,6,0277(brokerage business),27,0
7,,,,7,0272(brokerage business),3,0,7,0153(brokerage business),18,0
8,,,,8,,,,8,0139(brokerage business),12,0
Total,,,,Total,,489,0,Total,,489,0
Ranking,Name of FF Member /OSBPs,Volume,Change from Previous Trading Day,Ranking,Name of FF Member /OSBPs,Long Position,Change from Previous Trading Day,Ranking,Name of FF Member /OSBPs,Short Position,Change from Previous Trading Day
Contract Code：ad2610,,,,,,,,,,2026-09-15,
1,0137(brokerage business),471,276,1,0253(brokerage business),413,-1,1,0123(brokerage business),456,2
2,0163(brokerage business),212,-341,2,0123(brokerage business),342,-18,2,0275(brokerage business),380,1
3,0004(brokerage business),179,-6,3,0004(brokerage business),323,16,3,0139(brokerage business),358,5
4,0253(brokerage business),176,-108,4,0139(brokerage business),309,5,4,0323(brokerage business),318,0
5,0275(brokerage business),137,-22,5,0323(brokerage business),300,0,5,0253(brokerage business),307,0
6,0096(brokerage business),122,54,6,0257(brokerage business),294,-1,6,0048(brokerage business),304,-4
7,0008(brokerage business),104,8,7,0009(brokerage business),292,0,7,0257(brokerage business),294,3
8,0123(brokerage business),103,-99,8,0048(brokerage business),285,0,8,0009(brokerage business),292,0
9,0139(brokerage business),102,38,9,0275(brokerage business),282,0,9,0008(brokerage business),281,-4
10,0009(brokerage business),96,59,10,0008(brokerage business),281,-4,10,0004(brokerage business),259,-7
11,0148(brokerage business),78,-83,11,0034(brokerage business),256,0,11,0137(brokerage business),249,-3
12,0138(brokerage business),75,65,12,0137(brokerage business),249,-14,12,0096(brokerage business),242,-34
13,0257(brokerage business),72,-62,13,0096(brokerage business),236,-34,13,0163(brokerage business),102,-24
14,0048(brokerage business),48,-10,14,0148(brokerage business),141,-10,14,0272(brokerage business),98,-4
15,0323(brokerage business),48,27,15,0272(brokerage business),95,0,15,0349(brokerage business),76,1
16,0171(brokerage business),27,14,16,0163(brokerage business),55,-2,16,0103(brokerage business),69,7
17,0268(brokerage business),27,-21,17,0268(brokerage business),45,-13,17,0148(brokerage business),49,2
18,0320(brokerage business),27,27,18,0320(brokerage business),38,26,18,0335(brokerage business),48,0
19,0058(brokerage business),24,-7,19,0277(brokerage business),24,0,19,0268(brokerage business),32,2
20,0059(brokerage business),22,5,20,0059(brokerage business),18,-5,20,0277(brokerage business),30,0
Total,,2150,-186,Total,,4278,-55,Total,,4244,-57
Ranking,Name of FF Member /OSBPs,Volume,Change from Previous Trading Day,Ranking,Name of FF Member /OSBPs,Long Position,Change from Previous Trading Day,Ranking,Name of FF Member /OSBPs,Short Position,Change from Previous Trading Day
Contract Code：ad2611,,,,,,,,,,2026-09-15,
1,0163(brokerage business),1638,-925,1,0123(brokerage business),1819,1,1,0323(brokerage business),1722,-174
2,0081(brokerage business),1105,-251,2,0323(brokerage business),1772,-176,2,0139(brokerage business),1675,1
3,0004(brokerage business),1001,-324,3,0139(brokerage business),1394,-1,3,0123(brokerage business),1432,-16
4,0253(brokerage business),971,-626,4,0253(brokerage business),1390,24,4,0253(brokerage business),1302,-39
5,0008(brokerage business),870,-360,5,0257(brokerage business),1193,3,5,0257(brokerage business),1196,0
6,0257(brokerage business),801,-324,6,0009(brokerage business),1124,42,6,0004(brokerage business),1127,-35
7,0275(brokerage business),643,-207,7,0148(brokerage business),1106,-68,7,0009(brokerage business),1126,42
8,0048(brokerage business),525,8,8,0048(brokerage business),1055,-51,8,0048(brokerage business),1051,-48
9,0096(brokerage business),492,258,9,0096(brokerage business),1025,24,9,0096(brokerage business),1033,24
10,0139(brokerage business),438,-390,10,0137(brokerage business),1019,5,10,0137(brokerage business),1020,-8
11,0123(brokerage business),401,-351,11,0163(brokerage business),926,-44,11,0008(brokerage business),899,6
12,0323(brokerage business),356,295,12,0275(brokerage business),909,-16,12,0272(brokerage business),890,-175
13,0148(brokerage business),310,-320,13,0008(brokerage business),899,6,13,0275(brokerage business),884,-3
14,0272(brokerage business),245,-80,14,0034(brokerage business),383,-1,14,0268(brokerage business),522,-24
15,0240(brokerage business),127,-8,15,0004(brokerage business),378,8,15,0148(brokerage business),410,-18
16,0320(brokerage business),111,-45,16,0082(brokerage business),111,9,16,0067(brokerage business),316,15
17,0298(brokerage business),109,70,17,0288(brokerage business),79,-29,17,0018(brokerage business),165,-22
18,0067(brokerage business),95,-71,18,0069(brokerage business),74,5,18,0103(brokerage business),149,-19
19,0009(brokerage business),86,9,19,0268(brokerage business),66,3,19,0163(brokerage business),139,54
20,0308(brokerage business),73,-47,20,0007(brokerage business),61,0,20,0320(brokerage business),130,1
Total,,10397,-3689,Total,,16783,-256,Total,,17188,-438
Member/OSP Type,Total Volume,Change from Previous Trading Day,Member/OSP Type,Total Long Position,Change from Previous Trading Day,Member/OSP Type,Total Short Position,Change from Previous Trading Day,,,
Contract Code：auall,,,,,,,2026-09-15,,,,
Name of FF Member/OSBP,657567,-136226,Name of FF Member/OSBP,324193,-206,Name of FF Member/OSBP,73047,949,,,
Name of Non-FF Member/OSNBP,29629,3280,Name of Non-FF Member/OSNBP,94910,4694,Name of Non-FF Member/OSNBP,346056,3539,,,
Ranking,Name of FF Member /OSBPs,Volume,Change from Previous Trading Day,Ranking,Name of FF Member /OSBPs,Long Position,Change from Previous Trading Day,Ranking,Name of FF Member /OSBPs,Short Position,Change from Previous Trading Day
Contract Code：au2609,,,,,,,,,,2026-09-15,
1,,,,1,0004(brokerage business),207,0,1,0186(brokerage business),69,0
2,,,,2,0277(brokerage business),12,0,2,0253(brokerage business),33,0
3,,,,3,0008(brokerage business),9,0,3,,,
4,,,,4,0272(brokerage business),9,0,4,,,
5,,,,5,0049(brokerage business),3,0,5,,,
6,,,,6,0123(brokerage business),3,0,6,,,
Total,,,,Total,,243,0,Total,,102,0
Ranking,Name of FF Member /OSBPs,Volume,Change from Previous Trading Day,Ranking,Name of FF Member /OSBPs,Long Position,Change from Previous Trading Day,Ranking,Name of FF Member /OSBPs,Short Position,Change from Previous Trading Day
Contract Code：au2610,,,,,,,,,,2026-09-15,
1,0004(brokerage business),85832,-28431,1,0004(brokerage business),14504,-1725,1,0004(brokerage business),8842,-68
2,0148(brokerage business),49966,-9969,2,0148(brokerage business),8981,-739,2,0240(brokerage business),2113,-37
3,0163(brokerage business),38956,-6446,3,0272(brokerage business),6103,-475,3,0163(brokerage business),2038,-232
4,0272(brokerage business),25758,-7686,4,0163(brokerage business),6093,81,4,0306(brokerage business),1577,847
5,0308(brokerage business),23164,-2831,5,0253(brokerage business),4484,-151,5,0148(brokerage business),1536,-327
6,0253(brokerage business),19187,-8284,6,0034(brokerage business),4386,-109,6,0272(brokerage business),1380,23
7,0275(brokerage business),15274,-2785,7,0082(brokerage business),4383,-241,7,0253(brokerage business),1180,72
8,0096(brokerage business),10875,-1207,8,0288(brokerage business),3646,-1110,8,0009(brokerage business),908,14
9,0161(brokerage business),10622,-878,9,0103(brokerage business),3070,-67,9,0268(brokerage business),893,-7
10,0240(brokerage business),9573,-891,10,0169(brokerage business),3024,54,10,0049(brokerage business),886,99
11,0372(brokerage business),8586,-3801,11,0240(brokerage business),2974,-372,11,0096(brokerage business),784,-17
12,0034(brokerage business),8065,-826,12,0268(brokerage business),2934,-111,12,0137(brokerage business),780,12
13,0123(brokerage business),7219,-2891,13,0275(brokerage business),2428,-198,13,0034(brokerage business),557,52
14,0268(brokerage business),7140,-959,14,0042(brokerage business),2411,-307,14,0042(brokerage business),523,59
15,0077(brokerage business),7066,-2074,15,0161(brokerage business),2071,-157,15,0288(brokerage business),468,-69
16,0081(brokerage business),6329,-1835,16,0274(brokerage business),1904,20,16,0372(brokerage business),434,-10
17,0274(brokerage business),6246,-3600,17,0335(brokerage business),1762,-86,17,0059(brokerage business),423,-196
18,0009(brokerage business),6040,-1158,18,0096(brokerage business),1737,290,18,0001(brokerage business),420,-21
19,0298(brokerage business),5443,-759,19,0323(brokerage business),1737,23,19,0308(brokerage business),372,-155
20,0288(brokerage business),5263,931,20,0308(brokerage business),1622,21,20,0186(brokerage business),339,-10
Total,,356604,-86380,Total,,80254,-5359,Total,,26453,29
Ranking,Name of FF Member /OSBPs,Volume,Change from Previous Trading Day,Ranking,Name of FF Member /OSBPs,Long Position,Change from Previous Trading Day,Ranking,Name of FF Member /OSBPs,Short Position,Change from Previous Trading Day
Contract Code：au2612,,,,,,,,,,2026-09-15,
1,0004(brokerage business),24380,-7377,1,0004(brokerage business),26814,1282,1,0148(brokerage business),3724,-45
2,0272(brokerage business),16498,-6112,2,0148(brokerage business),16787,342,2,0004(brokerage business),2291,76
3,0148(brokerage business),16465,-1633,3,0163(brokerage business),8663,332,3,0025(brokerage business),1799,1
4,0163(brokerage business),10745,-4,4,0067(brokerage business),7098,-137,4,0268(brokerage business),1793,74
5,0253(brokerage business),9127,-2016,5,0103(brokerage business),5332,-81,5,0001(brokerage business),1550,-32
6,0308(brokerage business),5898,-108,6,0272(brokerage business),5223,146,6,0082(brokerage business),1477,48
7,0009(brokerage business),5751,529,7,0253(brokerage business),4403,-383,7,0049(brokerage business),1459,-66
8,0161(brokerage business),5297,230,8,0288(brokerage business),3418,1090,8,0052(brokerage business),990,72
9,0096(brokerage business),4997,-439,9,0240(brokerage business),3185,86,9,0089(brokerage business),880,3
10,0274(brokerage business),4226,-3773,10,0268(brokerage business),2934,-88,10,0272(brokerage business),828,98
11,0240(brokerage business),4141,1763,11,0003(brokerage business),2524,-104,11,0288(brokerage business),774,56
12,0103(brokerage business),2931,-78,12,0082(brokerage business),2403,-5,12,0009(brokerage business),756,-83
13,0081(brokerage business),2270,-764,13,0042(brokerage business),2402,211,13,0034(brokerage business),683,30
14,0275(brokerage business),2238,-77,14,0123(brokerage business),2302,36,14,0096(brokerage business),638,-27
15,0288(brokerage business),2220,805,15,0034(brokerage business),2176,41,15,0253(brokerage business),588,156
16,0268(brokerage business),2168,-152,16,0069(brokerage business),2085,22,16,0059(brokerage business),549,95
17,0019(brokerage business),1925,-644,17,0239(brokerage business),1963,-41,17,0137(brokerage business),539,98
18,0034(brokerage business),1773,-653,18,0323(brokerage business),1959,-192,18,0007(brokerage business),485,39
19,0311(brokerage business),1663,787,19,0169(brokerage business),1882,112,19,0042(brokerage business),481,37
20,0123(brokerage business),1443,-294,20,0308(brokerage business),1759,-103,20,0372(brokerage business),449,-19
Total,,126156,-20010,Total,,105312,2566,Total,,22733,611
Ranking,Name of FF Member /OSBPs,Volume,Change from Previous Trading Day,Ranking,Name of FF Member /OSBPs,Long Position,Change from Previous Trading Day,Ranking,Name of FF Member /OSBPs,Short Position,Change from Previous Trading Day
Contract Code：au2702,,,,,,,,,,2026-09-15,
1,0148(brokerage business),4505,-1692,1,0148(brokerage business),3567,348,1,0323(brokerage business),1027,-3
2,0004(brokerage business),3907,-61,2,0067(brokerage business),2932,3,2,0025(brokerage business),570,100
3,0161(brokerage business),3603,-1154,3,0272(brokerage business),2730,76,3,0004(brokerage business),495,-124
4,0272(brokerage business),3466,-363,4,0004(brokerage business),2519,161,4,0169(brokerage business),234,0
5,0308(brokerage business),2250,-360,5,0323(brokerage business),1169,4,5,0009(brokerage business),125,-5
6,0253(brokerage business),1889,-339,6,0163(brokerage business),990,4,6,0335(brokerage business),119,29
7,0096(brokerage business),1804,-574,7,0288(brokerage business),976,31,7,0148(brokerage business),108,-255
8,0163(brokerage business),1658,20,8,0103(brokerage business),804,-51,8,0042(brokerage business),104,-2
9,0069(brokerage business),718,240,9,0025(brokerage business),698,140,9,0272(brokerage business),97,-8
10,0081(brokerage business),630,5,10,0253(brokerage business),633,151,10,0058(brokerage business),87,-14
11,0009(brokerage business),566,-7,11,0123(brokerage business),592,11,11,0034(brokerage business),67,2
12,0268(brokerage business),367,112,12,0009(brokerage business),556,3,12,0163(brokerage business),65,8
13,0275(brokerage business),350,190,13,0308(brokerage business),525,154,13,0275(brokerage business),59,-195
14,0137(brokerage business),343,11,14,0311(brokerage business),481,45,14,0239(brokerage business),57,-4
15,0019(brokerage business),325,107,15,0059(brokerage business),409,173,15,0240(brokerage business),57,-1
16,0274(brokerage business),318,103,16,0274(brokerage business),366,-5,16,0253(brokerage business),56,-82
17,0288(brokerage business),298,-32,17,0268(brokerage business),345,-6,17,0308(brokerage business),55,-10
18,0048(brokerage business),280,50,18,0161(brokerage business),341,45,18,0268(brokerage business),54,-3
19,0059(brokerage business),259,96,19,0081(brokerage business),322,1,19,0049(brokerage business),53,6
20,0025(brokerage business),240,186,20,0008(brokerage business),287,0,20,0007(brokerage business),40,-1
Total,,27776,-3462,Total,,21242,1288,Total,,3529,-562
Ranking,Name of FF Member /OSBPs,Volume,Change from Previous Trading Day,Ranking,Name of FF Member /OSBPs,Long Position,Change from Previous Trading Day,Ranking,Name of FF Member /OSBPs,Short Position,Change from Previous Trading Day
Contract Code：au2704,,,,,,,,,,2026-09-15,
1,0163(brokerage business),1234,159,1,0148(brokerage business),2361,-152,1,0323(brokerage business),1001,1
2,0308(brokerage business),1075,-55,2,0067(brokerage business),2018,1000,2,0004(brokerage business),248,56
3,0067(brokerage business),1036,1028,3,0004(brokerage business),1070,-89,3,0308(brokerage business),155,128
4,0148(brokerage business),999,192,4,0323(brokerage business),1065,-3,4,0272(brokerage business),96,18
5,0161(brokerage business),795,-202,5,0123(brokerage business),570,0,5,0163(brokerage business),80,38
6,0004(brokerage business),737,317,6,0275(brokerage business),450,2,6,0148(brokerage business),72,21
7,0069(brokerage business),705,414,7,0272(brokerage business),384,-36,7,0333(brokerage business),66,44
8,0137(brokerage business),395,-18,8,0163(brokerage business),219,12,8,0137(brokerage business),55,35
9,0271(brokerage business),319,67,9,0253(brokerage business),216,-67,9,0009(brokerage business),52,9
10,0253(brokerage business),287,-11,10,0327(brokerage business),191,-1,10,0151(brokerage business),47,30
11,0272(brokerage business),222,57,11,0288(brokerage business),179,-1,11,0049(brokerage business),44,-1
12,0268(brokerage business),183,132,12,0156(brokerage business),166,2,12,0081(brokerage business),39,21
13,0081(brokerage business),177,-47,13,0001(brokerage business),130,-1,13,0161(brokerage business),39,23
14,0275(brokerage business),144,50,14,0268(brokerage business),116,3,14,0042(brokerage business),36,9
15,0123(brokerage business),91,60,15,0308(brokerage business),97,13,15,0268(brokerage business),34,2
16,0009(brokerage business),85,13,16,0240(brokerage business),75,-3,16,0244(brokerage business),30,0
17,0333(brokerage business),71,70,17,0003(brokerage business),74,0,17,0338(brokerage business),29,29
18,0096(brokerage business),61,-27,18,0018(brokerage business),73,11,18,0067(brokerage business),24,22
19,0151(brokerage business),61,20,19,0311(brokerage business),63,0,19,0332(brokerage business),22,0
20,0320(brokerage business),49,42,20,0298(brokerage business),52,0,20,0069(brokerage business),21,10
Total,,8726,2261,Total,,9569,690,Total,,2190,495
Member/OSP Type,Total Volume,Change from Previous Trading Day,Member/OSP Type,Total Long Position,Change from Previous Trading Day,Member/OSP Type,Total Short Position,Change from Previous Trading Day,,,
Contract Code：agall,,,,,,,2026-09-15,,,,
Name of FF Member/OSBP,1320103,-356222,Name of FF Member/OSBP,500119,-1850,Name of FF Member/OSBP,346040,-1641,,,
Name of Non-FF Member/OSNBP,14787,-706,Name of Non-FF Member/OSNBP,62728,1442,Name of Non-FF Member/OSNBP,216807,1233,,,
Ranking,Name of FF Member /OSBPs,Volume,Change from Previous Trading Day,Ranking,Name of FF Member /OSBPs,Long Position,Change from Previous Trading Day,Ranking,Name of FF Member /OSBPs,Short Position,Change from Previous Trading Day
Contract Code：ag2609,,,,,,,,,,2026-09-15,
1,0171(brokerage business),60,60,1,0004(brokerage business),1140,16,1,0001(brokerage business),526,0
2,0103(brokerage business),38,18,2,0148(brokerage business),292,-4,2,0049(brokerage business),472,0
3,0151(brokerage business),36,36,3,0321(brokerage business),268,0,3,0311(brokerage business),436,-2
4,0004(brokerage business),16,14,4,0058(brokerage business),170,0,4,0004(brokerage business),212,0
5,0275(brokerage business),16,-56,5,0272(brokerage business),166,0,5,0275(brokerage business),128,-12
6,0277(brokerage business),16,16,6,0308(brokerage business),144,0,6,0052(brokerage business),106,0
7,0137(brokerage business),6,6,7,0025(brokerage business),100,0,7,0034(brokerage business),82,0
8,0288(brokerage business),6,6,8,0276(brokerage business),100,0,8,0306(brokerage business),60,6
9,0306(brokerage business),6,6,9,0069(brokerage business),86,0,9,0321(brokerage business),34,4
10,0123(brokerage business),4,4,10,0103(brokerage business),86,22,10,0153(brokerage business),32,0
11,0148(brokerage business),4,4,11,0240(brokerage business),84,0,11,0240(brokerage business),18,0
12,0253(brokerage business),4,4,12,0253(brokerage business),74,4,12,0043(brokerage business),16,0
13,0321(brokerage business),4,4,13,0322(brokerage business),60,0,13,0067(brokerage business),4,0
14,0082(brokerage business),2,2,14,0077(brokerage business),46,0,14,0177(brokerage business),4,0
15,0311(brokerage business),2,2,15,0299(brokerage business),44,0,15,,,
16,,,,16,0338(brokerage business),40,0,16,,,
17,,,,17,0096(brokerage business),38,0,17,,,
18,,,,18,0277(brokerage business),28,16,18,,,
19,,,,19,0042(brokerage business),20,0,19,,,
20,,,,20,0081(brokerage business),20,0,20,,,
Total,,220,126,Total,,3006,54,Total,,2130,-4
Ranking,Name of FF Member /OSBPs,Volume,Change from Previous Trading Day,Ranking,Name of FF Member /OSBPs,Long Position,Change from Previous Trading Day,Ranking,Name of FF Member /OSBPs,Short Position,Change from Previous Trading Day
Contract Code：ag2610,,,,,,,,,,2026-09-15,
1,0004(brokerage business),93657,-34231,1,0148(brokerage business),10698,-792,1,0004(brokerage business),16175,-565
2,0148(brokerage business),67082,-21437,2,0004(brokerage business),9256,-1068,2,0148(brokerage business),13653,192
3,0163(brokerage business),49501,-8282,3,0163(brokerage business),7535,-84,3,0049(brokerage business),5730,-411
4,0275(brokerage business),28474,-5858,4,0034(brokerage business),6727,-507,4,0163(brokerage business),5264,-1488
5,0240(brokerage business),27292,-8932,5,0272(brokerage business),6368,-785,5,0253(brokerage business),4465,-95
6,0308(brokerage business),22841,-8012,6,0288(brokerage business),5728,-592,6,0137(brokerage business),3710,-300
7,0253(brokerage business),22672,-7762,7,0275(brokerage business),4624,-176,7,0272(brokerage business),3148,-458
8,0272(brokerage business),22555,-8143,8,0240(brokerage business),4482,-443,8,0240(brokerage business),2810,-1079
9,0034(brokerage business),16484,-7460,9,0253(brokerage business),4368,-583,9,0042(brokerage business),2253,21
10,0268(brokerage business),15248,-7017,10,0009(brokerage business),4145,-120,10,0001(brokerage business),2244,-157
11,0298(brokerage business),13939,-6006,11,0268(brokerage business),3756,-197,11,0139(brokerage business),2190,-204
12,0081(brokerage business),11701,-8263,12,0082(brokerage business),3522,-367,12,0275(brokerage business),2060,58
13,0123(brokerage business),11377,-1091,13,0067(brokerage business),2922,810,13,0006(brokerage business),1814,5
14,0186(brokerage business),10515,-3779,14,0003(brokerage business),2806,-36,14,0034(brokerage business),1802,93
15,0103(brokerage business),10136,-4675,15,0049(brokerage business),2787,118,15,0096(brokerage business),1732,464
16,0288(brokerage business),8891,-1119,16,0298(brokerage business),2771,-2,16,0025(brokerage business),1666,-47
17,0259(brokerage business),7430,931,17,0096(brokerage business),2739,-83,17,0082(brokerage business),1640,-62
18,0137(brokerage business),6813,-3302,18,0081(brokerage business),2656,-351,18,0103(brokerage business),1483,41
19,0082(brokerage business),6707,-380,19,0042(brokerage business),2539,-110,19,0069(brokerage business),1477,15
20,0059(brokerage business),6689,-3034,20,0161(brokerage business),2476,-5,20,0308(brokerage business),1433,94
Total,,460004,-147852,Total,,92905,-5373,Total,,76749,-3883
Ranking,Name of FF Member /OSBPs,Volume,Change from Previous Trading Day,Ranking,Name of FF Member /OSBPs,Long Position,Change from Previous Trading Day,Ranking,Name of FF Member /OSBPs,Short Position,Change from Previous Trading Day
Contract Code：ag2612,,,,,,,,,,2026-09-15,
1,0004(brokerage business),35501,-13589,1,0272(brokerage business),15158,505,1,0148(brokerage business),27536,531
2,0148(brokerage business),18675,-5487,2,0004(brokerage business),14645,1,2,0004(brokerage business),18738,506
3,0275(brokerage business),16459,-5095,3,0082(brokerage business),12061,-37,3,0163(brokerage business),7147,-112
4,0163(brokerage business),14327,-2946,4,0163(brokerage business),9195,-95,4,0049(brokerage business),6684,219
5,0240(brokerage business),8553,-3953,5,0049(brokerage business),8285,11,5,0272(brokerage business),6376,506
6,0272(brokerage business),8351,223,6,0148(brokerage business),7547,310,6,0103(brokerage business),4864,56
7,0123(brokerage business),7958,-1165,7,0067(brokerage business),7040,559,7,0372(brokerage business),3308,403
8,0253(brokerage business),6754,-2962,8,0288(brokerage business),6762,481,8,0123(brokerage business),3262,75
9,0308(brokerage business),5674,-1235,9,0253(brokerage business),6690,620,9,0315(brokerage business),2997,127
10,0103(brokerage business),5462,-1029,10,0103(brokerage business),6263,-80,10,0042(brokerage business),2925,-68
11,0034(brokerage business),4679,-1157,11,0268(brokerage business),5367,34,11,0006(brokerage business),2864,213
12,0081(brokerage business),4518,-987,12,0034(brokerage business),4844,94,12,0025(brokerage business),2833,37
13,0268(brokerage business),4190,-3075,13,0240(brokerage business),4824,-302,13,0139(brokerage business),2833,95
14,0096(brokerage business),3560,-370,14,0025(brokerage business),4385,27,14,0137(brokerage business),2801,94
15,0009(brokerage business),2717,-975,15,0043(brokerage business),4180,6,15,0096(brokerage business),2648,542
16,0186(brokerage business),2542,-965,16,0042(brokerage business),4086,68,16,0034(brokerage business),2632,-67
17,0059(brokerage business),2268,-839,17,0275(brokerage business),3391,-235,17,0059(brokerage business),2597,316
18,0137(brokerage business),2203,-636,18,0009(brokerage business),3306,337,18,0239(brokerage business),2491,377
19,0069(brokerage business),2105,-290,19,0333(brokerage business),2971,40,19,0240(brokerage business),2290,101
20,0161(brokerage business),1880,-1415,20,0058(brokerage business),2566,185,20,0274(brokerage business),2002,51
Total,,158376,-47947,Total,,133566,2529,Total,,109828,4002
Ranking,Name of FF Member /OSBPs,Volume,Change from Previous Trading Day,Ranking,Name of FF Member /OSBPs,Long Position,Change from Previous Trading Day,Ranking,Name of FF Member /OSBPs,Short Position,Change from Previous Trading Day
Contract Code：ag2702,,,,,,,,,,2026-09-15,
1,0004(brokerage business),43030,-12376,1,0148(brokerage business),6211,471,1,0004(brokerage business),11516,687
2,0148(brokerage business),39545,-1227,2,0009(brokerage business),4111,766,2,0148(brokerage business),10041,82
3,0163(brokerage business),38936,-8570,3,0004(brokerage business),3927,689,3,0372(brokerage business),7520,8
4,0275(brokerage business),23096,-4604,4,0082(brokerage business),3860,0,4,0163(brokerage business),6074,-303
5,0009(brokerage business),12388,5023,5,0272(brokerage business),3709,-81,5,0272(brokerage business),3428,-62
6,0240(brokerage business),11995,-2873,6,0043(brokerage business),3335,-6,6,0049(brokerage business),3176,3
7,0123(brokerage business),10276,-748,7,0067(brokerage business),3193,378,7,0123(brokerage business),1938,223
8,0253(brokerage business),8868,-3396,8,0163(brokerage business),3111,71,8,0042(brokerage business),1762,-14
9,0081(brokerage business),7960,-1078,9,0253(brokerage business),2212,-224,9,0069(brokerage business),1477,25
10,0308(brokerage business),7892,-2268,10,0049(brokerage business),1906,-8,10,0034(brokerage business),1086,-2
11,0272(brokerage business),7081,-2019,11,0003(brokerage business),1455,48,11,0058(brokerage business),769,173
12,0298(brokerage business),6779,-288,12,0123(brokerage business),1268,53,12,0315(brokerage business),685,1
13,0038(brokerage business),6157,997,13,0333(brokerage business),1192,-282,13,0240(brokerage business),623,-429
14,0186(brokerage business),5645,63,14,0240(brokerage business),1160,132,14,0253(brokerage business),535,156
15,0268(brokerage business),5421,-692,15,0277(brokerage business),1111,100,15,0275(brokerage business),524,119
16,0096(brokerage business),4555,-875,16,0025(brokerage business),1051,242,16,0335(brokerage business),441,43
17,0067(brokerage business),4413,1634,17,0268(brokerage business),948,70,17,0096(brokerage business),428,12
18,0103(brokerage business),4192,-905,18,0042(brokerage business),932,-111,18,0009(brokerage business),303,-48
19,0059(brokerage business),4036,1109,19,0151(brokerage business),906,13,19,0311(brokerage business),298,-14
20,0323(brokerage business),3789,-1054,20,0034(brokerage business),846,-15,20,0239(brokerage business),272,8
Total,,256054,-34147,Total,,46444,2306,Total,,52896,668
Member/OSP Type,Total Volume,Change from Previous Trading Day,Member/OSP Type,Total Long Position,Change from Previous Trading Day,Member/OSP Type,Total Short Position,Change from Previous Trading Day,,,
Contract Code：rball,,,,,,,2026-09-15,,,,
Name of FF Member/OSBP,1975344,250328,Name of FF Member/OSBP,2665290,-66429,Name of FF Member/OSBP,2665290,-66429,,,
Name of Non-FF Member/OSNBP,0,0,Name of Non-FF Member/OSNBP,0,0,Name of Non-FF Member/OSNBP,0,0,,,
Ranking,Name of FF Member /OSBPs,Volume,Change from Previous Trading Day,Ranking,Name of FF Member /OSBPs,Long Position,Change from Previous Trading Day,Ranking,Name of FF Member /OSBPs,Short Position,Change from Previous Trading Day
Contract Code：rb2609,,,,,,,,,,2026-09-15,
1,0007(brokerage business),30,30,1,0008(brokerage business),870,0,1,0007(brokerage business),570,-30
2,0103(brokerage business),30,30,2,0163(brokerage business),600,0,2,0004(brokerage business),450,0
3,,,,3,0004(brokerage business),120,0,3,0277(brokerage business),330,0
4,,,,4,0159(brokerage business),120,0,4,0253(brokerage business),240,0
5,,,,5,,,,5,0103(brokerage business),30,30
6,,,,6,,,,6,0272(brokerage business),30,0
7,,,,7,,,,7,0274(brokerage business),30,0
8,,,,8,,,,8,0275(brokerage business),30,0
Total,,60,60,Total,,1710,0,Total,,1710,0
Ranking,Name of FF Member /OSBPs,Volume,Change from Previous Trading Day,Ranking,Name of FF Member /OSBPs,Long Position,Change from Previous Trading Day,Ranking,Name of FF Member /OSBPs,Short Position,Change from Previous Trading Day
Contract Code：rb2610,,,,,,,,,,2026-09-15,
1,0163(brokerage business),44517,12398,1,0004(brokerage business),45890,-3771,1,0004(brokerage business),44226,-3996
2,0004(brokerage business),34687,-36,2,0148(brokerage business),20626,-3730,2,0163(brokerage business),29472,-4684
3,0148(brokerage business),23424,840,3,0163(brokerage business),19953,-5063,3,0148(brokerage business),25468,-1332
4,0253(brokerage business),18116,3784,4,0272(brokerage business),12672,-701,4,0034(brokerage business),21888,-1827
5,0103(brokerage business),11327,3915,5,0058(brokerage business),9981,-1025,5,0103(brokerage business),18909,-5624
6,0275(brokerage business),10827,-3952,6,0009(brokerage business),9787,-360,6,0042(brokerage business),12441,1048
7,0081(brokerage business),8017,25,7,0123(brokerage business),8917,-8,7,0275(brokerage business),11338,-2558
8,0096(brokerage business),5801,3146,8,0275(brokerage business),8622,-1583,8,0096(brokerage business),11324,-3229
9,0042(brokerage business),5782,926,9,0103(brokerage business),8552,-3979,9,0123(brokerage business),10239,-1133
10,0268(brokerage business),5718,1882,10,0178(brokerage business),8186,-881,10,0253(brokerage business),10103,-2266
11,0240(brokerage business),4473,1552,11,0253(brokerage business),7896,-432,11,0238(brokerage business),9150,2130
12,0151(brokerage business),4308,943,12,0082(brokerage business),7647,-913,12,0059(brokerage business),7996,-715
13,0272(brokerage business),4012,38,13,0069(brokerage business),7640,-494,13,0058(brokerage business),7768,-378
14,0034(brokerage business),3960,1699,14,0034(brokerage business),5780,-665,14,0306(brokerage business),7199,-2
15,0238(brokerage business),2982,2519,15,0096(brokerage business),5635,-66,15,0272(brokerage business),6706,-2397
16,0259(brokerage business),2932,-445,16,0323(brokerage business),5393,426,16,0418(brokerage business),6424,-390
17,0274(brokerage business),2854,-1695,17,0125(brokerage business),5368,-516,17,0125(brokerage business),6284,-152
18,0059(brokerage business),2819,-1636,18,0277(brokerage business),5040,161,18,0274(brokerage business),5728,-979
19,0058(brokerage business),2679,139,19,0240(brokerage business),4668,-587,19,0082(brokerage business),5472,-506
20,0123(brokerage business),2419,-588,20,0019(brokerage business),4622,-42,20,0178(brokerage business),5470,-458
Total,,201654,25454,Total,,212875,-24229,Total,,263605,-29448
Ranking,Name of FF Member /OSBPs,Volume,Change from Previous Trading Day,Ranking,Name of FF Member /OSBPs,Long Position,Change from Previous Trading Day,Ranking,Name of FF Member /OSBPs,Short Position,Change from Previous Trading Day
Contract Code：rb2611,,,,,,,,,,2026-09-15,
1,0163(brokerage business),18009,7115,1,0323(brokerage business),53326,-785,1,0323(brokerage business),52677,-23
2,0004(brokerage business),13221,7256,2,0253(brokerage business),28178,-2230,2,0148(brokerage business),30778,-717
3,0253(brokerage business),12704,6456,3,0148(brokerage business),27719,-487,3,0253(brokerage business),28136,-258
4,0082(brokerage business),11402,5606,4,0004(brokerage business),27228,-4851,4,0151(brokerage business),27193,-1633
5,0275(brokerage business),7916,414,5,0151(brokerage business),26832,143,5,0004(brokerage business),26928,-3074
6,0034(brokerage business),7484,6242,6,0163(brokerage business),26065,-2693,6,0163(brokerage business),26121,-1174
7,0148(brokerage business),7422,-3552,7,0272(brokerage business),18941,1020,7,0272(brokerage business),19777,510
8,0081(brokerage business),7408,4075,8,0082(brokerage business),18034,7,8,0082(brokerage business),18080,33
9,0096(brokerage business),6972,5293,9,0268(brokerage business),17275,-213,9,0268(brokerage business),16318,96
10,0103(brokerage business),6210,459,10,0081(brokerage business),16311,-1079,10,0081(brokerage business),16260,-873
11,0272(brokerage business),4778,755,11,0069(brokerage business),16074,388,11,0069(brokerage business),15974,39
12,0069(brokerage business),4365,2348,12,0103(brokerage business),10496,343,12,0096(brokerage business),11766,664
13,0151(brokerage business),4098,2418,13,0139(brokerage business),10216,-1404,13,0139(brokerage business),10289,-1404
14,0123(brokerage business),4019,2960,14,0019(brokerage business),6738,-1309,14,0244(brokerage business),6308,93
15,0268(brokerage business),3733,1963,15,0244(brokerage business),6172,5,15,0103(brokerage business),5750,-1457
16,0139(brokerage business),2812,866,16,0096(brokerage business),6039,-768,16,0275(brokerage business),5683,-358
17,0259(brokerage business),2702,119,17,0372(brokerage business),5734,-33,17,0034(brokerage business),4897,-3433
18,0238(brokerage business),2610,1915,18,0259(brokerage business),3069,-346,18,0019(brokerage business),4206,239
19,0042(brokerage business),2570,1108,19,0312(brokerage business),1805,0,19,0077(brokerage business),2778,-885
20,0263(brokerage business),2533,2431,20,0007(brokerage business),1309,-1698,20,0153(brokerage business),2002,22
Total,,132968,56247,Total,,327561,-15990,Total,,331921,-13593
Ranking,Name of FF Member /OSBPs,Volume,Change from Previous Trading Day,Ranking,Name of FF Member /OSBPs,Long Position,Change from Previous Trading Day,Ranking,Name of FF Member /OSBPs,Short Position,Change from Previous Trading Day
Contract Code：rb2701,,,,,,,,,,2026-09-15,
1,0004(brokerage business),182464,34762,1,0148(brokerage business),220002,-3778,1,0004(brokerage business),159520,-3770
2,0163(brokerage business),166658,22190,2,0004(brokerage business),137324,-2800,2,0239(brokerage business),116173,6265
3,0148(brokerage business),151533,3216,3,0163(brokerage business),83023,310,3,0148(brokerage business),95459,-855
4,0272(brokerage business),103283,21442,4,0272(brokerage business),76961,37,4,0103(brokerage business),75132,-16286
5,0253(brokerage business),95161,5498,5,0253(brokerage business),66880,771,5,0163(brokerage business),60833,-5964
6,0275(brokerage business),63195,-3116,6,0103(brokerage business),66357,6469,6,0082(brokerage business),52717,938
7,0103(brokerage business),48435,19746,7,0034(brokerage business),58046,-5838,7,0274(brokerage business),47665,3845
8,0059(brokerage business),31539,10591,8,0059(brokerage business),40745,529,8,0007(brokerage business),42450,-2317
9,0081(brokerage business),28641,4135,9,0268(brokerage business),36162,-428,9,0058(brokerage business),41643,1779
10,0034(brokerage business),26544,-4467,10,0274(brokerage business),34797,647,10,0272(brokerage business),41462,-3538
11,0259(brokerage business),25608,615,11,0042(brokerage business),34073,-1417,11,0253(brokerage business),41220,-1018
12,0239(brokerage business),23331,10107,12,0123(brokerage business),30890,-623,12,0034(brokerage business),37567,4392
13,0268(brokerage business),20690,2578,13,0009(brokerage business),25735,3938,13,0059(brokerage business),36922,-2650
14,0274(brokerage business),18970,-6691,14,0096(brokerage business),25365,-2218,14,0084(brokerage business),36023,1151
15,0125(brokerage business),17914,8042,15,0058(brokerage business),25141,51,15,0335(brokerage business),33851,2556
16,0186(brokerage business),17904,1114,16,0069(brokerage business),22365,958,16,0277(brokerage business),33835,685
17,0240(brokerage business),17147,-4592,17,0240(brokerage business),20766,394,17,0153(brokerage business),29672,674
18,0335(brokerage business),14220,2495,18,0186(brokerage business),20666,-511,18,0275(brokerage business),29639,1124
19,0161(brokerage business),13493,5516,19,0275(brokerage business),19246,977,19,0123(brokerage business),25029,-730
20,0096(brokerage business),13111,5901,20,0238(brokerage business),19131,16,20,0067(brokerage business),22595,377
Total,,1079841,139082,Total,,1063675,-2516,Total,,1059407,-13342
Ranking,Name of FF Member /OSBPs,Volume,Change from Previous Trading Day,Ranking,Name of FF Member /OSBPs,Long Position,Change from Previous Trading Day,Ranking,Name of FF Member /OSBPs,Short Position,Change from Previous Trading Day
Contract Code：rb2703,,,,,,,,,,2026-09-15,
1,0163(brokerage business),13037,-6867,1,0323(brokerage business),39768,-20,1,0323(brokerage business),39581,-7
2,0096(brokerage business),4328,1631,2,0253(brokerage business),24360,691,2,0253(brokerage business),24167,709
3,0148(brokerage business),4022,-4755,3,0274(brokerage business),20182,29,3,0274(brokerage business),20795,6
4,0275(brokerage business),3799,1841,4,0082(brokerage business),17962,-54,4,0082(brokerage business),18063,27
5,0082(brokerage business),3293,-1002,5,0163(brokerage business),17331,597,5,0004(brokerage business),17903,366
6,0151(brokerage business),2137,536,6,0004(brokerage business),17288,463,6,0163(brokerage business),16995,318
7,0253(brokerage business),1920,483,7,0151(brokerage business),16950,487,7,0151(brokerage business),16714,506
8,0081(brokerage business),1658,-1310,8,0081(brokerage business),15963,681,8,0081(brokerage business),15822,579
9,0069(brokerage business),1610,-334,9,0103(brokerage business),15218,-81,9,0103(brokerage business),15478,58
10,0272(brokerage business),1458,245,10,0268(brokerage business),15156,-5,10,0268(brokerage business),15137,-61
11,0268(brokerage business),1296,40,11,0139(brokerage business),13465,394,11,0139(brokerage business),13394,394
12,0004(brokerage business),1123,-1513,12,0272(brokerage business),12976,574,12,0272(brokerage business),12713,482
13,0103(brokerage business),1013,15,13,0148(brokerage business),11422,331,13,0148(brokerage business),11344,-495
14,0034(brokerage business),871,557,14,0069(brokerage business),8652,495,14,0096(brokerage business),8598,131
15,0139(brokerage business),790,-9,15,0096(brokerage business),8397,23,15,0069(brokerage business),8545,483
16,0311(brokerage business),519,157,16,0238(brokerage business),5823,202,16,0238(brokerage business),5804,171
17,0075(brokerage business),480,360,17,0138(brokerage business),4201,-5,17,0138(brokerage business),4000,-1
18,0323(brokerage business),465,-213,18,0019(brokerage business),3098,84,18,0254(brokerage business),3031,0
19,0238(brokerage business),443,359,19,0254(brokerage business),3041,10,19,0019(brokerage business),3020,74
20,0042(brokerage business),387,74,20,0275(brokerage business),2722,1324,20,0259(brokerage business),2699,78
Total,,44649,-9705,Total,,273975,6220,Total,,273803,3818
Member/OSP Type,Total Volume,Change from Previous Trading Day,Member/OSP Type,Total Long Position,Change from Previous Trading Day,Member/OSP Type,Total Short Position,Change from Previous Trading Day,,,
Contract Code：hcall,,,,,,,2026-09-15,,,,
Name of FF Member/OSBP,923582,-168130,Name of FF Member/OSBP,1990256,-8534,Name of FF Member/OSBP,1990256,-8534,,,
Name of Non-FF Member/OSNBP,0,0,Name of Non-FF Member/OSNBP,0,0,Name of Non-FF Member/OSNBP,0,0,,,
Ranking,Name of FF Member /OSBPs,Volume,Change from Previous Trading Day,Ranking,Name of FF Member /OSBPs,Long Position,Change from Previous Trading Day,Ranking,Name of FF Member /OSBPs,Short Position,Change from Previous Trading Day
Contract Code：hc2609,,,,,,,,,,2026-09-15,
1,0004(brokerage business),60,60,1,0004(brokerage business),930,-30,1,0004(brokerage business),1590,-30
2,0151(brokerage business),30,-60,2,0076(brokerage business),660,0,2,0008(brokerage business),870,0
3,0277(brokerage business),30,30,3,0151(brokerage business),660,-30,3,0159(brokerage business),480,0
4,,,,4,0125(brokerage business),540,0,4,0171(brokerage business),210,0
5,,,,5,0067(brokerage business),450,0,5,0067(brokerage business),180,0
6,,,,6,0148(brokerage business),210,0,6,0125(brokerage business),150,0
7,,,,7,0277(brokerage business),150,30,7,0042(brokerage business),120,0
8,,,,8,0163(brokerage business),30,0,8,0019(brokerage business),60,0
9,,,,9,0272(brokerage business),30,0,9,,,
Total,,120,30,Total,,3660,-30,Total,,3660,-30
Ranking,Name of FF Member /OSBPs,Volume,Change from Previous Trading Day,Ranking,Name of FF Member /OSBPs,Long Position,Change from Previous Trading Day,Ranking,Name of FF Member /OSBPs,Short Position,Change from Previous Trading Day
Contract Code：hc2610,,,,,,,,,,2026-09-15,
1,0004(brokerage business),15768,-7432,1,0004(brokerage business),34320,-4617,1,0004(brokerage business),26172,-2533
2,0163(brokerage business),15160,-7564,2,0103(brokerage business),15101,-1459,2,0275(brokerage business),15882,-107
3,0148(brokerage business),8529,-2532,3,0163(brokerage business),14173,-80,3,0272(brokerage business),15835,-701
4,0253(brokerage business),7428,-616,4,0009(brokerage business),11444,-1136,4,0058(brokerage business),11927,-1156
5,0275(brokerage business),5862,-920,5,0272(brokerage business),9504,-664,5,0103(brokerage business),11357,-914
6,0125(brokerage business),4097,2514,6,0253(brokerage business),9198,-326,6,0163(brokerage business),11105,-516
7,0272(brokerage business),3395,-1137,7,0148(brokerage business),8268,-192,7,0148(brokerage business),9308,-1453
8,0081(brokerage business),3249,-2637,8,0042(brokerage business),8045,-1374,8,0259(brokerage business),8395,-255
9,0103(brokerage business),2839,-3694,9,0059(brokerage business),7215,77,9,0042(brokerage business),7301,-357
10,0042(brokerage business),2447,-364,10,0125(brokerage business),5102,-2515,10,0153(brokerage business),6485,-215
11,0059(brokerage business),2231,528,11,0095(brokerage business),4990,-1,11,0137(brokerage business),6159,-338
12,0009(brokerage business),2103,-1102,12,0123(brokerage business),4542,-112,12,0009(brokerage business),5643,-351
13,0058(brokerage business),1855,-2013,13,0240(brokerage business),4453,-118,13,0125(brokerage business),4407,-616
14,0268(brokerage business),1784,-154,14,0082(brokerage business),4092,-289,14,0123(brokerage business),4155,-696
15,0003(brokerage business),1651,953,15,0058(brokerage business),3799,-363,15,0253(brokerage business),3974,-2122
16,0274(brokerage business),1583,739,16,0034(brokerage business),3576,-6,16,0003(brokerage business),3858,-1547
17,0184(brokerage business),1414,414,17,0288(brokerage business),2943,-274,17,0096(brokerage business),3622,-336
18,0259(brokerage business),1380,-1392,18,0081(brokerage business),2324,-460,18,0034(brokerage business),3217,-334
19,0096(brokerage business),1229,-700,19,0275(brokerage business),2177,-1787,19,0007(brokerage business),2689,-20
20,0277(brokerage business),1106,-16,20,0007(brokerage business),2069,-112,20,0059(brokerage business),2642,-1194
Total,,85110,-27125,Total,,157335,-15808,Total,,164133,-15761
Ranking,Name of FF Member /OSBPs,Volume,Change from Previous Trading Day,Ranking,Name of FF Member /OSBPs,Long Position,Change from Previous Trading Day,Ranking,Name of FF Member /OSBPs,Short Position,Change from Previous Trading Day
Contract Code：hc2611,,,,,,,,,,2026-09-15,
1,0163(brokerage business),5890,1388,1,0148(brokerage business),45551,-982,1,0323(brokerage business),42269,-787
2,0148(brokerage business),3974,-94,2,0323(brokerage business),41785,-669,2,0240(brokerage business),35161,-1814
3,0253(brokerage business),3945,934,3,0240(brokerage business),33904,-886,3,0148(brokerage business),31203,152
4,0240(brokerage business),3250,1150,4,0268(brokerage business),25940,-583,4,0004(brokerage business),26922,-1785
5,0004(brokerage business),3070,625,5,0004(brokerage business),25288,-61,5,0268(brokerage business),25909,-580
6,0096(brokerage business),2788,1516,6,0081(brokerage business),21750,-338,6,0081(brokerage business),21947,-291
7,0268(brokerage business),2461,92,7,0178(brokerage business),19583,-1131,7,0178(brokerage business),19521,-1112
8,0178(brokerage business),2307,-644,8,0161(brokerage business),19215,-980,8,0161(brokerage business),19169,-951
9,0139(brokerage business),2302,1550,9,0048(brokerage business),17162,-401,9,0048(brokerage business),17097,-463
10,0372(brokerage business),2271,1034,10,0253(brokerage business),17104,-989,10,0253(brokerage business),16368,-568
11,0161(brokerage business),1963,-2,11,0137(brokerage business),14530,48,11,0137(brokerage business),14467,15
12,0323(brokerage business),1708,-842,12,0139(brokerage business),12299,-1151,12,0139(brokerage business),11083,-1151
13,0081(brokerage business),1575,-241,13,0019(brokerage business),6034,-82,13,0372(brokerage business),6237,2129
14,0048(brokerage business),1002,374,14,0103(brokerage business),5070,-88,14,0019(brokerage business),6021,-88
15,0103(brokerage business),782,-247,15,0275(brokerage business),2009,-27,15,0103(brokerage business),5158,-86
16,0137(brokerage business),781,-87,16,0151(brokerage business),1419,-1,16,0042(brokerage business),3157,-463
17,0042(brokerage business),623,-472,17,0115(brokerage business),1250,0,17,0275(brokerage business),2074,-8
18,0263(brokerage business),500,500,18,0271(brokerage business),1150,0,18,0259(brokerage business),1680,-311
19,0019(brokerage business),460,58,19,0077(brokerage business),1041,-1,19,0272(brokerage business),1561,8
20,0259(brokerage business),366,303,20,0254(brokerage business),1013,0,20,0151(brokerage business),1249,42
Total,,42018,6895,Total,,313097,-8322,Total,,308253,-8112
Ranking,Name of FF Member /OSBPs,Volume,Change from Previous Trading Day,Ranking,Name of FF Member /OSBPs,Long Position,Change from Previous Trading Day,Ranking,Name of FF Member /OSBPs,Short Position,Change from Previous Trading Day
Contract Code：hc2701,,,,,,,,,,2026-09-15,
1,0163(brokerage business),112755,-8507,1,0004(brokerage business),221790,3774,1,0004(brokerage business),244992,-9637
2,0004(brokerage business),97109,-12697,2,0148(brokerage business),131206,-2798,2,0148(brokerage business),92834,9139
3,0148(brokerage business),78781,-22702,3,0042(brokerage business),125961,2844,3,0272(brokerage business),81977,-1611
4,0275(brokerage business),35620,4,4,0163(brokerage business),81819,-1931,4,0058(brokerage business),77049,-2802
5,0253(brokerage business),34336,-12818,5,0009(brokerage business),55577,1952,5,0163(brokerage business),66779,-5036
6,0259(brokerage business),23937,-3494,6,0272(brokerage business),48363,982,6,0103(brokerage business),42673,-997
7,0272(brokerage business),21571,-6094,7,0103(brokerage business),40585,4366,7,0275(brokerage business),33503,1507
8,0058(brokerage business),18279,5005,8,0253(brokerage business),30816,-530,8,0125(brokerage business),29663,608
9,0103(brokerage business),16873,3079,9,0275(brokerage business),30759,2401,9,0003(brokerage business),28943,446
10,0034(brokerage business),14385,-3531,10,0034(brokerage business),28444,455,10,0253(brokerage business),28723,-1492
11,0096(brokerage business),12458,-3098,11,0123(brokerage business),24629,744,11,0335(brokerage business),27940,6538
12,0239(brokerage business),11946,2304,12,0058(brokerage business),22000,-2641,12,0059(brokerage business),27933,2099
13,0081(brokerage business),11505,-6719,13,0268(brokerage business),21803,-1606,13,0042(brokerage business),26470,2257
14,0335(brokerage business),11270,-4878,14,0139(brokerage business),21160,25,14,0034(brokerage business),25227,2624
15,0177(brokerage business),9949,-6523,15,0082(brokerage business),19966,461,15,0239(brokerage business),24046,10172
16,0288(brokerage business),9627,4999,16,0277(brokerage business),18300,466,16,0123(brokerage business),23437,919
17,0240(brokerage business),8849,-855,17,0059(brokerage business),17227,1104,17,0009(brokerage business),22867,88
18,0268(brokerage business),8790,-4898,18,0274(brokerage business),16730,-184,18,0259(brokerage business),22587,-1722
19,0007(brokerage business),8290,1379,19,0125(brokerage business),15874,3624,19,0019(brokerage business),21994,2258
20,0042(brokerage business),8247,-3249,20,0081(brokerage business),15727,-543,20,0177(brokerage business),19225,5928
Total,,554577,-83293,Total,,988736,12965,Total,,968862,21286
Ranking,Name of FF Member /OSBPs,Volume,Change from Previous Trading Day,Ranking,Name of FF Member /OSBPs,Long Position,Change from Previous Trading Day,Ranking,Name of FF Member /OSBPs,Short Position,Change from Previous Trading Day
Contract Code：hc2703,,,,,,,,,,2026-09-15,
1,0163(brokerage business),5953,340,1,0323(brokerage business),16254,852,1,0323(brokerage business),16308,875
2,0148(brokerage business),2764,-354,2,0081(brokerage business),13125,770,2,0081(brokerage business),13180,776
3,0275(brokerage business),1997,-462,3,0253(brokerage business),10525,-24,3,0253(brokerage business),10476,14
4,0323(brokerage business),1749,-76,4,0268(brokerage business),10041,182,4,0268(brokerage business),10187,182
5,0081(brokerage business),1584,-492,5,0004(brokerage business),10017,451,5,0004(brokerage business),10018,630
6,0178(brokerage business),1319,601,6,0103(brokerage business),8738,345,6,0103(brokerage business),8720,347
7,0253(brokerage business),1238,-1767,7,0161(brokerage business),8038,314,7,0161(brokerage business),8019,294
8,0004(brokerage business),1227,-66,8,0148(brokerage business),7009,356,8,0139(brokerage business),5915,270
9,0268(brokerage business),798,-388,9,0178(brokerage business),6394,654,9,0148(brokerage business),5738,-40
10,0240(brokerage business),788,32,10,0139(brokerage business),5900,271,10,0240(brokerage business),5219,-347
11,0103(brokerage business),694,41,11,0240(brokerage business),5304,-373,11,0178(brokerage business),4732,657
12,0161(brokerage business),620,-244,12,0137(brokerage business),4524,257,12,0137(brokerage business),4520,250
13,0042(brokerage business),571,528,13,0048(brokerage business),3584,113,13,0048(brokerage business),3584,113
14,0139(brokerage business),541,115,14,0019(brokerage business),1925,120,14,0019(brokerage business),1862,57
15,0312(brokerage business),538,-75,15,0271(brokerage business),1029,162,15,0271(brokerage business),1031,163
16,0137(brokerage business),537,-63,16,0275(brokerage business),933,38,16,0288(brokerage business),1012,38
17,0151(brokerage business),401,-91,17,0254(brokerage business),896,0,17,0275(brokerage business),939,45
18,0271(brokerage business),327,-202,18,0151(brokerage business),895,184,18,0151(brokerage business),900,191
19,0048(brokerage business),250,-436,19,0288(brokerage business),790,-39,19,0254(brokerage business),896,0
20,0311(brokerage business),215,-59,20,0259(brokerage business),554,0,20,0163(brokerage business),776,51
Total,,24111,-3118,Total,,116475,4633,Total,,114032,4566
Member/OSP Type,Total Volume,Change from Previous Trading Day,Member/OSP Type,Total Long Position,Change from Previous Trading Day,Member/OSP Type,Total Short Position,Change from Previous Trading Day,,,
Contract Code：ssall,,,,,,,2026-09-15,,,,
Name of FF Member/OSBP,440184,-87630,Name of FF Member/OSBP,206827,-3876,Name of FF Member/OSBP,206827,-3876,,,
Name of Non-FF Member/OSNBP,0,0,Name of Non-FF Member/OSNBP,0,0,Name of Non-FF Member/OSNBP,0,0,,,
Ranking,Name of FF Member /OSBPs,Volume,Change from Previous Trading Day,Ranking,Name of FF Member /OSBPs,Long Position,Change from Previous Trading Day,Ranking,Name of FF Member /OSBPs,Short Position,Change from Previous Trading Day
Contract Code：ss2609,,,,,,,,,,2026-09-15,
1,0004(brokerage business),36,-192,1,0148(brokerage business),1488,0,1,0148(brokerage business),1248,0
2,0268(brokerage business),24,24,2,0004(brokerage business),1452,12,2,0253(brokerage business),972,0
3,0069(brokerage business),12,12,3,0003(brokerage business),492,0,3,0004(brokerage business),516,0
4,0277(brokerage business),12,-12,4,0277(brokerage business),276,12,4,0349(brokerage business),480,12
5,0349(brokerage business),12,0,5,0069(brokerage business),252,12,5,0151(brokerage business),468,0
6,,,,6,0125(brokerage business),180,0,6,0038(brokerage business),300,0
7,,,,7,0253(brokerage business),144,0,7,0240(brokerage business),156,0
8,,,,8,0163(brokerage business),120,0,8,0163(brokerage business),144,0
9,,,,9,0018(brokerage business),48,0,9,0372(brokerage business),60,0
10,,,,10,0076(brokerage business),48,0,10,0096(brokerage business),48,0
11,,,,11,0240(brokerage business),12,0,11,0009(brokerage business),36,0
12,,,,12,,,,12,0338(brokerage business),36,0
13,,,,13,,,,13,0103(brokerage business),24,0
14,,,,14,,,,14,0316(brokerage business),24,0
Total,,96,-168,Total,,4512,36,Total,,4512,12
Ranking,Name of FF Member /OSBPs,Volume,Change from Previous Trading Day,Ranking,Name of FF Member /OSBPs,Long Position,Change from Previous Trading Day,Ranking,Name of FF Member /OSBPs,Short Position,Change from Previous Trading Day
Contract Code：ss2610,,,,,,,,,,2026-09-15,
1,0163(brokerage business),49271,-23302,1,0148(brokerage business),7875,-759,1,0148(brokerage business),9322,-2922
2,0148(brokerage business),36765,11598,2,0004(brokerage business),6922,-1115,2,0004(brokerage business),7209,-1089
3,0123(brokerage business),20756,2327,3,0253(brokerage business),4766,-287,3,0163(brokerage business),4095,-829
4,0253(brokerage business),16999,-3088,4,0163(brokerage business),3279,-1196,4,0253(brokerage business),3485,-840
5,0004(brokerage business),16764,-9143,5,0240(brokerage business),2880,-252,5,0335(brokerage business),2391,-697
6,0275(brokerage business),14621,7743,6,0161(brokerage business),2021,-147,6,0272(brokerage business),1902,-521
7,0081(brokerage business),5885,-3394,7,0298(brokerage business),1952,-66,7,0161(brokerage business),1857,-81
8,0272(brokerage business),4398,-25482,8,0103(brokerage business),1735,-490,8,0081(brokerage business),1832,-325
9,0240(brokerage business),4293,-3418,9,0008(brokerage business),1720,-5,9,0240(brokerage business),1690,-539
10,0259(brokerage business),3361,-7516,10,0018(brokerage business),1568,-563,10,0288(brokerage business),1567,342
11,0288(brokerage business),2826,-90,11,0082(brokerage business),1546,-267,11,0049(brokerage business),1197,23
12,0298(brokerage business),2826,-928,12,0272(brokerage business),1475,-607,12,0019(brokerage business),1145,-106
13,0082(brokerage business),2164,-172,13,0125(brokerage business),1374,-392,13,0058(brokerage business),1066,636
14,0069(brokerage business),1974,75,14,0009(brokerage business),1153,-193,14,0103(brokerage business),1066,-201
15,0018(brokerage business),1616,-526,15,0096(brokerage business),1096,-766,15,0059(brokerage business),1048,-12
16,0058(brokerage business),1425,329,16,0338(brokerage business),1080,-76,16,0153(brokerage business),1005,-145
17,0308(brokerage business),1182,102,17,0003(brokerage business),1066,-117,17,0042(brokerage business),850,-347
18,0096(brokerage business),1075,831,18,0275(brokerage business),1060,-312,18,0003(brokerage business),838,-38
19,0137(brokerage business),1075,-825,19,0268(brokerage business),1019,-256,19,0137(brokerage business),834,-42
20,0323(brokerage business),1046,-607,20,0153(brokerage business),986,-55,20,0048(brokerage business),798,-95
Total,,190322,-55486,Total,,46573,-7921,Total,,45197,-7828
Ranking,Name of FF Member /OSBPs,Volume,Change from Previous Trading Day,Ranking,Name of FF Member /OSBPs,Long Position,Change from Previous Trading Day,Ranking,Name of FF Member /OSBPs,Short Position,Change from Previous Trading Day
Contract Code：ss2611,,,,,,,,,,2026-09-15,
1,0163(brokerage business),39159,-5410,1,0004(brokerage business),11878,1211,1,0148(brokerage business),14306,2213
2,0004(brokerage business),23527,-4718,2,0148(brokerage business),10933,1534,2,0004(brokerage business),10626,1332
3,0148(brokerage business),18447,3201,3,0253(brokerage business),7901,337,3,0163(brokerage business),8930,477
4,0253(brokerage business),17440,-1896,4,0082(brokerage business),6409,1124,4,0239(brokerage business),8575,-36
5,0275(brokerage business),13994,762,5,0163(brokerage business),6131,-526,5,0335(brokerage business),7120,-376
6,0123(brokerage business),13438,1643,6,0018(brokerage business),5937,288,6,0272(brokerage business),4688,86
7,0272(brokerage business),7294,121,7,0272(brokerage business),5481,626,7,0139(brokerage business),4592,1
8,0081(brokerage business),6180,-5678,8,0275(brokerage business),4357,1767,8,0253(brokerage business),4455,611
9,0259(brokerage business),4640,467,9,0288(brokerage business),4316,-1573,9,0084(brokerage business),3712,-53
10,0034(brokerage business),4192,-2817,10,0240(brokerage business),3371,89,10,0123(brokerage business),3186,293
11,0240(brokerage business),4055,-1811,11,0125(brokerage business),3284,444,11,0240(brokerage business),3029,292
12,0288(brokerage business),3937,1798,12,0239(brokerage business),2897,231,12,0103(brokerage business),2787,622
13,0018(brokerage business),3547,1377,13,0008(brokerage business),2313,-157,13,0288(brokerage business),2294,1104
14,0082(brokerage business),3283,290,14,0034(brokerage business),1921,54,14,0082(brokerage business),2111,777
15,0298(brokerage business),2646,-489,15,0338(brokerage business),1805,115,15,0034(brokerage business),2053,-594
16,0069(brokerage business),2362,290,16,0310(brokerage business),1740,-34,16,0274(brokerage business),2000,-369
17,0103(brokerage business),1921,-28,17,0323(brokerage business),1595,117,17,0308(brokerage business),1994,-192
18,0239(brokerage business),1723,-225,18,0069(brokerage business),1551,1066,18,0137(brokerage business),1792,-81
19,0335(brokerage business),1635,-539,19,0268(brokerage business),1476,-126,19,0161(brokerage business),1662,152
20,0059(brokerage business),1546,-571,20,0244(brokerage business),1401,-36,20,0081(brokerage business),1382,260
Total,,174966,-14233,Total,,86697,6551,Total,,91294,6519
Ranking,Name of FF Member /OSBPs,Volume,Change from Previous Trading Day,Ranking,Name of FF Member /OSBPs,Long Position,Change from Previous Trading Day,Ranking,Name of FF Member /OSBPs,Short Position,Change from Previous Trading Day
Contract Code：lu2610,,,,,,,,,,2026-09-15,
1,8004(brokerage business),4460,-1608,1,8163(brokerage business),1652,-75,1,8372(brokerage business),3251,-803
2,8163(brokerage business),2309,-766,2,8103(brokerage business),1336,-26,2,8103(brokerage business),1423,-116
3,8275(brokerage business),2057,-3253,3,8004(brokerage business),1236,-77,3,8163(brokerage business),887,-162
4,8253(brokerage business),2008,308,4,8240(brokerage business),598,-4,4,8004(brokerage business),847,-271
5,8148(brokerage business),1537,-213,5,8096(brokerage business),560,7,5,8333(brokerage business),728,-30
6,8271(brokerage business),1286,181,6,8075(brokerage business),500,0,6,8148(brokerage business),680,-246
7,8059(brokerage business),1043,35,7,8148(brokerage business),465,-93,7,8253(brokerage business),529,-5
8,8103(brokerage business),928,189,8,8308(brokerage business),251,-10,8,8319(brokerage business),522,118
9,8333(brokerage business),883,204,9,8081(brokerage business),227,-22,9,8077(brokerage business),454,-1
10,8372(brokerage business),847,355,10,8335(brokerage business),225,-7,10,8272(brokerage business),372,77
11,8123(brokerage business),600,-2411,11,8177(brokerage business),209,-60,11,8067(brokerage business),230,-1
12,8058(brokerage business),563,116,12,8151(brokerage business),193,-113,12,8169(brokerage business),201,-1
13,8308(brokerage business),480,-62,13,8288(brokerage business),185,-23,13,8137(brokerage business),125,20
14,8342(brokerage business),434,180,14,8137(brokerage business),163,-2,14,8298(brokerage business),120,-27
15,8151(brokerage business),431,-245,15,8034(brokerage business),162,-135,15,8048(brokerage business),106,-6
16,8034(brokerage business),429,-703,16,8058(brokerage business),161,27,16,8186(brokerage business),97,-16
17,8186(brokerage business),355,-98,17,8125(brokerage business),148,0,17,8288(brokerage business),79,-9
18,8007(brokerage business),345,-297,18,8069(brokerage business),146,-69,18,8006(brokerage business),71,0
19,8240(brokerage business),325,-60,19,8077(brokerage business),140,-7,19,8178(brokerage business),71,-3
20,8272(brokerage business),322,-238,20,8274(brokerage business),140,5,20,8268(brokerage business),56,-7
Total,,21642,-8386,Total,,8697,-684,Total,,10849,-1489
Ranking,Name of FF Member /OSBPs,Volume,Change from Previous Trading Day,Ranking,Name of FF Member /OSBPs,Long Position,Change from Previous Trading Day,Ranking,Name of FF Member /OSBPs,Short Position,Change from Previous Trading Day
Contract Code：lu2611,,,,,,,,,,2026-09-15,
1,8148(brokerage business),39795,-4507,1,8148(brokerage business),8415,38,1,8103(brokerage business),7711,-338
2,8004(brokerage business),37313,-8595,2,8004(brokerage business),7585,-633,2,8004(brokerage business),7342,-1030
3,8163(brokerage business),33469,-6428,3,8163(brokerage business),5195,-228,3,8163(brokerage business),7097,-891
4,8272(brokerage business),17896,7695,4,8103(brokerage business),3293,590,4,8372(brokerage business),6600,780
5,8275(brokerage business),13120,-1186,5,8272(brokerage business),3261,-49,5,8148(brokerage business),4773,-635
6,8123(brokerage business),8816,-11218,6,8268(brokerage business),1987,16,6,8253(brokerage business),1765,-291
7,8253(brokerage business),7739,-3542,7,8335(brokerage business),1805,-425,7,8096(brokerage business),1616,90
8,8081(brokerage business),7343,-6287,8,8082(brokerage business),1795,42,8,8177(brokerage business),1588,-96
9,8069(brokerage business),5746,1002,9,8086(brokerage business),1687,-24,9,8319(brokerage business),1511,-36
10,8298(brokerage business),5481,-435,10,8253(brokerage business),1645,-138,10,8084(brokerage business),1314,884
11,8342(brokerage business),5225,-78,11,8096(brokerage business),1380,-8,11,8333(brokerage business),1268,-144
12,8268(brokerage business),4463,675,12,8288(brokerage business),1372,-233,12,8311(brokerage business),1168,104
13,8240(brokerage business),4324,-2290,13,8274(brokerage business),1341,-150,13,8239(brokerage business),1135,-55
14,8186(brokerage business),4278,-1466,14,8161(brokerage business),1304,205,14,8042(brokerage business),1043,26
15,8308(brokerage business),3759,-910,15,8240(brokerage business),1235,-21,15,8272(brokerage business),1022,47
16,8103(brokerage business),3362,-900,16,8081(brokerage business),1217,33,16,8088(brokerage business),975,-35
17,8059(brokerage business),3058,-767,17,8018(brokerage business),1055,-76,17,8137(brokerage business),914,42
18,8323(brokerage business),3011,-565,18,8259(brokerage business),985,75,18,8059(brokerage business),846,-95
19,8259(brokerage business),2973,1502,19,8239(brokerage business),900,-2,19,8018(brokerage business),817,-15
20,8043(brokerage business),2935,943,20,8137(brokerage business),796,-163,20,8240(brokerage business),808,-19
Total,,214106,-37357,Total,,48253,-1151,Total,,51313,-1707
Ranking,Name of FF Member /OSBPs,Volume,Change from Previous Trading Day,Ranking,Name of FF Member /OSBPs,Long Position,Change from Previous Trading Day,Ranking,Name of FF Member /OSBPs,Short Position,Change from Previous Trading Day
Contract Code：lu2612,,,,,,,,,,2026-09-15,
1,8004(brokerage business),13956,2240,1,8184(brokerage business),10951,-88,1,8004(brokerage business),9947,1633
2,8163(brokerage business),13898,1047,2,8148(brokerage business),9410,70,2,8372(brokerage business),8744,40
3,8148(brokerage business),11321,-4922,3,8239(brokerage business),6164,-138,3,8103(brokerage business),5152,1539
4,8275(brokerage business),9465,791,4,8081(brokerage business),5646,-147,4,7002(brokerage business),4687,-2085
5,8253(brokerage business),8702,451,5,8004(brokerage business),5085,1541,5,8163(brokerage business),4124,-730
6,8096(brokerage business),7534,481,6,8335(brokerage business),3232,142,6,8096(brokerage business),3988,194
7,8103(brokerage business),3680,-1790,7,8333(brokerage business),2262,2078,7,8239(brokerage business),3665,211
8,8342(brokerage business),3224,508,8,8084(brokerage business),2179,0,8,8272(brokerage business),2944,733
9,8059(brokerage business),3010,400,9,8163(brokerage business),1986,-1174,9,8148(brokerage business),2333,255
10,8333(brokerage business),2538,1959,10,8272(brokerage business),1186,273,10,8253(brokerage business),2286,440
11,8272(brokerage business),2490,811,11,8268(brokerage business),1073,2,11,8059(brokerage business),1787,50
12,8069(brokerage business),2132,79,12,8018(brokerage business),908,185,12,8275(brokerage business),1462,40
13,7002(brokerage business),2085,1970,13,8274(brokerage business),893,-215,13,8319(brokerage business),1429,-64
14,8081(brokerage business),1965,-1249,14,8288(brokerage business),828,193,14,8333(brokerage business),743,64
15,8240(brokerage business),1964,-1202,15,8034(brokerage business),827,51,15,8240(brokerage business),730,39
16,8239(brokerage business),1899,-705,16,8253(brokerage business),749,138,16,8141(brokerage business),724,268
17,8123(brokerage business),1579,-8154,17,8240(brokerage business),704,71,17,8069(brokerage business),715,334
18,8308(brokerage business),1512,-504,18,8321(brokerage business),479,60,18,8268(brokerage business),681,32
19,8298(brokerage business),1357,863,19,8082(brokerage business),470,-6,19,8018(brokerage business),636,14
20,8141(brokerage business),1221,-384,20,8308(brokerage business),469,42,20,8277(brokerage business),617,60
Total,,95532,-7310,Total,,55501,3078,Total,,57394,3067
Member/OSP Type,Total Volume,Change from Previous Trading Day,Member/OSP Type,Total Long Position,Change from Previous Trading Day,Member/OSP Type,Total Short Position,Change from Previous Trading Day,,,
Contract Code：fuall,,,,,,,2026-09-15,,,,
Name of FF Member/OSBP,2628028,-914924,Name of FF Member/OSBP,504311,-8640,Name of FF Member/OSBP,504309,-8640,,,
Name of Non-FF Member/OSNBP,10,10,Name of Non-FF Member/OSNBP,3,3,Name of Non-FF Member/OSNBP,5,3,,,
Ranking,Name of FF Member /OSBPs,Volume,Change from Previous Trading Day,Ranking,Name of FF Member /OSBPs,Long Position,Change from Previous Trading Day,Ranking,Name of FF Member /OSBPs,Short Position,Change from Previous Trading Day
Contract Code：fu2610,,,,,,,,,,2026-09-15,
1,0004(brokerage business),31642,-9270,1,0163(brokerage business),2631,-447,1,0004(brokerage business),3616,516
2,0148(brokerage business),26479,-4042,2,0004(brokerage business),2615,-334,2,0163(brokerage business),2232,-160
3,0275(brokerage business),20406,-388,3,0103(brokerage business),2035,-593,3,0148(brokerage business),1683,-93
4,0163(brokerage business),19833,-11549,4,0148(brokerage business),1562,-217,4,0240(brokerage business),1387,-174
5,0268(brokerage business),10596,-595,5,0272(brokerage business),989,399,5,0253(brokerage business),958,-33
6,0240(brokerage business),8418,-997,6,0018(brokerage business),878,132,6,0275(brokerage business),899,-17
7,0123(brokerage business),7678,-14848,7,0253(brokerage business),800,-55,7,0034(brokerage business),845,-85
8,0069(brokerage business),6379,2107,8,0151(brokerage business),737,153,8,0268(brokerage business),782,-14
9,0342(brokerage business),5254,-348,9,0268(brokerage business),671,-36,9,0272(brokerage business),765,-3
10,0298(brokerage business),5112,-2605,10,0275(brokerage business),660,-88,10,0096(brokerage business),688,-34
11,0081(brokerage business),4526,-696,11,0125(brokerage business),640,27,11,0043(brokerage business),653,-88
12,0272(brokerage business),4424,-2829,12,0034(brokerage business),638,117,12,0137(brokerage business),618,68
13,0161(brokerage business),4001,823,13,0308(brokerage business),623,-30,13,0298(brokerage business),591,-70
14,0253(brokerage business),3891,-556,14,0081(brokerage business),591,248,14,0288(brokerage business),536,-78
15,0034(brokerage business),3828,-3484,15,0077(brokerage business),540,-144,15,0042(brokerage business),528,-1
16,0271(brokerage business),3747,-37,16,0059(brokerage business),510,18,16,0067(brokerage business),521,22
17,0288(brokerage business),3476,-264,17,0319(brokerage business),494,8,17,0319(brokerage business),511,500
18,0103(brokerage business),3438,-1721,18,0153(brokerage business),412,-540,18,0311(brokerage business),480,-4
19,0151(brokerage business),3284,1130,19,0082(brokerage business),404,-226,19,0161(brokerage business),458,-316
20,0308(brokerage business),3249,-634,20,0288(brokerage business),399,-60,20,0308(brokerage business),406,-124
Total,,179661,-50803,Total,,18829,-1668,Total,,19157,-188
Ranking,Name of FF Member /OSBPs,Volume,Change from Previous Trading Day,Ranking,Name of FF Member /OSBPs,Long Position,Change from Previous Trading Day,Ranking,Name of FF Member /OSBPs,Short Position,Change from Previous Trading Day
Contract Code：fu2611,,,,,,,,,,2026-09-15,
1,0004(brokerage business),269568,-97603,1,0004(brokerage business),22323,-643,1,0004(brokerage business),20332,-1429
2,0148(brokerage business),186926,-64110,2,0148(brokerage business),18735,-238,2,0148(brokerage business),19457,1434
3,0163(brokerage business),159783,-89779,3,0163(brokerage business),14285,-167,3,0103(brokerage business),9259,799
4,0081(brokerage business),93515,-5713,4,0059(brokerage business),8153,2594,4,0163(brokerage business),8883,-3006
5,0275(brokerage business),88240,-53520,5,0272(brokerage business),7655,40,5,0298(brokerage business),7564,119
6,0240(brokerage business),70142,-31685,6,0268(brokerage business),7536,-429,6,0123(brokerage business),7108,-302
7,0272(brokerage business),66967,-23621,7,0103(brokerage business),7271,-2662,7,0268(brokerage business),6602,289
8,0253(brokerage business),63430,-13597,8,0253(brokerage business),7035,-603,8,0034(brokerage business),5359,-73
9,0268(brokerage business),45228,-20917,9,0335(brokerage business),5060,-114,9,0240(brokerage business),5190,-289
10,0308(brokerage business),45128,-4502,10,0081(brokerage business),4645,501,10,0272(brokerage business),4705,-301
11,0298(brokerage business),40896,-4635,11,0240(brokerage business),4314,297,11,0288(brokerage business),4597,-485
12,0259(brokerage business),36903,-16115,12,0288(brokerage business),3774,165,12,0253(brokerage business),4089,-2343
13,0034(brokerage business),36624,-4322,13,0034(brokerage business),3518,-41,13,0018(brokerage business),3790,13
14,0186(brokerage business),32943,-1406,14,0082(brokerage business),3360,-160,14,0319(brokerage business),3592,-107
15,0059(brokerage business),24093,-8455,15,0153(brokerage business),3332,422,15,0059(brokerage business),3087,199
16,0123(brokerage business),20665,-29873,16,0137(brokerage business),3202,267,16,0275(brokerage business),3035,192
17,0299(brokerage business),18566,-4588,17,0096(brokerage business),3182,80,17,0308(brokerage business),3000,163
18,0137(brokerage business),18484,-4747,18,0161(brokerage business),3158,-176,18,0186(brokerage business),2803,-25
19,0009(brokerage business),17945,-4512,19,0308(brokerage business),2963,-495,19,0081(brokerage business),2705,-772
20,0019(brokerage business),17911,-6588,20,0275(brokerage business),2756,-86,20,0323(brokerage business),2705,-5
Total,,1353957,-490288,Total,,136257,-1448,Total,,127862,-5929
Ranking,Name of FF Member /OSBPs,Volume,Change from Previous Trading Day,Ranking,Name of FF Member /OSBPs,Long Position,Change from Previous Trading Day,Ranking,Name of FF Member /OSBPs,Short Position,Change from Previous Trading Day
Contract Code：fu2612,,,,,,,,,,2026-09-15,
1,0275(brokerage business),21419,2657,1,0004(brokerage business),11222,176,1,0004(brokerage business),10798,-300
2,0163(brokerage business),17650,-4176,2,0163(brokerage business),8564,-91,2,0163(brokerage business),8384,-349
3,0148(brokerage business),10673,-7291,3,0034(brokerage business),6676,-16,3,0008(brokerage business),6007,110
4,0004(brokerage business),7772,-4383,4,0008(brokerage business),6001,102,4,0034(brokerage business),5893,10
5,0069(brokerage business),7102,1363,5,0148(brokerage business),5891,185,5,0137(brokerage business),5870,-728
6,0123(brokerage business),6455,-3353,6,0253(brokerage business),5513,35,6,0161(brokerage business),5310,11
7,0161(brokerage business),4147,-2268,7,0161(brokerage business),5152,24,7,0323(brokerage business),5261,846
8,0240(brokerage business),3549,-1459,8,0137(brokerage business),5055,-690,8,0069(brokerage business),4861,-3
9,0298(brokerage business),3452,-479,9,0123(brokerage business),4795,100,9,0253(brokerage business),4843,-117
10,0342(brokerage business),3402,-1074,10,0069(brokerage business),4311,17,10,0123(brokerage business),4710,121
11,0308(brokerage business),3322,546,11,0275(brokerage business),4303,7,11,0275(brokerage business),4273,50
12,0137(brokerage business),3224,708,12,0178(brokerage business),4004,-23,12,0178(brokerage business),4158,45
13,0272(brokerage business),2670,-802,13,0335(brokerage business),2376,55,13,0148(brokerage business),1526,-256
14,0323(brokerage business),2329,140,14,0081(brokerage business),1481,256,14,0372(brokerage business),1345,86
15,0008(brokerage business),2236,-1971,15,0103(brokerage business),1324,-44,15,0308(brokerage business),967,2
16,0253(brokerage business),1874,-2151,16,0272(brokerage business),957,266,16,0272(brokerage business),942,524
17,0268(brokerage business),1856,-1818,17,0058(brokerage business),608,-38,17,0268(brokerage business),817,202
18,0178(brokerage business),1812,681,18,0319(brokerage business),559,0,18,0385(brokerage business),656,2
19,0081(brokerage business),1709,43,19,0308(brokerage business),434,-76,19,0103(brokerage business),621,22
20,0244(brokerage business),1672,-1311,20,0049(brokerage business),427,23,20,0274(brokerage business),604,-31
Total,,108325,-26398,Total,,79653,268,Total,,77846,247
Ranking,Name of FF Member /OSBPs,Volume,Change from Previous Trading Day,Ranking,Name of FF Member /OSBPs,Long Position,Change from Previous Trading Day,Ranking,Name of FF Member /OSBPs,Short Position,Change from Previous Trading Day
Contract Code：fu2701,,,,,,,,,,2026-09-15,
1,0163(brokerage business),55294,-13122,1,0148(brokerage business),14128,285,1,0004(brokerage business),18641,-761
2,0004(brokerage business),54745,-2616,2,0004(brokerage business),13438,1960,2,0148(brokerage business),12193,-230
3,0275(brokerage business),21477,-20697,3,0239(brokerage business),8758,431,3,0163(brokerage business),8706,228
4,0148(brokerage business),20753,-39003,4,0272(brokerage business),8481,-350,4,0103(brokerage business),5818,-1275
5,0081(brokerage business),12015,-733,5,0163(brokerage business),7335,270,5,0323(brokerage business),5652,534
6,0240(brokerage business),7454,-5133,6,0335(brokerage business),6501,168,6,0272(brokerage business),5627,592
7,0123(brokerage business),6626,-10046,7,0123(brokerage business),5318,404,7,0059(brokerage business),4623,61
8,0272(brokerage business),6260,-1216,8,0084(brokerage business),5000,0,8,0240(brokerage business),4381,91
9,0009(brokerage business),5979,-936,9,0253(brokerage business),4247,81,9,0253(brokerage business),3440,53
10,0308(brokerage business),5354,631,10,0319(brokerage business),4243,-1774,10,0151(brokerage business),2643,-122
11,0268(brokerage business),4927,-261,11,0103(brokerage business),3579,-183,11,0082(brokerage business),2610,313
12,0253(brokerage business),4620,-5247,12,0018(brokerage business),2406,-69,12,0298(brokerage business),2408,234
13,0103(brokerage business),4538,-1252,13,0034(brokerage business),2223,521,13,0268(brokerage business),2264,124
14,0034(brokerage business),4360,65,14,0081(brokerage business),2108,-17,14,0186(brokerage business),1959,341
15,0342(brokerage business),4242,-1626,15,0338(brokerage business),1950,-75,15,0275(brokerage business),1796,-9
16,0319(brokerage business),3893,-5411,16,0240(brokerage business),1863,11,16,0252(brokerage business),1639,26
17,0069(brokerage business),3189,-2326,17,0096(brokerage business),1804,-30,17,0372(brokerage business),1601,-490
18,0298(brokerage business),3143,-424,18,0288(brokerage business),1757,257,18,0137(brokerage business),1584,138
19,0043(brokerage business),2740,203,19,0333(brokerage business),1655,1602,19,0034(brokerage business),1583,151
20,0186(brokerage business),2738,-64,20,0308(brokerage business),1290,-29,20,0018(brokerage business),1385,-210
Total,,234347,-109214,Total,,98084,3463,Total,,90553,-211
Member/OSP Type,Total Volume,Change from Previous Trading Day,Member/OSP Type,Total Long Position,Change from Previous Trading Day,Member/OSP Type,Total Short Position,Change from Previous Trading Day,,,
Contract Code：buall,,,,,,,2026-09-15,,,,
Name of FF Member/OSBP,2336710,-141822,Name of FF Member/OSBP,649889,-9825,Name of FF Member/OSBP,649889,-9825,,,
Name of Non-FF Member/OSNBP,0,0,Name of Non-FF Member/OSNBP,0,0,Name of Non-FF Member/OSNBP,0,0,,,
Ranking,Name of FF Member /OSBPs,Volume,Change from Previous Trading Day,Ranking,Name of FF Member /OSBPs,Long Position,Change from Previous Trading Day,Ranking,Name of FF Member /OSBPs,Short Position,Change from Previous Trading Day
Contract Code：bu2609,,,,,,,,,,2026-09-15,
1,0272(brokerage business),164,91,1,0103(brokerage business),955,0,1,0103(brokerage business),3100,0
2,0004(brokerage business),34,-43,2,0123(brokerage business),952,0,2,0272(brokerage business),2061,-114
3,0275(brokerage business),23,23,3,0004(brokerage business),803,-34,3,0299(brokerage business),1190,0
4,0081(brokerage business),5,5,4,0148(brokerage business),508,0,4,0123(brokerage business),298,0
5,0019(brokerage business),2,-18,5,0096(brokerage business),500,0,5,0148(brokerage business),65,0
6,0137(brokerage business),2,2,6,0299(brokerage business),500,0,6,,,
7,,,,7,0385(brokerage business),500,0,7,,,
8,,,,8,0095(brokerage business),458,0,8,,,
9,,,,9,0275(brokerage business),409,-23,9,,,
10,,,,10,0277(brokerage business),350,0,10,,,
11,,,,11,0081(brokerage business),200,-5,11,,,
12,,,,12,0272(brokerage business),132,-50,12,,,
13,,,,13,0177(brokerage business),118,0,13,,,
14,,,,14,0034(brokerage business),100,0,14,,,
15,,,,15,0082(brokerage business),100,0,15,,,
16,,,,16,0163(brokerage business),79,0,16,,,
17,,,,17,0003(brokerage business),50,0,17,,,
Total,,230,60,Total,,6714,-112,Total,,6714,-114
Ranking,Name of FF Member /OSBPs,Volume,Change from Previous Trading Day,Ranking,Name of FF Member /OSBPs,Long Position,Change from Previous Trading Day,Ranking,Name of FF Member /OSBPs,Short Position,Change from Previous Trading Day
Contract Code：bu2610,,,,,,,,,,2026-09-15,
1,0004(brokerage business),222603,-9172,1,0004(brokerage business),20001,-1938,1,0148(brokerage business),12087,-893
2,0163(brokerage business),205254,-15796,2,0148(brokerage business),13123,33,2,0275(brokerage business),9115,-428
3,0148(brokerage business),108386,3242,3,0163(brokerage business),8702,1967,3,0272(brokerage business),8616,-1109
4,0123(brokerage business),55463,5823,4,0103(brokerage business),8424,1138,4,0240(brokerage business),5976,-44
5,0275(brokerage business),55195,-1446,5,0059(brokerage business),5909,-28,5,0004(brokerage business),5784,-923
6,0272(brokerage business),38831,-7015,6,0272(brokerage business),5110,-392,6,0123(brokerage business),5024,-128
7,0081(brokerage business),37590,1179,7,0253(brokerage business),4870,86,7,0139(brokerage business),4996,-1945
8,0240(brokerage business),36224,-4113,8,0275(brokerage business),3921,128,8,0298(brokerage business),4708,-108
9,0298(brokerage business),26829,-437,9,0018(brokerage business),3490,137,9,0288(brokerage business),4222,-49
10,0253(brokerage business),26778,-8630,10,0323(brokerage business),3478,-158,10,0081(brokerage business),4094,-218
11,0268(brokerage business),26140,-736,11,0240(brokerage business),3476,-422,11,0253(brokerage business),4039,-720
12,0259(brokerage business),23359,-8844,12,0288(brokerage business),3436,355,12,0268(brokerage business),3770,252
13,0308(brokerage business),21670,2899,13,0082(brokerage business),3094,14,13,0121(brokerage business),3484,-152
14,0103(brokerage business),21276,4830,14,0151(brokerage business),2550,-736,14,0103(brokerage business),3267,-12
15,0186(brokerage business),20818,1270,15,0069(brokerage business),2546,748,15,0163(brokerage business),3078,-473
16,0069(brokerage business),19078,-260,16,0137(brokerage business),2494,-174,16,0034(brokerage business),3042,-83
17,0288(brokerage business),19070,393,17,0019(brokerage business),2453,161,17,0082(brokerage business),2637,110
18,0034(brokerage business),19028,-1352,18,0268(brokerage business),2018,-330,18,0042(brokerage business),2581,3
19,0095(brokerage business),17747,-147,19,0043(brokerage business),1985,-346,19,0161(brokerage business),2506,67
20,0059(brokerage business),17562,-2877,20,0335(brokerage business),1969,-293,20,0029(brokerage business),2384,-53
Total,,1018901,-41189,Total,,103049,-50,Total,,95410,-6906
Ranking,Name of FF Member /OSBPs,Volume,Change from Previous Trading Day,Ranking,Name of FF Member /OSBPs,Long Position,Change from Previous Trading Day,Ranking,Name of FF Member /OSBPs,Short Position,Change from Previous Trading Day
Contract Code：bu2611,,,,,,,,,,2026-09-15,
1,0163(brokerage business),109676,42001,1,0148(brokerage business),30433,-689,1,0272(brokerage business),19094,9
2,0004(brokerage business),70691,-30566,2,0004(brokerage business),23456,2612,2,0148(brokerage business),15897,-396
3,0148(brokerage business),49339,-30241,3,0272(brokerage business),19468,-401,3,0082(brokerage business),12336,89
4,0275(brokerage business),42848,4173,4,0103(brokerage business),10889,-524,4,0004(brokerage business),11631,-3285
5,0123(brokerage business),34398,-800,5,0163(brokerage business),10778,-650,5,0009(brokerage business),9690,-706
6,0253(brokerage business),33670,9071,6,0239(brokerage business),10667,-337,6,0275(brokerage business),9223,-506
7,0081(brokerage business),13582,-435,7,0082(brokerage business),10062,58,7,0123(brokerage business),9156,155
8,0240(brokerage business),12782,-4602,8,0123(brokerage business),9945,269,8,0103(brokerage business),9120,98
9,0272(brokerage business),12684,-6915,9,0268(brokerage business),9007,-91,9,0081(brokerage business),8099,-268
10,0059(brokerage business),11448,-1279,10,0161(brokerage business),7418,-716,10,0253(brokerage business),7859,-53
11,0268(brokerage business),10622,2030,11,0081(brokerage business),7041,190,11,0059(brokerage business),7768,-233
12,0069(brokerage business),10482,-930,12,0137(brokerage business),6802,-318,12,0137(brokerage business),7642,0
13,0342(brokerage business),6477,81,13,0253(brokerage business),6695,-281,13,0139(brokerage business),6864,1611
14,0298(brokerage business),5915,863,14,0059(brokerage business),6596,-243,14,0163(brokerage business),6260,218
15,0186(brokerage business),5861,-335,15,0335(brokerage business),6165,-496,15,0268(brokerage business),6184,353
16,0034(brokerage business),5607,-201,16,0275(brokerage business),5035,-74,16,0069(brokerage business),5931,-278
17,0308(brokerage business),5531,116,17,0009(brokerage business),4918,-284,17,0177(brokerage business),5739,-228
18,0137(brokerage business),5476,-180,18,0069(brokerage business),4670,-98,18,0161(brokerage business),5048,-954
19,0082(brokerage business),5167,-2079,19,0238(brokerage business),4331,-7,19,0288(brokerage business),4352,112
20,0161(brokerage business),4860,540,20,0043(brokerage business),3929,-107,20,0034(brokerage business),4062,1179
Total,,457116,-19688,Total,,198305,-2187,Total,,171955,-3083
Ranking,Name of FF Member /OSBPs,Volume,Change from Previous Trading Day,Ranking,Name of FF Member /OSBPs,Long Position,Change from Previous Trading Day,Ranking,Name of FF Member /OSBPs,Short Position,Change from Previous Trading Day
Contract Code：bu2612,,,,,,,,,,2026-09-15,
1,0163(brokerage business),26579,-4154,1,0004(brokerage business),16872,3098,1,0103(brokerage business),9652,24
2,0004(brokerage business),21821,1049,2,0148(brokerage business),11265,-401,2,0272(brokerage business),8539,436
3,0148(brokerage business),18489,-837,3,0239(brokerage business),9907,129,3,0123(brokerage business),7797,-63
4,0275(brokerage business),17433,-8208,4,0335(brokerage business),9476,-291,4,0004(brokerage business),7481,-57
5,0123(brokerage business),12791,-818,5,0103(brokerage business),8251,279,5,0244(brokerage business),6705,94
6,0308(brokerage business),9945,3791,6,0177(brokerage business),5247,-49,6,0253(brokerage business),6554,-231
7,0253(brokerage business),8700,1029,7,0009(brokerage business),4668,-487,7,0333(brokerage business),5950,359
8,0272(brokerage business),7757,-4096,8,0253(brokerage business),3829,149,8,0335(brokerage business),5133,-5
9,0333(brokerage business),6918,-2742,9,0272(brokerage business),3791,-301,9,0238(brokerage business),5062,12
10,0059(brokerage business),4695,18,10,0163(brokerage business),3742,-126,10,0323(brokerage business),5061,290
11,0271(brokerage business),4246,56,11,0059(brokerage business),3164,407,11,0275(brokerage business),5018,329
12,0240(brokerage business),3552,-1312,12,0084(brokerage business),3000,0,12,0082(brokerage business),5008,66
13,0069(brokerage business),3034,-4094,13,0275(brokerage business),2639,-590,13,0148(brokerage business),3958,122
14,0161(brokerage business),2961,1425,14,0277(brokerage business),2574,8,14,0240(brokerage business),3574,119
15,0137(brokerage business),2513,306,15,0161(brokerage business),2548,1675,15,0096(brokerage business),3505,101
16,0103(brokerage business),2299,-1362,16,0082(brokerage business),2121,-26,16,0069(brokerage business),3191,-71
17,0268(brokerage business),1988,-980,17,0034(brokerage business),2103,-64,17,0163(brokerage business),2939,155
18,0335(brokerage business),1946,376,18,0268(brokerage business),1841,125,18,0018(brokerage business),2918,100
19,0342(brokerage business),1576,-1890,19,0308(brokerage business),1801,34,19,0268(brokerage business),2392,-5
20,0081(brokerage business),1554,-131,20,0153(brokerage business),1574,137,20,0068(brokerage business),1797,2
Total,,160797,-22574,Total,,100413,3706,Total,,102234,1777
Ranking,Name of FF Member /OSBPs,Volume,Change from Previous Trading Day,Ranking,Name of FF Member /OSBPs,Long Position,Change from Previous Trading Day,Ranking,Name of FF Member /OSBPs,Short Position,Change from Previous Trading Day
Contract Code：bu2701,,,,,,,,,,2026-09-15,
1,0163(brokerage business),15193,-3629,1,0148(brokerage business),7942,93,1,0272(brokerage business),8929,-35
2,0004(brokerage business),6668,-2666,2,0272(brokerage business),7920,-301,2,0275(brokerage business),5615,-2
3,0148(brokerage business),6509,-2603,3,0161(brokerage business),4546,899,3,0137(brokerage business),4566,-964
4,0275(brokerage business),5794,-3096,4,0082(brokerage business),4253,96,4,0082(brokerage business),4340,86
5,0059(brokerage business),4234,1584,5,0081(brokerage business),4052,19,5,0148(brokerage business),4160,192
6,0272(brokerage business),4212,-4113,6,0137(brokerage business),4035,-1171,6,0139(brokerage business),4023,300
7,0308(brokerage business),4178,2686,7,0139(brokerage business),3997,315,7,0059(brokerage business),3778,109
8,0253(brokerage business),3441,-2260,8,0275(brokerage business),3364,-24,8,0161(brokerage business),3601,276
9,0123(brokerage business),3312,-2919,9,0059(brokerage business),3304,-537,9,0069(brokerage business),3251,-339
10,0137(brokerage business),3001,2078,10,0123(brokerage business),3285,-22,10,0123(brokerage business),3056,-24
11,0069(brokerage business),2087,-650,11,0069(brokerage business),3223,20,11,0004(brokerage business),2973,59
12,0268(brokerage business),1784,-251,12,0004(brokerage business),2813,919,12,0238(brokerage business),2630,14
13,0161(brokerage business),1695,-364,13,0009(brokerage business),2705,103,13,0081(brokerage business),2626,-79
14,0333(brokerage business),1688,60,14,0268(brokerage business),1885,56,14,0009(brokerage business),2611,61
15,0240(brokerage business),1628,-482,15,0163(brokerage business),1705,-237,15,0103(brokerage business),2458,116
16,0299(brokerage business),1582,1220,16,0335(brokerage business),1412,-232,16,0268(brokerage business),2134,82
17,0342(brokerage business),1502,-790,17,0308(brokerage business),1350,-166,17,0333(brokerage business),1269,6
18,0271(brokerage business),1311,24,18,0253(brokerage business),1222,-273,18,0018(brokerage business),1211,88
19,0186(brokerage business),1293,-1021,19,0319(brokerage business),786,295,19,0163(brokerage business),850,-92
20,0081(brokerage business),1262,488,20,0141(brokerage business),780,170,20,0321(brokerage business),741,-1
Total,,72374,-16704,Total,,64579,22,Total,,64822,-147
Member/OSP Type,Total Volume,Change from Previous Trading Day,Member/OSP Type,Total Long Position,Change from Previous Trading Day,Member/OSP Type,Total Short Position,Change from Previous Trading Day,,,
Contract Code：brall,,,,,,,2026-09-15,,,,
Name of FF Member/OSBP,536232,-50164,Name of FF Member/OSBP,137664,-2166,Name of FF Member/OSBP,137664,-2166,,,
Name of Non-FF Member/OSNBP,0,0,Name of Non-FF Member/OSNBP,0,0,Name of Non-FF Member/OSNBP,0,0,,,
Ranking,Name of FF Member /OSBPs,Volume,Change from Previous Trading Day,Ranking,Name of FF Member /OSBPs,Long Position,Change from Previous Trading Day,Ranking,Name of FF Member /OSBPs,Short Position,Change from Previous Trading Day
Contract Code：br2609,,,,,,,,,,2026-09-15,
1,,,,1,0004(brokerage business),390,0,1,0123(brokerage business),276,0
2,,,,2,0029(brokerage business),144,0,2,0004(brokerage business),86,0
3,,,,3,0059(brokerage business),60,0,3,0253(brokerage business),60,0
4,,,,4,0163(brokerage business),60,0,4,0148(brokerage business),52,0
5,,,,5,0018(brokerage business),36,0,5,0125(brokerage business),48,0
6,,,,6,0007(brokerage business),24,0,6,0003(brokerage business),44,0
7,,,,7,,,,7,0058(brokerage business),40,0
8,,,,8,,,,8,0082(brokerage business),24,0
9,,,,9,,,,9,0311(brokerage business),24,0
10,,,,10,,,,10,0096(brokerage business),18,0
11,,,,11,,,,11,0103(brokerage business),18,0
12,,,,12,,,,12,0069(brokerage business),12,0
13,,,,13,,,,13,0177(brokerage business),10,0
14,,,,14,,,,14,0163(brokerage business),2,0
Total,,,,Total,,714,0,Total,,714,0
Ranking,Name of FF Member /OSBPs,Volume,Change from Previous Trading Day,Ranking,Name of FF Member /OSBPs,Long Position,Change from Previous Trading Day,Ranking,Name of FF Member /OSBPs,Short Position,Change from Previous Trading Day
Contract Code：br2610,,,,,,,,,,2026-09-15,
1,0148(brokerage business),43094,-2662,1,0004(brokerage business),3381,-404,1,0004(brokerage business),3481,-1101
2,0004(brokerage business),31049,-4199,2,0148(brokerage business),2513,-140,2,0163(brokerage business),2543,528
3,0275(brokerage business),26963,-130,3,0163(brokerage business),1411,32,3,0148(brokerage business),1629,-32
4,0163(brokerage business),26804,-2016,4,0103(brokerage business),1163,11,4,0019(brokerage business),1005,74
5,0081(brokerage business),15708,-7409,5,0253(brokerage business),740,-182,5,0082(brokerage business),866,68
6,0253(brokerage business),15011,-1750,6,0240(brokerage business),736,126,6,0253(brokerage business),859,-127
7,0123(brokerage business),14562,-4343,7,0268(brokerage business),660,-19,7,0275(brokerage business),795,-137
8,0298(brokerage business),7496,502,8,0153(brokerage business),611,-29,8,0123(brokerage business),634,-392
9,0240(brokerage business),7062,-1683,9,0059(brokerage business),587,-140,9,0058(brokerage business),603,-143
10,0259(brokerage business),6605,653,10,0321(brokerage business),541,-151,10,0272(brokerage business),601,-286
11,0186(brokerage business),5812,1059,11,0034(brokerage business),517,68,11,0151(brokerage business),566,-87
12,0268(brokerage business),4989,822,12,0272(brokerage business),506,19,12,0103(brokerage business),556,-130
13,0272(brokerage business),4873,-935,13,0275(brokerage business),476,26,13,0418(brokerage business),536,-121
14,0034(brokerage business),4477,1632,14,0001(brokerage business),459,-103,14,0018(brokerage business),522,96
15,0288(brokerage business),3760,814,15,0123(brokerage business),459,178,15,0059(brokerage business),493,49
16,0019(brokerage business),3348,147,16,0288(brokerage business),448,-360,16,0069(brokerage business),484,-60
17,0059(brokerage business),3311,-311,17,0007(brokerage business),413,36,17,0029(brokerage business),436,-58
18,0048(brokerage business),2616,1843,18,0096(brokerage business),384,-39,18,0240(brokerage business),419,-216
19,0274(brokerage business),2443,-453,19,0081(brokerage business),374,-268,19,0081(brokerage business),413,136
20,0244(brokerage business),2318,300,20,0323(brokerage business),368,-69,20,0298(brokerage business),412,-151
Total,,232301,-18119,Total,,16747,-1408,Total,,17853,-2090
Ranking,Name of FF Member /OSBPs,Volume,Change from Previous Trading Day,Ranking,Name of FF Member /OSBPs,Long Position,Change from Previous Trading Day,Ranking,Name of FF Member /OSBPs,Short Position,Change from Previous Trading Day
Contract Code：br2611,,,,,,,,,,2026-09-15,
1,0004(brokerage business),32799,-271,1,0148(brokerage business),10714,570,1,0004(brokerage business),18081,53
2,0148(brokerage business),23359,-4324,2,0323(brokerage business),8033,87,2,0323(brokerage business),8160,-224
3,0163(brokerage business),18452,-3061,3,0268(brokerage business),6847,-227,3,0148(brokerage business),7002,251
4,0081(brokerage business),15520,-939,4,0004(brokerage business),6518,548,4,0268(brokerage business),6441,-99
5,0275(brokerage business),13014,-1184,5,0123(brokerage business),4923,220,5,0272(brokerage business),4263,-292
6,0253(brokerage business),12903,2174,6,0163(brokerage business),4882,-265,6,0163(brokerage business),4233,635
7,0123(brokerage business),9529,333,7,0253(brokerage business),4368,-352,7,0123(brokerage business),3649,-51
8,0240(brokerage business),7619,-659,8,0103(brokerage business),3417,433,8,0253(brokerage business),3384,435
9,0268(brokerage business),4352,-206,9,0275(brokerage business),2573,1,9,0096(brokerage business),2240,58
10,0272(brokerage business),3659,-303,10,0043(brokerage business),2270,52,10,0275(brokerage business),2122,105
11,0103(brokerage business),3032,-2261,11,0096(brokerage business),2268,112,11,0082(brokerage business),2029,48
12,0059(brokerage business),2717,355,12,0335(brokerage business),2154,-58,12,0043(brokerage business),1977,-78
13,0274(brokerage business),2388,1158,13,0272(brokerage business),2140,-413,13,0029(brokerage business),1975,-228
14,0308(brokerage business),2041,104,14,0240(brokerage business),1551,697,14,0103(brokerage business),1522,-1261
15,0019(brokerage business),1896,267,15,0007(brokerage business),1380,70,15,0081(brokerage business),1301,225
16,0186(brokerage business),1860,-166,16,0048(brokerage business),1370,-28,16,0048(brokerage business),1219,-40
17,0288(brokerage business),1841,226,17,0034(brokerage business),917,230,17,0254(brokerage business),1065,14
18,0311(brokerage business),1807,570,18,0259(brokerage business),858,194,18,0059(brokerage business),767,182
19,0323(brokerage business),1757,-1160,19,0151(brokerage business),749,1,19,0107(brokerage business),690,-20
20,0034(brokerage business),1699,-169,20,0177(brokerage business),740,138,20,0274(brokerage business),631,267
Total,,162244,-9516,Total,,68672,2010,Total,,72751,-20
Member/OSP Type,Total Volume,Change from Previous Trading Day,Member/OSP Type,Total Long Position,Change from Previous Trading Day,Member/OSP Type,Total Short Position,Change from Previous Trading Day,,,
Contract Code：ruall,,,,,,,2026-09-15,,,,
Name of FF Member/OSBP,601842,-296812,Name of FF Member/OSBP,179838,-6071,Name of FF Member/OSBP,179658,-6071,,,
Name of Non-FF Member/OSNBP,0,0,Name of Non-FF Member/OSNBP,50,0,Name of Non-FF Member/OSNBP,230,0,,,
Ranking,Name of FF Member /OSBPs,Volume,Change from Previous Trading Day,Ranking,Name of FF Member /OSBPs,Long Position,Change from Previous Trading Day,Ranking,Name of FF Member /OSBPs,Short Position,Change from Previous Trading Day
Contract Code：ru2609,,,,,,,,,,2026-09-15,
1,0082(brokerage business),26,7,1,0004(brokerage business),485,0,1,0151(brokerage business),1763,0
2,0096(brokerage business),15,10,2,0096(brokerage business),377,15,2,0240(brokerage business),309,0
3,0058(brokerage business),12,6,3,0082(brokerage business),269,-26,3,0177(brokerage business),210,0
4,0043(brokerage business),3,-1,4,0177(brokerage business),266,0,4,0123(brokerage business),200,0
5,0125(brokerage business),2,2,5,0148(brokerage business),259,0,5,0004(brokerage business),180,0
6,,,,6,0163(brokerage business),250,0,6,0148(brokerage business),100,0
7,,,,7,0058(brokerage business),247,12,7,0125(brokerage business),43,-2
8,,,,8,0103(brokerage business),155,0,8,0139(brokerage business),24,0
9,,,,9,0125(brokerage business),123,0,9,0321(brokerage business),7,0
10,,,,10,0385(brokerage business),66,0,10,,,
11,,,,11,0059(brokerage business),50,0,11,,,
12,,,,12,0121(brokerage business),50,0,12,,,
13,,,,13,0272(brokerage business),50,0,13,,,
14,,,,14,0276(brokerage business),50,0,14,,,
15,,,,15,0254(brokerage business),34,0,15,,,
16,,,,16,0275(brokerage business),30,0,16,,,
17,,,,17,0048(brokerage business),15,0,17,,,
18,,,,18,0123(brokerage business),10,0,18,,,
Total,,58,24,Total,,2786,1,Total,,2836,-2
Ranking,Name of FF Member /OSBPs,Volume,Change from Previous Trading Day,Ranking,Name of FF Member /OSBPs,Long Position,Change from Previous Trading Day,Ranking,Name of FF Member /OSBPs,Short Position,Change from Previous Trading Day
Contract Code：ru2611,,,,,,,,,,2026-09-15,
1,0253(brokerage business),908,-601,1,0004(brokerage business),717,83,1,0004(brokerage business),794,128
2,0163(brokerage business),668,-358,2,0151(brokerage business),501,-22,2,0240(brokerage business),625,-248
3,0004(brokerage business),651,-215,3,0058(brokerage business),462,0,3,0103(brokerage business),487,200
4,0308(brokerage business),514,33,4,0163(brokerage business),419,92,4,0151(brokerage business),472,-3
5,0148(brokerage business),411,-437,5,0123(brokerage business),369,-2,5,0163(brokerage business),359,14
6,0161(brokerage business),403,-390,6,0177(brokerage business),353,0,6,0349(brokerage business),324,-2
7,0272(brokerage business),357,-100,7,0148(brokerage business),324,-1,7,0077(brokerage business),295,0
8,0240(brokerage business),350,146,8,0082(brokerage business),218,63,8,0148(brokerage business),237,-46
9,0103(brokerage business),252,-53,9,0272(brokerage business),213,45,9,0081(brokerage business),197,0
10,0137(brokerage business),211,-153,10,0096(brokerage business),174,0,10,0253(brokerage business),189,-31
11,0312(brokerage business),200,-106,11,0253(brokerage business),122,-29,11,0069(brokerage business),116,11
12,0151(brokerage business),175,-158,12,0240(brokerage business),107,-52,12,0335(brokerage business),96,0
13,0082(brokerage business),136,-63,13,0312(brokerage business),100,-3,13,0123(brokerage business),93,-8
14,0009(brokerage business),90,10,14,0081(brokerage business),96,-10,14,0047(brokerage business),90,0
15,0275(brokerage business),68,-67,15,0103(brokerage business),81,-2,15,0082(brokerage business),81,7
16,0034(brokerage business),62,-92,16,0009(brokerage business),67,-43,16,0096(brokerage business),77,-2
17,0018(brokerage business),60,-64,17,0042(brokerage business),67,-7,17,0268(brokerage business),73,-7
18,0274(brokerage business),60,43,18,0125(brokerage business),60,41,18,0059(brokerage business),67,0
19,0125(brokerage business),49,28,19,0137(brokerage business),60,-17,19,0177(brokerage business),62,-1
20,0268(brokerage business),49,-60,20,0069(brokerage business),57,23,20,0272(brokerage business),62,0
Total,,5674,-2657,Total,,4567,159,Total,,4796,12
Ranking,Name of FF Member /OSBPs,Volume,Change from Previous Trading Day,Ranking,Name of FF Member /OSBPs,Long Position,Change from Previous Trading Day,Ranking,Name of FF Member /OSBPs,Short Position,Change from Previous Trading Day
Contract Code：ru2701,,,,,,,,,,2026-09-15,
1,0004(brokerage business),88859,-41935,1,0004(brokerage business),10298,-1163,1,0004(brokerage business),18242,150
2,0163(brokerage business),85126,-16167,2,0163(brokerage business),9456,686,2,0148(brokerage business),10062,916
3,0148(brokerage business),51032,-34478,3,0148(brokerage business),8641,-852,3,0123(brokerage business),9526,-661
4,0253(brokerage business),31773,-15711,4,0272(brokerage business),7975,-109,4,0272(brokerage business),5434,-451
5,0272(brokerage business),28656,-9726,5,0103(brokerage business),6360,-97,5,0103(brokerage business),4667,-80
6,0275(brokerage business),24551,-35959,6,0253(brokerage business),5016,-552,6,0163(brokerage business),4578,-906
7,0123(brokerage business),19036,-14673,7,0240(brokerage business),3357,-371,7,0372(brokerage business),4272,-89
8,0259(brokerage business),16217,-7344,8,0082(brokerage business),3257,-199,8,0151(brokerage business),4169,-63
9,0240(brokerage business),14361,-6142,9,0323(brokerage business),3182,582,9,0275(brokerage business),3925,-116
10,0096(brokerage business),8642,-3193,10,0275(brokerage business),2749,-15,10,0253(brokerage business),3526,-245
11,0081(brokerage business),7695,-15059,11,0268(brokerage business),2723,90,11,0096(brokerage business),3500,-163
12,0034(brokerage business),6361,-5286,12,0077(brokerage business),2651,-43,12,0082(brokerage business),3310,4
13,0186(brokerage business),5833,-563,13,0125(brokerage business),2550,222,13,0240(brokerage business),3233,-468
14,0323(brokerage business),5578,-2401,14,0096(brokerage business),2483,-65,14,0125(brokerage business),3118,-86
15,0059(brokerage business),5183,-1495,15,0018(brokerage business),2254,-313,15,0077(brokerage business),3065,-86
16,0268(brokerage business),4104,-2200,16,0034(brokerage business),2207,41,16,0177(brokerage business),2941,50
17,0019(brokerage business),4029,-592,17,0277(brokerage business),2127,34,17,0059(brokerage business),2841,111
18,0298(brokerage business),4008,-961,18,0274(brokerage business),1986,63,18,0058(brokerage business),2776,-53
19,0308(brokerage business),3980,-1512,19,0059(brokerage business),1946,-12,19,0019(brokerage business),2282,219
20,0018(brokerage business),3974,-1700,20,0288(brokerage business),1930,-53,20,0069(brokerage business),1892,-432
Total,,418998,-217097,Total,,83148,-2126,Total,,97359,-2449
Ranking,Name of FF Member /OSBPs,Volume,Change from Previous Trading Day,Ranking,Name of FF Member /OSBPs,Long Position,Change from Previous Trading Day,Ranking,Name of FF Member /OSBPs,Short Position,Change from Previous Trading Day
Contract Code：ru2705,,,,,,,,,,2026-09-15,
1,0163(brokerage business),12177,-617,1,0148(brokerage business),2088,57,1,0082(brokerage business),11199,0
2,0148(brokerage business),8204,-2378,2,0004(brokerage business),2042,-138,2,0272(brokerage business),2431,-12
3,0253(brokerage business),7346,-3370,3,0253(brokerage business),1722,9,3,0004(brokerage business),2134,23
4,0004(brokerage business),4719,-2922,4,0277(brokerage business),1708,14,4,0275(brokerage business),1704,463
5,0275(brokerage business),3430,-653,5,0163(brokerage business),1571,222,5,0372(brokerage business),1380,9
6,0081(brokerage business),1831,-1100,6,0103(brokerage business),1547,23,6,0148(brokerage business),1179,-27
7,0059(brokerage business),1273,112,7,0272(brokerage business),1524,-17,7,0103(brokerage business),764,53
8,0009(brokerage business),1199,-372,8,0295(brokerage business),1302,7,8,0137(brokerage business),743,2
9,0123(brokerage business),1160,-4328,9,0240(brokerage business),976,-150,9,0123(brokerage business),594,-24
10,0240(brokerage business),1100,-330,10,0418(brokerage business),800,600,10,0096(brokerage business),535,4
11,0103(brokerage business),718,-14,11,0069(brokerage business),637,-79,11,0058(brokerage business),453,46
12,0418(brokerage business),600,592,12,0059(brokerage business),559,217,12,0125(brokerage business),445,-443
13,0019(brokerage business),580,355,13,0139(brokerage business),512,1,13,0019(brokerage business),432,9
14,0125(brokerage business),509,237,14,0007(brokerage business),510,0,14,0151(brokerage business),384,-22
15,0389(brokerage business),496,117,15,0077(brokerage business),446,-8,15,0121(brokerage business),363,-20
16,0069(brokerage business),461,-176,16,0275(brokerage business),418,27,16,0139(brokerage business),337,-189
17,0272(brokerage business),417,-391,17,0018(brokerage business),390,5,17,0077(brokerage business),272,0
18,0323(brokerage business),330,-42,18,0096(brokerage business),390,18,18,0163(brokerage business),241,33
19,0186(brokerage business),324,-137,19,0034(brokerage business),367,-1,19,0136(brokerage business),231,-3
20,0043(brokerage business),322,-143,20,0274(brokerage business),355,-166,20,0240(brokerage business),204,22
Total,,47196,-15560,Total,,19864,641,Total,,26025,-76
Ranking,Name of FF Member /OSBPs,Volume,Change from Previous Trading Day,Ranking,Name of FF Member /OSBPs,Long Position,Change from Previous Trading Day,Ranking,Name of FF Member /OSBPs,Short Position,Change from Previous Trading Day
Contract Code：nr2609,,,,,,,,,,2026-09-15,
1,,,,1,8253(brokerage business),140,0,1,8096(brokerage business),60,0
2,,,,2,8148(brokerage business),80,0,2,8240(brokerage business),60,0
3,,,,3,8096(brokerage business),40,0,3,8253(brokerage business),60,0
4,,,,4,8103(brokerage business),20,0,4,8004(brokerage business),40,0
5,,,,5,8004(brokerage business),10,0,5,8148(brokerage business),40,0
6,,,,6,,,,6,8321(brokerage business),20,0
7,,,,7,,,,7,8323(brokerage business),10,0
Total,,,,Total,,290,0,Total,,290,0
Ranking,Name of FF Member /OSBPs,Volume,Change from Previous Trading Day,Ranking,Name of FF Member /OSBPs,Long Position,Change from Previous Trading Day,Ranking,Name of FF Member /OSBPs,Short Position,Change from Previous Trading Day
Contract Code：nr2610,,,,,,,,,,2026-09-15,
1,8163(brokerage business),2081,-411,1,8004(brokerage business),3337,-103,1,8004(brokerage business),2301,-299
2,8004(brokerage business),1688,-632,2,8096(brokerage business),1470,1,2,8148(brokerage business),1608,-494
3,8148(brokerage business),1196,416,3,8148(brokerage business),1448,-518,3,8272(brokerage business),1582,-35
4,8275(brokerage business),946,-811,4,8253(brokerage business),877,-30,4,8177(brokerage business),1137,-163
5,8253(brokerage business),797,-130,5,8058(brokerage business),775,-63,5,8163(brokerage business),1076,3
6,8308(brokerage business),300,169,6,8077(brokerage business),722,0,6,8103(brokerage business),1024,0
7,8123(brokerage business),270,-164,7,8059(brokerage business),610,-1,7,8139(brokerage business),617,0
8,8272(brokerage business),245,-164,8,8389(brokerage business),508,-2,8,8019(brokerage business),592,-54
9,8151(brokerage business),244,173,9,8001(brokerage business),419,0,9,8240(brokerage business),583,-83
10,8268(brokerage business),238,23,10,8272(brokerage business),372,-4,10,8349(brokerage business),577,-23
11,8271(brokerage business),205,43,11,8171(brokerage business),332,0,11,8253(brokerage business),429,-9
12,8161(brokerage business),203,185,12,8153(brokerage business),329,-3,12,8123(brokerage business),387,-54
13,8177(brokerage business),183,67,13,8003(brokerage business),303,-50,13,8077(brokerage business),372,-3
14,8058(brokerage business),170,14,14,8095(brokerage business),271,-70,14,8275(brokerage business),298,-38
15,8305(brokerage business),130,130,15,8103(brokerage business),268,-26,15,8305(brokerage business),270,-130
16,8069(brokerage business),108,-9,16,8312(brokerage business),251,-1,16,8058(brokerage business),224,-67
17,8259(brokerage business),105,103,17,8163(brokerage business),249,118,17,8389(brokerage business),150,0
18,8019(brokerage business),94,-37,18,8123(brokerage business),232,-40,18,8069(brokerage business),141,-26
19,8240(brokerage business),94,-48,19,8274(brokerage business),200,0,19,8254(brokerage business),127,0
20,8298(brokerage business),88,58,20,8151(brokerage business),172,-165,20,8372(brokerage business),100,0
Total,,9385,-1025,Total,,13145,-957,Total,,13595,-1475
Ranking,Name of FF Member /OSBPs,Volume,Change from Previous Trading Day,Ranking,Name of FF Member /OSBPs,Long Position,Change from Previous Trading Day,Ranking,Name of FF Member /OSBPs,Short Position,Change from Previous Trading Day
Contract Code：nr2611,,,,,,,,,,2026-09-15,
1,8163(brokerage business),23624,-14967,1,8239(brokerage business),5791,-192,1,8004(brokerage business),9494,-396
2,8148(brokerage business),11252,-4497,2,8148(brokerage business),5782,-630,2,8148(brokerage business),5676,-814
3,8004(brokerage business),11192,-5771,3,8184(brokerage business),5422,13,3,8096(brokerage business),3976,24
4,8253(brokerage business),9803,-7115,4,8163(brokerage business),5230,-193,4,8253(brokerage business),3773,190
5,8272(brokerage business),8573,5321,5,8004(brokerage business),4657,-656,5,8272(brokerage business),3737,-206
6,8275(brokerage business),7840,-1647,6,8103(brokerage business),4075,-411,6,8163(brokerage business),3072,-739
7,8081(brokerage business),4398,-4133,7,8084(brokerage business),3459,-81,7,8123(brokerage business),2969,-80
8,8123(brokerage business),3351,-3076,8,8272(brokerage business),2371,17,8,8240(brokerage business),2753,-381
9,8096(brokerage business),2722,-454,9,8277(brokerage business),1842,-106,9,8082(brokerage business),2577,4
10,8323(brokerage business),2336,-903,10,8335(brokerage business),1723,-253,10,8103(brokerage business),2386,12
11,8103(brokerage business),1879,-1300,11,8253(brokerage business),1642,-197,11,8125(brokerage business),2364,465
12,8059(brokerage business),1666,-30,12,8240(brokerage business),1556,-164,12,8058(brokerage business),2010,-71
13,8186(brokerage business),1556,-477,13,8274(brokerage business),1471,-43,13,8077(brokerage business),1623,16
14,8043(brokerage business),1436,-571,14,8268(brokerage business),1430,-92,14,8059(brokerage business),1582,-15
15,8240(brokerage business),1269,-578,15,8288(brokerage business),1209,232,15,8275(brokerage business),1343,-478
16,8019(brokerage business),1252,-222,16,8007(brokerage business),1121,-32,16,8177(brokerage business),1153,-118
17,8298(brokerage business),1106,-1245,17,8349(brokerage business),980,-38,17,8308(brokerage business),1151,-25
18,8069(brokerage business),965,-487,18,8139(brokerage business),974,22,18,8069(brokerage business),1030,-246
19,8259(brokerage business),888,-674,19,8123(brokerage business),957,21,19,8009(brokerage business),1008,-411
20,8288(brokerage business),857,245,20,8077(brokerage business),901,-53,20,8153(brokerage business),953,-112
Total,,97965,-42581,Total,,52593,-2836,Total,,54630,-3381
Ranking,Name of FF Member /OSBPs,Volume,Change from Previous Trading Day,Ranking,Name of FF Member /OSBPs,Long Position,Change from Previous Trading Day,Ranking,Name of FF Member /OSBPs,Short Position,Change from Previous Trading Day
Contract Code：nr2612,,,,,,,,,,2026-09-15,
1,8163(brokerage business),9311,-7976,1,8004(brokerage business),5797,-375,1,8004(brokerage business),9070,124
2,8148(brokerage business),5993,-2276,2,8148(brokerage business),4921,-179,2,8253(brokerage business),3219,52
3,8253(brokerage business),5923,-4559,3,8103(brokerage business),3104,326,3,8148(brokerage business),3086,218
4,8004(brokerage business),5269,-2743,4,8163(brokerage business),2697,-71,4,8163(brokerage business),2568,-88
5,8081(brokerage business),2562,-2817,5,8323(brokerage business),2240,-40,5,8268(brokerage business),2350,25
6,8275(brokerage business),2135,-3967,6,8268(brokerage business),2192,-43,6,8372(brokerage business),2202,-399
7,8096(brokerage business),1443,-654,7,8082(brokerage business),2156,18,7,8082(brokerage business),2174,-4
8,8059(brokerage business),1258,549,8,8034(brokerage business),2052,-4,8,8240(brokerage business),2130,-81
9,8123(brokerage business),1246,-3812,9,8253(brokerage business),1833,43,9,8123(brokerage business),2117,4
10,8308(brokerage business),810,119,10,8161(brokerage business),1678,23,10,8323(brokerage business),2076,-12
11,8272(brokerage business),801,406,11,8295(brokerage business),1597,-7,11,8103(brokerage business),1875,11
12,8238(brokerage business),667,553,12,8274(brokerage business),1502,-192,12,8034(brokerage business),1849,-8
13,8009(brokerage business),480,-144,13,8372(brokerage business),1359,0,13,8161(brokerage business),1536,30
14,8103(brokerage business),467,-884,14,8277(brokerage business),1204,-4,14,8272(brokerage business),1524,9
15,8372(brokerage business),445,51,15,8139(brokerage business),1187,4,15,8058(brokerage business),1409,-222
16,8007(brokerage business),397,-80,16,8308(brokerage business),814,15,16,8275(brokerage business),1300,-28
17,8069(brokerage business),369,-535,17,8009(brokerage business),780,-393,17,8277(brokerage business),1202,0
18,8240(brokerage business),367,-370,18,8238(brokerage business),721,296,18,8177(brokerage business),870,-38
19,8274(brokerage business),361,-383,19,8069(brokerage business),666,1,19,8096(brokerage business),616,-111
20,8239(brokerage business),299,297,20,8259(brokerage business),657,7,20,8019(brokerage business),446,11
Total,,40603,-29225,Total,,39157,-575,Total,,43619,-507
Ranking,Name of FF Member /OSBPs,Volume,Change from Previous Trading Day,Ranking,Name of FF Member /OSBPs,Long Position,Change from Previous Trading Day,Ranking,Name of FF Member /OSBPs,Short Position,Change from Previous Trading Day
Contract Code：nr2701,,,,,,,,,,2026-09-15,
1,8163(brokerage business),5403,-2009,1,8004(brokerage business),3468,-99,1,8004(brokerage business),7665,-217
2,8148(brokerage business),3547,-174,2,8148(brokerage business),2827,-36,2,8148(brokerage business),3251,-125
3,8253(brokerage business),3462,-2382,3,8103(brokerage business),1690,35,3,8272(brokerage business),1993,61
4,8004(brokerage business),2884,-4151,4,8139(brokerage business),1632,0,4,8123(brokerage business),1363,28
5,8059(brokerage business),1368,-2,5,8272(brokerage business),1591,0,5,8372(brokerage business),1316,200
6,8275(brokerage business),1097,-615,6,8274(brokerage business),1589,-4,6,8163(brokerage business),1281,10
7,8123(brokerage business),756,-503,7,8295(brokerage business),1472,0,7,8275(brokerage business),1276,-223
8,8308(brokerage business),485,-563,8,8163(brokerage business),1268,-53,8,8254(brokerage business),1232,-60
9,8323(brokerage business),456,-299,9,8335(brokerage business),1199,7,9,8253(brokerage business),1015,-31
10,8274(brokerage business),397,-468,10,8323(brokerage business),1184,88,10,8059(brokerage business),1006,32
11,8272(brokerage business),389,-75,11,8253(brokerage business),1154,-99,11,8103(brokerage business),945,204
12,8240(brokerage business),368,-449,12,8059(brokerage business),899,82,12,8058(brokerage business),843,-11
13,8239(brokerage business),347,129,13,8077(brokerage business),845,6,13,8019(brokerage business),754,18
14,8007(brokerage business),337,-434,14,8121(brokerage business),792,-1,14,8385(brokerage business),734,-40
15,8327(brokerage business),325,205,15,8288(brokerage business),759,12,15,8082(brokerage business),721,-36
16,8103(brokerage business),313,-22,16,8137(brokerage business),741,-17,16,8034(brokerage business),717,29
17,8299(brokerage business),255,-131,17,8240(brokerage business),732,34,17,8081(brokerage business),711,-104
18,8069(brokerage business),243,-408,18,8107(brokerage business),605,-3,18,8321(brokerage business),701,-171
19,8305(brokerage business),242,242,19,8123(brokerage business),539,6,19,8240(brokerage business),688,100
20,8372(brokerage business),211,97,20,8043(brokerage business),516,1,20,8349(brokerage business),596,0
Total,,22885,-12012,Total,,25502,-41,Total,,28808,-336
Member/OSP Type,Total Volume,Change from Previous Trading Day,Member/OSP Type,Total Long Position,Change from Previous Trading Day,Member/OSP Type,Total Short Position,Change from Previous Trading Day,,,
Contract Code：spall,,,,,,,2026-09-15,,,,
Name of FF Member/OSBP,872564,-768,Name of FF Member/OSBP,418809,11327,Name of FF Member/OSBP,418809,11327,,,
Name of Non-FF Member/OSNBP,0,0,Name of Non-FF Member/OSNBP,0,0,Name of Non-FF Member/OSNBP,0,0,,,
Ranking,Name of FF Member /OSBPs,Volume,Change from Previous Trading Day,Ranking,Name of FF Member /OSBPs,Long Position,Change from Previous Trading Day,Ranking,Name of FF Member /OSBPs,Short Position,Change from Previous Trading Day
Contract Code：sp2609,,,,,,,,,,2026-09-15,
1,0004(brokerage business),12,-116,1,0004(brokerage business),2356,0,1,0059(brokerage business),1470,0
2,0259(brokerage business),8,8,2,0081(brokerage business),1152,0,2,0125(brokerage business),1322,0
3,,,,3,0103(brokerage business),1002,0,3,0004(brokerage business),1116,0
4,,,,4,0082(brokerage business),774,0,4,0177(brokerage business),538,0
5,,,,5,0148(brokerage business),558,0,5,0163(brokerage business),452,0
6,,,,6,0123(brokerage business),360,0,6,0148(brokerage business),422,0
7,,,,7,0029(brokerage business),304,0,7,0299(brokerage business),400,0
8,,,,8,0003(brokerage business),300,0,8,0081(brokerage business),322,0
9,,,,9,0159(brokerage business),300,0,9,0327(brokerage business),300,0
10,,,,10,0169(brokerage business),300,0,10,0019(brokerage business),288,0
11,,,,11,0009(brokerage business),216,0,11,0082(brokerage business),250,0
12,,,,12,0034(brokerage business),200,0,12,0138(brokerage business),238,0
13,,,,13,0349(brokerage business),200,0,13,0268(brokerage business),232,0
14,,,,14,0019(brokerage business),142,0,14,0159(brokerage business),218,0
15,,,,15,0139(brokerage business),120,0,15,0096(brokerage business),200,0
16,,,,16,0177(brokerage business),120,0,16,0418(brokerage business),200,0
17,,,,17,0272(brokerage business),100,0,17,0003(brokerage business),192,0
18,,,,18,0385(brokerage business),84,0,18,0272(brokerage business),178,0
19,,,,19,0138(brokerage business),80,0,19,0321(brokerage business),170,0
20,,,,20,,,,20,0153(brokerage business),100,0
Total,,20,-108,Total,,8668,0,Total,,8608,0
Ranking,Name of FF Member /OSBPs,Volume,Change from Previous Trading Day,Ranking,Name of FF Member /OSBPs,Long Position,Change from Previous Trading Day,Ranking,Name of FF Member /OSBPs,Short Position,Change from Previous Trading Day
Contract Code：sp2611,,,,,,,,,,2026-09-15,
1,0004(brokerage business),133665,-23503,1,0004(brokerage business),25308,2885,1,0004(brokerage business),24005,-400
2,0163(brokerage business),94337,-2221,2,0148(brokerage business),15943,-1774,2,0148(brokerage business),23451,2763
3,0148(brokerage business),60725,-4848,3,0272(brokerage business),13234,657,3,0163(brokerage business),16146,-3056
4,0253(brokerage business),37489,-2584,4,0163(brokerage business),9087,2123,4,0239(brokerage business),12380,659
5,0275(brokerage business),35841,-2937,5,0103(brokerage business),8778,2190,5,0272(brokerage business),10251,15
6,0272(brokerage business),31892,1856,6,0268(brokerage business),7906,-97,6,0103(brokerage business),8084,159
7,0259(brokerage business),26943,4,7,0253(brokerage business),6977,1258,7,0253(brokerage business),7849,431
8,0240(brokerage business),24020,2481,8,0096(brokerage business),6344,334,8,0335(brokerage business),7234,122
9,0123(brokerage business),17257,-839,9,0240(brokerage business),6079,302,9,0177(brokerage business),5568,-153
10,0081(brokerage business),17190,-1931,10,0275(brokerage business),4075,-86,10,0081(brokerage business),5552,248
11,0103(brokerage business),11925,-1203,11,0081(brokerage business),3957,6,11,0123(brokerage business),5371,48
12,0096(brokerage business),9139,-213,12,0034(brokerage business),3409,-177,12,0059(brokerage business),5133,481
13,0161(brokerage business),8758,5707,13,0077(brokerage business),3340,16,13,0034(brokerage business),3863,955
14,0308(brokerage business),6917,1139,14,0169(brokerage business),3121,63,14,0043(brokerage business),3352,-43
15,0186(brokerage business),6312,-766,15,0043(brokerage business),3104,-186,15,0082(brokerage business),3179,395
16,0268(brokerage business),5942,-1006,16,0069(brokerage business),3102,92,16,0321(brokerage business),2921,124
17,0034(brokerage business),5130,-304,17,0042(brokerage business),3098,138,17,0084(brokerage business),2821,-195
18,0298(brokerage business),5014,-559,18,0058(brokerage business),3087,96,18,0259(brokerage business),2616,591
19,0069(brokerage business),5010,407,19,0238(brokerage business),3052,3,19,0308(brokerage business),2516,-534
20,0059(brokerage business),4479,-2195,20,0299(brokerage business),2917,196,20,0268(brokerage business),2472,-137
Total,,547985,-33515,Total,,135918,8039,Total,,154764,2473
Ranking,Name of FF Member /OSBPs,Volume,Change from Previous Trading Day,Ranking,Name of FF Member /OSBPs,Long Position,Change from Previous Trading Day,Ranking,Name of FF Member /OSBPs,Short Position,Change from Previous Trading Day
Contract Code：sp2701,,,,,,,,,,2026-09-15,
1,0148(brokerage business),33007,3719,1,0004(brokerage business),11266,2201,1,0004(brokerage business),17845,773
2,0004(brokerage business),23722,6796,2,0123(brokerage business),10361,-81,2,0148(brokerage business),15218,-757
3,0123(brokerage business),17780,-170,3,0163(brokerage business),8696,207,3,0418(brokerage business),5685,387
4,0163(brokerage business),17416,1141,4,0272(brokerage business),7212,-24,4,0169(brokerage business),4933,7
5,0253(brokerage business),13275,2565,5,0177(brokerage business),5312,-291,5,0081(brokerage business),4889,378
6,0275(brokerage business),8344,2265,6,0042(brokerage business),5287,192,6,0009(brokerage business),4545,60
7,0240(brokerage business),3133,199,7,0148(brokerage business),5072,838,7,0163(brokerage business),4536,-17
8,0259(brokerage business),3120,1743,8,0103(brokerage business),4564,-73,8,0253(brokerage business),4366,210
9,0272(brokerage business),2486,717,9,0043(brokerage business),4211,-76,9,0335(brokerage business),4349,537
10,0082(brokerage business),2475,1748,10,0077(brokerage business),3129,180,10,0103(brokerage business),4254,-1
11,0059(brokerage business),2377,584,11,0018(brokerage business),2858,43,11,0274(brokerage business),3796,1607
12,0069(brokerage business),2344,574,12,0034(brokerage business),2757,-176,12,0272(brokerage business),3786,-54
13,0081(brokerage business),2338,472,13,0253(brokerage business),2414,-13,13,0029(brokerage business),3722,6
14,0177(brokerage business),2098,1913,14,0275(brokerage business),2368,-40,14,0125(brokerage business),3677,-69
15,0274(brokerage business),1883,608,15,0082(brokerage business),2114,596,15,0096(brokerage business),3574,148
16,0096(brokerage business),1673,155,16,0096(brokerage business),2081,191,16,0177(brokerage business),3067,-1041
17,0335(brokerage business),1500,931,17,0288(brokerage business),2016,-40,17,0077(brokerage business),2595,-58
18,0003(brokerage business),1215,1166,18,0186(brokerage business),1922,91,18,0139(brokerage business),2471,-32
19,0103(brokerage business),1128,-913,19,0136(brokerage business),1763,13,19,0275(brokerage business),2452,502
20,0077(brokerage business),1104,-363,20,0262(brokerage business),1661,-67,20,0059(brokerage business),2164,-276
Total,,142418,25850,Total,,87064,3671,Total,,101924,2310
Ranking,Name of FF Member /OSBPs,Volume,Change from Previous Trading Day,Ranking,Name of FF Member /OSBPs,Long Position,Change from Previous Trading Day,Ranking,Name of FF Member /OSBPs,Short Position,Change from Previous Trading Day
Contract Code：sp2703,,,,,,,,,,2026-09-15,
1,0163(brokerage business),6203,-966,1,0048(brokerage business),4886,-8,1,0148(brokerage business),5373,503
2,0253(brokerage business),2155,-362,2,0103(brokerage business),4704,322,2,0048(brokerage business),4496,12
3,0148(brokerage business),1987,327,3,0148(brokerage business),4499,458,3,0081(brokerage business),4097,76
4,0004(brokerage business),1591,117,4,0081(brokerage business),4083,68,4,0139(brokerage business),4021,0
5,0178(brokerage business),1511,540,5,0139(brokerage business),4005,0,5,0103(brokerage business),4013,13
6,0042(brokerage business),1408,196,6,0043(brokerage business),2656,276,6,0043(brokerage business),2672,278
7,0008(brokerage business),1216,434,7,0042(brokerage business),2425,1400,7,0178(brokerage business),2300,0
8,0275(brokerage business),1197,435,8,0178(brokerage business),2323,1,8,0137(brokerage business),2293,257
9,0103(brokerage business),985,192,9,0137(brokerage business),2302,258,9,0008(brokerage business),2000,0
10,0139(brokerage business),806,217,10,0008(brokerage business),2000,0,10,0253(brokerage business),1835,15
11,0059(brokerage business),699,-123,11,0253(brokerage business),1625,4,11,0059(brokerage business),1615,109
12,0081(brokerage business),580,52,12,0059(brokerage business),1555,-6,12,0019(brokerage business),862,82
13,0043(brokerage business),558,207,13,0019(brokerage business),765,47,13,0272(brokerage business),778,133
14,0137(brokerage business),537,-2,14,0004(brokerage business),589,-27,14,0004(brokerage business),767,90
15,0389(brokerage business),416,161,15,0086(brokerage business),368,2,15,0163(brokerage business),638,43
16,0308(brokerage business),328,263,16,0163(brokerage business),313,24,16,0159(brokerage business),527,100
17,0123(brokerage business),280,-18,17,0077(brokerage business),252,1,17,0308(brokerage business),388,322
18,0025(brokerage business),274,-58,18,0049(brokerage business),204,3,18,0029(brokerage business),349,44
19,0153(brokerage business),254,250,19,0275(brokerage business),179,8,19,0389(brokerage business),249,14
20,0272(brokerage business),160,18,20,0389(brokerage business),168,0,20,0153(brokerage business),245,245
Total,,23145,1880,Total,,39901,2831,Total,,39518,2336
Member/OSP Type,Total Volume,Change from Previous Trading Day,Member/OSP Type,Total Long Position,Change from Previous Trading Day,Member/OSP Type,Total Short Position,Change from Previous Trading Day,,,
Contract Code：opall,,,,,,,2026-09-15,,,,
Name of FF Member/OSBP,41302,9572,Name of FF Member/OSBP,26459,-49,Name of FF Member/OSBP,26459,-49,,,
Name of Non-FF Member/OSNBP,0,0,Name of Non-FF Member/OSNBP,0,0,Name of Non-FF Member/OSNBP,0,0,,,
Ranking,Name of FF Member /OSBPs,Volume,Change from Previous Trading Day,Ranking,Name of FF Member /OSBPs,Long Position,Change from Previous Trading Day,Ranking,Name of FF Member /OSBPs,Short Position,Change from Previous Trading Day
Contract Code：op2609,,,,,,,,,,2026-09-15,
1,,,,1,0004(brokerage business),30,0,1,0321(brokerage business),28,0
2,,,,2,,,,2,0082(brokerage business),2,0
Total,,,,Total,,30,0,Total,,30,0
Ranking,Name of FF Member /OSBPs,Volume,Change from Previous Trading Day,Ranking,Name of FF Member /OSBPs,Long Position,Change from Previous Trading Day,Ranking,Name of FF Member /OSBPs,Short Position,Change from Previous Trading Day
Contract Code：op2610,,,,,,,,,,2026-09-15,
1,0148(brokerage business),3532,3299,1,0268(brokerage business),952,-5,1,0268(brokerage business),901,-4
2,0268(brokerage business),2749,1830,2,0082(brokerage business),542,-4,2,0004(brokerage business),773,-6
3,0257(brokerage business),1806,965,3,0004(brokerage business),503,-1,3,0257(brokerage business),500,8
4,0275(brokerage business),1540,1111,4,0008(brokerage business),494,0,4,0008(brokerage business),494,0
5,0004(brokerage business),711,435,5,0257(brokerage business),492,-2,5,0123(brokerage business),487,1
6,0163(brokerage business),526,102,6,0123(brokerage business),487,1,6,0082(brokerage business),481,-3
7,0123(brokerage business),502,200,7,0148(brokerage business),477,-46,7,0148(brokerage business),467,-46
8,0008(brokerage business),54,31,8,0275(brokerage business),464,-3,8,0275(brokerage business),461,5
9,0058(brokerage business),11,5,9,0013(brokerage business),157,0,9,0018(brokerage business),43,-6
10,0137(brokerage business),11,10,10,0067(brokerage business),30,0,10,0319(brokerage business),38,0
11,0082(brokerage business),7,-20,11,0069(brokerage business),30,-1,11,0163(brokerage business),36,-4
12,0018(brokerage business),6,6,12,0137(brokerage business),29,-6,12,0125(brokerage business),30,0
13,0059(brokerage business),5,-5,13,0059(brokerage business),25,3,13,0103(brokerage business),21,2
14,0272(brokerage business),5,5,14,0048(brokerage business),22,0,14,0389(brokerage business),20,0
15,0089(brokerage business),4,0,15,0182(brokerage business),19,0,15,0136(brokerage business),15,0
16,0103(brokerage business),4,-9,16,0163(brokerage business),11,-2,16,0137(brokerage business),15,-5
17,0288(brokerage business),4,-1,17,0240(brokerage business),11,0,17,0001(brokerage business),8,0
18,0299(brokerage business),4,0,18,0311(brokerage business),10,0,18,0151(brokerage business),7,0
19,0178(brokerage business),3,3,19,0139(brokerage business),9,0,19,0277(brokerage business),5,0
20,0252(brokerage business),2,2,20,0042(brokerage business),8,0,20,0157(brokerage business),4,0
Total,,11486,7969,Total,,4772,-66,Total,,4806,-58
Ranking,Name of FF Member /OSBPs,Volume,Change from Previous Trading Day,Ranking,Name of FF Member /OSBPs,Long Position,Change from Previous Trading Day,Ranking,Name of FF Member /OSBPs,Short Position,Change from Previous Trading Day
Contract Code：op2611,,,,,,,,,,2026-09-15,
1,0148(brokerage business),4448,2608,1,0268(brokerage business),3761,-17,1,0268(brokerage business),3744,-31
2,0163(brokerage business),3482,-873,2,0004(brokerage business),3093,53,2,0123(brokerage business),2879,8
3,0257(brokerage business),3244,1299,3,0148(brokerage business),2751,-34,3,0004(brokerage business),2669,-15
4,0268(brokerage business),2920,-693,4,0123(brokerage business),2478,47,4,0148(brokerage business),2547,-28
5,0004(brokerage business),2126,-1222,5,0008(brokerage business),2002,-4,5,0008(brokerage business),2007,-2
6,0123(brokerage business),2089,-92,6,0082(brokerage business),1622,1,6,0082(brokerage business),1517,3
7,0008(brokerage business),1696,-209,7,0275(brokerage business),1450,-4,7,0275(brokerage business),1413,2
8,0275(brokerage business),1166,-315,8,0257(brokerage business),1305,2,8,0257(brokerage business),1295,-6
9,0081(brokerage business),621,-94,9,0321(brokerage business),288,0,9,0163(brokerage business),566,-35
10,0313(brokerage business),227,67,10,0163(brokerage business),197,47,10,0103(brokerage business),496,0
11,0019(brokerage business),222,24,11,0059(brokerage business),123,16,11,0253(brokerage business),349,0
12,0309(brokerage business),157,48,12,0048(brokerage business),93,5,12,0001(brokerage business),159,-1
13,0058(brokerage business),96,45,13,0272(brokerage business),86,-10,13,0137(brokerage business),114,1
14,0186(brokerage business),91,6,14,0029(brokerage business),79,-1,14,0019(brokerage business),113,1
15,0253(brokerage business),76,-76,15,0034(brokerage business),79,-4,15,0274(brokerage business),106,-4
16,0311(brokerage business),69,47,16,0103(brokerage business),70,-1,16,0030(brokerage business),82,0
17,0298(brokerage business),62,8,17,0186(brokerage business),69,-2,17,0042(brokerage business),82,2
18,0161(brokerage business),56,53,18,0313(brokerage business),68,-99,18,0048(brokerage business),71,1
19,0272(brokerage business),48,11,19,0253(brokerage business),57,38,19,0086(brokerage business),54,7
20,0321(brokerage business),48,-79,20,0043(brokerage business),54,-5,20,0311(brokerage business),39,36
Total,,22944,563,Total,,19725,28,Total,,20302,-61
