"SHFE Member/OSP Volume, Open Interest Rankings",,,,,,,,,,,
,,,,,,,,,,,
Date: 2026-08-24,,,,,,,,,,,
"Note: FF Member/OSBP may not engage in trading of its own futures, the above volume and positions ranking data of FF Member/OSBP Clearing Members refers to he participation of all clients who are engaging in brokerage business during the statistical period. FF Member/OSBP engaging in brokerage business shall accept entrustment by its clients to conduct futures trading in its own name on behalf of the client.",,,,,,,,,,,
Member/OSP Type,Total Volume,Change from Previous Trading Day,Member/OSP Type,Total Long Position,Change from Previous Trading Day,Member/OSP Type,Total Short Position,Change from Previous Trading Day,,,
Contract Code：cuall,,,,,,,2026-08-24,,,,
Name of FF Member/OSBP,386211,49843,Name of FF Member/OSBP,553311,13891,Name of FF Member/OSBP,544067,13514,,,
Name of Non-FF Member/OSNBP,3169,501,Name of Non-FF Member/OSNBP,2392,168,Name of Non-FF Member/OSNBP,11636,545,,,
Ranking,Name of FF Member /OSBPs,Volume,Change from Previous Trading Day,Ranking,Name of FF Member /OSBPs,Long Position,Change from Previous Trading Day,Ranking,Name of FF Member /OSBPs,Short Position,Change from Previous Trading Day
Contract Code：cu2609,,,,,,,,,,2026-08-24,
1,0163(brokerage business),22403,1998,1,0004(brokerage business),17059,-1006,1,0049(brokerage business),12862,-795
2,0148(brokerage business),20015,4046,2,0148(brokerage business),13128,-3535,2,0148(brokerage business),11692,-681
3,0004(brokerage business),12399,699,3,0049(brokerage business),11277,-862,3,0004(brokerage business),6832,59
4,0049(brokerage business),9506,1802,4,0139(brokerage business),6456,1016,4,0163(brokerage business),5957,-1259
5,0272(brokerage business),4650,-1147,5,0163(brokerage business),5575,-1492,5,0272(brokerage business),4305,178
6,0308(brokerage business),4569,-129,6,0272(brokerage business),4621,-924,6,0321(brokerage business),4290,-501
7,0253(brokerage business),3473,-530,7,0025(brokerage business),4351,99,7,0009(brokerage business),4076,-1413
8,0096(brokerage business),3224,-1220,8,0103(brokerage business),3902,-1021,8,0253(brokerage business),3880,-370
9,0275(brokerage business),3125,-222,9,0077(brokerage business),3336,-19,9,0139(brokerage business),3415,-460
10,0009(brokerage business),3098,-183,10,0240(brokerage business),2845,-158,10,0169(brokerage business),3198,-192
11,0006(brokerage business),3047,1723,11,0253(brokerage business),2804,-466,11,0042(brokerage business),3191,349
12,0268(brokerage business),2684,-89,12,0009(brokerage business),2610,112,12,0315(brokerage business),3169,77
13,0034(brokerage business),2368,320,13,0321(brokerage business),2571,331,13,0003(brokerage business),2863,-827
14,0043(brokerage business),2056,-49,14,0082(brokerage business),2409,-89,14,0096(brokerage business),2828,-92
15,0240(brokerage business),2004,-202,15,0006(brokerage business),2329,1221,15,0240(brokerage business),2819,-230
16,0081(brokerage business),1999,-147,16,0003(brokerage business),2142,-68,16,0058(brokerage business),2786,-522
17,0082(brokerage business),1927,-128,17,0125(brokerage business),2053,230,17,0081(brokerage business),2538,452
18,0103(brokerage business),1911,575,18,0042(brokerage business),1897,-137,18,0082(brokerage business),2463,-319
19,0139(brokerage business),1887,1418,19,0059(brokerage business),1739,146,19,0018(brokerage business),2285,180
20,0058(brokerage business),1836,611,20,0161(brokerage business),1701,-42,20,0025(brokerage business),2125,66
Total,,108181,9146,Total,,94805,-6664,Total,,87574,-6300
Ranking,Name of FF Member /OSBPs,Volume,Change from Previous Trading Day,Ranking,Name of FF Member /OSBPs,Long Position,Change from Previous Trading Day,Ranking,Name of FF Member /OSBPs,Short Position,Change from Previous Trading Day
Contract Code：cu2610,,,,,,,,,,2026-08-24,
1,0148(brokerage business),18206,3590,1,0148(brokerage business),34041,1781,1,0148(brokerage business),16849,-143
2,0163(brokerage business),17837,219,2,0004(brokerage business),21888,3546,2,0004(brokerage business),15386,-1
3,0004(brokerage business),16265,1880,3,0272(brokerage business),9117,90,3,0049(brokerage business),13065,1766
4,0308(brokerage business),4968,-417,4,0163(brokerage business),8800,1980,4,0139(brokerage business),12658,1693
5,0253(brokerage business),3932,356,5,0103(brokerage business),8416,490,5,0163(brokerage business),9705,15
6,0049(brokerage business),3860,904,6,0268(brokerage business),5114,658,6,0009(brokerage business),9025,505
7,0096(brokerage business),3770,1255,7,0335(brokerage business),4048,-64,7,0082(brokerage business),7257,1574
8,0272(brokerage business),3509,95,8,0239(brokerage business),3981,-854,8,0272(brokerage business),4836,425
9,0034(brokerage business),3341,1157,9,0049(brokerage business),3795,48,9,0315(brokerage business),4660,0
10,0042(brokerage business),3327,1385,10,0253(brokerage business),3784,326,10,0042(brokerage business),4475,-1795
11,0082(brokerage business),3212,1728,11,0125(brokerage business),3439,352,11,0096(brokerage business),4199,146
12,0275(brokerage business),2933,-1240,12,0240(brokerage business),3402,460,12,0069(brokerage business),4045,106
13,0067(brokerage business),2592,1966,13,0096(brokerage business),2958,570,13,0321(brokerage business),3753,579
14,0006(brokerage business),2555,2196,14,0275(brokerage business),2753,135,14,0025(brokerage business),3467,519
15,0240(brokerage business),2432,219,15,0042(brokerage business),2729,244,15,0125(brokerage business),3417,109
16,0123(brokerage business),2152,559,16,0077(brokerage business),2446,43,16,0169(brokerage business),3175,62
17,0239(brokerage business),2098,195,17,0161(brokerage business),2433,386,17,0058(brokerage business),3162,922
18,0139(brokerage business),2070,1005,18,0082(brokerage business),2393,310,18,0034(brokerage business),3156,9
19,0259(brokerage business),1991,-833,19,0323(brokerage business),2323,146,19,0372(brokerage business),3107,-282
20,0103(brokerage business),1925,415,20,0274(brokerage business),2248,59,20,0081(brokerage business),2818,150
Total,,102975,16634,Total,,130108,10706,Total,,132215,6359
Ranking,Name of FF Member /OSBPs,Volume,Change from Previous Trading Day,Ranking,Name of FF Member /OSBPs,Long Position,Change from Previous Trading Day,Ranking,Name of FF Member /OSBPs,Short Position,Change from Previous Trading Day
Contract Code：cu2611,,,,,,,,,,2026-08-24,
1,0148(brokerage business),7058,3629,1,0148(brokerage business),7025,997,1,0148(brokerage business),8815,-769
2,0004(brokerage business),4612,2087,2,0004(brokerage business),4959,177,2,0004(brokerage business),7086,49
3,0163(brokerage business),4004,607,3,0239(brokerage business),4596,913,3,0372(brokerage business),3594,489
4,0067(brokerage business),3149,3109,4,0268(brokerage business),3252,-10,4,0042(brokerage business),3361,-421
5,0308(brokerage business),2539,920,5,0163(brokerage business),3248,576,5,0163(brokerage business),3293,140
6,0138(brokerage business),1730,1718,6,0049(brokerage business),2917,-30,6,0049(brokerage business),3080,434
7,0042(brokerage business),1605,1233,7,0034(brokerage business),2677,-33,7,0034(brokerage business),2714,795
8,0275(brokerage business),1287,-127,8,0272(brokerage business),2259,432,8,0253(brokerage business),2642,56
9,0259(brokerage business),1088,-481,9,0178(brokerage business),2103,38,9,0009(brokerage business),2006,201
10,0272(brokerage business),1041,4,10,0323(brokerage business),1654,64,10,0272(brokerage business),1821,-289
11,0034(brokerage business),1022,787,11,0103(brokerage business),1473,53,11,0138(brokerage business),1739,1680
12,0239(brokerage business),1019,249,12,0274(brokerage business),1448,37,12,0315(brokerage business),1592,0
13,0253(brokerage business),780,379,13,0125(brokerage business),1430,-26,13,0169(brokerage business),1429,-37
14,0019(brokerage business),748,310,14,0096(brokerage business),1381,78,14,0067(brokerage business),1348,1080
15,0244(brokerage business),736,419,15,0335(brokerage business),1374,585,15,0308(brokerage business),1214,-259
16,0049(brokerage business),646,298,16,0025(brokerage business),1256,-216,16,0321(brokerage business),1191,295
17,0372(brokerage business),634,462,17,0031(brokerage business),1110,-4,17,0069(brokerage business),1119,16
18,0335(brokerage business),589,488,18,0253(brokerage business),1076,-222,18,0240(brokerage business),846,43
19,0333(brokerage business),580,299,19,0137(brokerage business),1030,-57,19,0096(brokerage business),770,43
20,0096(brokerage business),545,193,20,0321(brokerage business),1010,8,20,0018(brokerage business),750,36
Total,,35412,16583,Total,,47278,3360,Total,,50410,3582
Ranking,Name of FF Member /OSBPs,Volume,Change from Previous Trading Day,Ranking,Name of FF Member /OSBPs,Long Position,Change from Previous Trading Day,Ranking,Name of FF Member /OSBPs,Short Position,Change from Previous Trading Day
Contract Code：cu2612,,,,,,,,,,2026-08-24,
1,0163(brokerage business),1876,-337,1,0148(brokerage business),5401,41,1,0148(brokerage business),10396,-962
2,0148(brokerage business),1655,525,2,0136(brokerage business),4005,0,2,0004(brokerage business),8707,35
3,0272(brokerage business),1193,101,3,0004(brokerage business),3352,100,3,0049(brokerage business),8633,26
4,0333(brokerage business),963,178,4,0049(brokerage business),3128,-23,4,0272(brokerage business),4432,3
5,0308(brokerage business),838,311,5,0274(brokerage business),2823,101,5,0125(brokerage business),3135,46
6,0004(brokerage business),821,-90,6,0003(brokerage business),2291,9,6,0169(brokerage business),2425,50
7,0034(brokerage business),665,133,7,0034(brokerage business),2051,0,7,0082(brokerage business),2089,-8
8,0103(brokerage business),642,542,8,0069(brokerage business),2015,-4,8,0163(brokerage business),1803,-140
9,0275(brokerage business),510,-19,9,0031(brokerage business),1992,-2,9,0034(brokerage business),1797,497
10,0259(brokerage business),456,99,10,0178(brokerage business),1937,21,10,0096(brokerage business),1776,76
11,0335(brokerage business),311,176,11,0042(brokerage business),1854,-3,11,0042(brokerage business),1562,175
12,0096(brokerage business),266,-295,12,0081(brokerage business),1851,-34,12,0025(brokerage business),1516,23
13,0042(brokerage business),256,32,13,0272(brokerage business),1691,-132,13,0372(brokerage business),1503,-20
14,0240(brokerage business),232,-130,14,0077(brokerage business),1648,13,14,0253(brokerage business),1372,3
15,0048(brokerage business),220,190,15,0025(brokerage business),1630,-11,15,0139(brokerage business),1183,1
16,0082(brokerage business),217,33,16,0338(brokerage business),1614,-5,16,0240(brokerage business),1146,-12
17,0123(brokerage business),210,-221,17,0323(brokerage business),1544,2,17,0067(brokerage business),1106,16
18,0178(brokerage business),203,124,18,0103(brokerage business),1458,354,18,0103(brokerage business),931,6
19,0007(brokerage business),191,127,19,0253(brokerage business),1317,10,19,0081(brokerage business),791,-18
20,0323(brokerage business),177,112,20,0163(brokerage business),1281,-338,20,0003(brokerage business),761,-35
Total,,11902,1591,Total,,44883,99,Total,,57064,-238
Ranking,Name of FF Member /OSBPs,Volume,Change from Previous Trading Day,Ranking,Name of FF Member /OSBPs,Long Position,Change from Previous Trading Day,Ranking,Name of FF Member /OSBPs,Short Position,Change from Previous Trading Day
Contract Code：cu2701,,,,,,,,,,2026-08-24,
1,0004(brokerage business),1156,897,1,0148(brokerage business),3148,136,1,0148(brokerage business),8591,67
2,0163(brokerage business),1004,-389,2,0049(brokerage business),2433,-10,2,0049(brokerage business),5375,-15
3,0333(brokerage business),625,307,3,0004(brokerage business),2390,805,3,0272(brokerage business),3955,88
4,0272(brokerage business),582,330,4,0136(brokerage business),2148,-46,4,0103(brokerage business),1433,5
5,0148(brokerage business),401,23,5,0034(brokerage business),1697,6,5,0004(brokerage business),1361,183
6,0096(brokerage business),350,6,6,0069(brokerage business),1675,7,6,0042(brokerage business),1011,-4
7,0103(brokerage business),327,183,7,0323(brokerage business),1294,-14,7,0372(brokerage business),945,5
8,0275(brokerage business),303,-132,8,0031(brokerage business),1236,0,8,0067(brokerage business),913,1
9,0025(brokerage business),264,264,9,0272(brokerage business),919,-122,9,0240(brokerage business),889,3
10,0308(brokerage business),223,18,10,0103(brokerage business),902,212,10,0077(brokerage business),816,7
11,0007(brokerage business),222,205,11,0177(brokerage business),858,0,11,0163(brokerage business),800,43
12,0019(brokerage business),158,144,12,0274(brokerage business),754,-31,12,0333(brokerage business),692,281
13,0081(brokerage business),129,20,13,0163(brokerage business),733,13,13,0082(brokerage business),553,0
14,0240(brokerage business),127,-97,14,0178(brokerage business),690,13,14,0009(brokerage business),452,1
15,0049(brokerage business),83,-38,15,0339(brokerage business),689,0,15,0018(brokerage business),451,-1
16,0121(brokerage business),83,23,16,0058(brokerage business),625,54,16,0069(brokerage business),277,4
17,0123(brokerage business),76,0,17,0139(brokerage business),542,1,17,0095(brokerage business),277,15
18,0276(brokerage business),72,44,18,0253(brokerage business),516,18,18,0288(brokerage business),259,1
19,0058(brokerage business),64,31,19,0338(brokerage business),506,0,19,0025(brokerage business),247,88
20,0335(brokerage business),57,48,20,0268(brokerage business),491,9,20,0169(brokerage business),211,0
Total,,6306,1887,Total,,24246,1051,Total,,29508,772
Ranking,Name of FF Member /OSBPs,Volume,Change from Previous Trading Day,Ranking,Name of FF Member /OSBPs,Long Position,Change from Previous Trading Day,Ranking,Name of FF Member /OSBPs,Short Position,Change from Previous Trading Day
Contract Code：cu2703,,,,,,,,,,2026-08-24,
1,0323(brokerage business),2006,2005,1,0323(brokerage business),2015,994,1,0148(brokerage business),8641,-2
2,0333(brokerage business),438,148,2,0148(brokerage business),1869,3,2,0004(brokerage business),2054,7
3,0272(brokerage business),389,-27,3,0069(brokerage business),1480,-9,3,0049(brokerage business),1710,-7
4,0163(brokerage business),255,-94,4,0049(brokerage business),1163,-9,4,0077(brokerage business),1298,37
5,0148(brokerage business),111,-39,5,0136(brokerage business),1127,0,5,0163(brokerage business),1123,-19
6,0004(brokerage business),89,-25,6,0272(brokerage business),1098,-100,6,0323(brokerage business),1042,1000
7,0077(brokerage business),67,-137,7,0003(brokerage business),976,-1,7,0422(brokerage business),1040,0
8,0178(brokerage business),67,58,8,0034(brokerage business),834,-12,8,0103(brokerage business),850,0
9,0259(brokerage business),66,-1,9,0333(brokerage business),797,-17,9,0333(brokerage business),419,-15
10,0186(brokerage business),61,-15,10,0338(brokerage business),782,0,10,0042(brokerage business),362,1
11,0240(brokerage business),61,-58,11,0031(brokerage business),758,0,11,0269(brokerage business),248,0
12,0081(brokerage business),52,-26,12,0268(brokerage business),628,1,12,0240(brokerage business),195,-11
13,0331(brokerage business),50,50,13,0253(brokerage business),543,1,13,0008(brokerage business),103,0
14,0003(brokerage business),36,36,14,0082(brokerage business),542,-1,14,0268(brokerage business),83,0
15,0095(brokerage business),29,17,15,0372(brokerage business),523,0,15,0096(brokerage business),79,9
16,0253(brokerage business),26,26,16,0042(brokerage business),381,-3,16,0272(brokerage business),70,-37
17,0238(brokerage business),23,-3,17,0004(brokerage business),368,24,17,0088(brokerage business),63,0
18,0034(brokerage business),19,3,18,0096(brokerage business),340,0,18,0274(brokerage business),63,0
19,0049(brokerage business),18,-82,19,0186(brokerage business),318,51,19,0313(brokerage business),62,0
20,0069(brokerage business),11,-12,20,0331(brokerage business),312,-50,20,0123(brokerage business),60,0
Total,,3874,1824,Total,,16854,872,Total,,19565,963
Ranking,Name of FF Member /OSBPs,Volume,Change from Previous Trading Day,Ranking,Name of FF Member /OSBPs,Long Position,Change from Previous Trading Day,Ranking,Name of FF Member /OSBPs,Short Position,Change from Previous Trading Day
Contract Code：bc2609,,,,,,,,,,2026-08-24,
1,8163(brokerage business),2080,-1846,1,8148(brokerage business),2810,-11,1,8148(brokerage business),2539,-78
2,8148(brokerage business),1543,-329,2,8004(brokerage business),1817,-146,2,8004(brokerage business),1450,-80
3,8253(brokerage business),1363,-103,3,8081(brokerage business),716,-54,3,8009(brokerage business),1447,2
4,8004(brokerage business),832,-289,4,8009(brokerage business),638,0,4,8081(brokerage business),949,-51
5,8308(brokerage business),444,-618,5,8323(brokerage business),619,6,5,8323(brokerage business),619,13
6,8096(brokerage business),308,-24,6,8082(brokerage business),618,6,6,8082(brokerage business),551,1
7,8272(brokerage business),301,-115,7,8048(brokerage business),411,-47,7,8048(brokerage business),403,-48
8,8081(brokerage business),273,-171,8,8184(brokerage business),391,-72,8,8096(brokerage business),372,-16
9,8082(brokerage business),221,-57,9,8103(brokerage business),373,-61,9,8240(brokerage business),315,-10
10,8048(brokerage business),197,-79,10,8163(brokerage business),289,22,10,8103(brokerage business),298,-69
11,8161(brokerage business),194,-364,11,8253(brokerage business),247,0,11,8049(brokerage business),290,-33
12,8009(brokerage business),182,-125,12,8239(brokerage business),239,7,12,8163(brokerage business),254,-88
13,8103(brokerage business),178,38,13,8001(brokerage business),123,4,13,8274(brokerage business),217,55
14,8123(brokerage business),168,-366,14,8311(brokerage business),98,22,14,8308(brokerage business),147,42
15,8184(brokerage business),142,-92,15,8272(brokerage business),87,-7,15,8025(brokerage business),100,0
16,8067(brokerage business),134,62,16,8259(brokerage business),86,11,16,8161(brokerage business),55,-29
17,8240(brokerage business),90,-58,17,8151(brokerage business),76,24,17,8067(brokerage business),44,2
18,8186(brokerage business),72,-1,18,8118(brokerage business),63,24,18,8272(brokerage business),43,2
19,8058(brokerage business),66,13,19,8019(brokerage business),55,-3,19,8253(brokerage business),42,-5
20,8274(brokerage business),65,45,20,8178(brokerage business),54,0,20,8335(brokerage business),42,16
Total,,8853,-4479,Total,,9810,-275,Total,,10177,-374
Member/OSP Type,Total Volume,Change from Previous Trading Day,Member/OSP Type,Total Long Position,Change from Previous Trading Day,Member/OSP Type,Total Short Position,Change from Previous Trading Day,,,
Contract Code：alall,,,,,,,2026-08-24,,,,
Name of FF Member/OSBP,456432,-133521,Name of FF Member/OSBP,602545,-5298,Name of FF Member/OSBP,601470,-5304,,,
Name of Non-FF Member/OSNBP,394,-67,Name of Non-FF Member/OSNBP,650,-200,Name of Non-FF Member/OSNBP,1725,-194,,,
Ranking,Name of FF Member /OSBPs,Volume,Change from Previous Trading Day,Ranking,Name of FF Member /OSBPs,Long Position,Change from Previous Trading Day,Ranking,Name of FF Member /OSBPs,Short Position,Change from Previous Trading Day
Contract Code：al2609,,,,,,,,,,2026-08-24,
1,0163(brokerage business),14324,-4022,1,0148(brokerage business),17406,-317,1,0004(brokerage business),15886,407
2,0004(brokerage business),13629,-4519,2,0004(brokerage business),14130,110,2,0148(brokerage business),10131,-2390
3,0148(brokerage business),10535,-3704,3,0139(brokerage business),7158,472,3,0272(brokerage business),5211,288
4,0253(brokerage business),7690,-1911,4,0123(brokerage business),4995,-286,4,0253(brokerage business),4809,1156
5,0275(brokerage business),4345,-3471,5,0163(brokerage business),4223,-166,5,0034(brokerage business),4716,-222
6,0272(brokerage business),2809,-1010,6,0161(brokerage business),4201,-118,6,0275(brokerage business),4581,-370
7,0081(brokerage business),2413,-729,7,0003(brokerage business),3469,-14,7,0139(brokerage business),4190,-670
8,0069(brokerage business),1514,603,8,0323(brokerage business),3468,-432,8,0268(brokerage business),3768,34
9,0139(brokerage business),1382,-177,9,0272(brokerage business),2907,-35,9,0161(brokerage business),3456,-189
10,0240(brokerage business),1262,-1337,10,0034(brokerage business),2683,-389,10,0163(brokerage business),3447,-118
11,0123(brokerage business),1243,-4781,11,0058(brokerage business),2594,35,11,0240(brokerage business),3345,-140
12,0268(brokerage business),1163,-480,12,0069(brokerage business),2284,-97,12,0049(brokerage business),3032,-47
13,0082(brokerage business),1101,-1909,13,0253(brokerage business),2225,-143,13,0103(brokerage business),3013,-37
14,0323(brokerage business),1000,-1215,14,0096(brokerage business),2144,-123,14,0123(brokerage business),2651,48
15,0259(brokerage business),941,-161,15,0103(brokerage business),1995,-118,15,0069(brokerage business),1903,-28
16,0034(brokerage business),884,-884,16,0049(brokerage business),1851,-22,16,0019(brokerage business),1662,-223
17,0059(brokerage business),672,-522,17,0077(brokerage business),1727,-56,17,0048(brokerage business),1597,-67
18,0043(brokerage business),665,-230,18,0006(brokerage business),1716,-8,18,0308(brokerage business),1567,-318
19,0137(brokerage business),612,346,19,0007(brokerage business),1659,93,19,0323(brokerage business),1488,-34
20,0308(brokerage business),574,200,20,0125(brokerage business),1616,-14,20,0319(brokerage business),1430,0
Total,,68758,-29913,Total,,84451,-1628,Total,,81883,-2920
Ranking,Name of FF Member /OSBPs,Volume,Change from Previous Trading Day,Ranking,Name of FF Member /OSBPs,Long Position,Change from Previous Trading Day,Ranking,Name of FF Member /OSBPs,Short Position,Change from Previous Trading Day
Contract Code：al2610,,,,,,,,,,2026-08-24,
1,0148(brokerage business),39017,-3142,1,0148(brokerage business),31070,-2790,1,0004(brokerage business),40625,-1177
2,0163(brokerage business),38535,-11274,2,0004(brokerage business),27105,958,2,0148(brokerage business),36899,1717
3,0004(brokerage business),37321,-13334,3,0163(brokerage business),17413,-857,3,0123(brokerage business),15274,269
4,0253(brokerage business),19071,-3049,4,0034(brokerage business),9766,654,4,0163(brokerage business),12346,-2348
5,0275(brokerage business),14604,-4083,5,0268(brokerage business),8903,-130,5,0103(brokerage business),8984,8
6,0081(brokerage business),7864,-2855,6,0272(brokerage business),8833,-432,6,0058(brokerage business),8405,42
7,0240(brokerage business),7113,-166,7,0103(brokerage business),7746,614,7,0272(brokerage business),8333,173
8,0259(brokerage business),5851,1370,8,0335(brokerage business),6776,1178,8,0253(brokerage business),7491,-189
9,0272(brokerage business),4885,-1058,9,0253(brokerage business),6494,-194,9,0323(brokerage business),6916,-86
10,0103(brokerage business),4642,748,10,0069(brokerage business),6251,713,10,0240(brokerage business),6839,-79
11,0096(brokerage business),4298,-704,11,0275(brokerage business),6207,-99,11,0239(brokerage business),6264,-781
12,0034(brokerage business),4151,-241,12,0323(brokerage business),5891,57,12,0139(brokerage business),4796,544
13,0308(brokerage business),4150,1549,13,0239(brokerage business),5374,-2038,13,0275(brokerage business),4613,157
14,0161(brokerage business),3696,570,14,0042(brokerage business),5119,205,14,0161(brokerage business),4000,-49
15,0239(brokerage business),3453,-91,15,0049(brokerage business),4711,129,15,0048(brokerage business),3940,-1
16,0268(brokerage business),3381,-471,16,0096(brokerage business),4351,402,16,0008(brokerage business),3897,-31
17,0059(brokerage business),3349,-903,17,0018(brokerage business),3841,275,17,0372(brokerage business),3498,-125
18,0069(brokerage business),3120,-327,18,0184(brokerage business),3729,-35,18,0096(brokerage business),3398,-528
19,0323(brokerage business),3117,-3652,19,0077(brokerage business),3728,44,19,0095(brokerage business),3351,-2
20,0049(brokerage business),2832,-743,20,0240(brokerage business),3711,-354,20,0034(brokerage business),3331,-19
Total,,214450,-41856,Total,,177019,-1700,Total,,193200,-2505
Ranking,Name of FF Member /OSBPs,Volume,Change from Previous Trading Day,Ranking,Name of FF Member /OSBPs,Long Position,Change from Previous Trading Day,Ranking,Name of FF Member /OSBPs,Short Position,Change from Previous Trading Day
Contract Code：al2611,,,,,,,,,,2026-08-24,
1,0148(brokerage business),14445,118,1,0148(brokerage business),13255,696,1,0004(brokerage business),17579,514
2,0163(brokerage business),10020,-739,2,0004(brokerage business),10572,89,2,0123(brokerage business),11060,199
3,0004(brokerage business),5041,-2126,3,0268(brokerage business),7249,-42,3,0148(brokerage business),9563,-85
4,0275(brokerage business),3947,-269,4,0239(brokerage business),4947,273,4,0139(brokerage business),5572,-9
5,0253(brokerage business),3071,-1644,5,0034(brokerage business),4738,6,5,0103(brokerage business),5282,43
6,0081(brokerage business),1175,194,6,0163(brokerage business),4439,385,6,0058(brokerage business),5128,237
7,0323(brokerage business),1148,-684,7,0272(brokerage business),4195,-33,7,0002(brokerage business),3150,335
8,0259(brokerage business),1112,345,8,0335(brokerage business),3711,119,8,0163(brokerage business),2871,-187
9,0240(brokerage business),1006,-15,9,0323(brokerage business),3423,-62,9,0308(brokerage business),2858,4
10,0137(brokerage business),985,590,10,0069(brokerage business),3127,21,10,0048(brokerage business),2405,5
11,0308(brokerage business),890,-264,11,0077(brokerage business),2692,4,11,0272(brokerage business),2233,197
12,0042(brokerage business),665,157,12,0049(brokerage business),2473,-1,12,0096(brokerage business),2155,114
13,0103(brokerage business),643,-1351,13,0253(brokerage business),1922,-74,13,0311(brokerage business),1891,11
14,0272(brokerage business),638,-123,14,0123(brokerage business),1825,-1,14,0268(brokerage business),1823,18
15,0239(brokerage business),599,82,15,0153(brokerage business),1792,96,15,0003(brokerage business),1530,11
16,0274(brokerage business),592,65,16,0008(brokerage business),1122,77,16,0008(brokerage business),1486,333
17,0009(brokerage business),558,413,17,0372(brokerage business),1098,11,17,0323(brokerage business),1444,108
18,0059(brokerage business),539,-447,18,0275(brokerage business),1066,11,18,0253(brokerage business),1364,9
19,0058(brokerage business),537,-173,19,0139(brokerage business),1034,56,19,0261(brokerage business),1105,99
20,0018(brokerage business),490,232,20,0042(brokerage business),1028,56,20,0275(brokerage business),1092,24
Total,,48101,-5639,Total,,75708,1687,Total,,81591,1980
Ranking,Name of FF Member /OSBPs,Volume,Change from Previous Trading Day,Ranking,Name of FF Member /OSBPs,Long Position,Change from Previous Trading Day,Ranking,Name of FF Member /OSBPs,Short Position,Change from Previous Trading Day
Contract Code：al2612,,,,,,,,,,2026-08-24,
1,0163(brokerage business),2884,-687,1,0148(brokerage business),8529,-24,1,0148(brokerage business),9578,102
2,0148(brokerage business),1666,-1611,2,0004(brokerage business),6448,-203,2,0004(brokerage business),7556,-28
3,0004(brokerage business),1641,255,3,0272(brokerage business),4694,24,3,0123(brokerage business),6127,5
4,0139(brokerage business),1319,1239,4,0034(brokerage business),3387,25,4,0103(brokerage business),3890,-8
5,0308(brokerage business),897,-249,5,0268(brokerage business),2459,3,5,0139(brokerage business),3871,-1300
6,0323(brokerage business),790,-392,6,0323(brokerage business),2440,83,6,0239(brokerage business),3392,72
7,0253(brokerage business),676,-457,7,0096(brokerage business),2299,5,7,0042(brokerage business),3263,7
8,0081(brokerage business),578,-242,8,0315(brokerage business),1827,-2,8,0268(brokerage business),2045,53
9,0240(brokerage business),424,-27,9,0069(brokerage business),1755,-85,9,0272(brokerage business),1919,38
10,0275(brokerage business),366,-132,10,0103(brokerage business),1550,-3,10,0082(brokerage business),1344,3
11,0274(brokerage business),365,9,11,0123(brokerage business),1475,-1,11,0058(brokerage business),1228,1
12,0018(brokerage business),361,-273,12,0007(brokerage business),1449,37,12,0151(brokerage business),1211,0
13,0268(brokerage business),350,177,13,0042(brokerage business),1407,-1,13,0275(brokerage business),1133,19
14,0137(brokerage business),338,100,14,0274(brokerage business),1316,-165,14,0323(brokerage business),986,211
15,0272(brokerage business),218,-113,15,0321(brokerage business),1095,7,15,0240(brokerage business),868,55
16,0103(brokerage business),213,71,16,0240(brokerage business),968,-77,16,0163(brokerage business),787,-123
17,0069(brokerage business),161,-310,17,0003(brokerage business),934,1,17,0125(brokerage business),757,0
18,0259(brokerage business),129,44,18,0139(brokerage business),853,-1,18,0048(brokerage business),670,0
19,0082(brokerage business),117,-57,19,0254(brokerage business),839,0,19,0261(brokerage business),617,0
20,0034(brokerage business),115,-127,20,0049(brokerage business),780,0,20,0253(brokerage business),575,68
Total,,13608,-2782,Total,,46504,-377,Total,,51817,-825
Ranking,Name of FF Member /OSBPs,Volume,Change from Previous Trading Day,Ranking,Name of FF Member /OSBPs,Long Position,Change from Previous Trading Day,Ranking,Name of FF Member /OSBPs,Short Position,Change from Previous Trading Day
Contract Code：al2701,,,,,,,,,,2026-08-24,
1,0148(brokerage business),1676,-992,1,0034(brokerage business),5165,-5,1,0148(brokerage business),8255,-637
2,0163(brokerage business),1537,-648,2,0148(brokerage business),4104,43,2,0004(brokerage business),3934,-284
3,0081(brokerage business),783,107,3,0004(brokerage business),2760,43,3,0042(brokerage business),1999,-39
4,0253(brokerage business),739,-356,4,0049(brokerage business),2642,0,4,0249(brokerage business),1522,0
5,0275(brokerage business),620,223,5,0069(brokerage business),2209,100,5,0277(brokerage business),1439,400
6,0308(brokerage business),528,-168,6,0323(brokerage business),2207,-161,6,0103(brokerage business),1396,15
7,0004(brokerage business),509,-73,7,0268(brokerage business),1899,2,7,0275(brokerage business),1324,358
8,0277(brokerage business),413,-306,8,0272(brokerage business),1481,3,8,0274(brokerage business),935,-151
9,0323(brokerage business),398,-844,9,0163(brokerage business),940,-240,9,0253(brokerage business),931,1
10,0274(brokerage business),363,33,10,0042(brokerage business),771,5,10,0029(brokerage business),906,0
11,0137(brokerage business),326,232,11,0007(brokerage business),713,-16,11,0153(brokerage business),803,2
12,0069(brokerage business),314,-520,12,0139(brokerage business),652,22,12,0268(brokerage business),769,35
13,0240(brokerage business),303,-229,13,0240(brokerage business),650,65,13,0139(brokerage business),710,-2
14,0018(brokerage business),251,28,14,0169(brokerage business),629,0,14,0163(brokerage business),680,13
15,0077(brokerage business),241,217,15,0253(brokerage business),628,-56,15,0240(brokerage business),580,18
16,0103(brokerage business),239,124,16,0081(brokerage business),612,225,16,0077(brokerage business),560,233
17,0123(brokerage business),223,-195,17,0137(brokerage business),585,63,17,0311(brokerage business),530,0
18,0049(brokerage business),222,34,18,0254(brokerage business),583,1,18,0272(brokerage business),488,-2
19,0272(brokerage business),171,-99,19,0082(brokerage business),493,8,19,0069(brokerage business),473,-160
20,0125(brokerage business),127,127,20,0123(brokerage business),475,-50,20,0001(brokerage business),456,14
Total,,9983,-3305,Total,,30198,52,Total,,28690,-186
Member/OSP Type,Total Volume,Change from Previous Trading Day,Member/OSP Type,Total Long Position,Change from Previous Trading Day,Member/OSP Type,Total Short Position,Change from Previous Trading Day,,,
Contract Code：znall,,,,,,,2026-08-24,,,,
Name of FF Member/OSBP,447758,-44508,Name of FF Member/OSBP,262650,9419,Name of FF Member/OSBP,262650,9419,,,
Name of Non-FF Member/OSNBP,0,0,Name of Non-FF Member/OSNBP,0,0,Name of Non-FF Member/OSNBP,0,0,,,
Ranking,Name of FF Member /OSBPs,Volume,Change from Previous Trading Day,Ranking,Name of FF Member /OSBPs,Long Position,Change from Previous Trading Day,Ranking,Name of FF Member /OSBPs,Short Position,Change from Previous Trading Day
Contract Code：zn2609,,,,,,,,,,2026-08-24,
1,0163(brokerage business),14964,-614,1,0163(brokerage business),5633,-621,1,0139(brokerage business),3962,-193
2,0148(brokerage business),13176,-1227,2,0148(brokerage business),4237,-1267,2,0004(brokerage business),3416,-66
3,0004(brokerage business),7949,675,3,0272(brokerage business),4192,-196,3,0148(brokerage business),3081,-221
4,0275(brokerage business),7341,-1764,4,0004(brokerage business),4154,-246,4,0272(brokerage business),2502,-36
5,0253(brokerage business),4765,-1546,5,0139(brokerage business),3101,-39,5,0253(brokerage business),1753,-141
6,0081(brokerage business),3003,339,6,0123(brokerage business),2644,784,6,0058(brokerage business),1666,-296
7,0123(brokerage business),1770,296,7,0003(brokerage business),1854,-892,7,0052(brokerage business),1663,-190
8,0069(brokerage business),1557,523,8,0240(brokerage business),1697,-100,8,0049(brokerage business),1605,-304
9,0240(brokerage business),1163,73,9,0049(brokerage business),1638,6,9,0315(brokerage business),1579,-126
10,0003(brokerage business),1057,920,10,0177(brokerage business),1124,-160,10,0163(brokerage business),1546,-118
11,0059(brokerage business),1049,-314,11,0069(brokerage business),896,19,11,0042(brokerage business),1451,166
12,0139(brokerage business),900,-504,12,0019(brokerage business),861,-81,12,0059(brokerage business),1243,11
13,0272(brokerage business),865,-18,13,0333(brokerage business),781,146,13,0161(brokerage business),1197,95
14,0274(brokerage business),651,-25,14,0253(brokerage business),687,-211,14,0125(brokerage business),1167,-59
15,0082(brokerage business),650,-185,15,0059(brokerage business),666,-39,15,0034(brokerage business),1149,-235
16,0096(brokerage business),643,352,16,0096(brokerage business),652,-90,16,0082(brokerage business),1142,53
17,0058(brokerage business),606,-39,17,0275(brokerage business),640,213,17,0025(brokerage business),1083,-7
18,0259(brokerage business),577,139,18,0058(brokerage business),606,-16,18,0096(brokerage business),1036,-317
19,0034(brokerage business),481,271,19,0239(brokerage business),600,0,19,0268(brokerage business),1029,-70
20,0049(brokerage business),462,134,20,0137(brokerage business),589,135,20,0277(brokerage business),957,-117
Total,,63629,-2514,Total,,37252,-2655,Total,,34227,-2171
Ranking,Name of FF Member /OSBPs,Volume,Change from Previous Trading Day,Ranking,Name of FF Member /OSBPs,Long Position,Change from Previous Trading Day,Ranking,Name of FF Member /OSBPs,Short Position,Change from Previous Trading Day
Contract Code：zn2610,,,,,,,,,,2026-08-24,
1,0148(brokerage business),41272,-1118,1,0148(brokerage business),23632,-1713,1,0148(brokerage business),13633,1133
2,0163(brokerage business),33289,-8053,2,0004(brokerage business),14393,1865,2,0004(brokerage business),8874,-231
3,0275(brokerage business),29789,-7398,3,0163(brokerage business),9522,-30,3,0272(brokerage business),7827,231
4,0004(brokerage business),28052,-6841,4,0239(brokerage business),8953,-1553,4,0163(brokerage business),6666,-73
5,0253(brokerage business),21020,-4624,5,0272(brokerage business),7317,111,5,0139(brokerage business),6351,-782
6,0259(brokerage business),9524,2785,6,0123(brokerage business),5603,-67,6,0069(brokerage business),5774,627
7,0081(brokerage business),8392,522,7,0335(brokerage business),4057,366,7,0003(brokerage business),5677,191
8,0096(brokerage business),7521,553,8,0253(brokerage business),3930,108,8,0058(brokerage business),4374,421
9,0272(brokerage business),6490,-4319,9,0184(brokerage business),3500,1138,9,0049(brokerage business),3841,286
10,0059(brokerage business),4078,825,10,0240(brokerage business),3095,335,10,0315(brokerage business),3835,190
11,0308(brokerage business),3931,-207,11,0103(brokerage business),3012,595,11,0059(brokerage business),3693,-492
12,0103(brokerage business),3895,137,12,0308(brokerage business),2918,-199,12,0042(brokerage business),3091,191
13,0161(brokerage business),3739,-1059,13,0268(brokerage business),2585,-86,13,0253(brokerage business),2855,216
14,0239(brokerage business),3562,-1475,14,0274(brokerage business),2322,186,14,0103(brokerage business),2780,140
15,0069(brokerage business),3541,282,15,0084(brokerage business),2097,0,15,0082(brokerage business),2561,-364
16,0034(brokerage business),3479,93,16,0018(brokerage business),2074,8,16,0161(brokerage business),2548,434
17,0240(brokerage business),3054,400,17,0003(brokerage business),2040,916,17,0025(brokerage business),2514,-12
18,0123(brokerage business),3039,-4166,18,0137(brokerage business),1953,250,18,0240(brokerage business),2380,-31
19,0058(brokerage business),2563,799,19,0034(brokerage business),1718,575,19,0275(brokerage business),2252,-294
20,0335(brokerage business),2545,-1380,20,0096(brokerage business),1679,238,20,0123(brokerage business),2246,914
Total,,222775,-34244,Total,,106400,3043,Total,,93772,2695
Ranking,Name of FF Member /OSBPs,Volume,Change from Previous Trading Day,Ranking,Name of FF Member /OSBPs,Long Position,Change from Previous Trading Day,Ranking,Name of FF Member /OSBPs,Short Position,Change from Previous Trading Day
Contract Code：zn2611,,,,,,,,,,2026-08-24,
1,0148(brokerage business),13736,35,1,0239(brokerage business),13444,1219,1,0058(brokerage business),3210,148
2,0163(brokerage business),8505,-198,2,0004(brokerage business),6315,-202,2,0139(brokerage business),3204,845
3,0004(brokerage business),6942,1632,3,0148(brokerage business),6262,1828,3,0321(brokerage business),2497,27
4,0253(brokerage business),4674,-313,4,0335(brokerage business),2843,567,4,0148(brokerage business),2364,316
5,0081(brokerage business),4201,769,5,0253(brokerage business),2817,313,5,0025(brokerage business),2286,22
6,0275(brokerage business),2536,-816,6,0163(brokerage business),2008,274,6,0003(brokerage business),2112,234
7,0259(brokerage business),1962,849,7,0268(brokerage business),2008,19,7,0059(brokerage business),2110,762
8,0308(brokerage business),1643,320,8,0123(brokerage business),1736,-25,8,0077(brokerage business),1742,217
9,0239(brokerage business),1323,-173,9,0274(brokerage business),1034,4,9,0272(brokerage business),1666,11
10,0059(brokerage business),1030,-59,10,0077(brokerage business),974,228,10,0009(brokerage business),1545,65
11,0274(brokerage business),938,-156,11,0081(brokerage business),868,-115,11,0253(brokerage business),1432,261
12,0069(brokerage business),927,-650,12,0240(brokerage business),749,33,12,0308(brokerage business),1411,83
13,0139(brokerage business),883,199,13,0103(brokerage business),576,73,13,0123(brokerage business),1244,4
14,0333(brokerage business),800,45,14,0042(brokerage business),423,131,14,0096(brokerage business),1083,26
15,0272(brokerage business),723,-287,15,0323(brokerage business),412,-13,15,0275(brokerage business),992,671
16,0240(brokerage business),707,46,16,0272(brokerage business),351,36,16,0004(brokerage business),944,178
17,0077(brokerage business),665,420,17,0034(brokerage business),345,-22,17,0268(brokerage business),923,261
18,0335(brokerage business),631,-1493,18,0116(brokerage business),336,-7,18,0034(brokerage business),801,52
19,0049(brokerage business),630,441,19,0043(brokerage business),265,50,19,0049(brokerage business),770,331
20,0058(brokerage business),523,-219,20,0178(brokerage business),207,1,20,0163(brokerage business),726,141
Total,,53979,392,Total,,43973,4392,Total,,33062,4655
Ranking,Name of FF Member /OSBPs,Volume,Change from Previous Trading Day,Ranking,Name of FF Member /OSBPs,Long Position,Change from Previous Trading Day,Ranking,Name of FF Member /OSBPs,Short Position,Change from Previous Trading Day
Contract Code：zn2612,,,,,,,,,,2026-08-24,
1,0163(brokerage business),3718,-195,1,0239(brokerage business),3401,1085,1,0321(brokerage business),5427,199
2,0148(brokerage business),1439,-91,2,0004(brokerage business),2268,71,2,0148(brokerage business),1022,120
3,0004(brokerage business),1206,565,3,0163(brokerage business),1267,-75,3,0004(brokerage business),859,519
4,0239(brokerage business),1119,-1199,4,0077(brokerage business),1007,12,4,0272(brokerage business),843,24
5,0253(brokerage business),1007,96,5,0139(brokerage business),927,876,5,0169(brokerage business),785,28
6,0308(brokerage business),927,241,6,0058(brokerage business),761,56,6,0123(brokerage business),602,49
7,0139(brokerage business),895,877,7,0059(brokerage business),732,9,7,0025(brokerage business),582,63
8,0081(brokerage business),871,-302,8,0268(brokerage business),615,34,8,0058(brokerage business),535,0
9,0259(brokerage business),783,51,9,0148(brokerage business),493,43,9,0335(brokerage business),403,0
10,0275(brokerage business),701,-63,10,0308(brokerage business),471,-48,10,0157(brokerage business),347,311
11,0069(brokerage business),571,-185,11,0272(brokerage business),447,155,11,0137(brokerage business),346,8
12,0271(brokerage business),465,246,12,0311(brokerage business),420,22,12,0034(brokerage business),341,42
13,0123(brokerage business),455,50,13,0086(brokerage business),409,10,13,0018(brokerage business),338,32
14,0274(brokerage business),444,-397,14,0151(brokerage business),358,6,14,0069(brokerage business),317,9
15,0157(brokerage business),425,257,15,0123(brokerage business),337,-48,15,0333(brokerage business),275,12
16,0019(brokerage business),411,172,16,0137(brokerage business),247,-6,16,0268(brokerage business),216,33
17,0333(brokerage business),396,-281,17,0323(brokerage business),227,6,17,0239(brokerage business),202,34
18,0272(brokerage business),253,-56,18,0295(brokerage business),210,5,18,0042(brokerage business),198,17
19,0103(brokerage business),222,76,19,0298(brokerage business),191,-6,19,0163(brokerage business),182,55
20,0240(brokerage business),220,14,20,0034(brokerage business),189,13,20,0067(brokerage business),181,178
Total,,16528,-124,Total,,14977,2220,Total,,14001,1733
Member/OSP Type,Total Volume,Change from Previous Trading Day,Member/OSP Type,Total Long Position,Change from Previous Trading Day,Member/OSP Type,Total Short Position,Change from Previous Trading Day,,,
Contract Code：pball,,,,,,,2026-08-24,,,,
Name of FF Member/OSBP,197008,-53070,Name of FF Member/OSBP,118152,2343,Name of FF Member/OSBP,118152,2343,,,
Name of Non-FF Member/OSNBP,0,0,Name of Non-FF Member/OSNBP,0,0,Name of Non-FF Member/OSNBP,0,0,,,
Ranking,Name of FF Member /OSBPs,Volume,Change from Previous Trading Day,Ranking,Name of FF Member /OSBPs,Long Position,Change from Previous Trading Day,Ranking,Name of FF Member /OSBPs,Short Position,Change from Previous Trading Day
Contract Code：pb2609,,,,,,,,,,2026-08-24,
1,0148(brokerage business),4342,-3657,1,0288(brokerage business),1320,-393,1,0006(brokerage business),2486,-458
2,0253(brokerage business),3769,-4390,2,0049(brokerage business),1298,-654,2,0148(brokerage business),1924,-197
3,0163(brokerage business),3303,-2095,3,0274(brokerage business),1176,-113,3,0163(brokerage business),1344,-74
4,0004(brokerage business),3285,-2514,4,0103(brokerage business),1174,-101,4,0153(brokerage business),1289,49
5,0081(brokerage business),2127,-1146,5,0004(brokerage business),1011,-107,5,0049(brokerage business),814,75
6,0049(brokerage business),849,-62,6,0148(brokerage business),922,-179,6,0320(brokerage business),732,-74
7,0272(brokerage business),808,-1045,7,0139(brokerage business),856,424,7,0007(brokerage business),602,-140
8,0271(brokerage business),719,532,8,0308(brokerage business),720,-171,8,0069(brokerage business),592,372
9,0139(brokerage business),702,622,9,0272(brokerage business),643,-627,9,0274(brokerage business),585,-76
10,0069(brokerage business),625,-498,10,0161(brokerage business),635,260,10,0308(brokerage business),527,-106
11,0103(brokerage business),570,-700,11,0096(brokerage business),590,-80,11,0004(brokerage business),423,-40
12,0275(brokerage business),557,-727,12,0059(brokerage business),341,8,12,0029(brokerage business),374,-3
13,0006(brokerage business),547,75,13,0058(brokerage business),334,0,13,0253(brokerage business),372,4
14,0308(brokerage business),509,-534,14,0275(brokerage business),306,-125,14,0081(brokerage business),282,-278
15,0274(brokerage business),497,-185,15,0163(brokerage business),278,-11,15,0275(brokerage business),282,-12
16,0323(brokerage business),469,205,16,0253(brokerage business),263,-13,16,0272(brokerage business),258,-15
17,0288(brokerage business),460,195,17,0034(brokerage business),244,-26,17,0315(brokerage business),242,8
18,0240(brokerage business),429,-613,18,0077(brokerage business),238,2,18,0139(brokerage business),157,0
19,0161(brokerage business),359,134,19,0137(brokerage business),238,1,19,0335(brokerage business),145,-151
20,0153(brokerage business),333,-141,20,0069(brokerage business),204,61,20,0268(brokerage business),142,-94
Total,,25259,-16544,Total,,12791,-1844,Total,,13572,-1210
Ranking,Name of FF Member /OSBPs,Volume,Change from Previous Trading Day,Ranking,Name of FF Member /OSBPs,Long Position,Change from Previous Trading Day,Ranking,Name of FF Member /OSBPs,Short Position,Change from Previous Trading Day
Contract Code：pb2610,,,,,,,,,,2026-08-24,
1,0148(brokerage business),18852,-3125,1,0148(brokerage business),8889,662,1,0163(brokerage business),7062,688
2,0163(brokerage business),17898,-2591,2,0288(brokerage business),6347,524,2,0148(brokerage business),6974,-1010
3,0004(brokerage business),17303,-4060,3,0163(brokerage business),5523,34,3,0004(brokerage business),6415,596
4,0253(brokerage business),12441,-3640,4,0272(brokerage business),4882,-630,4,0239(brokerage business),5228,-933
5,0275(brokerage business),10784,-1837,5,0004(brokerage business),4799,-297,5,0103(brokerage business),4448,-148
6,0123(brokerage business),6968,-6693,6,0049(brokerage business),4302,-178,6,0123(brokerage business),3114,-488
7,0272(brokerage business),6283,-2081,7,0308(brokerage business),3784,-387,7,0272(brokerage business),2619,-255
8,0259(brokerage business),4494,1763,8,0275(brokerage business),2609,179,8,0308(brokerage business),2596,205
9,0081(brokerage business),4169,-786,9,0103(brokerage business),2562,-144,9,0253(brokerage business),2401,-19
10,0335(brokerage business),2684,616,10,0123(brokerage business),2358,2,10,0081(brokerage business),2149,610
11,0239(brokerage business),2208,166,11,0034(brokerage business),1951,1256,11,0084(brokerage business),2087,0
12,0006(brokerage business),2195,1852,12,0069(brokerage business),1944,61,12,0335(brokerage business),1775,-1005
13,0034(brokerage business),1971,424,13,0253(brokerage business),1594,-250,13,0042(brokerage business),1682,-335
14,0240(brokerage business),1846,-672,14,0081(brokerage business),1462,-121,14,0006(brokerage business),1579,1126
15,0308(brokerage business),1420,-547,15,0335(brokerage business),1391,889,15,0315(brokerage business),1577,109
16,0043(brokerage business),1220,-614,16,0139(brokerage business),1168,408,16,0049(brokerage business),1300,35
17,0389(brokerage business),1157,-368,17,0077(brokerage business),971,-189,17,0268(brokerage business),1230,-35
18,0288(brokerage business),1102,73,18,0184(brokerage business),929,-102,18,0009(brokerage business),1147,57
19,0184(brokerage business),1006,775,19,0339(brokerage business),878,39,19,0184(brokerage business),1140,740
20,0103(brokerage business),954,-462,20,0082(brokerage business),870,6,20,0153(brokerage business),1057,55
Total,,116955,-21807,Total,,59213,1762,Total,,57580,-7
Ranking,Name of FF Member /OSBPs,Volume,Change from Previous Trading Day,Ranking,Name of FF Member /OSBPs,Long Position,Change from Previous Trading Day,Ranking,Name of FF Member /OSBPs,Short Position,Change from Previous Trading Day
Contract Code：pb2611,,,,,,,,,,2026-08-24,
1,0148(brokerage business),3455,1030,1,0272(brokerage business),5058,1336,1,0148(brokerage business),3865,2176
2,0253(brokerage business),3102,96,2,0004(brokerage business),3377,660,2,0082(brokerage business),2131,-7
3,0163(brokerage business),2400,-332,3,0148(brokerage business),2287,195,3,0004(brokerage business),2127,114
4,0004(brokerage business),2202,217,4,0268(brokerage business),2176,102,4,0049(brokerage business),1954,83
5,0272(brokerage business),1447,489,5,0069(brokerage business),1593,179,5,0239(brokerage business),1904,509
6,0271(brokerage business),798,-15,6,0163(brokerage business),1207,132,6,0103(brokerage business),1421,451
7,0139(brokerage business),683,619,7,0339(brokerage business),1155,0,7,0137(brokerage business),1077,127
8,0308(brokerage business),622,-167,8,0034(brokerage business),952,153,8,0139(brokerage business),1065,682
9,0123(brokerage business),598,-135,9,0077(brokerage business),702,9,9,0081(brokerage business),1009,-2
10,0239(brokerage business),556,-10,10,0253(brokerage business),510,311,10,0123(brokerage business),944,478
11,0081(brokerage business),508,-33,11,0274(brokerage business),439,199,11,0272(brokerage business),613,41
12,0103(brokerage business),474,149,12,0308(brokerage business),382,141,12,0177(brokerage business),600,0
13,0274(brokerage business),469,-51,13,0007(brokerage business),181,83,13,0163(brokerage business),531,-90
14,0335(brokerage business),386,269,14,0323(brokerage business),181,80,14,0042(brokerage business),518,165
15,0034(brokerage business),301,-30,15,0335(brokerage business),181,149,15,0335(brokerage business),477,153
16,0006(brokerage business),294,279,16,0239(brokerage business),172,-33,16,0096(brokerage business),277,-9
17,0153(brokerage business),274,230,17,0295(brokerage business),170,2,17,0184(brokerage business),194,-7
18,0069(brokerage business),262,-983,18,0178(brokerage business),153,2,18,0161(brokerage business),139,-46
19,0151(brokerage business),257,190,19,0153(brokerage business),147,119,19,0007(brokerage business),132,130
20,0096(brokerage business),252,-228,20,0096(brokerage business),120,99,20,0315(brokerage business),115,10
Total,,19340,1584,Total,,21143,3918,Total,,21093,4958
Member/OSP Type,Total Volume,Change from Previous Trading Day,Member/OSP Type,Total Long Position,Change from Previous Trading Day,Member/OSP Type,Total Short Position,Change from Previous Trading Day,,,
Contract Code：niall,,,,,,,2026-08-24,,,,
Name of FF Member/OSBP,738876,234633,Name of FF Member/OSBP,311938,-1693,Name of FF Member/OSBP,308301,-2131,,,
Name of Non-FF Member/OSNBP,438,179,Name of Non-FF Member/OSNBP,0,0,Name of Non-FF Member/OSNBP,3637,438,,,
Ranking,Name of FF Member /OSBPs,Volume,Change from Previous Trading Day,Ranking,Name of FF Member /OSBPs,Long Position,Change from Previous Trading Day,Ranking,Name of FF Member /OSBPs,Short Position,Change from Previous Trading Day
Contract Code：ni2609,,,,,,,,,,2026-08-24,
1,0148(brokerage business),39883,8810,1,0004(brokerage business),7880,-2627,1,0004(brokerage business),18227,-1221
2,0004(brokerage business),36463,8818,2,0148(brokerage business),5418,-853,2,0148(brokerage business),6944,-3092
3,0163(brokerage business),32418,5992,3,0163(brokerage business),3483,-208,3,0253(brokerage business),4338,-951
4,0253(brokerage business),16856,6827,4,0103(brokerage business),2866,-678,4,0009(brokerage business),3636,-757
5,0081(brokerage business),12928,3522,5,0082(brokerage business),2314,-528,5,0059(brokerage business),2676,-794
6,0123(brokerage business),11679,2677,6,0081(brokerage business),2145,-40,6,0240(brokerage business),2297,-360
7,0275(brokerage business),11618,2354,7,0275(brokerage business),2090,183,7,0163(brokerage business),1990,-408
8,0240(brokerage business),10980,2564,8,0272(brokerage business),2031,29,8,0169(brokerage business),1820,-138
9,0259(brokerage business),6574,4623,9,0096(brokerage business),1966,-1506,9,0082(brokerage business),1679,-1698
10,0059(brokerage business),6218,2793,10,0042(brokerage business),1854,-231,10,0320(brokerage business),1664,-81
11,0272(brokerage business),5349,299,11,0311(brokerage business),1854,511,11,0034(brokerage business),1662,3
12,0268(brokerage business),5060,704,12,0316(brokerage business),1839,-7,12,0052(brokerage business),1602,-23
13,0034(brokerage business),4556,1206,13,0240(brokerage business),1751,-1260,13,0272(brokerage business),1558,-896
14,0186(brokerage business),4520,618,14,0034(brokerage business),1716,-163,14,0275(brokerage business),1433,-77
15,0069(brokerage business),4336,-516,15,0253(brokerage business),1466,-945,15,0069(brokerage business),1430,-57
16,0308(brokerage business),4320,-52,16,0161(brokerage business),1373,-305,16,0139(brokerage business),1288,-245
17,0298(brokerage business),4194,644,17,0274(brokerage business),1251,714,17,0123(brokerage business),1068,27
18,0009(brokerage business),3980,1090,18,0049(brokerage business),1228,-204,18,0137(brokerage business),954,-134
19,0161(brokerage business),3831,905,19,0125(brokerage business),1155,-91,19,0244(brokerage business),940,-72
20,0274(brokerage business),3663,2143,20,0069(brokerage business),1068,-85,20,0308(brokerage business),869,-230
Total,,229426,56021,Total,,46748,-8294,Total,,58075,-11204
Ranking,Name of FF Member /OSBPs,Volume,Change from Previous Trading Day,Ranking,Name of FF Member /OSBPs,Long Position,Change from Previous Trading Day,Ranking,Name of FF Member /OSBPs,Short Position,Change from Previous Trading Day
Contract Code：ni2610,,,,,,,,,,2026-08-24,
1,0148(brokerage business),44770,16335,1,0103(brokerage business),11549,-2359,1,0004(brokerage business),21056,1749
2,0163(brokerage business),28087,13358,2,0148(brokerage business),7631,-1081,2,0148(brokerage business),11459,1833
3,0004(brokerage business),27486,12021,3,0096(brokerage business),6961,-800,3,0082(brokerage business),10025,411
4,0253(brokerage business),15713,6782,4,0082(brokerage business),6649,623,4,0184(brokerage business),6394,-1231
5,0123(brokerage business),13001,1604,5,0004(brokerage business),6289,25,5,0042(brokerage business),4648,-401
6,0275(brokerage business),12191,785,6,0253(brokerage business),5565,1209,6,0239(brokerage business),4159,-2319
7,0272(brokerage business),8907,2588,7,0163(brokerage business),4957,448,7,0240(brokerage business),3771,94
8,0059(brokerage business),8319,3167,8,0003(brokerage business),3956,453,8,0272(brokerage business),3464,-43
9,0240(brokerage business),8315,3218,9,0077(brokerage business),3844,-167,9,0103(brokerage business),3323,335
10,0308(brokerage business),7755,4316,10,0081(brokerage business),2960,-239,10,0163(brokerage business),3272,271
11,0081(brokerage business),6929,2570,11,0308(brokerage business),2599,1897,11,0123(brokerage business),3009,391
12,0034(brokerage business),5439,-1401,12,0272(brokerage business),2444,138,12,0253(brokerage business),2663,620
13,0009(brokerage business),4676,1652,13,0240(brokerage business),2437,377,13,0136(brokerage business),2286,-37
14,0103(brokerage business),4544,282,14,0268(brokerage business),2178,405,14,0335(brokerage business),2266,-1360
15,0069(brokerage business),4365,1825,15,0335(brokerage business),2138,162,15,0275(brokerage business),2170,-303
16,0268(brokerage business),4226,2018,16,0275(brokerage business),2001,360,16,0323(brokerage business),2101,316
17,0082(brokerage business),4036,2470,17,0316(brokerage business),2001,-5,17,0139(brokerage business),1918,331
18,0259(brokerage business),3771,2940,18,0177(brokerage business),1844,1505,18,0003(brokerage business),1679,24
19,0184(brokerage business),3749,2935,19,0009(brokerage business),1794,-68,19,0308(brokerage business),1438,340
20,0311(brokerage business),3532,2352,20,0069(brokerage business),1689,-57,20,0009(brokerage business),1408,614
Total,,219811,81817,Total,,81486,2826,Total,,92509,1635
Ranking,Name of FF Member /OSBPs,Volume,Change from Previous Trading Day,Ranking,Name of FF Member /OSBPs,Long Position,Change from Previous Trading Day,Ranking,Name of FF Member /OSBPs,Short Position,Change from Previous Trading Day
Contract Code：ni2611,,,,,,,,,,2026-08-24,
1,0004(brokerage business),8654,3705,1,0103(brokerage business),13106,1124,1,0004(brokerage business),9928,308
2,0148(brokerage business),6859,1883,2,0148(brokerage business),8514,295,2,0148(brokerage business),9228,-108
3,0275(brokerage business),5672,1056,3,0004(brokerage business),7282,1130,3,0272(brokerage business),4062,-9
4,0163(brokerage business),4392,1890,4,0096(brokerage business),4999,187,4,0082(brokerage business),3714,1398
5,0081(brokerage business),3717,2180,5,0268(brokerage business),2612,-6,5,0184(brokerage business),3426,983
6,0059(brokerage business),3701,1852,6,0316(brokerage business),1922,-1,6,0003(brokerage business),2797,565
7,0253(brokerage business),3227,-101,7,0034(brokerage business),1710,28,7,0042(brokerage business),2755,-145
8,0123(brokerage business),2182,870,8,0059(brokerage business),1531,-18,8,0022(brokerage business),2086,1
9,0308(brokerage business),2096,1277,9,0163(brokerage business),1494,-16,9,0123(brokerage business),1904,41
10,0103(brokerage business),2041,221,10,0178(brokerage business),1369,-53,10,0253(brokerage business),1860,-256
11,0082(brokerage business),1820,1040,11,0272(brokerage business),1026,24,11,0029(brokerage business),1778,15
12,0240(brokerage business),1720,740,12,0013(brokerage business),884,43,12,0139(brokerage business),1621,5
13,0034(brokerage business),1365,848,13,0007(brokerage business),819,779,13,0335(brokerage business),1611,-452
14,0184(brokerage business),1359,677,14,0253(brokerage business),737,23,14,0240(brokerage business),1577,61
15,0259(brokerage business),1149,793,15,0310(brokerage business),687,-2,15,0308(brokerage business),1390,427
16,0058(brokerage business),1066,93,16,0161(brokerage business),680,116,16,0009(brokerage business),1341,510
17,0271(brokerage business),1051,559,17,0018(brokerage business),666,30,17,0323(brokerage business),1339,84
18,0007(brokerage business),838,804,18,0003(brokerage business),642,-1,18,0244(brokerage business),1297,-244
19,0096(brokerage business),784,175,19,0107(brokerage business),602,554,19,0163(brokerage business),1016,-24
20,0069(brokerage business),781,394,20,0081(brokerage business),544,99,20,0059(brokerage business),797,241
Total,,54474,20956,Total,,51826,4335,Total,,55527,3401
Ranking,Name of FF Member /OSBPs,Volume,Change from Previous Trading Day,Ranking,Name of FF Member /OSBPs,Long Position,Change from Previous Trading Day,Ranking,Name of FF Member /OSBPs,Short Position,Change from Previous Trading Day
Contract Code：ni2612,,,,,,,,,,2026-08-24,
1,0004(brokerage business),5105,4194,1,0148(brokerage business),11201,2073,1,0004(brokerage business),12692,3350
2,0148(brokerage business),4948,2190,2,0096(brokerage business),4241,1509,2,0272(brokerage business),4816,12
3,0163(brokerage business),3007,1771,3,0103(brokerage business),3445,1137,3,0253(brokerage business),3105,335
4,0253(brokerage business),1968,469,4,0316(brokerage business),2188,0,4,0148(brokerage business),2358,85
5,0096(brokerage business),1912,1727,5,0003(brokerage business),1422,1,5,0139(brokerage business),2190,371
6,0081(brokerage business),1744,638,6,0272(brokerage business),1014,-14,6,0042(brokerage business),2156,129
7,0275(brokerage business),1643,723,7,0178(brokerage business),932,49,7,0022(brokerage business),1129,15
8,0271(brokerage business),1480,-102,8,0004(brokerage business),829,-13,8,0240(brokerage business),1114,236
9,0034(brokerage business),1441,616,9,0263(brokerage business),748,2,9,0007(brokerage business),767,-1
10,0103(brokerage business),1355,594,10,0240(brokerage business),669,380,10,0153(brokerage business),533,0
11,0123(brokerage business),1178,942,11,0244(brokerage business),657,-236,11,0077(brokerage business),449,6
12,0240(brokerage business),1036,750,12,0059(brokerage business),482,-66,12,0308(brokerage business),409,5
13,0139(brokerage business),394,389,13,0268(brokerage business),406,-1,13,0295(brokerage business),373,90
14,0272(brokerage business),374,268,14,0034(brokerage business),389,-58,14,0331(brokerage business),367,0
15,0268(brokerage business),358,210,15,0308(brokerage business),389,21,15,0163(brokerage business),363,-20
16,0069(brokerage business),313,215,16,0038(brokerage business),376,2,16,0052(brokerage business),291,1
17,0049(brokerage business),295,250,17,0009(brokerage business),369,5,17,0096(brokerage business),250,27
18,0082(brokerage business),272,241,18,0163(brokerage business),366,-15,18,0268(brokerage business),246,25
19,0244(brokerage business),267,167,19,0123(brokerage business),338,26,19,0103(brokerage business),244,2
20,0310(brokerage business),233,197,20,0321(brokerage business),235,0,20,0058(brokerage business),211,2
Total,,29323,16449,Total,,30696,4802,Total,,34063,4670
Member/OSP Type,Total Volume,Change from Previous Trading Day,Member/OSP Type,Total Long Position,Change from Previous Trading Day,Member/OSP Type,Total Short Position,Change from Previous Trading Day,,,
Contract Code：snall,,,,,,,2026-08-24,,,,
Name of FF Member/OSBP,403676,33326,Name of FF Member/OSBP,79229,-4540,Name of FF Member/OSBP,79229,-4540,,,
Name of Non-FF Member/OSNBP,0,-4,Name of Non-FF Member/OSNBP,0,0,Name of Non-FF Member/OSNBP,0,0,,,
Ranking,Name of FF Member /OSBPs,Volume,Change from Previous Trading Day,Ranking,Name of FF Member /OSBPs,Long Position,Change from Previous Trading Day,Ranking,Name of FF Member /OSBPs,Short Position,Change from Previous Trading Day
Contract Code：sn2609,,,,,,,,,,2026-08-24,
1,0004(brokerage business),36676,-688,1,0004(brokerage business),2599,-684,1,0272(brokerage business),1962,-189
2,0148(brokerage business),29150,-1019,2,0148(brokerage business),2129,-618,2,0148(brokerage business),1953,-140
3,0163(brokerage business),13990,-1302,3,0163(brokerage business),1481,-258,3,0004(brokerage business),1743,-390
4,0275(brokerage business),11490,1227,4,0034(brokerage business),1041,-35,4,0163(brokerage business),1199,-171
5,0253(brokerage business),8897,97,5,0103(brokerage business),774,-225,5,0240(brokerage business),1187,-357
6,0240(brokerage business),7752,654,6,0272(brokerage business),774,-127,6,0007(brokerage business),1108,-23
7,0308(brokerage business),6041,-1279,7,0123(brokerage business),622,-62,7,0042(brokerage business),1041,-24
8,0081(brokerage business),5738,-853,8,0049(brokerage business),613,59,8,0096(brokerage business),782,-60
9,0272(brokerage business),4660,-1542,9,0253(brokerage business),584,-115,9,0103(brokerage business),719,-161
10,0268(brokerage business),4040,-423,10,0007(brokerage business),581,-8,10,0059(brokerage business),689,-213
11,0186(brokerage business),3813,-1765,11,0240(brokerage business),565,-61,11,0268(brokerage business),685,-431
12,0059(brokerage business),3673,-141,12,0082(brokerage business),528,-321,12,0034(brokerage business),683,-140
13,0298(brokerage business),3381,-73,13,0009(brokerage business),520,-14,13,0275(brokerage business),658,-145
14,0161(brokerage business),3089,60,14,0059(brokerage business),484,-223,14,0018(brokerage business),570,-9
15,0034(brokerage business),2905,-885,15,0275(brokerage business),468,-39,15,0315(brokerage business),540,-2
16,0271(brokerage business),2525,21,16,0153(brokerage business),462,-35,16,0049(brokerage business),449,-371
17,0259(brokerage business),2441,-140,17,0268(brokerage business),385,-64,17,0082(brokerage business),436,19
18,0009(brokerage business),2082,-360,18,0001(brokerage business),372,-12,18,0253(brokerage business),435,-254
19,0137(brokerage business),1780,21,19,0139(brokerage business),361,-44,19,0153(brokerage business),422,-148
20,0103(brokerage business),1674,-216,20,0096(brokerage business),345,-31,20,0161(brokerage business),416,-61
Total,,155797,-8606,Total,,15688,-2917,Total,,17677,-3270
Ranking,Name of FF Member /OSBPs,Volume,Change from Previous Trading Day,Ranking,Name of FF Member /OSBPs,Long Position,Change from Previous Trading Day,Ranking,Name of FF Member /OSBPs,Short Position,Change from Previous Trading Day
Contract Code：sn2610,,,,,,,,,,2026-08-24,
1,0004(brokerage business),23483,5833,1,0004(brokerage business),5171,161,1,0004(brokerage business),3207,136
2,0148(brokerage business),19901,3719,2,0148(brokerage business),3779,-170,2,0240(brokerage business),3204,-112
3,0163(brokerage business),10564,1856,3,0103(brokerage business),1805,-116,3,0148(brokerage business),2471,113
4,0275(brokerage business),9705,1335,4,0239(brokerage business),1552,-31,4,0272(brokerage business),2302,-24
5,0240(brokerage business),6212,2500,5,0272(brokerage business),1268,-69,5,0034(brokerage business),1889,-20
6,0253(brokerage business),6105,1746,6,0163(brokerage business),1184,13,6,0163(brokerage business),1327,-71
7,0308(brokerage business),5783,3091,7,0059(brokerage business),960,-759,7,0096(brokerage business),1319,29
8,0272(brokerage business),5137,2526,8,0268(brokerage business),955,11,8,0007(brokerage business),1291,-7
9,0059(brokerage business),4887,1925,9,0084(brokerage business),953,0,9,0042(brokerage business),1202,-11
10,0081(brokerage business),3692,1043,10,0123(brokerage business),912,119,10,0139(brokerage business),1116,40
11,0268(brokerage business),3661,1073,11,0335(brokerage business),907,-255,11,0268(brokerage business),868,162
12,0298(brokerage business),3659,179,12,0034(brokerage business),849,212,12,0323(brokerage business),823,-68
13,0123(brokerage business),3421,1190,13,0253(brokerage business),770,-96,13,0059(brokerage business),753,4
14,0034(brokerage business),2620,266,14,0274(brokerage business),738,34,14,0003(brokerage business),728,-42
15,0186(brokerage business),2612,1117,15,0096(brokerage business),733,0,15,0049(brokerage business),650,276
16,0259(brokerage business),2575,756,16,0049(brokerage business),631,27,16,0253(brokerage business),607,21
17,0271(brokerage business),2165,550,17,0007(brokerage business),614,41,17,0082(brokerage business),595,69
18,0082(brokerage business),2092,714,18,0240(brokerage business),543,62,18,0153(brokerage business),516,82
19,0274(brokerage business),1599,609,19,0275(brokerage business),535,49,19,0103(brokerage business),508,162
20,0323(brokerage business),1525,468,20,0288(brokerage business),489,52,20,0178(brokerage business),507,26
Total,,121398,32496,Total,,25348,-715,Total,,25883,765
Ranking,Name of FF Member /OSBPs,Volume,Change from Previous Trading Day,Ranking,Name of FF Member /OSBPs,Long Position,Change from Previous Trading Day,Ranking,Name of FF Member /OSBPs,Short Position,Change from Previous Trading Day
Contract Code：sn2611,,,,,,,,,,2026-08-24,
1,0148(brokerage business),5452,1630,1,0004(brokerage business),1918,-214,1,0272(brokerage business),1672,-50
2,0004(brokerage business),3688,772,2,0148(brokerage business),1677,60,2,0004(brokerage business),1439,166
3,0275(brokerage business),2757,-144,3,0163(brokerage business),1304,147,3,0323(brokerage business),1339,-21
4,0253(brokerage business),1870,260,4,0268(brokerage business),947,-9,4,0148(brokerage business),1275,-256
5,0163(brokerage business),1084,36,5,0049(brokerage business),623,5,5,0042(brokerage business),882,-5
6,0240(brokerage business),874,320,6,0096(brokerage business),620,20,6,0007(brokerage business),825,-17
7,0059(brokerage business),865,181,7,0052(brokerage business),544,1,7,0163(brokerage business),648,-25
8,0259(brokerage business),668,480,8,0103(brokerage business),456,49,8,0077(brokerage business),538,60
9,0308(brokerage business),666,120,9,0009(brokerage business),432,3,9,0096(brokerage business),377,-71
10,0096(brokerage business),639,35,10,0272(brokerage business),380,-21,10,0003(brokerage business),362,182
11,0272(brokerage business),551,-7,11,0274(brokerage business),347,78,11,0153(brokerage business),276,3
12,0123(brokerage business),478,-220,12,0240(brokerage business),262,-71,12,0240(brokerage business),200,83
13,0268(brokerage business),408,268,13,0335(brokerage business),255,-15,13,0274(brokerage business),195,32
14,0081(brokerage business),402,74,14,0323(brokerage business),183,5,14,0308(brokerage business),182,27
15,0019(brokerage business),318,111,15,0277(brokerage business),182,19,15,0034(brokerage business),179,2
16,0003(brokerage business),309,266,16,0253(brokerage business),172,43,16,0019(brokerage business),178,66
17,0137(brokerage business),305,76,17,0239(brokerage business),161,18,17,0139(brokerage business),143,0
18,0082(brokerage business),293,69,18,0108(brokerage business),159,-3,18,0045(brokerage business),141,103
19,0257(brokerage business),282,114,19,0157(brokerage business),110,2,19,0059(brokerage business),123,-7
20,0034(brokerage business),280,149,20,0349(brokerage business),110,108,20,0136(brokerage business),110,-2
Total,,22189,4590,Total,,10842,225,Total,,11084,270
Member/OSP Type,Total Volume,Change from Previous Trading Day,Member/OSP Type,Total Long Position,Change from Previous Trading Day,Member/OSP Type,Total Short Position,Change from Previous Trading Day,,,
Contract Code：aoall,,,,,,,2026-08-24,,,,
Name of FF Member/OSBP,611994,-37710,Name of FF Member/OSBP,516886,-16055,Name of FF Member/OSBP,515986,-16055,,,
Name of Non-FF Member/OSNBP,0,0,Name of Non-FF Member/OSNBP,0,0,Name of Non-FF Member/OSNBP,900,0,,,
Ranking,Name of FF Member /OSBPs,Volume,Change from Previous Trading Day,Ranking,Name of FF Member /OSBPs,Long Position,Change from Previous Trading Day,Ranking,Name of FF Member /OSBPs,Short Position,Change from Previous Trading Day
Contract Code：ao2609,,,,,,,,,,2026-08-24,
1,0163(brokerage business),9659,587,1,0148(brokerage business),3657,-377,1,0148(brokerage business),11887,-95
2,0004(brokerage business),5810,-1949,2,0004(brokerage business),3045,-223,2,0004(brokerage business),6688,-160
3,0148(brokerage business),4538,-5916,3,0034(brokerage business),2683,-194,3,0058(brokerage business),2326,-713
4,0275(brokerage business),3712,2382,4,0298(brokerage business),2529,-261,4,0059(brokerage business),1917,-151
5,0253(brokerage business),2160,-189,5,0272(brokerage business),2402,-464,5,0272(brokerage business),1683,-373
6,0081(brokerage business),2140,174,6,0163(brokerage business),2349,-426,6,0349(brokerage business),1655,-42
7,0058(brokerage business),1496,877,7,0082(brokerage business),2167,-175,7,0082(brokerage business),1645,-160
8,0103(brokerage business),1288,77,8,0240(brokerage business),1901,-378,8,0253(brokerage business),1605,-88
9,0272(brokerage business),1253,17,9,0277(brokerage business),1725,-124,9,0096(brokerage business),1604,-152
10,0240(brokerage business),1044,-993,10,0275(brokerage business),1683,-344,10,0295(brokerage business),1567,-145
11,0274(brokerage business),1024,113,11,0308(brokerage business),1587,-143,11,0123(brokerage business),1412,-161
12,0123(brokerage business),1008,-1047,12,0161(brokerage business),1420,-79,12,0151(brokerage business),1342,-266
13,0268(brokerage business),950,-425,13,0096(brokerage business),1387,-86,13,0103(brokerage business),1340,-880
14,0049(brokerage business),876,581,14,0123(brokerage business),1368,106,14,0136(brokerage business),1266,-114
15,0323(brokerage business),786,348,15,0253(brokerage business),1298,-359,15,0163(brokerage business),1265,-51
16,0298(brokerage business),755,-397,16,0268(brokerage business),1294,-172,16,0003(brokerage business),1142,-6
17,0059(brokerage business),749,-566,17,0018(brokerage business),1290,-57,17,0321(brokerage business),1103,-4
18,0139(brokerage business),713,169,18,0103(brokerage business),1285,-312,18,0153(brokerage business),1075,-231
19,0308(brokerage business),678,154,19,0069(brokerage business),1211,-144,19,0275(brokerage business),1057,-16
20,0095(brokerage business),632,529,20,0288(brokerage business),1183,-73,20,0274(brokerage business),1036,-864
Total,,41271,-5474,Total,,37464,-4285,Total,,44615,-4672
Ranking,Name of FF Member /OSBPs,Volume,Change from Previous Trading Day,Ranking,Name of FF Member /OSBPs,Long Position,Change from Previous Trading Day,Ranking,Name of FF Member /OSBPs,Short Position,Change from Previous Trading Day
Contract Code：ao2610,,,,,,,,,,2026-08-24,
1,0004(brokerage business),63613,-8277,1,0148(brokerage business),18538,-2041,1,0148(brokerage business),32990,1058
2,0163(brokerage business),42199,-5246,2,0272(brokerage business),18147,-293,2,0004(brokerage business),25436,-837
3,0148(brokerage business),38701,-7329,3,0004(brokerage business),17979,-4142,3,0163(brokerage business),16291,305
4,0253(brokerage business),22235,-5033,4,0082(brokerage business),17456,144,4,0272(brokerage business),12865,51
5,0081(brokerage business),13226,-1000,5,0323(brokerage business),12745,51,5,0103(brokerage business),11828,-590
6,0240(brokerage business),12690,2949,6,0163(brokerage business),11602,-1518,6,0240(brokerage business),11489,-641
7,0298(brokerage business),10685,938,7,0240(brokerage business),9763,511,7,0323(brokerage business),11305,-25
8,0272(brokerage business),9688,-2609,8,0151(brokerage business),8742,-1115,8,0335(brokerage business),11027,-235
9,0275(brokerage business),9662,-11890,9,0123(brokerage business),8307,466,9,0253(brokerage business),10347,-1210
10,0059(brokerage business),8729,-1743,10,0288(brokerage business),7304,185,10,0151(brokerage business),10321,-209
11,0151(brokerage business),7370,835,11,0268(brokerage business),7105,396,11,0268(brokerage business),8374,-17
12,0268(brokerage business),6981,-881,12,0253(brokerage business),6733,-475,12,0059(brokerage business),5471,-2404
13,0123(brokerage business),6134,364,13,0096(brokerage business),6276,203,13,0288(brokerage business),5112,-624
14,0161(brokerage business),6072,-939,14,0003(brokerage business),6111,-67,14,0178(brokerage business),4820,-595
15,0186(brokerage business),5822,-779,15,0178(brokerage business),5380,-515,15,0082(brokerage business),4189,-699
16,0034(brokerage business),5381,-1308,16,0058(brokerage business),5055,-1554,16,0019(brokerage business),3838,-23
17,0259(brokerage business),5046,1664,17,0103(brokerage business),5047,-115,17,0034(brokerage business),3685,304
18,0335(brokerage business),4960,247,18,0139(brokerage business),4394,-347,18,0081(brokerage business),3590,779
19,0288(brokerage business),4869,-321,19,0298(brokerage business),3918,546,19,0308(brokerage business),3335,-435
20,0103(brokerage business),4501,-1183,20,0049(brokerage business),3610,-710,20,0042(brokerage business),3134,-199
Total,,288564,-41541,Total,,184212,-10390,Total,,199447,-6246
Ranking,Name of FF Member /OSBPs,Volume,Change from Previous Trading Day,Ranking,Name of FF Member /OSBPs,Long Position,Change from Previous Trading Day,Ranking,Name of FF Member /OSBPs,Short Position,Change from Previous Trading Day
Contract Code：ao2611,,,,,,,,,,2026-08-24,
1,0163(brokerage business),4874,1535,1,0082(brokerage business),8760,3,1,0148(brokerage business),10014,1008
2,0148(brokerage business),4554,1135,2,0253(brokerage business),6028,11,2,0240(brokerage business),5298,159
3,0004(brokerage business),2241,687,3,0323(brokerage business),5518,793,3,0151(brokerage business),4973,86
4,0240(brokerage business),1867,-28,4,0161(brokerage business),5343,28,4,0161(brokerage business),4586,18
5,0059(brokerage business),1664,367,5,0240(brokerage business),5025,322,5,0323(brokerage business),4468,7
6,0081(brokerage business),1549,102,6,0272(brokerage business),4599,49,6,0253(brokerage business),3566,53
7,0123(brokerage business),1501,347,7,0151(brokerage business),4428,17,7,0058(brokerage business),3356,-868
8,0253(brokerage business),1436,-1296,8,0268(brokerage business),2373,149,8,0004(brokerage business),3232,607
9,0161(brokerage business),1360,40,9,0163(brokerage business),2151,-243,9,0163(brokerage business),2577,-259
10,0058(brokerage business),1169,270,10,0178(brokerage business),2015,372,10,0268(brokerage business),2434,153
11,0295(brokerage business),1091,593,11,0034(brokerage business),1718,21,11,0178(brokerage business),1882,381
12,0323(brokerage business),986,731,12,0308(brokerage business),1632,10,12,0295(brokerage business),1620,-1086
13,0308(brokerage business),960,420,13,0048(brokerage business),1548,10,13,0082(brokerage business),1313,-273
14,0178(brokerage business),897,-83,14,0004(brokerage business),1437,-424,14,0272(brokerage business),1249,49
15,0275(brokerage business),801,-215,15,0123(brokerage business),1063,-422,15,0048(brokerage business),1216,1
16,0048(brokerage business),785,182,16,0148(brokerage business),1003,-32,16,0288(brokerage business),1173,-3
17,0268(brokerage business),772,25,17,0019(brokerage business),942,77,17,0308(brokerage business),1009,-132
18,0339(brokerage business),754,458,18,0103(brokerage business),735,2,18,0123(brokerage business),764,549
19,0077(brokerage business),672,646,19,0311(brokerage business),684,2,19,0275(brokerage business),764,81
20,0103(brokerage business),649,375,20,0003(brokerage business),676,0,20,0335(brokerage business),656,163
Total,,30582,6291,Total,,57678,745,Total,,56150,694
Ranking,Name of FF Member /OSBPs,Volume,Change from Previous Trading Day,Ranking,Name of FF Member /OSBPs,Long Position,Change from Previous Trading Day,Ranking,Name of FF Member /OSBPs,Short Position,Change from Previous Trading Day
Contract Code：ao2701,,,,,,,,,,2026-08-24,
1,0148(brokerage business),12005,7269,1,0034(brokerage business),13056,79,1,0103(brokerage business),10935,1344
2,0004(brokerage business),10886,3218,2,0082(brokerage business),4767,34,2,0148(brokerage business),9760,398
3,0163(brokerage business),10330,5153,3,0116(brokerage business),4652,1,3,0004(brokerage business),7955,-2414
4,0275(brokerage business),5771,460,4,0372(brokerage business),4053,-1004,4,0335(brokerage business),4837,688
5,0240(brokerage business),4364,1352,5,0004(brokerage business),4030,-4,5,0003(brokerage business),4785,-217
6,0253(brokerage business),3805,990,6,0148(brokerage business),3642,345,6,0274(brokerage business),3685,2360
7,0103(brokerage business),3624,1617,7,0253(brokerage business),2773,-2,7,0163(brokerage business),3642,570
8,0274(brokerage business),2669,2181,8,0323(brokerage business),2539,142,8,0123(brokerage business),3575,0
9,0059(brokerage business),2410,876,9,0275(brokerage business),2346,154,9,0253(brokerage business),2739,77
10,0081(brokerage business),2212,469,10,0103(brokerage business),2261,392,10,0240(brokerage business),2371,-51
11,0151(brokerage business),2143,1367,11,0163(brokerage business),2000,-538,11,0059(brokerage business),2192,1483
12,0335(brokerage business),1669,319,12,0186(brokerage business),1378,131,12,0139(brokerage business),1797,-55
13,0272(brokerage business),1587,667,13,0272(brokerage business),1370,421,13,0272(brokerage business),1707,-158
14,0029(brokerage business),1331,882,14,0156(brokerage business),1307,142,14,0058(brokerage business),1660,-234
15,0034(brokerage business),1290,338,15,0077(brokerage business),1234,52,15,0151(brokerage business),1557,-65
16,0003(brokerage business),1149,-28,16,0240(brokerage business),1152,287,16,0275(brokerage business),1306,115
17,0372(brokerage business),1093,530,17,0003(brokerage business),1004,894,17,0249(brokerage business),1222,4
18,0244(brokerage business),1048,801,18,0268(brokerage business),998,65,18,0034(brokerage business),1160,-209
19,0186(brokerage business),1046,210,19,0338(brokerage business),979,248,19,0349(brokerage business),955,-8
20,0323(brokerage business),878,632,20,0096(brokerage business),977,107,20,0067(brokerage business),913,148
Total,,71310,29303,Total,,56518,1946,Total,,68753,3776
Member/OSP Type,Total Volume,Change from Previous Trading Day,Member/OSP Type,Total Long Position,Change from Previous Trading Day,Member/OSP Type,Total Short Position,Change from Previous Trading Day,,,
Contract Code：adall,,,,,,,2026-08-24,,,,
Name of FF Member/OSBP,16394,-4862,Name of FF Member/OSBP,23598,-165,Name of FF Member/OSBP,23598,-165,,,
Name of Non-FF Member/OSNBP,0,0,Name of Non-FF Member/OSNBP,0,0,Name of Non-FF Member/OSNBP,0,0,,,
Ranking,Name of FF Member /OSBPs,Volume,Change from Previous Trading Day,Ranking,Name of FF Member /OSBPs,Long Position,Change from Previous Trading Day,Ranking,Name of FF Member /OSBPs,Short Position,Change from Previous Trading Day
Contract Code：ad2609,,,,,,,,,,2026-08-24,
1,0004(brokerage business),254,-99,1,0253(brokerage business),369,-16,1,0123(brokerage business),484,11
2,0137(brokerage business),186,3,2,0004(brokerage business),308,-13,2,0275(brokerage business),411,-3
3,0163(brokerage business),152,-63,3,0275(brokerage business),302,-2,3,0323(brokerage business),345,-1
4,0275(brokerage business),141,-78,4,0323(brokerage business),300,0,4,0253(brokerage business),298,-2
5,0253(brokerage business),140,14,5,0257(brokerage business),295,2,5,0257(brokerage business),288,-2
6,0139(brokerage business),108,21,6,0008(brokerage business),286,-3,6,0008(brokerage business),284,-1
7,0008(brokerage business),106,-152,7,0123(brokerage business),286,3,7,0009(brokerage business),282,0
8,0148(brokerage business),103,-192,8,0009(brokerage business),282,0,8,0048(brokerage business),282,2
9,0268(brokerage business),94,19,9,0048(brokerage business),280,0,9,0137(brokerage business),242,0
10,0096(brokerage business),84,-98,10,0137(brokerage business),237,-2,10,0004(brokerage business),226,-3
11,0257(brokerage business),64,-25,11,0018(brokerage business),180,0,11,0139(brokerage business),115,-54
12,0058(brokerage business),54,-10,12,0320(brokerage business),180,0,12,0272(brokerage business),104,-3
13,0323(brokerage business),31,-13,13,0034(brokerage business),117,0,13,0153(brokerage business),73,-3
14,0349(brokerage business),31,-17,14,0139(brokerage business),100,-54,14,0103(brokerage business),68,0
15,0009(brokerage business),30,-8,15,0349(brokerage business),63,-2,15,0148(brokerage business),63,-8
16,0123(brokerage business),30,-14,16,0163(brokerage business),55,-16,16,0349(brokerage business),62,-13
17,0048(brokerage business),24,-45,17,0148(brokerage business),51,-3,17,0277(brokerage business),57,0
18,0003(brokerage business),10,10,18,0272(brokerage business),38,0,18,0299(brokerage business),35,0
19,0259(brokerage business),10,-6,19,0268(brokerage business),31,-28,19,0169(brokerage business),30,0
20,0171(brokerage business),9,5,20,0299(brokerage business),29,0,20,0268(brokerage business),29,-4
Total,,1661,-748,Total,,3789,-134,Total,,3778,-84
Ranking,Name of FF Member /OSBPs,Volume,Change from Previous Trading Day,Ranking,Name of FF Member /OSBPs,Long Position,Change from Previous Trading Day,Ranking,Name of FF Member /OSBPs,Short Position,Change from Previous Trading Day
Contract Code：ad2610,,,,,,,,,,2026-08-24,
1,0081(brokerage business),1776,139,1,0323(brokerage business),1825,11,1,0323(brokerage business),1774,0
2,0163(brokerage business),1557,-421,2,0008(brokerage business),1499,-1,2,0008(brokerage business),1494,-4
3,0253(brokerage business),1179,-51,3,0253(brokerage business),1348,-16,3,0253(brokerage business),1377,19
4,0004(brokerage business),1101,-33,4,0148(brokerage business),1238,-36,4,0123(brokerage business),1273,-21
5,0008(brokerage business),647,-73,5,0123(brokerage business),1236,-87,5,0004(brokerage business),1237,129
6,0275(brokerage business),574,-138,6,0163(brokerage business),1096,-29,6,0139(brokerage business),1225,-82
7,0123(brokerage business),554,-456,7,0009(brokerage business),1051,1,7,0272(brokerage business),1146,128
8,0257(brokerage business),533,-170,8,0048(brokerage business),1007,-99,8,0009(brokerage business),1052,6
9,0048(brokerage business),509,109,9,0137(brokerage business),921,2,9,0048(brokerage business),1028,-100
10,0096(brokerage business),413,-30,10,0139(brokerage business),898,-80,10,0137(brokerage business),940,-9
11,0148(brokerage business),359,-27,11,0257(brokerage business),880,-12,11,0257(brokerage business),887,-5
12,0272(brokerage business),239,107,12,0275(brokerage business),862,12,12,0275(brokerage business),832,0
13,0139(brokerage business),188,-40,13,0096(brokerage business),804,-86,13,0096(brokerage business),820,-79
14,0067(brokerage business),171,84,14,0004(brokerage business),632,90,14,0148(brokerage business),395,-21
15,0161(brokerage business),136,-33,15,0299(brokerage business),492,6,15,0153(brokerage business),377,106
16,0153(brokerage business),128,70,16,0034(brokerage business),448,5,16,0163(brokerage business),222,-28
17,0009(brokerage business),125,-67,17,0082(brokerage business),177,41,17,0069(brokerage business),196,-32
18,0298(brokerage business),106,-2,18,0276(brokerage business),174,24,18,0320(brokerage business),185,0
19,0308(brokerage business),102,52,19,0067(brokerage business),168,72,19,0103(brokerage business),184,-4
20,0288(brokerage business),101,38,20,0268(brokerage business),159,23,20,0018(brokerage business),180,-2
Total,,10498,-942,Total,,16915,-159,Total,,16824,1
Member/OSP Type,Total Volume,Change from Previous Trading Day,Member/OSP Type,Total Long Position,Change from Previous Trading Day,Member/OSP Type,Total Short Position,Change from Previous Trading Day,,,
Contract Code：auall,,,,,,,2026-08-24,,,,
Name of FF Member/OSBP,974677,134702,Name of FF Member/OSBP,352900,3464,Name of FF Member/OSBP,79482,-315,,,
Name of Non-FF Member/OSNBP,17789,-4772,Name of Non-FF Member/OSNBP,32186,-1005,Name of Non-FF Member/OSNBP,305604,2774,,,
Ranking,Name of FF Member /OSBPs,Volume,Change from Previous Trading Day,Ranking,Name of FF Member /OSBPs,Long Position,Change from Previous Trading Day,Ranking,Name of FF Member /OSBPs,Short Position,Change from Previous Trading Day
Contract Code：au2610,,,,,,,,,,2026-08-24,
1,0004(brokerage business),134837,3227,1,0004(brokerage business),35347,1097,1,0004(brokerage business),10047,-932
2,0148(brokerage business),87889,17789,2,0148(brokerage business),16168,150,2,0163(brokerage business),2973,217
3,0163(brokerage business),62533,7377,3,0272(brokerage business),9778,-90,3,0253(brokerage business),2696,159
4,0308(brokerage business),39798,7613,4,0103(brokerage business),9246,396,4,0240(brokerage business),2256,4
5,0272(brokerage business),34420,13156,5,0163(brokerage business),8508,-137,5,0148(brokerage business),2202,-2287
6,0253(brokerage business),32639,-2892,6,0082(brokerage business),5635,-222,6,0306(brokerage business),2164,197
7,0275(brokerage business),26842,927,7,0253(brokerage business),5567,158,7,0001(brokerage business),1958,-129
8,0240(brokerage business),17809,3643,8,0288(brokerage business),5200,-26,8,0272(brokerage business),1828,-66
9,0009(brokerage business),17457,3559,9,0240(brokerage business),4869,121,9,0268(brokerage business),1791,-46
10,0268(brokerage business),14774,865,10,0067(brokerage business),4376,-654,10,0082(brokerage business),1250,-13
11,0123(brokerage business),13667,4086,11,0268(brokerage business),4228,356,11,0049(brokerage business),1164,26
12,0034(brokerage business),12618,-713,12,0034(brokerage business),4201,-158,12,0275(brokerage business),1147,37
13,0096(brokerage business),11948,4000,13,0335(brokerage business),3838,60,13,0034(brokerage business),1097,6
14,0081(brokerage business),11121,-533,14,0161(brokerage business),3544,122,14,0186(brokerage business),923,254
15,0298(brokerage business),10141,1197,15,0042(brokerage business),3198,-449,15,0096(brokerage business),796,111
16,0067(brokerage business),10050,6246,16,0323(brokerage business),3135,210,16,0009(brokerage business),761,22
17,0059(brokerage business),9615,865,17,0081(brokerage business),3053,106,17,0288(brokerage business),698,117
18,0103(brokerage business),8957,1333,18,0009(brokerage business),2755,355,18,0059(brokerage business),645,107
19,0274(brokerage business),8746,3602,19,0274(brokerage business),2651,140,19,0042(brokerage business),639,88
20,0372(brokerage business),8230,-2792,20,0169(brokerage business),2387,20,20,0308(brokerage business),552,57
Total,,574091,72555,Total,,137684,1555,Total,,37587,-2071
Ranking,Name of FF Member /OSBPs,Volume,Change from Previous Trading Day,Ranking,Name of FF Member /OSBPs,Long Position,Change from Previous Trading Day,Ranking,Name of FF Member /OSBPs,Short Position,Change from Previous Trading Day
Contract Code：au2612,,,,,,,,,,2026-08-24,
1,0004(brokerage business),19910,1035,1,0004(brokerage business),16872,697,1,0148(brokerage business),2148,-612
2,0148(brokerage business),16761,654,2,0148(brokerage business),13077,-421,2,0025(brokerage business),1784,139
3,0253(brokerage business),11918,-1475,3,0163(brokerage business),7629,261,3,0268(brokerage business),1189,52
4,0308(brokerage business),9870,1388,4,0253(brokerage business),5041,-189,4,0004(brokerage business),1013,379
5,0163(brokerage business),9261,999,5,0103(brokerage business),4543,303,5,0089(brokerage business),834,12
6,0096(brokerage business),8009,5973,6,0240(brokerage business),3487,114,6,0049(brokerage business),690,69
7,0272(brokerage business),7713,4752,7,0082(brokerage business),3259,121,7,0096(brokerage business),642,-950
8,0123(brokerage business),5672,3966,8,0067(brokerage business),2853,72,8,0009(brokerage business),639,13
9,0009(brokerage business),5578,774,9,0003(brokerage business),2408,-6,9,0034(brokerage business),544,10
10,0268(brokerage business),4280,1923,10,0272(brokerage business),2401,-18,10,0372(brokerage business),476,44
11,0274(brokerage business),3761,2968,11,0274(brokerage business),2174,20,11,0001(brokerage business),475,94
12,0275(brokerage business),3375,-880,12,0239(brokerage business),2093,157,12,0272(brokerage business),447,163
13,0240(brokerage business),2841,1279,13,0123(brokerage business),2024,83,13,0052(brokerage business),421,1
14,0059(brokerage business),2097,-1544,14,0323(brokerage business),2021,344,14,0042(brokerage business),366,13
15,0019(brokerage business),2011,1219,15,0288(brokerage business),1851,1,15,0253(brokerage business),323,169
16,0081(brokerage business),1899,-728,16,0268(brokerage business),1605,-185,16,0163(brokerage business),267,-68
17,0103(brokerage business),1857,551,17,0069(brokerage business),1595,164,17,0308(brokerage business),244,125
18,0069(brokerage business),1775,1452,18,0349(brokerage business),1588,-5,18,0139(brokerage business),232,-1
19,0311(brokerage business),1334,-1,19,0096(brokerage business),1404,-281,19,0059(brokerage business),229,50
20,0034(brokerage business),1216,444,20,0308(brokerage business),1382,-91,20,0276(brokerage business),212,2
Total,,121138,24749,Total,,79307,1141,Total,,13175,-296
Ranking,Name of FF Member /OSBPs,Volume,Change from Previous Trading Day,Ranking,Name of FF Member /OSBPs,Long Position,Change from Previous Trading Day,Ranking,Name of FF Member /OSBPs,Short Position,Change from Previous Trading Day
Contract Code：au2702,,,,,,,,,,2026-08-24,
1,0148(brokerage business),6825,-1208,1,0148(brokerage business),2858,106,1,0323(brokerage business),1009,-24
2,0004(brokerage business),5296,-1759,2,0004(brokerage business),1189,-17,2,0272(brokerage business),219,176
3,0272(brokerage business),5143,4635,3,0323(brokerage business),1124,8,3,0004(brokerage business),112,-35
4,0308(brokerage business),4075,2784,4,0067(brokerage business),1102,5,4,0042(brokerage business),102,-20
5,0253(brokerage business),2644,-1648,5,0163(brokerage business),1003,21,5,0148(brokerage business),100,17
6,0323(brokerage business),2156,58,6,0253(brokerage business),654,163,6,0169(brokerage business),83,22
7,0163(brokerage business),2073,-469,7,0123(brokerage business),511,-2,7,0239(brokerage business),79,6
8,0137(brokerage business),1765,1586,8,0103(brokerage business),300,-8,8,0096(brokerage business),62,32
9,0081(brokerage business),1338,-346,9,0272(brokerage business),286,-25,9,0058(brokerage business),47,10
10,0274(brokerage business),1311,1216,10,0268(brokerage business),279,32,10,0268(brokerage business),45,9
11,0275(brokerage business),1277,-130,11,0009(brokerage business),260,12,11,0240(brokerage business),35,4
12,0019(brokerage business),1032,955,12,0288(brokerage business),252,7,12,0163(brokerage business),34,-8
13,0009(brokerage business),1029,-331,13,0116(brokerage business),203,6,13,0338(brokerage business),33,19
14,0161(brokerage business),982,511,14,0240(brokerage business),196,5,14,0372(brokerage business),31,0
15,0268(brokerage business),915,724,15,0161(brokerage business),180,-10,15,0009(brokerage business),29,7
16,0240(brokerage business),599,-95,16,0018(brokerage business),173,-5,16,0081(brokerage business),27,2
17,0059(brokerage business),471,-542,17,0308(brokerage business),163,-12,17,0007(brokerage business),25,0
18,0156(brokerage business),326,200,18,0034(brokerage business),160,5,18,0253(brokerage business),25,-7
19,0096(brokerage business),259,42,19,0081(brokerage business),157,-2,19,0244(brokerage business),21,3
20,0259(brokerage business),239,100,20,0059(brokerage business),146,64,20,0107(brokerage business),19,2
Total,,39755,6283,Total,,11196,353,Total,,2137,215
Member/OSP Type,Total Volume,Change from Previous Trading Day,Member/OSP Type,Total Long Position,Change from Previous Trading Day,Member/OSP Type,Total Short Position,Change from Previous Trading Day,,,
Contract Code：agall,,,,,,,2026-08-24,,,,
Name of FF Member/OSBP,2374157,-42400,Name of FF Member/OSBP,535048,-462,Name of FF Member/OSBP,384639,-819,,,
Name of Non-FF Member/OSNBP,12227,2482,Name of Non-FF Member/OSNBP,34799,-203,Name of Non-FF Member/OSNBP,185208,154,,,
Ranking,Name of FF Member /OSBPs,Volume,Change from Previous Trading Day,Ranking,Name of FF Member /OSBPs,Long Position,Change from Previous Trading Day,Ranking,Name of FF Member /OSBPs,Short Position,Change from Previous Trading Day
Contract Code：ag2610,,,,,,,,,,2026-08-24,
1,0004(brokerage business),190737,-2776,1,0004(brokerage business),30041,-1931,1,0004(brokerage business),24523,242
2,0148(brokerage business),146731,-4013,2,0148(brokerage business),21850,-866,2,0148(brokerage business),23040,-3681
3,0163(brokerage business),76946,696,3,0272(brokerage business),16929,49,3,0137(brokerage business),11560,-290
4,0275(brokerage business),67792,-4954,4,0163(brokerage business),11716,-600,4,0049(brokerage business),11336,640
5,0240(brokerage business),61374,-2949,5,0288(brokerage business),9173,59,5,0272(brokerage business),10913,-596
6,0253(brokerage business),59486,7362,6,0240(brokerage business),9094,681,6,0163(brokerage business),10362,-50
7,0308(brokerage business),55069,2482,7,0253(brokerage business),8882,-869,7,0372(brokerage business),9114,37
8,0272(brokerage business),49367,-301,8,0034(brokerage business),7756,2,8,0253(brokerage business),7332,431
9,0034(brokerage business),42028,-989,9,0323(brokerage business),7447,-137,9,0042(brokerage business),5212,435
10,0268(brokerage business),35645,-3649,10,0082(brokerage business),6990,-545,10,0034(brokerage business),4743,-774
11,0081(brokerage business),33668,1152,11,0103(brokerage business),6735,-124,11,0006(brokerage business),4701,-487
12,0298(brokerage business),31438,-101,12,0268(brokerage business),5980,69,12,0001(brokerage business),4493,-944
13,0186(brokerage business),31184,-614,13,0042(brokerage business),5865,-112,13,0123(brokerage business),4330,20
14,0059(brokerage business),27887,-387,14,0067(brokerage business),5404,-1533,14,0096(brokerage business),3960,-164
15,0137(brokerage business),21149,4005,15,0009(brokerage business),4767,44,15,0315(brokerage business),3839,-133
16,0288(brokerage business),19763,-1655,16,0161(brokerage business),4550,-137,16,0240(brokerage business),3675,-950
17,0323(brokerage business),19069,1556,17,0069(brokerage business),4168,96,17,0288(brokerage business),3108,-14
18,0123(brokerage business),18975,667,18,0049(brokerage business),4090,-201,18,0081(brokerage business),2705,605
19,0103(brokerage business),16866,-2156,19,0059(brokerage business),3867,573,19,0239(brokerage business),2639,358
20,0259(brokerage business),16817,5807,20,0308(brokerage business),3517,-262,20,0059(brokerage business),2485,332
Total,,1021991,-817,Total,,178821,-5744,Total,,154070,-4983
Ranking,Name of FF Member /OSBPs,Volume,Change from Previous Trading Day,Ranking,Name of FF Member /OSBPs,Long Position,Change from Previous Trading Day,Ranking,Name of FF Member /OSBPs,Short Position,Change from Previous Trading Day
Contract Code：ag2612,,,,,,,,,,2026-08-24,
1,0004(brokerage business),32948,2841,1,0004(brokerage business),11817,588,1,0148(brokerage business),22456,-3723
2,0148(brokerage business),27183,3169,2,0082(brokerage business),11328,203,2,0004(brokerage business),7346,812
3,0275(brokerage business),19771,351,3,0272(brokerage business),8716,170,3,0049(brokerage business),5400,222
4,0163(brokerage business),13036,1088,4,0049(brokerage business),7716,1,4,0163(brokerage business),4262,664
5,0308(brokerage business),12341,2697,5,0163(brokerage business),7503,-478,5,0025(brokerage business),3878,55
6,0253(brokerage business),10629,1326,6,0148(brokerage business),6466,154,6,0034(brokerage business),3744,265
7,0240(brokerage business),9160,-595,7,0103(brokerage business),4989,129,7,0272(brokerage business),3211,514
8,0272(brokerage business),7488,749,8,0025(brokerage business),4857,-49,8,0048(brokerage business),2584,671
9,0034(brokerage business),7447,-123,9,0323(brokerage business),4790,336,9,0103(brokerage business),2287,5
10,0059(brokerage business),7332,1193,10,0268(brokerage business),4497,148,10,0009(brokerage business),2228,-50
11,0123(brokerage business),6295,-1849,11,0067(brokerage business),4396,841,11,0139(brokerage business),2214,16
12,0268(brokerage business),4808,-294,12,0253(brokerage business),4069,447,12,0042(brokerage business),2109,96
13,0081(brokerage business),3672,452,13,0043(brokerage business),3882,-63,13,0082(brokerage business),2024,-15
14,0096(brokerage business),3520,-243,14,0042(brokerage business),3690,488,14,0240(brokerage business),1999,714
15,0009(brokerage business),3115,-1289,15,0288(brokerage business),3179,-13,15,0274(brokerage business),1972,17
16,0137(brokerage business),2621,-74,16,0240(brokerage business),2822,86,16,0315(brokerage business),1654,168
17,0333(brokerage business),2552,1647,17,0034(brokerage business),2400,142,17,0333(brokerage business),1498,694
18,0049(brokerage business),2507,-529,18,0096(brokerage business),1997,187,18,0096(brokerage business),1439,-15
19,0298(brokerage business),2468,244,19,0123(brokerage business),1845,487,19,0275(brokerage business),1351,496
20,0186(brokerage business),2305,378,20,0003(brokerage business),1744,-110,20,0069(brokerage business),1204,-52
Total,,181198,11139,Total,,102703,3694,Total,,74860,1554
Ranking,Name of FF Member /OSBPs,Volume,Change from Previous Trading Day,Ranking,Name of FF Member /OSBPs,Long Position,Change from Previous Trading Day,Ranking,Name of FF Member /OSBPs,Short Position,Change from Previous Trading Day
Contract Code：ag2702,,,,,,,,,,2026-08-24,
1,0004(brokerage business),42772,4673,1,0043(brokerage business),3346,-3,1,0148(brokerage business),8462,-16
2,0148(brokerage business),35414,-5046,2,0323(brokerage business),3127,6,2,0163(brokerage business),3037,51
3,0163(brokerage business),33831,-5954,3,0148(brokerage business),2723,100,3,0272(brokerage business),1921,-46
4,0275(brokerage business),24910,-396,4,0082(brokerage business),2241,8,4,0042(brokerage business),1865,11
5,0308(brokerage business),16729,-443,5,0049(brokerage business),2004,1029,5,0004(brokerage business),1601,254
6,0240(brokerage business),15899,1311,6,0004(brokerage business),1966,170,6,0049(brokerage business),1583,4
7,0253(brokerage business),14204,-105,7,0163(brokerage business),1646,-282,7,0069(brokerage business),1105,53
8,0081(brokerage business),11647,865,8,0067(brokerage business),1407,9,8,0009(brokerage business),836,34
9,0009(brokerage business),11522,3116,9,0151(brokerage business),916,7,9,0240(brokerage business),787,411
10,0123(brokerage business),10515,791,10,0123(brokerage business),857,67,10,0315(brokerage business),597,1
11,0272(brokerage business),10191,-2035,11,0240(brokerage business),847,56,11,0034(brokerage business),356,2
12,0186(brokerage business),7026,914,12,0333(brokerage business),827,-81,12,0253(brokerage business),346,-7
13,0298(brokerage business),6380,-882,13,0272(brokerage business),696,-15,13,0275(brokerage business),303,180
14,0059(brokerage business),5907,1297,14,0298(brokerage business),604,23,14,0268(brokerage business),263,-34
15,0096(brokerage business),5637,1193,15,0253(brokerage business),590,63,15,0298(brokerage business),211,-19
16,0268(brokerage business),4972,307,16,0275(brokerage business),543,60,16,0308(brokerage business),207,28
17,0161(brokerage business),4396,470,17,0088(brokerage business),508,-36,17,0121(brokerage business),206,-2
18,0137(brokerage business),3775,-2711,18,0137(brokerage business),487,-305,18,0137(brokerage business),201,-224
19,0043(brokerage business),3685,613,19,0034(brokerage business),471,14,19,0103(brokerage business),195,-28
20,0103(brokerage business),3490,823,20,0059(brokerage business),452,386,20,0288(brokerage business),174,17
Total,,272902,-1199,Total,,26258,1276,Total,,24256,670
Member/OSP Type,Total Volume,Change from Previous Trading Day,Member/OSP Type,Total Long Position,Change from Previous Trading Day,Member/OSP Type,Total Short Position,Change from Previous Trading Day,,,
Contract Code：rball,,,,,,,2026-08-24,,,,
Name of FF Member/OSBP,2997444,582116,Name of FF Member/OSBP,3037759,-51520,Name of FF Member/OSBP,3037759,-51520,,,
Name of Non-FF Member/OSNBP,0,0,Name of Non-FF Member/OSNBP,0,0,Name of Non-FF Member/OSNBP,0,0,,,
Ranking,Name of FF Member /OSBPs,Volume,Change from Previous Trading Day,Ranking,Name of FF Member /OSBPs,Long Position,Change from Previous Trading Day,Ranking,Name of FF Member /OSBPs,Short Position,Change from Previous Trading Day
Contract Code：rb2609,,,,,,,,,,2026-08-24,
1,0163(brokerage business),4957,1476,1,0240(brokerage business),2504,5,1,0004(brokerage business),1788,367
2,0004(brokerage business),2638,1492,2,0004(brokerage business),1782,-561,2,0019(brokerage business),1350,-718
3,0148(brokerage business),1194,259,3,0159(brokerage business),1381,27,3,0059(brokerage business),1333,-761
4,0349(brokerage business),1021,1021,4,0148(brokerage business),941,-648,4,0163(brokerage business),1199,-3
5,0253(brokerage business),893,370,5,0275(brokerage business),873,-37,5,0103(brokerage business),954,-133
6,0019(brokerage business),848,647,6,0349(brokerage business),816,-501,6,0323(brokerage business),831,-54
7,0059(brokerage business),767,83,7,0067(brokerage business),810,206,7,0252(brokerage business),805,0
8,0272(brokerage business),655,132,8,0252(brokerage business),805,0,8,0349(brokerage business),800,-520
9,0081(brokerage business),651,165,9,0103(brokerage business),643,81,9,0007(brokerage business),772,-5
10,0082(brokerage business),591,24,10,0022(brokerage business),500,0,10,0253(brokerage business),602,191
11,0096(brokerage business),579,180,11,0163(brokerage business),472,-252,11,0277(brokerage business),461,-175
12,0151(brokerage business),487,364,12,0096(brokerage business),463,50,12,0069(brokerage business),451,13
13,0159(brokerage business),458,-194,13,0003(brokerage business),361,-10,13,0034(brokerage business),439,-93
14,0103(brokerage business),409,160,14,0125(brokerage business),352,0,14,0151(brokerage business),423,300
15,0139(brokerage business),352,248,15,0048(brokerage business),321,90,15,0275(brokerage business),399,-34
16,0275(brokerage business),307,109,16,0151(brokerage business),295,109,16,0077(brokerage business),361,8
17,0323(brokerage business),303,122,17,0069(brokerage business),280,-28,17,0137(brokerage business),265,-147
18,0268(brokerage business),298,154,18,0323(brokerage business),255,231,18,0096(brokerage business),256,11
19,0137(brokerage business),285,258,19,0029(brokerage business),243,-1,19,0272(brokerage business),254,-6
20,0171(brokerage business),210,19,20,0308(brokerage business),225,-2,20,0178(brokerage business),249,0
Total,,17903,7089,Total,,14322,-1241,Total,,13992,-1759
Ranking,Name of FF Member /OSBPs,Volume,Change from Previous Trading Day,Ranking,Name of FF Member /OSBPs,Long Position,Change from Previous Trading Day,Ranking,Name of FF Member /OSBPs,Short Position,Change from Previous Trading Day
Contract Code：rb2610,,,,,,,,,,2026-08-24,
1,0148(brokerage business),254617,18507,1,0004(brokerage business),169178,-24849,1,0004(brokerage business),153806,-8756
2,0004(brokerage business),237845,59483,2,0148(brokerage business),95106,-26087,2,0148(brokerage business),129095,-8248
3,0163(brokerage business),203023,-37765,3,0103(brokerage business),81542,-9884,3,0163(brokerage business),107934,4342
4,0253(brokerage business),118233,34407,4,0163(brokerage business),70281,2529,4,0239(brokerage business),76077,-21232
5,0275(brokerage business),80835,18531,5,0034(brokerage business),63924,-4370,5,0103(brokerage business),75081,-389
6,0272(brokerage business),65986,9264,6,0253(brokerage business),60295,-2398,6,0272(brokerage business),71435,-3411
7,0103(brokerage business),54447,-1966,7,0272(brokerage business),59518,-975,7,0253(brokerage business),56886,-10851
8,0274(brokerage business),43211,26522,8,0059(brokerage business),37923,-4421,8,0082(brokerage business),49959,-529
9,0240(brokerage business),41440,-3084,9,0009(brokerage business),33000,1622,9,0034(brokerage business),44529,-397
10,0268(brokerage business),37951,5974,10,0069(brokerage business),29064,-1028,10,0275(brokerage business),43646,-3835
11,0034(brokerage business),36271,7391,11,0268(brokerage business),27820,-3979,11,0335(brokerage business),40498,-5299
12,0059(brokerage business),31735,-2283,12,0275(brokerage business),27317,-1204,12,0042(brokerage business),38676,-8955
13,0239(brokerage business),26798,2156,13,0125(brokerage business),26651,-1061,13,0059(brokerage business),38341,-344
14,0081(brokerage business),24101,4843,14,0274(brokerage business),23818,-11912,14,0136(brokerage business),36053,-1870
15,0042(brokerage business),24075,7025,15,0058(brokerage business),23761,-2590,15,0007(brokerage business),32137,-1290
16,0186(brokerage business),23092,3962,16,0277(brokerage business),23531,-1762,16,0084(brokerage business),24704,-17647
17,0259(brokerage business),22397,5797,17,0186(brokerage business),23138,-3860,17,0274(brokerage business),23305,-14731
18,0153(brokerage business),18565,10429,18,0081(brokerage business),22661,-1419,18,0277(brokerage business),23053,-876
19,0084(brokerage business),17647,14740,19,0153(brokerage business),22257,5237,19,0240(brokerage business),22176,-2139
20,0288(brokerage business),15732,1704,20,0178(brokerage business),21173,-562,20,0259(brokerage business),20887,2375
Total,,1378001,185637,Total,,941958,-92973,Total,,1108278,-104082
Ranking,Name of FF Member /OSBPs,Volume,Change from Previous Trading Day,Ranking,Name of FF Member /OSBPs,Long Position,Change from Previous Trading Day,Ranking,Name of FF Member /OSBPs,Short Position,Change from Previous Trading Day
Contract Code：rb2611,,,,,,,,,,2026-08-24,
1,0163(brokerage business),15908,1668,1,0323(brokerage business),52924,53,1,0323(brokerage business),53143,7
2,0148(brokerage business),11899,2487,2,0004(brokerage business),33013,426,2,0148(brokerage business),33519,245
3,0253(brokerage business),6813,-1273,3,0163(brokerage business),30518,-81,3,0163(brokerage business),31925,-701
4,0004(brokerage business),3358,-156,4,0253(brokerage business),29458,1114,4,0004(brokerage business),30510,-694
5,0268(brokerage business),3277,459,5,0148(brokerage business),27482,80,5,0253(brokerage business),29276,575
6,0096(brokerage business),3068,444,6,0151(brokerage business),24557,4,6,0151(brokerage business),24449,16
7,0272(brokerage business),2124,391,7,0081(brokerage business),17993,-52,7,0081(brokerage business),18076,-106
8,0139(brokerage business),1774,-194,8,0082(brokerage business),16140,3,8,0103(brokerage business),17319,461
9,0103(brokerage business),1458,495,9,0272(brokerage business),15963,-10,9,0272(brokerage business),16536,26
10,0069(brokerage business),1393,156,10,0268(brokerage business),15752,21,10,0082(brokerage business),16127,-71
11,0308(brokerage business),1309,747,11,0069(brokerage business),15614,-41,11,0069(brokerage business),16004,56
12,0081(brokerage business),1308,-38,12,0139(brokerage business),14618,-4,12,0268(brokerage business),14975,68
13,0177(brokerage business),1221,913,13,0103(brokerage business),14333,-289,13,0139(brokerage business),14592,20
14,0275(brokerage business),1131,206,14,0096(brokerage business),4185,-13,14,0096(brokerage business),4492,-827
15,0274(brokerage business),993,813,15,0275(brokerage business),3652,-464,15,0244(brokerage business),3548,-413
16,0244(brokerage business),953,876,16,0244(brokerage business),3567,-440,16,0178(brokerage business),3142,1
17,0151(brokerage business),914,-701,17,0019(brokerage business),3509,106,17,0123(brokerage business),3127,37
18,0019(brokerage business),748,372,18,0058(brokerage business),3184,0,18,0019(brokerage business),2881,-398
19,0159(brokerage business),723,178,19,0077(brokerage business),2320,6,19,0161(brokerage business),2834,40
20,0240(brokerage business),723,182,20,0274(brokerage business),2262,681,20,0275(brokerage business),2453,-15
Total,,61095,8025,Total,,331044,1100,Total,,338928,-1673
Ranking,Name of FF Member /OSBPs,Volume,Change from Previous Trading Day,Ranking,Name of FF Member /OSBPs,Long Position,Change from Previous Trading Day,Ranking,Name of FF Member /OSBPs,Short Position,Change from Previous Trading Day
Contract Code：rb2701,,,,,,,,,,2026-08-24,
1,0148(brokerage business),142550,34702,1,0148(brokerage business),158031,23437,1,0004(brokerage business),104953,3131
2,0004(brokerage business),103570,28044,2,0004(brokerage business),78917,11295,2,0239(brokerage business),69578,11592
3,0163(brokerage business),91488,10195,3,0103(brokerage business),62028,-551,3,0103(brokerage business),51432,910
4,0253(brokerage business),50316,23703,4,0163(brokerage business),51255,6998,4,0084(brokerage business),49935,17316
5,0275(brokerage business),40391,16669,5,0034(brokerage business),39766,-470,5,0148(brokerage business),37650,14735
6,0103(brokerage business),30335,-3970,6,0253(brokerage business),35271,2759,6,0163(brokerage business),35057,2244
7,0034(brokerage business),27077,-680,7,0272(brokerage business),30116,380,7,0274(brokerage business),27353,-7271
8,0274(brokerage business),21268,17969,8,0042(brokerage business),23042,-214,8,0275(brokerage business),23222,1902
9,0007(brokerage business),19299,14639,9,0123(brokerage business),20689,-1661,9,0277(brokerage business),20617,-765
10,0259(brokerage business),18619,4653,10,0238(brokerage business),20123,293,10,0184(brokerage business),19234,310
11,0084(brokerage business),17910,15074,11,0096(brokerage business),19703,-1833,11,0034(brokerage business),18327,1771
12,0239(brokerage business),17596,3651,12,0274(brokerage business),15746,-9431,12,0058(brokerage business),18207,2949
13,0042(brokerage business),12976,1048,13,0275(brokerage business),15449,-653,13,0007(brokerage business),17899,-2284
14,0123(brokerage business),12884,-14680,14,0125(brokerage business),11783,831,14,0253(brokerage business),17840,3447
15,0058(brokerage business),11104,6349,15,0019(brokerage business),11643,155,15,0272(brokerage business),16638,1214
16,0125(brokerage business),10549,4580,16,0153(brokerage business),11316,-1491,16,0003(brokerage business),15725,109
17,0272(brokerage business),10378,-1343,17,0009(brokerage business),11000,-1570,17,0335(brokerage business),14317,-3860
18,0059(brokerage business),9701,-1530,18,0151(brokerage business),10885,-161,18,0125(brokerage business),14136,2498
19,0081(brokerage business),8720,4075,19,0137(brokerage business),10366,217,19,0059(brokerage business),12797,-577
20,0268(brokerage business),8626,2263,20,0306(brokerage business),10124,5,20,0238(brokerage business),12470,1261
Total,,665357,165411,Total,,647253,28335,Total,,597387,50632
Ranking,Name of FF Member /OSBPs,Volume,Change from Previous Trading Day,Ranking,Name of FF Member /OSBPs,Long Position,Change from Previous Trading Day,Ranking,Name of FF Member /OSBPs,Short Position,Change from Previous Trading Day
Contract Code：rb2703,,,,,,,,,,2026-08-24,
1,0323(brokerage business),33738,31135,1,0323(brokerage business),35548,16864,1,0323(brokerage business),35462,16846
2,0163(brokerage business),10736,2253,2,0163(brokerage business),11770,-174,2,0163(brokerage business),11802,-56
3,0274(brokerage business),5747,5746,3,0103(brokerage business),8794,760,3,0103(brokerage business),9034,764
4,0148(brokerage business),2981,391,4,0082(brokerage business),8756,674,4,0082(brokerage business),8781,644
5,0268(brokerage business),2050,895,5,0004(brokerage business),8723,481,5,0004(brokerage business),8686,392
6,0139(brokerage business),1814,1234,6,0253(brokerage business),8660,446,6,0253(brokerage business),8634,485
7,0081(brokerage business),1809,1089,7,0151(brokerage business),8164,729,7,0151(brokerage business),8079,658
8,0308(brokerage business),1584,1249,8,0268(brokerage business),7639,0,8,0268(brokerage business),7548,8
9,0103(brokerage business),1540,693,9,0148(brokerage business),7344,197,9,0148(brokerage business),7038,264
10,0096(brokerage business),1534,184,10,0096(brokerage business),6868,145,10,0096(brokerage business),6911,147
11,0151(brokerage business),1389,502,11,0139(brokerage business),6045,263,11,0139(brokerage business),5995,263
12,0253(brokerage business),1383,181,12,0081(brokerage business),5751,806,12,0081(brokerage business),5758,855
13,0275(brokerage business),1369,876,13,0272(brokerage business),5408,272,13,0272(brokerage business),5347,211
14,0082(brokerage business),1354,1000,14,0069(brokerage business),4551,7,14,0069(brokerage business),4502,5
15,0004(brokerage business),1091,-109,15,0138(brokerage business),3254,0,15,0274(brokerage business),3786,3000
16,0272(brokerage business),723,-882,16,0274(brokerage business),2747,2747,16,0138(brokerage business),3250,0
17,0069(brokerage business),390,-40,17,0254(brokerage business),780,170,17,0254(brokerage business),781,170
18,0034(brokerage business),362,293,18,0275(brokerage business),548,-34,18,0263(brokerage business),469,0
19,0254(brokerage business),340,-60,19,0034(brokerage business),350,-213,19,0084(brokerage business),400,0
20,0240(brokerage business),187,108,20,0240(brokerage business),203,81,20,0007(brokerage business),357,-5
Total,,72121,46738,Total,,141903,24221,Total,,142620,24651
Member/OSP Type,Total Volume,Change from Previous Trading Day,Member/OSP Type,Total Long Position,Change from Previous Trading Day,Member/OSP Type,Total Short Position,Change from Previous Trading Day,,,
Contract Code：hcall,,,,,,,2026-08-24,,,,
Name of FF Member/OSBP,1711870,739532,Name of FF Member/OSBP,2039149,17872,Name of FF Member/OSBP,2039149,17872,,,
Name of Non-FF Member/OSNBP,0,0,Name of Non-FF Member/OSNBP,0,0,Name of Non-FF Member/OSNBP,0,0,,,
Ranking,Name of FF Member /OSBPs,Volume,Change from Previous Trading Day,Ranking,Name of FF Member /OSBPs,Long Position,Change from Previous Trading Day,Ranking,Name of FF Member /OSBPs,Short Position,Change from Previous Trading Day
Contract Code：hc2609,,,,,,,,,,2026-08-24,
1,0268(brokerage business),839,331,1,0125(brokerage business),1770,300,1,0004(brokerage business),1841,-286
2,0161(brokerage business),751,456,2,0163(brokerage business),1193,-34,2,0159(brokerage business),1581,-35
3,0274(brokerage business),723,524,3,0274(brokerage business),1067,-348,3,0274(brokerage business),1015,-375
4,0163(brokerage business),551,-886,4,0004(brokerage business),961,-174,4,0240(brokerage business),951,1
5,0004(brokerage business),462,-133,5,0076(brokerage business),750,0,5,0008(brokerage business),813,18
6,0125(brokerage business),439,20,6,0151(brokerage business),695,-4,6,0171(brokerage business),630,-30
7,0159(brokerage business),335,106,7,0272(brokerage business),687,-12,7,0022(brokerage business),500,0
8,0148(brokerage business),243,205,8,0137(brokerage business),432,-4,8,0137(brokerage business),416,-2
9,0139(brokerage business),226,194,9,0148(brokerage business),397,-29,9,0077(brokerage business),378,0
10,0171(brokerage business),174,173,10,0161(brokerage business),191,-4,10,0042(brokerage business),298,-2
11,0103(brokerage business),164,55,11,0253(brokerage business),140,-7,11,0067(brokerage business),180,0
12,0338(brokerage business),155,155,12,0103(brokerage business),134,0,12,0148(brokerage business),161,-6
13,0081(brokerage business),154,152,13,0069(brokerage business),125,0,13,0125(brokerage business),151,139
14,0178(brokerage business),128,106,14,0043(brokerage business),120,28,14,0253(brokerage business),130,4
15,0240(brokerage business),124,110,15,0275(brokerage business),100,0,15,0096(brokerage business),121,1
16,0048(brokerage business),123,119,16,0014(brokerage business),84,0,16,0272(brokerage business),70,-1
17,0096(brokerage business),84,-130,17,0240(brokerage business),72,1,17,0268(brokerage business),61,7
18,0323(brokerage business),71,38,18,0308(brokerage business),69,-8,18,0019(brokerage business),60,0
19,0308(brokerage business),50,47,19,0081(brokerage business),55,-100,19,0163(brokerage business),54,-91
20,0312(brokerage business),50,50,20,0157(brokerage business),55,-27,20,0275(brokerage business),48,0
Total,,5846,1692,Total,,9097,-422,Total,,9459,-658
Ranking,Name of FF Member /OSBPs,Volume,Change from Previous Trading Day,Ranking,Name of FF Member /OSBPs,Long Position,Change from Previous Trading Day,Ranking,Name of FF Member /OSBPs,Short Position,Change from Previous Trading Day
Contract Code：hc2610,,,,,,,,,,2026-08-24,
1,0004(brokerage business),140481,68811,1,0004(brokerage business),160972,-26460,1,0004(brokerage business),124700,-8327
2,0163(brokerage business),135436,55697,2,0163(brokerage business),65333,7993,2,0148(brokerage business),124657,-7304
3,0148(brokerage business),123334,51387,3,0103(brokerage business),53442,-8744,3,0272(brokerage business),52738,-3051
4,0253(brokerage business),73176,40690,4,0042(brokerage business),49204,-8667,4,0058(brokerage business),45966,92
5,0275(brokerage business),42900,18072,5,0148(brokerage business),44286,-13254,5,0259(brokerage business),42124,978
6,0272(brokerage business),40956,19849,6,0272(brokerage business),39378,-1193,6,0163(brokerage business),36528,-5559
7,0081(brokerage business),23928,13070,7,0009(brokerage business),38403,-6540,7,0275(brokerage business),36244,-2047
8,0103(brokerage business),21599,2411,8,0253(brokerage business),30498,-1175,8,0253(brokerage business),34463,5217
9,0239(brokerage business),20494,5228,9,0059(brokerage business),28452,-159,9,0239(brokerage business),34325,-15973
10,0042(brokerage business),19543,12757,10,0275(brokerage business),23363,-2607,10,0103(brokerage business),28276,99
11,0268(brokerage business),17302,11332,11,0125(brokerage business),22098,-1596,11,0335(brokerage business),20077,-3749
12,0259(brokerage business),16161,8239,12,0034(brokerage business),21434,-4913,12,0125(brokerage business),17527,106
13,0034(brokerage business),14764,437,13,0123(brokerage business),19765,-3417,13,0042(brokerage business),17501,-1884
14,0123(brokerage business),14405,9843,14,0058(brokerage business),19688,-3933,14,0019(brokerage business),17489,-74
15,0007(brokerage business),13896,7830,15,0019(brokerage business),18804,-632,15,0034(brokerage business),16450,-2877
16,0137(brokerage business),13360,7459,16,0268(brokerage business),18278,2211,16,0123(brokerage business),16255,678
17,0125(brokerage business),12194,5673,17,0081(brokerage business),16996,-3211,17,0059(brokerage business),15596,-3903
18,0067(brokerage business),12126,8780,18,0240(brokerage business),11663,1441,18,0153(brokerage business),15235,-1171
19,0058(brokerage business),11799,5210,19,0288(brokerage business),11498,442,19,0082(brokerage business),14952,-1262
20,0240(brokerage business),11181,6425,20,0277(brokerage business),10997,-1456,20,0009(brokerage business),14572,307
Total,,779035,359200,Total,,704552,-75870,Total,,725675,-49704
Ranking,Name of FF Member /OSBPs,Volume,Change from Previous Trading Day,Ranking,Name of FF Member /OSBPs,Long Position,Change from Previous Trading Day,Ranking,Name of FF Member /OSBPs,Short Position,Change from Previous Trading Day
Contract Code：hc2611,,,,,,,,,,2026-08-24,
1,0163(brokerage business),14592,5810,1,0148(brokerage business),46691,-20,1,0323(brokerage business),46741,14
2,0253(brokerage business),13352,2637,2,0323(brokerage business),46656,-9,2,0240(brokerage business),35247,681
3,0148(brokerage business),12116,3445,3,0240(brokerage business),33393,392,3,0148(brokerage business),30461,64
4,0240(brokerage business),4427,1180,4,0178(brokerage business),27723,1320,4,0268(brokerage business),26318,-202
5,0034(brokerage business),4058,2039,5,0268(brokerage business),26275,-224,5,0004(brokerage business),26263,-453
6,0268(brokerage business),4006,319,6,0004(brokerage business),26154,147,6,0178(brokerage business),24173,1372
7,0004(brokerage business),3848,1117,7,0081(brokerage business),23724,17,7,0081(brokerage business),24021,-20
8,0048(brokerage business),3734,196,8,0161(brokerage business),22135,23,8,0048(brokerage business),22034,5
9,0178(brokerage business),3214,1378,9,0048(brokerage business),22004,3,9,0161(brokerage business),22009,-22
10,0081(brokerage business),2459,-1370,10,0139(brokerage business),20002,0,10,0139(brokerage business),19728,15
11,0084(brokerage business),2158,1218,11,0253(brokerage business),18182,-1582,11,0253(brokerage business),17856,-1780
12,0103(brokerage business),1961,-8335,12,0137(brokerage business),14026,20,12,0137(brokerage business),14922,92
13,0275(brokerage business),1458,-4840,13,0103(brokerage business),11370,-1051,13,0103(brokerage business),10454,-680
14,0123(brokerage business),1410,-1630,14,0019(brokerage business),7552,5,14,0019(brokerage business),7574,-12
15,0067(brokerage business),1366,1346,15,0034(brokerage business),3698,1891,15,0034(brokerage business),4115,2055
16,0139(brokerage business),1349,-198,16,0077(brokerage business),2438,5,16,0042(brokerage business),3646,502
17,0272(brokerage business),1276,930,17,0115(brokerage business),1750,0,17,0008(brokerage business),3360,599
18,0177(brokerage business),1100,1092,18,0151(brokerage business),1633,-278,18,0171(brokerage business),2670,569
19,0137(brokerage business),960,270,19,0134(brokerage business),1538,0,19,0077(brokerage business),2466,1
20,0161(brokerage business),929,-364,20,0275(brokerage business),1072,-18,20,0084(brokerage business),1910,-2158
Total,,79773,6240,Total,,358016,641,Total,,345968,642
Ranking,Name of FF Member /OSBPs,Volume,Change from Previous Trading Day,Ranking,Name of FF Member /OSBPs,Long Position,Change from Previous Trading Day,Ranking,Name of FF Member /OSBPs,Short Position,Change from Previous Trading Day
Contract Code：hc2701,,,,,,,,,,2026-08-24,
1,0004(brokerage business),81711,34575,1,0004(brokerage business),119356,28155,1,0004(brokerage business),106468,17462
2,0163(brokerage business),78337,40234,2,0042(brokerage business),102506,8204,2,0163(brokerage business),48719,5966
3,0148(brokerage business),58283,22005,3,0148(brokerage business),54992,9745,3,0058(brokerage business),39154,10794
4,0253(brokerage business),24265,11285,4,0163(brokerage business),37472,2263,4,0272(brokerage business),34468,7086
5,0103(brokerage business),20498,14241,5,0103(brokerage business),26678,9209,5,0239(brokerage business),31184,3265
6,0042(brokerage business),16352,6674,6,0253(brokerage business),25181,4680,6,0148(brokerage business),27225,1850
7,0275(brokerage business),16103,1025,7,0009(brokerage business),23984,8841,7,0103(brokerage business),25665,2559
8,0123(brokerage business),15659,13257,8,0058(brokerage business),16994,2982,8,0275(brokerage business),23421,4253
9,0058(brokerage business),14626,8827,9,0275(brokerage business),16302,-454,9,0253(brokerage business),18852,333
10,0239(brokerage business),11923,4946,10,0272(brokerage business),15772,47,10,0084(brokerage business),16230,6299
11,0009(brokerage business),11274,4146,11,0082(brokerage business),14969,-86,11,0034(brokerage business),15990,3439
12,0272(brokerage business),10857,3205,12,0034(brokerage business),14411,1001,12,0003(brokerage business),15670,2589
13,0034(brokerage business),8334,5058,13,0274(brokerage business),10727,64,13,0059(brokerage business),15028,1144
14,0007(brokerage business),7596,5412,14,0123(brokerage business),9403,6908,14,0123(brokerage business),13206,4761
15,0084(brokerage business),7209,6743,15,0003(brokerage business),8535,357,15,0009(brokerage business),10919,1687
16,0259(brokerage business),7121,4057,16,0096(brokerage business),7849,181,16,0002(brokerage business),10853,3793
17,0335(brokerage business),6845,1771,17,0335(brokerage business),7397,4277,17,0277(brokerage business),10495,129
18,0059(brokerage business),6058,3549,18,0081(brokerage business),7305,199,18,0305(brokerage business),9063,0
19,0308(brokerage business),5756,3496,19,0137(brokerage business),6481,-1187,19,0096(brokerage business),8879,914
20,0274(brokerage business),5113,1275,20,0095(brokerage business),6309,206,20,0125(brokerage business),8185,1867
Total,,413920,195781,Total,,532623,85592,Total,,489674,80190
Member/OSP Type,Total Volume,Change from Previous Trading Day,Member/OSP Type,Total Long Position,Change from Previous Trading Day,Member/OSP Type,Total Short Position,Change from Previous Trading Day,,,
Contract Code：ssall,,,,,,,2026-08-24,,,,
Name of FF Member/OSBP,353428,-75980,Name of FF Member/OSBP,143513,-5010,Name of FF Member/OSBP,143513,-5010,,,
Name of Non-FF Member/OSNBP,0,0,Name of Non-FF Member/OSNBP,0,0,Name of Non-FF Member/OSNBP,0,0,,,
Ranking,Name of FF Member /OSBPs,Volume,Change from Previous Trading Day,Ranking,Name of FF Member /OSBPs,Long Position,Change from Previous Trading Day,Ranking,Name of FF Member /OSBPs,Short Position,Change from Previous Trading Day
Contract Code：ss2609,,,,,,,,,,2026-08-24,
1,0004(brokerage business),1829,345,1,0148(brokerage business),2077,-84,1,0148(brokerage business),2781,-138
2,0148(brokerage business),1598,-291,2,0004(brokerage business),1958,-513,2,0004(brokerage business),1186,-120
3,0163(brokerage business),1322,92,3,0272(brokerage business),1349,-106,3,0253(brokerage business),701,83
4,0308(brokerage business),836,672,4,0043(brokerage business),707,-43,4,0151(brokerage business),636,-4
5,0253(brokerage business),810,173,5,0253(brokerage business),449,-49,5,0049(brokerage business),538,-53
6,0042(brokerage business),671,617,6,0163(brokerage business),436,-67,6,0003(brokerage business),512,-131
7,0081(brokerage business),648,401,7,0240(brokerage business),354,-14,7,0018(brokerage business),482,-63
8,0274(brokerage business),633,120,8,0018(brokerage business),352,-210,8,0274(brokerage business),470,-178
9,0275(brokerage business),630,-234,9,0059(brokerage business),333,-6,9,0372(brokerage business),425,-1
10,0136(brokerage business),400,377,10,0008(brokerage business),306,-14,10,0335(brokerage business),417,-2
11,0018(brokerage business),349,115,11,0298(brokerage business),281,-6,11,0240(brokerage business),395,-21
12,0003(brokerage business),239,170,12,0389(brokerage business),250,-18,12,0163(brokerage business),383,-471
13,0272(brokerage business),217,101,13,0081(brokerage business),248,-6,13,0272(brokerage business),379,-55
14,0277(brokerage business),202,-18,14,0295(brokerage business),191,-1,14,0038(brokerage business),350,-1
15,0096(brokerage business),164,116,15,0125(brokerage business),182,-58,15,0007(brokerage business),307,0
16,0153(brokerage business),126,80,16,0161(brokerage business),168,-3,16,0153(brokerage business),250,-56
17,0103(brokerage business),117,111,17,0123(brokerage business),167,-23,17,0076(brokerage business),193,-20
18,0240(brokerage business),81,21,18,0276(brokerage business),114,-46,18,0244(brokerage business),182,0
19,0049(brokerage business),65,58,19,0139(brokerage business),113,0,19,0349(brokerage business),179,52
20,0069(brokerage business),65,4,20,0308(brokerage business),112,-45,20,0316(brokerage business),162,0
Total,,11002,3030,Total,,10147,-1312,Total,,10928,-1179
Ranking,Name of FF Member /OSBPs,Volume,Change from Previous Trading Day,Ranking,Name of FF Member /OSBPs,Long Position,Change from Previous Trading Day,Ranking,Name of FF Member /OSBPs,Short Position,Change from Previous Trading Day
Contract Code：ss2610,,,,,,,,,,2026-08-24,
1,0163(brokerage business),53828,-13109,1,0004(brokerage business),10293,-143,1,0148(brokerage business),16798,-141
2,0004(brokerage business),47775,-8297,2,0148(brokerage business),8852,-503,2,0163(brokerage business),9548,-778
3,0148(brokerage business),28208,-4740,3,0163(brokerage business),8641,-906,3,0004(brokerage business),8895,230
4,0272(brokerage business),19243,1414,4,0253(brokerage business),7433,-861,4,0253(brokerage business),6737,-183
5,0253(brokerage business),18250,-8178,5,0272(brokerage business),4607,236,5,0272(brokerage business),4054,87
6,0081(brokerage business),13327,321,6,0240(brokerage business),4008,152,6,0240(brokerage business),3769,134
7,0275(brokerage business),9956,-24225,7,0018(brokerage business),3915,-161,7,0003(brokerage business),3358,519
8,0240(brokerage business),8230,-471,8,0239(brokerage business),3488,2171,8,0335(brokerage business),3290,-1073
9,0298(brokerage business),7906,-334,9,0288(brokerage business),3275,-172,9,0137(brokerage business),2399,-119
10,0259(brokerage business),7533,802,10,0103(brokerage business),3191,72,10,0239(brokerage business),2344,-1488
11,0018(brokerage business),6562,2285,11,0123(brokerage business),2784,-553,11,0161(brokerage business),2342,106
12,0082(brokerage business),4228,-579,12,0125(brokerage business),2606,10,12,0139(brokerage business),1996,-967
13,0239(brokerage business),3763,723,13,0082(brokerage business),2545,-1722,13,0069(brokerage business),1990,-296
14,0069(brokerage business),3637,1220,14,0298(brokerage business),2335,-182,14,0308(brokerage business),1957,59
15,0034(brokerage business),3102,-2138,15,0268(brokerage business),2313,373,15,0059(brokerage business),1889,136
16,0123(brokerage business),3101,-3544,16,0003(brokerage business),2239,-82,16,0018(brokerage business),1828,121
17,0151(brokerage business),2719,300,17,0323(brokerage business),2031,-22,17,0123(brokerage business),1820,-106
18,0103(brokerage business),2482,-1457,18,0034(brokerage business),1917,-42,18,0259(brokerage business),1721,-15
19,0268(brokerage business),2481,-465,19,0096(brokerage business),1784,139,19,0288(brokerage business),1667,119
20,0335(brokerage business),1887,-1846,20,0008(brokerage business),1635,12,20,0103(brokerage business),1502,-36
Total,,248218,-62318,Total,,79892,-2184,Total,,79904,-3691
Ranking,Name of FF Member /OSBPs,Volume,Change from Previous Trading Day,Ranking,Name of FF Member /OSBPs,Long Position,Change from Previous Trading Day,Ranking,Name of FF Member /OSBPs,Short Position,Change from Previous Trading Day
Contract Code：lu2609,,,,,,,,,,2026-08-24,
1,8271(brokerage business),1310,955,1,8103(brokerage business),700,-568,1,8023(brokerage business),228,-273
2,8018(brokerage business),725,489,2,8319(brokerage business),420,-151,2,8069(brokerage business),114,19
3,8103(brokerage business),625,236,3,8004(brokerage business),304,-187,3,8081(brokerage business),77,-64
4,8163(brokerage business),596,373,4,8077(brokerage business),100,0,4,8316(brokerage business),33,0
5,8004(brokerage business),494,-160,5,8069(brokerage business),22,21,5,8163(brokerage business),30,-35
6,8186(brokerage business),473,147,6,8137(brokerage business),18,0,6,8137(brokerage business),16,-52
7,8253(brokerage business),429,407,7,8268(brokerage business),5,5,7,8161(brokerage business),14,11
8,8275(brokerage business),341,228,8,8096(brokerage business),4,0,8,8311(brokerage business),14,-21
9,8272(brokerage business),328,216,9,8134(brokerage business),4,-11,9,8253(brokerage business),12,-25
10,8081(brokerage business),320,131,10,8081(brokerage business),3,-16,10,8004(brokerage business),9,-169
11,8333(brokerage business),320,238,11,8148(brokerage business),3,-101,11,8186(brokerage business),8,-30
12,8299(brokerage business),289,242,12,8320(brokerage business),3,-3,12,8019(brokerage business),7,-14
13,8023(brokerage business),275,275,13,8009(brokerage business),1,1,13,8240(brokerage business),6,-75
14,8148(brokerage business),251,-41,14,8288(brokerage business),1,-7,14,8148(brokerage business),5,-116
15,8069(brokerage business),248,165,15,,,,15,8274(brokerage business),4,-2
16,8240(brokerage business),247,103,16,,,,16,8272(brokerage business),2,-264
17,8169(brokerage business),208,168,17,,,,17,8288(brokerage business),2,-23
18,8308(brokerage business),187,31,18,,,,18,8349(brokerage business),2,2
19,8151(brokerage business),167,118,19,,,,19,8022(brokerage business),1,-27
20,8319(brokerage business),151,79,20,,,,20,8034(brokerage business),1,-22
Total,,7984,4400,Total,,1588,-1017,Total,,585,-1180
Ranking,Name of FF Member /OSBPs,Volume,Change from Previous Trading Day,Ranking,Name of FF Member /OSBPs,Long Position,Change from Previous Trading Day,Ranking,Name of FF Member /OSBPs,Short Position,Change from Previous Trading Day
Contract Code：lu2610,,,,,,,,,,2026-08-24,
1,8163(brokerage business),39494,9045,1,8004(brokerage business),8057,376,1,8004(brokerage business),10742,-168
2,8148(brokerage business),33574,1144,2,8148(brokerage business),7699,-2,2,8372(brokerage business),8373,880
3,8004(brokerage business),29238,5267,3,8163(brokerage business),6074,770,3,8148(brokerage business),7600,152
4,8253(brokerage business),18623,6453,4,8288(brokerage business),2712,-248,4,8103(brokerage business),7441,-194
5,8123(brokerage business),13135,3444,5,8335(brokerage business),2378,-182,5,8163(brokerage business),6297,-1122
6,8081(brokerage business),8018,2175,6,8253(brokerage business),2273,-265,6,8272(brokerage business),3895,441
7,8275(brokerage business),6458,1446,7,8268(brokerage business),2003,-21,7,8096(brokerage business),2184,-423
8,8272(brokerage business),6038,-5843,8,8103(brokerage business),1997,-13,8,8319(brokerage business),2067,-281
9,8308(brokerage business),4913,2574,9,8082(brokerage business),1966,-83,9,8123(brokerage business),2052,426
10,8298(brokerage business),4736,734,10,8240(brokerage business),1960,20,10,8333(brokerage business),2009,14
11,8240(brokerage business),4367,951,11,8272(brokerage business),1941,-195,11,8018(brokerage business),1938,-15
12,8186(brokerage business),4363,363,12,8184(brokerage business),1925,-166,12,8082(brokerage business),1693,91
13,8161(brokerage business),4249,569,13,8161(brokerage business),1570,-43,13,8253(brokerage business),1281,-446
14,8034(brokerage business),3577,2285,14,8086(brokerage business),1499,123,14,8298(brokerage business),1253,127
15,8069(brokerage business),3053,427,15,8018(brokerage business),1492,136,15,8268(brokerage business),1094,-88
16,8043(brokerage business),3032,313,16,8274(brokerage business),1475,38,16,8034(brokerage business),1010,-33
17,8096(brokerage business),2869,964,17,8239(brokerage business),1448,-259,17,8059(brokerage business),961,-581
18,8018(brokerage business),2741,1503,18,8081(brokerage business),1285,75,18,8089(brokerage business),922,599
19,8259(brokerage business),2513,552,19,8151(brokerage business),1211,-207,19,8177(brokerage business),878,-248
20,8288(brokerage business),2496,156,20,8153(brokerage business),1174,292,20,8288(brokerage business),865,-98
Total,,197487,34522,Total,,52139,146,Total,,64555,-967
Ranking,Name of FF Member /OSBPs,Volume,Change from Previous Trading Day,Ranking,Name of FF Member /OSBPs,Long Position,Change from Previous Trading Day,Ranking,Name of FF Member /OSBPs,Short Position,Change from Previous Trading Day
Contract Code：lu2611,,,,,,,,,,2026-08-24,
1,8163(brokerage business),17522,942,1,8184(brokerage business),11083,-500,1,8004(brokerage business),7321,67
2,8148(brokerage business),13343,-40,2,8081(brokerage business),6046,60,2,7002(brokerage business),5820,0
3,8004(brokerage business),11275,5487,3,8004(brokerage business),3883,230,3,8239(brokerage business),5123,385
4,8253(brokerage business),10653,1424,4,8239(brokerage business),3617,-91,4,8148(brokerage business),4456,566
5,8275(brokerage business),7383,2119,5,8148(brokerage business),3406,409,5,8059(brokerage business),3382,247
6,8096(brokerage business),7304,957,6,8163(brokerage business),1962,-1192,6,8163(brokerage business),3235,-676
7,8123(brokerage business),3771,682,7,8333(brokerage business),1815,66,7,8253(brokerage business),2705,67
8,8081(brokerage business),2958,587,8,8084(brokerage business),1775,16,8,8103(brokerage business),2279,520
9,8103(brokerage business),2403,738,9,8335(brokerage business),1602,510,9,8272(brokerage business),2080,-427
10,8240(brokerage business),2014,376,10,8274(brokerage business),1595,42,10,8096(brokerage business),2015,-485
11,8141(brokerage business),1984,242,11,8103(brokerage business),1513,275,11,8372(brokerage business),1111,-901
12,8372(brokerage business),1966,267,12,8034(brokerage business),1128,220,12,8177(brokerage business),1051,209
13,8239(brokerage business),1954,-518,13,8018(brokerage business),1037,747,13,8319(brokerage business),974,6
14,8272(brokerage business),1855,608,14,8288(brokerage business),901,144,14,8275(brokerage business),871,0
15,8335(brokerage business),1810,224,15,8161(brokerage business),760,-5,15,8042(brokerage business),538,-297
16,8069(brokerage business),1742,210,16,8253(brokerage business),742,4,16,8254(brokerage business),507,-1
17,8308(brokerage business),1709,584,17,8268(brokerage business),726,-3,17,8023(brokerage business),453,280
18,8288(brokerage business),1625,195,18,8240(brokerage business),580,-21,18,8018(brokerage business),441,77
19,8059(brokerage business),1486,-1109,19,8137(brokerage business),463,36,19,8125(brokerage business),427,-210
20,8268(brokerage business),1331,368,20,8082(brokerage business),393,162,20,8169(brokerage business),400,399
Total,,96088,14343,Total,,45027,1109,Total,,45189,-174
Member/OSP Type,Total Volume,Change from Previous Trading Day,Member/OSP Type,Total Long Position,Change from Previous Trading Day,Member/OSP Type,Total Short Position,Change from Previous Trading Day,,,
Contract Code：fuall,,,,,,,2026-08-24,,,,
Name of FF Member/OSBP,2766694,623230,Name of FF Member/OSBP,506381,-41937,Name of FF Member/OSBP,506379,-41937,,,
Name of Non-FF Member/OSNBP,0,0,Name of Non-FF Member/OSNBP,0,0,Name of Non-FF Member/OSNBP,2,0,,,
Ranking,Name of FF Member /OSBPs,Volume,Change from Previous Trading Day,Ranking,Name of FF Member /OSBPs,Long Position,Change from Previous Trading Day,Ranking,Name of FF Member /OSBPs,Short Position,Change from Previous Trading Day
Contract Code：fu2609,,,,,,,,,,2026-08-24,
1,0163(brokerage business),39886,-11183,1,0004(brokerage business),2484,-3071,1,0148(brokerage business),1712,-2793
2,0275(brokerage business),35703,12316,2,0103(brokerage business),1023,-5692,2,0004(brokerage business),890,-1323
3,0148(brokerage business),33299,-8096,3,0163(brokerage business),1020,-1866,3,0268(brokerage business),478,-342
4,0004(brokerage business),27476,-24278,4,0253(brokerage business),1000,-1898,4,0081(brokerage business),419,-547
5,0323(brokerage business),17873,11741,5,0148(brokerage business),548,-2902,5,0240(brokerage business),385,-1597
6,0271(brokerage business),12595,10705,6,0123(brokerage business),503,-600,6,0272(brokerage business),356,-1149
7,0240(brokerage business),11007,-16076,7,0075(brokerage business),500,0,7,0389(brokerage business),282,167
8,0272(brokerage business),10196,-7757,8,0096(brokerage business),500,-569,8,0034(brokerage business),271,-1488
9,0268(brokerage business),9429,-5125,9,0125(brokerage business),500,-218,9,0077(brokerage business),256,-417
10,0103(brokerage business),8849,5580,10,0081(brokerage business),389,-182,10,0043(brokerage business),253,-451
11,0034(brokerage business),8693,-431,11,0018(brokerage business),293,-2179,11,0058(brokerage business),226,-123
12,0308(brokerage business),7979,971,12,0069(brokerage business),220,-366,12,0103(brokerage business),220,-547
13,0259(brokerage business),7738,4127,13,0042(brokerage business),158,-420,13,0275(brokerage business),216,-1180
14,0186(brokerage business),7453,410,14,0049(brokerage business),145,-97,14,0311(brokerage business),213,23
15,0319(brokerage business),6177,4820,15,0137(brokerage business),107,-634,15,0186(brokerage business),205,-940
16,0253(brokerage business),5814,-6577,16,0343(brokerage business),72,0,16,0163(brokerage business),195,-1664
17,0019(brokerage business),5425,1344,17,0299(brokerage business),63,-524,17,0042(brokerage business),192,-1204
18,0288(brokerage business),5081,1764,18,0308(brokerage business),27,-211,18,0007(brokerage business),188,-337
19,0137(brokerage business),4988,-1102,19,0274(brokerage business),20,-372,19,0161(brokerage business),163,-386
20,0333(brokerage business),4540,3953,20,0108(brokerage business),18,-22,20,0137(brokerage business),162,-858
Total,,270201,-22894,Total,,9590,-21823,Total,,7282,-17156
Ranking,Name of FF Member /OSBPs,Volume,Change from Previous Trading Day,Ranking,Name of FF Member /OSBPs,Long Position,Change from Previous Trading Day,Ranking,Name of FF Member /OSBPs,Short Position,Change from Previous Trading Day
Contract Code：fu2610,,,,,,,,,,2026-08-24,
1,0275(brokerage business),37138,13257,1,0163(brokerage business),6997,488,1,0004(brokerage business),3136,-387
2,0148(brokerage business),33265,3970,2,0004(brokerage business),5823,-967,2,0148(brokerage business),3102,257
3,0163(brokerage business),32273,10507,3,0148(brokerage business),5099,450,3,0163(brokerage business),2965,-389
4,0004(brokerage business),25190,13399,4,0103(brokerage business),3565,-246,4,0034(brokerage business),2847,-78
5,0123(brokerage business),20445,3237,5,0253(brokerage business),2913,525,5,0253(brokerage business),2442,-163
6,0253(brokerage business),15838,12374,6,0034(brokerage business),2592,23,6,0137(brokerage business),2329,401
7,0240(brokerage business),13540,8604,7,0275(brokerage business),2086,275,7,0268(brokerage business),2250,162
8,0161(brokerage business),12483,5058,8,0272(brokerage business),1989,-321,8,0298(brokerage business),2205,300
9,0268(brokerage business),9864,4266,9,0069(brokerage business),1929,-85,9,0123(brokerage business),2185,507
10,0272(brokerage business),8236,2454,10,0123(brokerage business),1750,-228,10,0275(brokerage business),2100,-219
11,0081(brokerage business),7085,4882,11,0137(brokerage business),1724,-17,11,0240(brokerage business),2068,233
12,0308(brokerage business),6932,2677,12,0082(brokerage business),1642,-299,12,0069(brokerage business),2030,-223
13,0298(brokerage business),6150,1315,13,0008(brokerage business),1477,-42,13,0103(brokerage business),1698,-866
14,0069(brokerage business),5380,957,14,0151(brokerage business),1416,85,14,0077(brokerage business),1570,-323
15,0059(brokerage business),4994,2595,15,0308(brokerage business),807,158,15,0008(brokerage business),1477,-38
16,0299(brokerage business),4835,2375,16,0268(brokerage business),803,50,16,0372(brokerage business),1218,-999
17,0137(brokerage business),4402,1986,17,0086(brokerage business),773,132,17,0272(brokerage business),1203,165
18,0034(brokerage business),4299,762,18,0389(brokerage business),722,160,18,0288(brokerage business),1129,261
19,0103(brokerage business),4126,2420,19,0372(brokerage business),669,328,19,0081(brokerage business),1085,287
20,0009(brokerage business),3979,577,20,0153(brokerage business),662,120,20,0067(brokerage business),1055,35
Total,,260454,97672,Total,,45438,589,Total,,40094,-1077
Ranking,Name of FF Member /OSBPs,Volume,Change from Previous Trading Day,Ranking,Name of FF Member /OSBPs,Long Position,Change from Previous Trading Day,Ranking,Name of FF Member /OSBPs,Short Position,Change from Previous Trading Day
Contract Code：fu2611,,,,,,,,,,2026-08-24,
1,0004(brokerage business),227974,67966,1,0004(brokerage business),27732,1603,1,0004(brokerage business),43108,-445
2,0148(brokerage business),187407,70821,2,0148(brokerage business),25544,1053,2,0148(brokerage business),18335,-1180
3,0163(brokerage business),178912,61195,3,0163(brokerage business),21094,-588,3,0163(brokerage business),18049,-3858
4,0275(brokerage business),128880,23250,4,0253(brokerage business),12860,-521,4,0103(brokerage business),13443,-3488
5,0240(brokerage business),72780,19780,5,0272(brokerage business),9486,234,5,0253(brokerage business),11563,-657
6,0081(brokerage business),65833,21246,6,0239(brokerage business),8654,-542,6,0272(brokerage business),9492,501
7,0253(brokerage business),65410,7489,7,0137(brokerage business),8433,651,7,0034(brokerage business),9111,220
8,0123(brokerage business),50258,5772,8,0161(brokerage business),7837,-294,8,0275(brokerage business),8976,1970
9,0272(brokerage business),41043,-11273,9,0034(brokerage business),7246,-653,9,0137(brokerage business),6402,-240
10,0161(brokerage business),32886,16744,10,0335(brokerage business),6993,-776,10,0298(brokerage business),6244,1429
11,0298(brokerage business),32789,9631,11,0103(brokerage business),6739,-913,11,0372(brokerage business),6114,-2814
12,0268(brokerage business),32348,7457,12,0275(brokerage business),6286,652,12,0161(brokerage business),5960,102
13,0259(brokerage business),31958,13784,13,0059(brokerage business),6108,315,13,0069(brokerage business),5948,-865
14,0009(brokerage business),31361,5329,14,0240(brokerage business),6087,-593,14,0268(brokerage business),5396,743
15,0308(brokerage business),27602,2267,15,0268(brokerage business),5937,297,15,0319(brokerage business),4949,-3034
16,0186(brokerage business),25566,5226,16,0069(brokerage business),5643,289,16,0178(brokerage business),4831,747
17,0034(brokerage business),23901,571,17,0081(brokerage business),4932,753,17,0009(brokerage business),4701,-48
18,0137(brokerage business),21197,7460,18,0123(brokerage business),4930,-54,18,0288(brokerage business),4651,575
19,0096(brokerage business),19671,5668,19,0178(brokerage business),4811,583,19,0008(brokerage business),4560,-52
20,0059(brokerage business),18356,5693,20,0008(brokerage business),4519,13,20,0059(brokerage business),4451,257
Total,,1316132,346076,Total,,191871,1509,Total,,196284,-10137
Ranking,Name of FF Member /OSBPs,Volume,Change from Previous Trading Day,Ranking,Name of FF Member /OSBPs,Long Position,Change from Previous Trading Day,Ranking,Name of FF Member /OSBPs,Short Position,Change from Previous Trading Day
Contract Code：fu2701,,,,,,,,,,2026-08-24,
1,0275(brokerage business),26068,11195,1,0272(brokerage business),11430,80,1,0004(brokerage business),13822,-560
2,0163(brokerage business),19293,1724,2,0004(brokerage business),8671,281,2,0372(brokerage business),9886,-6
3,0148(brokerage business),19136,6759,3,0335(brokerage business),5654,40,3,0272(brokerage business),7641,-374
4,0272(brokerage business),10966,4034,4,0148(brokerage business),5096,-763,4,0148(brokerage business),7148,545
5,0123(brokerage business),9965,2514,5,0084(brokerage business),4163,239,5,0163(brokerage business),3633,293
6,0004(brokerage business),9321,3820,6,0163(brokerage business),3845,46,6,0240(brokerage business),3161,18
7,0308(brokerage business),6166,3359,7,0253(brokerage business),3497,130,7,0103(brokerage business),3001,146
8,0253(brokerage business),3702,2445,8,0123(brokerage business),2925,213,8,0253(brokerage business),2819,412
9,0240(brokerage business),3404,1561,9,0103(brokerage business),2564,171,9,0059(brokerage business),2430,898
10,0081(brokerage business),2255,1094,10,0288(brokerage business),1887,107,10,0082(brokerage business),1987,-105
11,0274(brokerage business),2199,994,11,0059(brokerage business),1705,15,11,0298(brokerage business),1756,102
12,0069(brokerage business),2118,567,12,0240(brokerage business),1653,-70,12,0239(brokerage business),1623,-400
13,0252(brokerage business),2005,744,13,0308(brokerage business),1532,23,13,0151(brokerage business),1560,990
14,0268(brokerage business),1880,457,14,0042(brokerage business),1529,27,14,0275(brokerage business),1436,12
15,0059(brokerage business),1645,1309,15,0034(brokerage business),1442,-65,15,0034(brokerage business),1074,65
16,0082(brokerage business),1596,174,16,0239(brokerage business),1438,251,16,0123(brokerage business),886,0
17,0048(brokerage business),1583,557,17,0081(brokerage business),1372,-640,17,0186(brokerage business),863,-17
18,0151(brokerage business),1553,635,18,0319(brokerage business),1341,102,18,0268(brokerage business),826,68
19,0034(brokerage business),1446,-608,19,0274(brokerage business),1307,280,19,0096(brokerage business),815,-236
20,0298(brokerage business),1274,523,20,0019(brokerage business),1201,112,20,0139(brokerage business),721,69
Total,,127575,43857,Total,,64252,579,Total,,67088,1920
Member/OSP Type,Total Volume,Change from Previous Trading Day,Member/OSP Type,Total Long Position,Change from Previous Trading Day,Member/OSP Type,Total Short Position,Change from Previous Trading Day,,,
Contract Code：buall,,,,,,,2026-08-24,,,,
Name of FF Member/OSBP,1286218,-282022,Name of FF Member/OSBP,629681,-4950,Name of FF Member/OSBP,629681,-4950,,,
Name of Non-FF Member/OSNBP,0,0,Name of Non-FF Member/OSNBP,0,0,Name of Non-FF Member/OSNBP,0,0,,,
Ranking,Name of FF Member /OSBPs,Volume,Change from Previous Trading Day,Ranking,Name of FF Member /OSBPs,Long Position,Change from Previous Trading Day,Ranking,Name of FF Member /OSBPs,Short Position,Change from Previous Trading Day
Contract Code：bu2609,,,,,,,,,,2026-08-24,
1,0163(brokerage business),30419,-6851,1,0004(brokerage business),7851,-1870,1,0272(brokerage business),4179,-358
2,0004(brokerage business),21195,-12119,2,0103(brokerage business),2975,-366,2,0275(brokerage business),3508,-131
3,0148(brokerage business),19535,-10161,3,0275(brokerage business),2805,639,3,0004(brokerage business),3250,-924
4,0275(brokerage business),13982,-5182,4,0148(brokerage business),2718,-752,4,0123(brokerage business),2993,284
5,0240(brokerage business),6545,-765,5,0151(brokerage business),1969,-204,5,0148(brokerage business),2683,-310
6,0253(brokerage business),4560,-3507,6,0125(brokerage business),1953,-75,6,0161(brokerage business),2133,-6
7,0123(brokerage business),4453,-7610,7,0163(brokerage business),1711,-695,7,0177(brokerage business),1719,-108
8,0081(brokerage business),3972,-3594,8,0272(brokerage business),1621,-157,8,0240(brokerage business),1635,-274
9,0272(brokerage business),3496,-2515,9,0123(brokerage business),1600,15,9,0163(brokerage business),1514,237
10,0043(brokerage business),2942,1179,10,0323(brokerage business),1488,329,10,0253(brokerage business),1392,-170
11,0259(brokerage business),2727,-69,11,0240(brokerage business),1462,-231,11,0018(brokerage business),1391,-87
12,0069(brokerage business),2579,-2408,12,0177(brokerage business),1411,425,12,0268(brokerage business),1320,-125
13,0059(brokerage business),2393,-388,13,0018(brokerage business),1344,-622,13,0103(brokerage business),1303,-1271
14,0103(brokerage business),2325,-5561,14,0059(brokerage business),1336,-131,14,0298(brokerage business),1293,-161
15,0082(brokerage business),1749,-753,15,0009(brokerage business),1178,-441,15,0034(brokerage business),1090,-254
16,0042(brokerage business),1748,-1044,16,0299(brokerage business),1165,350,16,0288(brokerage business),1065,-125
17,0268(brokerage business),1702,-1932,17,0153(brokerage business),1080,-113,17,0042(brokerage business),924,-233
18,0298(brokerage business),1602,-248,18,0137(brokerage business),931,-242,18,0069(brokerage business),873,-12
19,0186(brokerage business),1413,-447,19,0096(brokerage business),899,-14,19,0333(brokerage business),722,-138
20,0034(brokerage business),1347,-1147,20,0029(brokerage business),765,37,20,0254(brokerage business),710,-173
Total,,130684,-65122,Total,,38262,-4118,Total,,35697,-4339
Ranking,Name of FF Member /OSBPs,Volume,Change from Previous Trading Day,Ranking,Name of FF Member /OSBPs,Long Position,Change from Previous Trading Day,Ranking,Name of FF Member /OSBPs,Short Position,Change from Previous Trading Day
Contract Code：bu2610,,,,,,,,,,2026-08-24,
1,0163(brokerage business),128136,-20371,1,0148(brokerage business),47038,197,1,0148(brokerage business),24033,-374
2,0004(brokerage business),99599,-3183,2,0004(brokerage business),26698,2284,2,0004(brokerage business),23628,-3479
3,0148(brokerage business),64871,-15059,3,0163(brokerage business),17678,243,3,0272(brokerage business),22716,570
4,0253(brokerage business),42669,-421,4,0272(brokerage business),14571,-371,4,0275(brokerage business),14862,571
5,0275(brokerage business),33185,-13309,5,0335(brokerage business),13939,710,5,0123(brokerage business),14828,-799
6,0123(brokerage business),28618,-12288,6,0059(brokerage business),12311,-165,6,0103(brokerage business),14468,-608
7,0240(brokerage business),26162,-4929,7,0082(brokerage business),12208,-655,7,0082(brokerage business),10932,15
8,0081(brokerage business),24690,-3914,8,0268(brokerage business),10365,368,8,0240(brokerage business),9749,-470
9,0272(brokerage business),23107,-7146,9,0123(brokerage business),9948,167,9,0268(brokerage business),9440,778
10,0161(brokerage business),13883,-6107,10,0081(brokerage business),9818,2215,10,0081(brokerage business),9030,-43
11,0137(brokerage business),13731,-5220,11,0103(brokerage business),9762,-808,11,0139(brokerage business),8434,-1158
12,0069(brokerage business),13103,-3257,12,0253(brokerage business),9368,-1882,12,0137(brokerage business),8272,204
13,0268(brokerage business),12468,-6898,13,0239(brokerage business),7235,-2554,13,0059(brokerage business),7954,-641
14,0059(brokerage business),12218,-2244,14,0137(brokerage business),6982,-489,14,0009(brokerage business),7142,-1276
15,0034(brokerage business),10879,-3015,15,0288(brokerage business),6603,-34,15,0163(brokerage business),6271,-407
16,0103(brokerage business),10798,-4929,16,0240(brokerage business),6194,-128,16,0125(brokerage business),5974,-137
17,0186(brokerage business),10367,-4976,17,0275(brokerage business),5882,-172,17,0177(brokerage business),5567,743
18,0082(brokerage business),9824,-686,18,0161(brokerage business),5723,-100,18,0333(brokerage business),5191,1474
19,0338(brokerage business),9753,2767,19,0009(brokerage business),5443,128,19,0316(brokerage business),4661,2479
20,0333(brokerage business),9275,2017,20,0034(brokerage business),5303,786,20,0069(brokerage business),4501,-1546
Total,,597336,-113168,Total,,243069,-260,Total,,217653,-4104
Ranking,Name of FF Member /OSBPs,Volume,Change from Previous Trading Day,Ranking,Name of FF Member /OSBPs,Long Position,Change from Previous Trading Day,Ranking,Name of FF Member /OSBPs,Short Position,Change from Previous Trading Day
Contract Code：bu2611,,,,,,,,,,2026-08-24,
1,0163(brokerage business),29907,6097,1,0272(brokerage business),11069,2643,1,0009(brokerage business),10102,866
2,0004(brokerage business),16170,2063,2,0148(brokerage business),8217,-266,2,0148(brokerage business),9343,89
3,0148(brokerage business),16013,929,3,0082(brokerage business),7613,-18,3,0082(brokerage business),8436,372
4,0275(brokerage business),14699,-3724,4,0239(brokerage business),7237,1616,4,0272(brokerage business),7011,83
5,0253(brokerage business),7664,4402,5,0161(brokerage business),5718,-5,5,0275(brokerage business),6563,584
6,0272(brokerage business),6672,637,6,0009(brokerage business),5577,-926,6,0069(brokerage business),5967,545
7,0103(brokerage business),6593,3813,7,0081(brokerage business),5456,-250,7,0161(brokerage business),5890,8
8,0123(brokerage business),6105,-3287,8,0069(brokerage business),5362,91,8,0139(brokerage business),5633,-310
9,0069(brokerage business),5270,-1157,9,0103(brokerage business),4938,3686,9,0081(brokerage business),5581,-4
10,0059(brokerage business),4919,-1559,10,0139(brokerage business),4915,-324,10,0059(brokerage business),4725,214
11,0009(brokerage business),3794,-68,11,0043(brokerage business),4552,-1,11,0268(brokerage business),4710,83
12,0161(brokerage business),2923,-473,12,0004(brokerage business),4499,-1161,12,0137(brokerage business),4689,39
13,0082(brokerage business),2868,-1008,13,0123(brokerage business),4459,41,13,0123(brokerage business),4281,126
14,0137(brokerage business),2678,-1656,14,0059(brokerage business),4347,259,14,0043(brokerage business),4086,25
15,0240(brokerage business),2476,-168,15,0268(brokerage business),4152,-172,15,0004(brokerage business),3466,499
16,0372(brokerage business),1977,800,16,0137(brokerage business),4125,-119,16,0001(brokerage business),2622,672
17,0001(brokerage business),1950,-42,17,0275(brokerage business),3356,-53,17,0259(brokerage business),1971,135
18,0081(brokerage business),1950,-286,18,0163(brokerage business),2782,-90,18,0333(brokerage business),1737,66
19,0268(brokerage business),1921,-657,19,0238(brokerage business),2675,1472,19,0177(brokerage business),1661,7
20,0238(brokerage business),1726,261,20,0253(brokerage business),2551,1833,20,0308(brokerage business),1561,0
Total,,138275,4917,Total,,103600,8256,Total,,100035,4099
Ranking,Name of FF Member /OSBPs,Volume,Change from Previous Trading Day,Ranking,Name of FF Member /OSBPs,Long Position,Change from Previous Trading Day,Ranking,Name of FF Member /OSBPs,Short Position,Change from Previous Trading Day
Contract Code：bu2612,,,,,,,,,,2026-08-24,
1,0163(brokerage business),16915,-2871,1,0004(brokerage business),12013,1106,1,0004(brokerage business),13605,1090
2,0148(brokerage business),10898,-4298,2,0148(brokerage business),10447,144,2,0272(brokerage business),10784,-841
3,0004(brokerage business),8916,949,3,0335(brokerage business),8386,1285,3,0103(brokerage business),9371,-148
4,0272(brokerage business),6352,947,4,0239(brokerage business),7769,936,4,0123(brokerage business),7879,1092
5,0123(brokerage business),6023,269,5,0177(brokerage business),5998,5,5,0238(brokerage business),4881,-3
6,0103(brokerage business),4652,1150,6,0103(brokerage business),5384,852,6,0082(brokerage business),3646,41
7,0275(brokerage business),4503,-5502,7,0009(brokerage business),5236,734,7,0148(brokerage business),3510,154
8,0308(brokerage business),4068,-490,8,0272(brokerage business),4140,-519,8,0333(brokerage business),3205,156
9,0253(brokerage business),3568,-3965,9,0275(brokerage business),3414,312,9,0253(brokerage business),3017,245
10,0240(brokerage business),2716,-215,10,0084(brokerage business),3000,0,10,0275(brokerage business),2902,117
11,0069(brokerage business),1984,-1312,11,0240(brokerage business),2893,-215,11,0069(brokerage business),2783,6
12,0177(brokerage business),1916,243,12,0163(brokerage business),2362,-1310,12,0018(brokerage business),2697,-8
13,0137(brokerage business),1897,-9,13,0389(brokerage business),2341,-64,13,0268(brokerage business),2654,38
14,0335(brokerage business),1886,662,14,0308(brokerage business),1994,113,14,0096(brokerage business),2638,136
15,0333(brokerage business),1606,93,15,0059(brokerage business),1954,-52,15,0240(brokerage business),2510,-235
16,0009(brokerage business),1215,-521,16,0253(brokerage business),1543,-33,16,0244(brokerage business),2242,183
17,0081(brokerage business),1213,662,17,0259(brokerage business),1518,39,17,0323(brokerage business),1986,105
18,0271(brokerage business),1195,-278,18,0003(brokerage business),1500,-1,18,0153(brokerage business),1789,30
19,0299(brokerage business),1151,336,19,0137(brokerage business),1244,29,19,0299(brokerage business),1717,191
20,0259(brokerage business),1054,-499,20,0081(brokerage business),1181,646,20,0308(brokerage business),1623,27
Total,,83728,-14649,Total,,84317,4007,Total,,85439,2376
Member/OSP Type,Total Volume,Change from Previous Trading Day,Member/OSP Type,Total Long Position,Change from Previous Trading Day,Member/OSP Type,Total Short Position,Change from Previous Trading Day,,,
Contract Code：brall,,,,,,,2026-08-24,,,,
Name of FF Member/OSBP,787532,258070,Name of FF Member/OSBP,168523,-2822,Name of FF Member/OSBP,168523,-2822,,,
Name of Non-FF Member/OSNBP,0,0,Name of Non-FF Member/OSNBP,0,0,Name of Non-FF Member/OSNBP,0,0,,,
Ranking,Name of FF Member /OSBPs,Volume,Change from Previous Trading Day,Ranking,Name of FF Member /OSBPs,Long Position,Change from Previous Trading Day,Ranking,Name of FF Member /OSBPs,Short Position,Change from Previous Trading Day
Contract Code：br2609,,,,,,,,,,2026-08-24,
1,0148(brokerage business),15886,4911,1,0004(brokerage business),2176,-275,1,0004(brokerage business),1668,226
2,0004(brokerage business),11966,2499,2,0103(brokerage business),980,-185,2,0163(brokerage business),1048,-239
3,0275(brokerage business),10411,2545,3,0148(brokerage business),802,-335,3,0253(brokerage business),765,-260
4,0163(brokerage business),8349,2977,4,0029(brokerage business),614,-49,4,0240(brokerage business),704,-72
5,0253(brokerage business),7147,2859,5,0034(brokerage business),502,-12,5,0148(brokerage business),694,-259
6,0081(brokerage business),4422,609,6,0253(brokerage business),449,-29,6,0275(brokerage business),572,-49
7,0059(brokerage business),4097,1545,7,0275(brokerage business),417,-54,7,0298(brokerage business),372,8
8,0259(brokerage business),2635,1774,8,0151(brokerage business),393,-44,8,0123(brokerage business),339,-70
9,0123(brokerage business),2593,1253,9,0001(brokerage business),353,-4,9,0034(brokerage business),334,-70
10,0240(brokerage business),1965,510,10,0137(brokerage business),315,-53,10,0058(brokerage business),296,-24
11,0268(brokerage business),1509,495,11,0059(brokerage business),307,-2,11,0069(brokerage business),239,-59
12,0272(brokerage business),1224,-448,12,0272(brokerage business),296,-85,12,0372(brokerage business),233,-16
13,0288(brokerage business),1010,244,13,0163(brokerage business),285,-235,13,0068(brokerage business),222,-44
14,0007(brokerage business),983,188,14,0069(brokerage business),283,-213,14,0081(brokerage business),204,-132
15,0069(brokerage business),909,99,15,0081(brokerage business),255,-10,15,0161(brokerage business),203,-40
16,0186(brokerage business),751,-61,16,0277(brokerage business),234,-8,16,0272(brokerage business),200,-338
17,0274(brokerage business),740,298,17,0323(brokerage business),216,-91,17,0096(brokerage business),195,-84
18,0009(brokerage business),675,-105,18,0271(brokerage business),200,-118,18,0268(brokerage business),186,-74
19,0058(brokerage business),625,430,19,0338(brokerage business),189,33,19,0186(brokerage business),180,-47
20,0034(brokerage business),618,-87,20,0121(brokerage business),175,12,20,0048(brokerage business),173,-6
Total,,78515,22535,Total,,9441,-1757,Total,,8827,-1649
Ranking,Name of FF Member /OSBPs,Volume,Change from Previous Trading Day,Ranking,Name of FF Member /OSBPs,Long Position,Change from Previous Trading Day,Ranking,Name of FF Member /OSBPs,Short Position,Change from Previous Trading Day
Contract Code：br2610,,,,,,,,,,2026-08-24,
1,0004(brokerage business),93206,35831,1,0004(brokerage business),12533,-1920,1,0004(brokerage business),11854,-416
2,0148(brokerage business),88827,23747,2,0148(brokerage business),11631,775,2,0323(brokerage business),10406,265
3,0163(brokerage business),42738,12533,3,0323(brokerage business),9986,103,3,0148(brokerage business),7296,62
4,0275(brokerage business),38227,6506,4,0163(brokerage business),6791,-178,4,0163(brokerage business),7263,1282
5,0081(brokerage business),35015,14571,5,0268(brokerage business),6302,62,5,0272(brokerage business),6367,73
6,0253(brokerage business),30622,3936,6,0123(brokerage business),5119,-225,6,0268(brokerage business),5473,-176
7,0240(brokerage business),24994,6854,7,0103(brokerage business),3958,-639,7,0082(brokerage business),4111,-609
8,0161(brokerage business),22424,7909,8,0253(brokerage business),3893,-591,8,0123(brokerage business),4095,-105
9,0123(brokerage business),21880,11092,9,0272(brokerage business),2323,-545,9,0253(brokerage business),3261,-43
10,0268(brokerage business),10874,3763,10,0059(brokerage business),2212,312,10,0029(brokerage business),3120,191
11,0272(brokerage business),10380,1125,11,0096(brokerage business),2143,-371,11,0103(brokerage business),2723,-383
12,0259(brokerage business),10244,7267,12,0335(brokerage business),1903,171,12,0096(brokerage business),2520,-425
13,0298(brokerage business),9991,3622,13,0275(brokerage business),1895,117,13,0275(brokerage business),2318,-282
14,0059(brokerage business),9698,3547,14,0043(brokerage business),1871,-29,14,0058(brokerage business),1774,-146
15,0186(brokerage business),8746,2310,15,0240(brokerage business),1800,-146,15,0240(brokerage business),1672,-36
16,0103(brokerage business),7028,4691,16,0081(brokerage business),1665,-550,16,0177(brokerage business),1617,-201
17,0034(brokerage business),5763,1868,17,0151(brokerage business),1529,378,17,0034(brokerage business),1496,0
18,0308(brokerage business),5537,1802,18,0288(brokerage business),1403,231,18,0003(brokerage business),1482,59
19,0323(brokerage business),5264,2351,19,0082(brokerage business),1286,183,19,0043(brokerage business),1478,-155
20,0019(brokerage business),4946,2094,20,0153(brokerage business),1268,-13,20,0018(brokerage business),1245,78
Total,,486404,157419,Total,,81511,-2875,Total,,81571,-967
Member/OSP Type,Total Volume,Change from Previous Trading Day,Member/OSP Type,Total Long Position,Change from Previous Trading Day,Member/OSP Type,Total Short Position,Change from Previous Trading Day,,,
Contract Code：ruall,,,,,,,2026-08-24,,,,
Name of FF Member/OSBP,685032,68870,Name of FF Member/OSBP,192027,3269,Name of FF Member/OSBP,191345,3169,,,
Name of Non-FF Member/OSNBP,100,100,Name of Non-FF Member/OSNBP,50,0,Name of Non-FF Member/OSNBP,732,100,,,
Ranking,Name of FF Member /OSBPs,Volume,Change from Previous Trading Day,Ranking,Name of FF Member /OSBPs,Long Position,Change from Previous Trading Day,Ranking,Name of FF Member /OSBPs,Short Position,Change from Previous Trading Day
Contract Code：ru2609,,,,,,,,,,2026-08-24,
1,0163(brokerage business),16375,1146,1,0004(brokerage business),2717,-293,1,0004(brokerage business),3034,-256
2,0004(brokerage business),11301,3954,2,0272(brokerage business),1853,73,2,0163(brokerage business),1488,239
3,0253(brokerage business),10638,921,3,0163(brokerage business),1329,79,3,0148(brokerage business),1320,-124
4,0275(brokerage business),10320,-421,4,0082(brokerage business),1157,-99,4,0123(brokerage business),1046,-201
5,0148(brokerage business),10231,-3486,5,0058(brokerage business),1156,-138,5,0240(brokerage business),1016,-411
6,0240(brokerage business),2909,909,6,0096(brokerage business),1026,-290,6,0253(brokerage business),990,-224
7,0059(brokerage business),2011,71,7,0148(brokerage business),969,-228,7,0275(brokerage business),782,-541
8,0272(brokerage business),1987,626,8,0177(brokerage business),766,-38,8,0059(brokerage business),754,11
9,0259(brokerage business),1845,670,9,0275(brokerage business),757,139,9,0096(brokerage business),737,51
10,0123(brokerage business),1360,-1655,10,0123(brokerage business),551,-24,10,0003(brokerage business),564,-51
11,0043(brokerage business),1091,360,11,0240(brokerage business),539,-40,11,0272(brokerage business),549,-49
12,0103(brokerage business),1006,307,12,0253(brokerage business),497,-65,12,0125(brokerage business),509,-245
13,0096(brokerage business),887,537,13,0103(brokerage business),458,-350,13,0077(brokerage business),482,-34
14,0009(brokerage business),802,-167,14,0077(brokerage business),379,-10,14,0103(brokerage business),461,18
15,0081(brokerage business),753,-47,15,0277(brokerage business),368,-28,15,0268(brokerage business),444,27
16,0034(brokerage business),707,384,16,0125(brokerage business),339,0,16,0161(brokerage business),402,-20
17,0007(brokerage business),641,79,17,0018(brokerage business),321,-24,17,0069(brokerage business),393,-105
18,0161(brokerage business),608,252,18,0137(brokerage business),316,-19,18,0081(brokerage business),371,34
19,0069(brokerage business),536,300,19,0323(brokerage business),293,-63,19,0349(brokerage business),347,-6
20,0288(brokerage business),468,260,20,0151(brokerage business),269,-82,20,0034(brokerage business),325,-216
Total,,76476,5000,Total,,16060,-1500,Total,,16014,-2103
Ranking,Name of FF Member /OSBPs,Volume,Change from Previous Trading Day,Ranking,Name of FF Member /OSBPs,Long Position,Change from Previous Trading Day,Ranking,Name of FF Member /OSBPs,Short Position,Change from Previous Trading Day
Contract Code：ru2701,,,,,,,,,,2026-08-24,
1,0163(brokerage business),81915,2376,1,0004(brokerage business),11793,239,1,0004(brokerage business),17880,386
2,0004(brokerage business),78673,6444,2,0148(brokerage business),11119,-191,2,0123(brokerage business),10570,201
3,0275(brokerage business),50539,3466,3,0163(brokerage business),6627,-373,3,0148(brokerage business),9180,769
4,0148(brokerage business),44614,5329,4,0103(brokerage business),6609,519,4,0082(brokerage business),7243,-1163
5,0253(brokerage business),34257,8387,5,0253(brokerage business),5662,1782,5,0275(brokerage business),6882,537
6,0272(brokerage business),28085,4551,6,0272(brokerage business),5151,199,6,0372(brokerage business),6065,13
7,0103(brokerage business),18501,4049,7,0240(brokerage business),4951,512,7,0163(brokerage business),5696,1190
8,0240(brokerage business),18462,3169,8,0268(brokerage business),3942,604,8,0272(brokerage business),4744,368
9,0081(brokerage business),15013,3026,9,0323(brokerage business),2788,245,9,0096(brokerage business),4122,-67
10,0123(brokerage business),12026,-1152,10,0082(brokerage business),2786,-75,10,0253(brokerage business),3827,369
11,0259(brokerage business),11578,3725,11,0277(brokerage business),2722,-5,11,0240(brokerage business),3645,58
12,0323(brokerage business),6711,1423,12,0077(brokerage business),2719,-82,12,0151(brokerage business),3629,-50
13,0161(brokerage business),6212,-2701,13,0123(brokerage business),2381,77,13,0103(brokerage business),3015,-1194
14,0096(brokerage business),5884,549,14,0125(brokerage business),2322,571,14,0125(brokerage business),2894,-226
15,0186(brokerage business),5246,513,15,0018(brokerage business),2318,-171,15,0077(brokerage business),2690,-357
16,0268(brokerage business),5009,1556,16,0059(brokerage business),2227,88,16,0177(brokerage business),2357,72
17,0034(brokerage business),4617,-787,17,0151(brokerage business),2035,10,17,0059(brokerage business),2280,260
18,0059(brokerage business),3864,734,18,0274(brokerage business),1982,33,18,0305(brokerage business),2145,2
19,0069(brokerage business),3788,457,19,0275(brokerage business),1962,318,19,0019(brokerage business),2081,-55
20,0298(brokerage business),3778,-161,20,0067(brokerage business),1887,121,20,0034(brokerage business),2005,-32
Total,,438772,44953,Total,,83983,4421,Total,,102950,1081
Ranking,Name of FF Member /OSBPs,Volume,Change from Previous Trading Day,Ranking,Name of FF Member /OSBPs,Long Position,Change from Previous Trading Day,Ranking,Name of FF Member /OSBPs,Short Position,Change from Previous Trading Day
Contract Code：ru2705,,,,,,,,,,2026-08-24,
1,0253(brokerage business),5116,1680,1,0103(brokerage business),1523,-13,1,0082(brokerage business),6184,1318
2,0163(brokerage business),3124,995,2,0277(brokerage business),1349,1001,2,0103(brokerage business),1074,70
3,0148(brokerage business),3114,1190,3,0004(brokerage business),1327,295,3,0275(brokerage business),1072,11
4,0004(brokerage business),2696,702,4,0009(brokerage business),1117,1109,4,0004(brokerage business),885,-309
5,0389(brokerage business),2335,334,5,0148(brokerage business),593,89,5,0240(brokerage business),640,208
6,0082(brokerage business),1375,1179,6,0240(brokerage business),565,-93,6,0163(brokerage business),587,479
7,0009(brokerage business),1133,1124,7,0295(brokerage business),550,-2,7,0148(brokerage business),571,345
8,0277(brokerage business),1061,1034,8,0125(brokerage business),440,129,8,0372(brokerage business),453,20
9,0240(brokerage business),729,493,9,0163(brokerage business),395,-85,9,0019(brokerage business),279,68
10,0123(brokerage business),581,476,10,0253(brokerage business),375,-208,10,0096(brokerage business),266,115
11,0275(brokerage business),508,294,11,0275(brokerage business),335,-15,11,0272(brokerage business),252,118
12,0077(brokerage business),493,355,12,0272(brokerage business),324,11,12,0139(brokerage business),240,4
13,0081(brokerage business),431,215,13,0139(brokerage business),282,2,13,0123(brokerage business),217,19
14,0272(brokerage business),373,-40,14,0077(brokerage business),281,158,14,0151(brokerage business),217,13
15,0308(brokerage business),367,16,15,0121(brokerage business),281,2,15,0077(brokerage business),149,5
16,0268(brokerage business),332,251,16,0006(brokerage business),238,-24,16,0253(brokerage business),130,12
17,0007(brokerage business),253,171,17,0268(brokerage business),208,102,17,0153(brokerage business),114,10
18,0049(brokerage business),245,4,18,0059(brokerage business),204,-46,18,0137(brokerage business),106,22
19,0186(brokerage business),240,108,19,0096(brokerage business),189,11,19,0335(brokerage business),103,8
20,0029(brokerage business),222,215,20,0323(brokerage business),189,7,20,0177(brokerage business),96,2
Total,,24728,10796,Total,,10765,2430,Total,,13635,2538
Ranking,Name of FF Member /OSBPs,Volume,Change from Previous Trading Day,Ranking,Name of FF Member /OSBPs,Long Position,Change from Previous Trading Day,Ranking,Name of FF Member /OSBPs,Short Position,Change from Previous Trading Day
Contract Code：nr2609,,,,,,,,,,2026-08-24,
1,8163(brokerage business),1721,144,1,8004(brokerage business),423,-162,1,8004(brokerage business),815,-72
2,8004(brokerage business),699,37,2,8096(brokerage business),350,3,2,8253(brokerage business),385,-2
3,8148(brokerage business),323,-137,3,8077(brokerage business),269,-15,3,8125(brokerage business),300,0
4,8271(brokerage business),320,168,4,8161(brokerage business),216,57,4,8272(brokerage business),242,-165
5,8308(brokerage business),298,-238,5,8163(brokerage business),191,-51,5,8148(brokerage business),231,-13
6,8272(brokerage business),253,150,6,8253(brokerage business),190,-13,6,8103(brokerage business),153,0
7,8275(brokerage business),209,39,7,8268(brokerage business),153,-9,7,8268(brokerage business),117,5
8,8240(brokerage business),153,-33,8,8389(brokerage business),132,0,8,8163(brokerage business),102,-116
9,8009(brokerage business),143,78,9,8272(brokerage business),113,-29,9,8323(brokerage business),98,40
10,8059(brokerage business),122,83,10,8323(brokerage business),102,-4,10,8161(brokerage business),70,2
11,8253(brokerage business),109,18,11,8103(brokerage business),92,0,11,8240(brokerage business),64,-16
12,8309(brokerage business),96,48,12,8069(brokerage business),90,-14,12,8298(brokerage business),59,-2
13,8123(brokerage business),91,52,13,8082(brokerage business),75,-13,13,8177(brokerage business),56,0
14,8161(brokerage business),73,72,14,8157(brokerage business),60,0,14,8288(brokerage business),48,0
15,8058(brokerage business),58,0,15,8148(brokerage business),58,29,15,8096(brokerage business),45,-14
16,8333(brokerage business),55,29,16,8003(brokerage business),50,-4,16,8137(brokerage business),41,0
17,8323(brokerage business),45,22,17,8275(brokerage business),49,-1,17,8058(brokerage business),30,-9
18,8151(brokerage business),43,-27,18,8308(brokerage business),49,-7,18,8153(brokerage business),30,-7
19,8313(brokerage business),41,36,19,8008(brokerage business),43,-3,19,8081(brokerage business),29,1
20,8081(brokerage business),38,19,20,8081(brokerage business),43,-14,20,8123(brokerage business),27,-20
Total,,4890,560,Total,,2748,-250,Total,,2942,-388
Ranking,Name of FF Member /OSBPs,Volume,Change from Previous Trading Day,Ranking,Name of FF Member /OSBPs,Long Position,Change from Previous Trading Day,Ranking,Name of FF Member /OSBPs,Short Position,Change from Previous Trading Day
Contract Code：nr2610,,,,,,,,,,2026-08-24,
1,8253(brokerage business),28382,7428,1,8148(brokerage business),4532,221,1,8004(brokerage business),6664,-718
2,8163(brokerage business),26278,2786,2,8004(brokerage business),4371,235,2,8148(brokerage business),5872,474
3,8004(brokerage business),20315,5544,3,8163(brokerage business),4347,-169,3,8163(brokerage business),4307,11
4,8148(brokerage business),11039,1228,4,8239(brokerage business),3508,-932,4,8272(brokerage business),4003,225
5,8275(brokerage business),6209,-975,5,8184(brokerage business),3391,-254,5,8103(brokerage business),3242,-361
6,8081(brokerage business),6202,1532,6,8103(brokerage business),3123,-216,6,8123(brokerage business),2751,308
7,8272(brokerage business),5336,1276,7,8253(brokerage business),1804,623,7,8096(brokerage business),2678,7
8,8259(brokerage business),3602,1499,8,8335(brokerage business),1485,49,8,8253(brokerage business),2318,137
9,8059(brokerage business),3438,1058,9,8240(brokerage business),1358,-159,9,8125(brokerage business),1942,218
10,8096(brokerage business),2824,194,10,8139(brokerage business),1314,136,10,8240(brokerage business),1930,-109
11,8123(brokerage business),2761,52,11,8272(brokerage business),1313,167,11,8177(brokerage business),1731,52
12,8274(brokerage business),2620,1949,12,8009(brokerage business),1281,271,12,8019(brokerage business),1488,4
13,8103(brokerage business),2553,1817,13,8308(brokerage business),1258,115,13,8275(brokerage business),1378,23
14,8268(brokerage business),2265,1063,14,8084(brokerage business),1254,-201,14,8372(brokerage business),1307,-3
15,8240(brokerage business),2218,989,15,8259(brokerage business),1017,-12,15,8319(brokerage business),989,-24
16,8043(brokerage business),1649,477,16,8288(brokerage business),966,89,16,8139(brokerage business),903,-41
17,8186(brokerage business),1355,36,17,8268(brokerage business),917,28,17,8003(brokerage business),772,5
18,8298(brokerage business),1343,448,18,8123(brokerage business),885,217,18,8077(brokerage business),760,12
19,8161(brokerage business),1306,117,19,8323(brokerage business),853,-169,19,8059(brokerage business),715,-99
20,8034(brokerage business),1248,355,20,8082(brokerage business),751,95,20,8349(brokerage business),682,0
Total,,132943,28873,Total,,39728,134,Total,,46432,121
Ranking,Name of FF Member /OSBPs,Volume,Change from Previous Trading Day,Ranking,Name of FF Member /OSBPs,Long Position,Change from Previous Trading Day,Ranking,Name of FF Member /OSBPs,Short Position,Change from Previous Trading Day
Contract Code：nr2611,,,,,,,,,,2026-08-24,
1,8253(brokerage business),15150,3663,1,8103(brokerage business),3701,-32,1,8004(brokerage business),5055,194
2,8163(brokerage business),13761,1355,2,8004(brokerage business),3470,246,2,8009(brokerage business),3604,258
3,8004(brokerage business),8934,2411,3,8184(brokerage business),2856,490,3,8240(brokerage business),2874,403
4,8275(brokerage business),5939,2296,4,8239(brokerage business),2790,565,4,8163(brokerage business),2778,546
5,8148(brokerage business),5812,724,5,8349(brokerage business),2101,0,5,8125(brokerage business),2679,471
6,8268(brokerage business),2510,2019,6,8148(brokerage business),2097,-397,6,8148(brokerage business),2399,329
7,8059(brokerage business),2254,567,7,8274(brokerage business),1927,303,7,8123(brokerage business),2124,4
8,8096(brokerage business),2169,-157,8,8009(brokerage business),1911,-100,8,8308(brokerage business),1811,258
9,8081(brokerage business),2162,166,9,8268(brokerage business),1893,1287,9,8275(brokerage business),1720,651
10,8240(brokerage business),2087,1486,10,8253(brokerage business),1540,935,10,8259(brokerage business),1451,109
11,8123(brokerage business),2009,-1353,11,8335(brokerage business),1512,84,11,8177(brokerage business),1396,-17
12,8323(brokerage business),1658,-148,12,8277(brokerage business),1294,500,12,8103(brokerage business),1386,83
13,8308(brokerage business),1566,545,13,8305(brokerage business),1291,0,13,8082(brokerage business),1377,9
14,8125(brokerage business),1389,627,14,8240(brokerage business),1212,236,14,8008(brokerage business),1161,0
15,8239(brokerage business),914,160,15,8323(brokerage business),1169,45,15,8058(brokerage business),1156,97
16,8009(brokerage business),692,443,16,8177(brokerage business),935,20,16,8096(brokerage business),932,424
17,8139(brokerage business),636,633,17,8123(brokerage business),930,13,17,8077(brokerage business),879,-45
18,8277(brokerage business),572,564,18,8163(brokerage business),901,-97,18,8253(brokerage business),699,43
19,8274(brokerage business),554,317,19,8272(brokerage business),847,-10,19,8268(brokerage business),635,5
20,8069(brokerage business),534,22,20,8077(brokerage business),773,119,20,8272(brokerage business),503,132
Total,,71302,16340,Total,,35150,4207,Total,,36619,3954
Ranking,Name of FF Member /OSBPs,Volume,Change from Previous Trading Day,Ranking,Name of FF Member /OSBPs,Long Position,Change from Previous Trading Day,Ranking,Name of FF Member /OSBPs,Short Position,Change from Previous Trading Day
Contract Code：nr2612,,,,,,,,,,2026-08-24,
1,8253(brokerage business),7642,1527,1,8004(brokerage business),3550,95,1,8004(brokerage business),3679,95
2,8163(brokerage business),7247,-1811,2,8148(brokerage business),3436,203,2,8148(brokerage business),2819,0
3,8004(brokerage business),4018,1804,3,8268(brokerage business),1900,-100,3,8268(brokerage business),1998,-99
4,8275(brokerage business),3183,-807,4,8082(brokerage business),1893,2,4,8253(brokerage business),1951,38
5,8123(brokerage business),2862,1308,5,8163(brokerage business),1833,70,5,8103(brokerage business),1906,474
6,8148(brokerage business),2497,-1419,6,8277(brokerage business),1738,828,6,8082(brokerage business),1697,15
7,8059(brokerage business),2077,681,7,8253(brokerage business),1641,20,7,8372(brokerage business),1551,100
8,8277(brokerage business),828,828,8,8009(brokerage business),1438,45,8,8163(brokerage business),1487,125
9,8069(brokerage business),689,163,9,8323(brokerage business),1438,98,9,8323(brokerage business),1352,-17
10,8103(brokerage business),560,308,10,8274(brokerage business),1364,479,10,8161(brokerage business),1203,1
11,8274(brokerage business),539,442,11,8161(brokerage business),1228,5,11,8275(brokerage business),1195,38
12,8240(brokerage business),507,437,12,8034(brokerage business),1078,-25,12,8123(brokerage business),1144,1013
13,8271(brokerage business),491,44,13,8103(brokerage business),1036,86,13,8058(brokerage business),1108,140
14,8323(brokerage business),433,51,14,8372(brokerage business),976,5,14,8034(brokerage business),1084,-22
15,8067(brokerage business),393,312,15,8308(brokerage business),623,152,15,8240(brokerage business),925,204
16,8372(brokerage business),393,-7,16,8259(brokerage business),609,133,16,8081(brokerage business),477,1
17,8082(brokerage business),383,183,17,8139(brokerage business),550,0,17,8096(brokerage business),264,78
18,8161(brokerage business),262,20,18,8240(brokerage business),223,27,18,8019(brokerage business),254,-9
19,8308(brokerage business),215,-75,19,8069(brokerage business),190,60,19,8177(brokerage business),236,107
20,8268(brokerage business),209,-83,20,8271(brokerage business),183,170,20,8308(brokerage business),205,39
Total,,35428,3906,Total,,26927,2353,Total,,26535,2321
Ranking,Name of FF Member /OSBPs,Volume,Change from Previous Trading Day,Ranking,Name of FF Member /OSBPs,Long Position,Change from Previous Trading Day,Ranking,Name of FF Member /OSBPs,Short Position,Change from Previous Trading Day
Contract Code：nr2701,,,,,,,,,,2026-08-24,
1,8253(brokerage business),3687,851,1,8009(brokerage business),2925,-41,1,8004(brokerage business),4870,21
2,8163(brokerage business),3372,729,2,8004(brokerage business),2675,174,2,8148(brokerage business),3176,127
3,8148(brokerage business),2680,1186,3,8148(brokerage business),1432,785,3,8349(brokerage business),1657,0
4,8004(brokerage business),2293,898,4,8295(brokerage business),1340,0,4,8103(brokerage business),1173,362
5,8308(brokerage business),1425,330,5,8323(brokerage business),1274,145,5,8253(brokerage business),1131,102
6,8275(brokerage business),1142,404,6,8125(brokerage business),1196,-163,6,8081(brokerage business),968,1
7,8271(brokerage business),724,373,7,8272(brokerage business),1066,34,7,8305(brokerage business),871,0
8,8139(brokerage business),723,715,8,8274(brokerage business),959,22,8,8123(brokerage business),843,20
9,8103(brokerage business),669,541,9,8253(brokerage business),866,-81,9,8321(brokerage business),794,6
10,8123(brokerage business),604,-49,10,8139(brokerage business),848,723,10,8019(brokerage business),754,-21
11,8069(brokerage business),529,6,11,8059(brokerage business),844,-19,11,8385(brokerage business),734,0
12,8323(brokerage business),507,291,12,8163(brokerage business),714,-64,12,8163(brokerage business),622,108
13,8240(brokerage business),383,255,13,8107(brokerage business),541,0,13,8275(brokerage business),600,82
14,8257(brokerage business),369,166,14,8123(brokerage business),483,-52,14,8082(brokerage business),580,44
15,8049(brokerage business),345,124,15,8240(brokerage business),483,-40,15,8254(brokerage business),519,42
16,8137(brokerage business),289,203,16,8043(brokerage business),477,2,16,8418(brokerage business),466,170
17,8274(brokerage business),271,91,17,8067(brokerage business),469,2,17,8059(brokerage business),426,16
18,8333(brokerage business),262,-37,18,8121(brokerage business),465,31,18,8069(brokerage business),398,75
19,8125(brokerage business),252,-247,19,8103(brokerage business),456,225,19,8272(brokerage business),387,-19
20,8096(brokerage business),230,119,20,8321(brokerage business),404,0,20,8389(brokerage business),321,-28
Total,,20756,6949,Total,,19917,1683,Total,,21290,1108
Member/OSP Type,Total Volume,Change from Previous Trading Day,Member/OSP Type,Total Long Position,Change from Previous Trading Day,Member/OSP Type,Total Short Position,Change from Previous Trading Day,,,
Contract Code：spall,,,,,,,2026-08-24,,,,
Name of FF Member/OSBP,910546,-496124,Name of FF Member/OSBP,414466,-14117,Name of FF Member/OSBP,414466,-14117,,,
Name of Non-FF Member/OSNBP,0,0,Name of Non-FF Member/OSNBP,0,0,Name of Non-FF Member/OSNBP,0,0,,,
Ranking,Name of FF Member /OSBPs,Volume,Change from Previous Trading Day,Ranking,Name of FF Member /OSBPs,Long Position,Change from Previous Trading Day,Ranking,Name of FF Member /OSBPs,Short Position,Change from Previous Trading Day
Contract Code：sp2609,,,,,,,,,,2026-08-24,
1,0148(brokerage business),12356,-5137,1,0004(brokerage business),3641,-1447,1,0004(brokerage business),4693,-1141
2,0004(brokerage business),9557,-927,2,0311(brokerage business),2280,-77,2,0163(brokerage business),3991,-288
3,0163(brokerage business),8852,-5315,3,0148(brokerage business),1827,-461,3,0148(brokerage business),3729,-1573
4,0275(brokerage business),7162,-10726,4,0272(brokerage business),1808,-127,4,0125(brokerage business),2174,-35
5,0253(brokerage business),2866,-1111,5,0081(brokerage business),1700,-159,5,0059(brokerage business),1762,-170
6,0268(brokerage business),1502,-364,6,0163(brokerage business),1390,11,6,0177(brokerage business),1720,-928
7,0123(brokerage business),1445,-563,7,0253(brokerage business),1386,-263,7,0253(brokerage business),1706,-166
8,0042(brokerage business),1121,458,8,0240(brokerage business),971,-87,8,0103(brokerage business),1652,-24
9,0177(brokerage business),1091,-120,9,0082(brokerage business),956,-50,9,0321(brokerage business),1575,-18
10,0306(brokerage business),1002,957,10,0058(brokerage business),941,-85,10,0272(brokerage business),1429,-107
11,0025(brokerage business),905,-117,11,0169(brokerage business),921,0,11,0123(brokerage business),1387,-57
12,0103(brokerage business),806,-164,12,0009(brokerage business),875,-39,12,0259(brokerage business),1147,-14
13,0161(brokerage business),802,-266,13,0103(brokerage business),867,-105,13,0268(brokerage business),853,-476
14,0272(brokerage business),757,-1547,14,0034(brokerage business),840,-94,14,0082(brokerage business),806,-136
15,0019(brokerage business),709,-410,15,0161(brokerage business),755,-24,15,0043(brokerage business),671,-22
16,0069(brokerage business),660,132,16,0038(brokerage business),749,-20,16,0096(brokerage business),638,-59
17,0137(brokerage business),561,234,17,0096(brokerage business),716,-172,17,0161(brokerage business),624,-188
18,0308(brokerage business),517,-399,18,0138(brokerage business),696,-14,18,0240(brokerage business),593,-60
19,0240(brokerage business),483,-1446,19,0069(brokerage business),674,-221,19,0069(brokerage business),516,-22
20,0323(brokerage business),447,208,20,0029(brokerage business),652,-17,20,0275(brokerage business),496,-195
Total,,53601,-26623,Total,,24645,-3451,Total,,32162,-5679
Ranking,Name of FF Member /OSBPs,Volume,Change from Previous Trading Day,Ranking,Name of FF Member /OSBPs,Long Position,Change from Previous Trading Day,Ranking,Name of FF Member /OSBPs,Short Position,Change from Previous Trading Day
Contract Code：sp2611,,,,,,,,,,2026-08-24,
1,0004(brokerage business),150255,-53310,1,0004(brokerage business),25088,-7642,1,0148(brokerage business),25750,-2227
2,0163(brokerage business),73978,-25901,2,0148(brokerage business),17900,1519,2,0004(brokerage business),22977,-1447
3,0148(brokerage business),66916,-32131,3,0163(brokerage business),14605,652,3,0163(brokerage business),15403,-263
4,0275(brokerage business),48435,-23348,4,0272(brokerage business),12098,1102,4,0272(brokerage business),13624,-263
5,0272(brokerage business),38267,-19443,5,0253(brokerage business),10757,392,5,0103(brokerage business),10805,234
6,0253(brokerage business),37180,-28586,6,0081(brokerage business),8069,209,6,0253(brokerage business),9692,-657
7,0240(brokerage business),29694,-14426,7,0268(brokerage business),7098,-391,7,0059(brokerage business),9544,2138
8,0081(brokerage business),26134,-18785,8,0103(brokerage business),6916,-548,8,0239(brokerage business),9121,-1566
9,0259(brokerage business),22405,5994,9,0137(brokerage business),6369,148,9,0081(brokerage business),8885,19
10,0059(brokerage business),10923,-3053,10,0048(brokerage business),6190,-22,10,0123(brokerage business),7166,1045
11,0268(brokerage business),10693,-1236,11,0139(brokerage business),5873,-642,11,0137(brokerage business),5877,113
12,0161(brokerage business),10307,-3715,12,0178(brokerage business),5464,81,12,0335(brokerage business),5816,-972
13,0096(brokerage business),7315,-5442,13,0043(brokerage business),5126,167,13,0048(brokerage business),5263,-135
14,0103(brokerage business),6336,-10145,14,0288(brokerage business),4342,785,14,0177(brokerage business),5178,1231
15,0298(brokerage business),5711,-3700,15,0096(brokerage business),4287,-240,15,0178(brokerage business),4933,164
16,0186(brokerage business),5375,-5153,16,0008(brokerage business),4190,10,16,0058(brokerage business),4659,1372
17,0288(brokerage business),5337,-2960,17,0077(brokerage business),3869,-13,17,0043(brokerage business),4548,-305
18,0034(brokerage business),5236,-4154,18,0240(brokerage business),3805,-47,18,0008(brokerage business),4119,42
19,0308(brokerage business),4925,-5149,19,0059(brokerage business),3768,-147,19,0139(brokerage business),3920,-580
20,0123(brokerage business),4842,-18529,20,0238(brokerage business),3541,-129,20,0084(brokerage business),3172,-137
Total,,570264,-273172,Total,,159355,-4756,Total,,180452,-2194
Ranking,Name of FF Member /OSBPs,Volume,Change from Previous Trading Day,Ranking,Name of FF Member /OSBPs,Long Position,Change from Previous Trading Day,Ranking,Name of FF Member /OSBPs,Short Position,Change from Previous Trading Day
Contract Code：sp2701,,,,,,,,,,2026-08-24,
1,0148(brokerage business),34610,3781,1,0004(brokerage business),14663,111,1,0004(brokerage business),16032,-263
2,0004(brokerage business),17374,-17998,2,0123(brokerage business),10408,810,2,0148(brokerage business),13146,-866
3,0275(brokerage business),13101,97,3,0163(brokerage business),6994,406,3,0058(brokerage business),4673,863
4,0123(brokerage business),11974,2030,4,0272(brokerage business),5602,66,4,0418(brokerage business),4241,5
5,0163(brokerage business),11921,-11626,5,0177(brokerage business),5593,163,5,0169(brokerage business),3908,-2
6,0253(brokerage business),9035,-8341,6,0042(brokerage business),4716,88,6,0009(brokerage business),3763,288
7,0081(brokerage business),4168,-4594,7,0043(brokerage business),3305,-15,7,0335(brokerage business),3646,-560
8,0240(brokerage business),2446,-1754,8,0103(brokerage business),3233,77,8,0177(brokerage business),3625,-10
9,0058(brokerage business),2295,-761,9,0148(brokerage business),2725,-434,9,0125(brokerage business),3552,342
10,0034(brokerage business),2191,-3525,10,0018(brokerage business),2629,4,10,0096(brokerage business),3431,897
11,0096(brokerage business),1788,-1513,11,0253(brokerage business),1974,160,11,0272(brokerage business),3057,198
12,0272(brokerage business),1398,-3753,12,0288(brokerage business),1885,78,12,0139(brokerage business),2756,780
13,0042(brokerage business),1387,840,13,0069(brokerage business),1652,522,13,0253(brokerage business),2706,63
14,0268(brokerage business),1331,446,14,0262(brokerage business),1575,-58,14,0029(brokerage business),2689,-454
15,0007(brokerage business),977,-915,15,0019(brokerage business),1542,56,15,0103(brokerage business),2489,-296
16,0139(brokerage business),973,9,16,0137(brokerage business),1439,5,16,0081(brokerage business),2447,-156
17,0009(brokerage business),967,-319,17,0186(brokerage business),1417,-26,17,0082(brokerage business),2443,-40
18,0335(brokerage business),932,-923,18,0077(brokerage business),1282,-39,18,0163(brokerage business),2431,97
19,0186(brokerage business),913,-319,19,0254(brokerage business),1192,8,19,0003(brokerage business),2354,2
20,0103(brokerage business),881,-1365,20,0239(brokerage business),1183,-140,20,0019(brokerage business),1735,-33
Total,,120662,-50503,Total,,75009,1842,Total,,85124,855
Member/OSP Type,Total Volume,Change from Previous Trading Day,Member/OSP Type,Total Long Position,Change from Previous Trading Day,Member/OSP Type,Total Short Position,Change from Previous Trading Day,,,
Contract Code：opall,,,,,,,2026-08-24,,,,
Name of FF Member/OSBP,28504,264,Name of FF Member/OSBP,23550,-698,Name of FF Member/OSBP,23550,-698,,,
Name of Non-FF Member/OSNBP,0,0,Name of Non-FF Member/OSNBP,0,0,Name of Non-FF Member/OSNBP,0,0,,,
Ranking,Name of FF Member /OSBPs,Volume,Change from Previous Trading Day,Ranking,Name of FF Member /OSBPs,Long Position,Change from Previous Trading Day,Ranking,Name of FF Member /OSBPs,Short Position,Change from Previous Trading Day
Contract Code：op2609,,,,,,,,,,2026-08-24,
1,0268(brokerage business),1208,18,1,0268(brokerage business),881,-7,1,0268(brokerage business),883,3
2,0257(brokerage business),911,317,2,0004(brokerage business),527,-12,2,0004(brokerage business),657,-15
3,0148(brokerage business),683,349,3,0082(brokerage business),511,8,3,0008(brokerage business),496,1
4,0275(brokerage business),644,6,4,0008(brokerage business),496,1,4,0148(brokerage business),492,12
5,0163(brokerage business),510,-111,5,0148(brokerage business),486,11,5,0082(brokerage business),489,-5
6,0004(brokerage business),423,-199,6,0257(brokerage business),485,-12,6,0257(brokerage business),485,-9
7,0161(brokerage business),88,-244,7,0123(brokerage business),473,0,7,0123(brokerage business),473,0
8,0182(brokerage business),57,57,8,0275(brokerage business),448,-4,8,0275(brokerage business),450,-6
9,0321(brokerage business),50,0,9,0096(brokerage business),101,0,9,0018(brokerage business),39,-4
10,0058(brokerage business),30,-31,10,0161(brokerage business),43,1,10,0161(brokerage business),39,-5
11,0008(brokerage business),28,-114,11,0059(brokerage business),42,-6,11,0163(brokerage business),16,9
12,0082(brokerage business),23,-40,12,0139(brokerage business),19,1,12,0137(brokerage business),14,0
13,0059(brokerage business),20,-29,13,0272(brokerage business),12,3,13,0007(brokerage business),6,0
14,0186(brokerage business),15,0,14,0058(brokerage business),9,-3,14,0048(brokerage business),6,0
15,0069(brokerage business),14,13,15,0238(brokerage business),9,-1,15,0125(brokerage business),6,-14
16,0125(brokerage business),14,14,16,0240(brokerage business),7,0,16,0240(brokerage business),4,0
17,0238(brokerage business),9,9,17,0186(brokerage business),5,-5,17,0069(brokerage business),3,2
18,0042(brokerage business),8,-2,18,0163(brokerage business),4,-19,18,0042(brokerage business),2,-8
19,0001(brokerage business),6,6,19,0274(brokerage business),3,0,19,0081(brokerage business),2,0
20,0089(brokerage business),5,-6,20,0081(brokerage business),2,0,20,0253(brokerage business),2,0
Total,,4746,13,Total,,4563,-44,Total,,4564,-39
Ranking,Name of FF Member /OSBPs,Volume,Change from Previous Trading Day,Ranking,Name of FF Member /OSBPs,Long Position,Change from Previous Trading Day,Ranking,Name of FF Member /OSBPs,Short Position,Change from Previous Trading Day
Contract Code：op2610,,,,,,,,,,2026-08-24,
1,0163(brokerage business),2542,-1312,1,0268(brokerage business),2986,12,1,0268(brokerage business),2959,33
2,0148(brokerage business),1956,-145,2,0148(brokerage business),2531,-1,2,0123(brokerage business),2630,-58
3,0268(brokerage business),1915,-451,3,0004(brokerage business),2249,-175,3,0148(brokerage business),2557,25
4,0004(brokerage business),1191,-204,4,0123(brokerage business),2203,-62,4,0008(brokerage business),2194,0
5,0161(brokerage business),1153,448,5,0008(brokerage business),2201,-9,5,0004(brokerage business),2049,-64
6,0257(brokerage business),1068,8,6,0082(brokerage business),1962,1,6,0082(brokerage business),1906,7
7,0008(brokerage business),635,-90,7,0257(brokerage business),1486,-12,7,0257(brokerage business),1488,-14
8,0081(brokerage business),594,-128,8,0275(brokerage business),1215,0,8,0275(brokerage business),1208,2
9,0275(brokerage business),456,97,9,0161(brokerage business),171,-580,9,0163(brokerage business),324,14
10,0123(brokerage business),424,-529,10,0013(brokerage business),157,0,10,0103(brokerage business),285,41
11,0253(brokerage business),320,298,11,0372(brokerage business),86,0,11,0161(brokerage business),172,-573
12,0082(brokerage business),210,-33,12,0019(brokerage business),51,39,12,0272(brokerage business),84,6
13,0272(brokerage business),107,-97,13,0137(brokerage business),51,-2,13,0058(brokerage business),60,-2
14,0058(brokerage business),89,-89,14,0067(brokerage business),44,29,14,0252(brokerage business),25,0
15,0298(brokerage business),74,5,15,0018(brokerage business),43,-4,15,0081(brokerage business),19,6
16,0103(brokerage business),69,-22,16,0034(brokerage business),43,11,16,0249(brokerage business),18,0
17,0019(brokerage business),62,-51,17,0059(brokerage business),42,15,17,0253(brokerage business),9,-265
18,0186(brokerage business),51,-74,18,0163(brokerage business),39,-14,18,0067(brokerage business),7,0
19,0043(brokerage business),49,3,19,0151(brokerage business),35,23,19,0042(brokerage business),5,2
20,0321(brokerage business),49,-169,20,0125(brokerage business),32,-24,20,0299(brokerage business),5,0
Total,,13014,-2535,Total,,17627,-753,Total,,18004,-840
