"SHFE Member/OSP Volume, Open Interest Rankings",,,,,,,,,,,
,,,,,,,,,,,
Date: 2026-08-19,,,,,,,,,,,
"Note: FF Member/OSBP may not engage in trading of its own futures, the above volume and positions ranking data of FF Member/OSBP Clearing Members refers to he participation of all clients who are engaging in brokerage business during the statistical period. FF Member/OSBP engaging in brokerage business shall accept entrustment by its clients to conduct futures trading in its own name on behalf of the client.",,,,,,,,,,,
Member/OSP Type,Total Volume,Change from Previous Trading Day,Member/OSP Type,Total Long Position,Change from Previous Trading Day,Member/OSP Type,Total Short Position,Change from Previous Trading Day,,,
Contract Code：cuall,,,,,,,2026-08-19,,,,
Name of FF Member/OSBP,426180,-32871,Name of FF Member/OSBP,549096,-17100,Name of FF Member/OSBP,540689,-15892,,,
Name of Non-FF Member/OSNBP,3334,135,Name of Non-FF Member/OSNBP,2466,-144,Name of Non-FF Member/OSNBP,10873,-1352,,,
Ranking,Name of FF Member /OSBPs,Volume,Change from Previous Trading Day,Ranking,Name of FF Member /OSBPs,Long Position,Change from Previous Trading Day,Ranking,Name of FF Member /OSBPs,Short Position,Change from Previous Trading Day
Contract Code：cu2609,,,,,,,,,,2026-08-19,
1,0163(brokerage business),27314,3186,1,0004(brokerage business),21916,-1632,1,0148(brokerage business),16847,-1076
2,0148(brokerage business),21242,-3753,2,0148(brokerage business),19962,-2104,2,0049(brokerage business),15124,-1114
3,0004(brokerage business),14012,-3125,3,0049(brokerage business),11584,406,3,0163(brokerage business),10040,148
4,0049(brokerage business),9814,2139,4,0163(brokerage business),7250,-852,4,0004(brokerage business),7468,-1004
5,0272(brokerage business),7335,-585,5,0103(brokerage business),5758,-722,5,0009(brokerage business),5708,326
6,0275(brokerage business),6407,-695,6,0272(brokerage business),5604,-1315,6,0272(brokerage business),5424,38
7,0096(brokerage business),5752,-33,7,0025(brokerage business),5419,357,7,0321(brokerage business),5151,249
8,0308(brokerage business),5507,491,8,0139(brokerage business),4866,-416,8,0253(brokerage business),5110,-341
9,0253(brokerage business),5220,-4,9,0077(brokerage business),4267,-316,9,0058(brokerage business),4822,-1330
10,0268(brokerage business),3470,32,10,0240(brokerage business),3470,-453,10,0139(brokerage business),4114,60
11,0009(brokerage business),3042,242,11,0321(brokerage business),3427,9,11,0003(brokerage business),4104,-244
12,0240(brokerage business),3041,-421,12,0253(brokerage business),3304,-939,12,0042(brokerage business),3899,-1251
13,0042(brokerage business),2993,429,13,0009(brokerage business),3033,-38,13,0169(brokerage business),3820,-201
14,0058(brokerage business),2952,207,14,0275(brokerage business),2691,-305,14,0315(brokerage business),3663,-1233
15,0123(brokerage business),2797,-2512,15,0268(brokerage business),2552,-93,15,0034(brokerage business),3475,-260
16,0081(brokerage business),2728,-2172,16,0042(brokerage business),2538,8,16,0308(brokerage business),3452,1031
17,0321(brokerage business),2414,591,17,0335(brokerage business),2461,-426,17,0082(brokerage business),3439,-195
18,0034(brokerage business),2398,-1789,18,0082(brokerage business),2434,-133,18,0240(brokerage business),3309,-334
19,0043(brokerage business),2311,211,19,0003(brokerage business),2366,381,19,0096(brokerage business),2922,-597
20,0025(brokerage business),2257,361,20,0125(brokerage business),2237,644,20,0018(brokerage business),2407,-360
Total,,133006,-7200,Total,,117139,-7939,Total,,114298,-7688
Ranking,Name of FF Member /OSBPs,Volume,Change from Previous Trading Day,Ranking,Name of FF Member /OSBPs,Long Position,Change from Previous Trading Day,Ranking,Name of FF Member /OSBPs,Short Position,Change from Previous Trading Day
Contract Code：cu2610,,,,,,,,,,2026-08-19,
1,0163(brokerage business),19912,1269,1,0148(brokerage business),30132,-369,1,0148(brokerage business),17008,-41
2,0148(brokerage business),17970,1459,2,0004(brokerage business),15736,-586,2,0004(brokerage business),15983,-1574
3,0004(brokerage business),17840,-994,3,0272(brokerage business),9688,639,3,0049(brokerage business),11039,-1154
4,0049(brokerage business),7355,4719,4,0103(brokerage business),7596,323,4,0139(brokerage business),10152,-323
5,0308(brokerage business),5657,243,5,0239(brokerage business),6650,-3487,5,0163(brokerage business),9622,1075
6,0275(brokerage business),4551,-831,6,0163(brokerage business),6195,-149,6,0009(brokerage business),8659,-305
7,0272(brokerage business),4496,834,7,0308(brokerage business),4117,1792,7,0042(brokerage business),8213,-344
8,0239(brokerage business),3930,848,8,0259(brokerage business),3911,1644,8,0315(brokerage business),4870,-23
9,0253(brokerage business),3757,381,9,0268(brokerage business),3507,-199,9,0069(brokerage business),4004,-315
10,0259(brokerage business),2683,-379,10,0335(brokerage business),3487,-274,10,0034(brokerage business),3943,-66
11,0096(brokerage business),2640,264,11,0049(brokerage business),3422,-931,11,0272(brokerage business),3634,1079
12,0042(brokerage business),2271,255,12,0125(brokerage business),3274,-30,12,0096(brokerage business),3486,540
13,0034(brokerage business),2174,-186,13,0253(brokerage business),2930,-24,13,0082(brokerage business),3479,3
14,0240(brokerage business),2062,-1405,14,0275(brokerage business),2345,44,14,0372(brokerage business),3393,-240
15,0125(brokerage business),2051,887,15,0003(brokerage business),2220,231,15,0321(brokerage business),3204,168
16,0103(brokerage business),2041,33,16,0077(brokerage business),2112,-565,16,0125(brokerage business),3012,777
17,0323(brokerage business),1978,503,17,0123(brokerage business),2088,193,17,0169(brokerage business),3005,85
18,0077(brokerage business),1638,389,18,0240(brokerage business),2070,-165,18,0081(brokerage business),2557,156
19,0081(brokerage business),1627,-1690,19,0096(brokerage business),2062,-90,19,0025(brokerage business),2548,147
20,0123(brokerage business),1597,-2056,20,0274(brokerage business),2047,-231,20,0138(brokerage business),2495,-31
Total,,108230,4543,Total,,115589,-2234,Total,,124306,-386
Ranking,Name of FF Member /OSBPs,Volume,Change from Previous Trading Day,Ranking,Name of FF Member /OSBPs,Long Position,Change from Previous Trading Day,Ranking,Name of FF Member /OSBPs,Short Position,Change from Previous Trading Day
Contract Code：cu2611,,,,,,,,,,2026-08-19,
1,0163(brokerage business),4685,208,1,0148(brokerage business),5556,196,1,0148(brokerage business),8875,361
2,0004(brokerage business),4353,-1239,2,0004(brokerage business),4628,507,2,0004(brokerage business),7059,798
3,0148(brokerage business),4081,532,3,0268(brokerage business),3379,284,3,0163(brokerage business),3545,449
4,0308(brokerage business),2931,-980,4,0049(brokerage business),2981,293,4,0042(brokerage business),3168,175
5,0275(brokerage business),1493,-358,5,0163(brokerage business),2753,654,5,0372(brokerage business),3055,39
6,0259(brokerage business),1247,-1302,6,0034(brokerage business),2685,68,6,0049(brokerage business),2599,260
7,0125(brokerage business),1207,934,7,0239(brokerage business),2508,528,7,0253(brokerage business),2572,-33
8,0239(brokerage business),1096,516,8,0025(brokerage business),2188,34,8,0272(brokerage business),2324,-34
9,0253(brokerage business),972,115,9,0178(brokerage business),2117,87,9,0308(brokerage business),1965,722
10,0178(brokerage business),938,536,10,0323(brokerage business),1690,110,10,0034(brokerage business),1820,-97
11,0123(brokerage business),877,-984,11,0253(brokerage business),1660,601,11,0259(brokerage business),1795,460
12,0240(brokerage business),813,104,12,0272(brokerage business),1482,12,12,0169(brokerage business),1387,-65
13,0049(brokerage business),767,458,13,0125(brokerage business),1430,188,13,0240(brokerage business),1159,46
14,0042(brokerage business),658,336,14,0274(brokerage business),1341,12,14,0315(brokerage business),1127,-3
15,0272(brokerage business),516,-367,15,0096(brokerage business),1283,3,15,0069(brokerage business),997,179
16,0372(brokerage business),512,-1712,16,0137(brokerage business),1153,60,16,0009(brokerage business),949,203
17,0276(brokerage business),508,413,17,0031(brokerage business),1054,89,17,0082(brokerage business),736,-3
18,0103(brokerage business),502,387,18,0321(brokerage business),1006,73,18,0003(brokerage business),714,-6
19,0096(brokerage business),490,188,19,0338(brokerage business),910,-36,19,0018(brokerage business),704,-6
20,0077(brokerage business),482,322,20,0103(brokerage business),888,-343,20,0125(brokerage business),669,-967
Total,,29128,-1893,Total,,42692,3420,Total,,47219,2478
Ranking,Name of FF Member /OSBPs,Volume,Change from Previous Trading Day,Ranking,Name of FF Member /OSBPs,Long Position,Change from Previous Trading Day,Ranking,Name of FF Member /OSBPs,Short Position,Change from Previous Trading Day
Contract Code：cu2612,,,,,,,,,,2026-08-19,
1,0163(brokerage business),2861,-77,1,0148(brokerage business),5601,10,1,0148(brokerage business),11336,113
2,0004(brokerage business),2456,-57,2,0136(brokerage business),4013,11,2,0049(brokerage business),8361,43
3,0148(brokerage business),1355,-670,3,0004(brokerage business),3142,19,3,0004(brokerage business),8339,1269
4,0272(brokerage business),1071,-539,4,0049(brokerage business),3044,55,4,0272(brokerage business),4159,-46
5,0333(brokerage business),1022,-406,5,0274(brokerage business),2716,-8,5,0125(brokerage business),3102,-8
6,0308(brokerage business),835,-148,6,0003(brokerage business),2253,18,6,0169(brokerage business),2143,25
7,0275(brokerage business),592,-634,7,0031(brokerage business),1992,0,7,0082(brokerage business),2086,-74
8,0096(brokerage business),457,-48,8,0272(brokerage business),1990,189,8,0163(brokerage business),1892,59
9,0240(brokerage business),439,-313,9,0069(brokerage business),1956,-111,9,0096(brokerage business),1650,-85
10,0081(brokerage business),378,-106,10,0034(brokerage business),1944,-64,10,0372(brokerage business),1532,134
11,0123(brokerage business),376,-332,11,0042(brokerage business),1875,83,11,0253(brokerage business),1367,-11
12,0323(brokerage business),360,186,12,0178(brokerage business),1858,-72,12,0025(brokerage business),1332,-1
13,0069(brokerage business),343,102,13,0081(brokerage business),1839,93,13,0240(brokerage business),1199,55
14,0151(brokerage business),323,66,14,0025(brokerage business),1657,-3,14,0139(brokerage business),1180,2
15,0178(brokerage business),309,20,15,0338(brokerage business),1608,19,15,0067(brokerage business),1091,-4
16,0059(brokerage business),287,95,16,0323(brokerage business),1513,157,16,0103(brokerage business),1044,-21
17,0077(brokerage business),287,169,17,0163(brokerage business),1331,4,17,0333(brokerage business),968,46
18,0259(brokerage business),264,-216,18,0253(brokerage business),1321,-20,18,0042(brokerage business),892,0
19,0372(brokerage business),263,-410,19,0077(brokerage business),1314,-85,19,0003(brokerage business),795,16
20,0125(brokerage business),259,-219,20,0339(brokerage business),1114,58,20,0081(brokerage business),789,-71
Total,,14537,-3537,Total,,44081,353,Total,,55257,1441
Ranking,Name of FF Member /OSBPs,Volume,Change from Previous Trading Day,Ranking,Name of FF Member /OSBPs,Long Position,Change from Previous Trading Day,Ranking,Name of FF Member /OSBPs,Short Position,Change from Previous Trading Day
Contract Code：cu2701,,,,,,,,,,2026-08-19,
1,0163(brokerage business),1503,-227,1,0148(brokerage business),2914,12,1,0148(brokerage business),8535,-43
2,0004(brokerage business),766,-108,2,0049(brokerage business),2444,51,2,0049(brokerage business),5345,183
3,0103(brokerage business),483,307,3,0136(brokerage business),2185,40,3,0272(brokerage business),3598,-4
4,0148(brokerage business),459,-503,4,0034(brokerage business),1688,20,4,0103(brokerage business),1556,64
5,0308(brokerage business),357,-81,5,0069(brokerage business),1667,-25,5,0004(brokerage business),1445,-29
6,0275(brokerage business),351,-166,6,0004(brokerage business),1567,-475,6,0042(brokerage business),1015,0
7,0272(brokerage business),331,-172,7,0031(brokerage business),1236,2,7,0372(brokerage business),939,3
8,0240(brokerage business),320,-22,8,0272(brokerage business),1154,-3,8,0067(brokerage business),912,0
9,0049(brokerage business),312,218,9,0323(brokerage business),1109,8,9,0077(brokerage business),806,-11
10,0333(brokerage business),300,-292,10,0177(brokerage business),920,65,10,0240(brokerage business),709,29
11,0274(brokerage business),280,225,11,0274(brokerage business),706,244,11,0082(brokerage business),552,2
12,0178(brokerage business),194,128,12,0339(brokerage business),689,0,12,0163(brokerage business),482,-373
13,0123(brokerage business),145,-47,13,0103(brokerage business),656,-363,13,0018(brokerage business),454,0
14,0034(brokerage business),135,-48,14,0163(brokerage business),634,-182,14,0009(brokerage business),441,25
15,0186(brokerage business),126,51,15,0178(brokerage business),568,130,15,0333(brokerage business),346,15
16,0323(brokerage business),113,-64,16,0058(brokerage business),560,3,16,0069(brokerage business),269,-1
17,0081(brokerage business),100,-59,17,0139(brokerage business),539,-3,17,0288(brokerage business),257,-1
18,0001(brokerage business),95,34,18,0333(brokerage business),539,109,18,0095(brokerage business),251,12
19,0096(brokerage business),93,28,19,0338(brokerage business),504,-2,19,0169(brokerage business),212,0
20,0069(brokerage business),90,-14,20,0253(brokerage business),477,-8,20,0299(brokerage business),183,0
Total,,6553,-812,Total,,22756,-377,Total,,28307,-129
Ranking,Name of FF Member /OSBPs,Volume,Change from Previous Trading Day,Ranking,Name of FF Member /OSBPs,Long Position,Change from Previous Trading Day,Ranking,Name of FF Member /OSBPs,Short Position,Change from Previous Trading Day
Contract Code：cu2703,,,,,,,,,,2026-08-19,
1,0272(brokerage business),556,390,1,0148(brokerage business),1754,5,1,0148(brokerage business),8555,4
2,0163(brokerage business),477,300,2,0069(brokerage business),1486,-21,2,0049(brokerage business),1637,273
3,0333(brokerage business),376,237,3,0049(brokerage business),1174,23,3,0004(brokerage business),1464,78
4,0049(brokerage business),336,298,4,0136(brokerage business),1131,5,4,0163(brokerage business),1167,164
5,0019(brokerage business),308,297,5,0323(brokerage business),1020,-4,5,0422(brokerage business),1040,0
6,0077(brokerage business),296,276,6,0003(brokerage business),977,1,6,0077(brokerage business),897,275
7,0186(brokerage business),195,193,7,0034(brokerage business),839,152,7,0103(brokerage business),849,-3
8,0004(brokerage business),163,91,8,0338(brokerage business),782,0,8,0333(brokerage business),433,-102
9,0034(brokerage business),157,156,9,0031(brokerage business),758,0,9,0042(brokerage business),361,0
10,0339(brokerage business),153,153,10,0272(brokerage business),729,64,10,0269(brokerage business),248,0
11,0240(brokerage business),149,60,11,0268(brokerage business),615,-4,11,0272(brokerage business),174,-70
12,0372(brokerage business),117,116,12,0082(brokerage business),543,1,12,0240(brokerage business),149,26
13,0239(brokerage business),100,100,13,0253(brokerage business),543,3,13,0123(brokerage business),117,-14
14,0148(brokerage business),85,28,14,0372(brokerage business),434,117,14,0008(brokerage business),103,0
15,0259(brokerage business),83,23,15,0019(brokerage business),398,-292,15,0268(brokerage business),97,1
16,0081(brokerage business),58,44,16,0042(brokerage business),385,1,16,0096(brokerage business),70,-1
17,0238(brokerage business),48,22,17,0331(brokerage business),382,-33,17,0088(brokerage business),63,-1
18,0323(brokerage business),41,36,18,0096(brokerage business),340,0,18,0274(brokerage business),63,0
19,0123(brokerage business),39,-25,19,0333(brokerage business),324,92,19,0313(brokerage business),62,0
20,0095(brokerage business),38,14,20,0004(brokerage business),312,7,20,0009(brokerage business),58,0
Total,,3775,2809,Total,,14926,117,Total,,17607,630
Ranking,Name of FF Member /OSBPs,Volume,Change from Previous Trading Day,Ranking,Name of FF Member /OSBPs,Long Position,Change from Previous Trading Day,Ranking,Name of FF Member /OSBPs,Short Position,Change from Previous Trading Day
Contract Code：bc2609,,,,,,,,,,2026-08-19,
1,8163(brokerage business),4952,-82,1,8148(brokerage business),2842,54,1,8148(brokerage business),3052,97
2,8253(brokerage business),2251,-423,2,8004(brokerage business),2476,-153,2,8004(brokerage business),2013,-647
3,8148(brokerage business),2167,-130,3,8081(brokerage business),777,-20,3,8009(brokerage business),1345,0
4,8004(brokerage business),2120,656,4,8184(brokerage business),720,-14,4,8081(brokerage business),914,-34
5,8275(brokerage business),2040,1376,5,8009(brokerage business),640,-5,5,8025(brokerage business),700,0
6,8161(brokerage business),1187,779,6,8323(brokerage business),609,-6,6,8323(brokerage business),608,-23
7,8308(brokerage business),860,369,7,8082(brokerage business),594,-33,7,8082(brokerage business),551,2
8,8081(brokerage business),622,1,8,8103(brokerage business),517,-66,8,8048(brokerage business),447,78
9,8272(brokerage business),549,-70,9,8048(brokerage business),460,77,9,8103(brokerage business),439,-47
10,8123(brokerage business),443,-619,10,8163(brokerage business),444,-45,10,8161(brokerage business),428,-80
11,8096(brokerage business),436,-36,11,8161(brokerage business),436,-79,11,8049(brokerage business),400,0
12,8082(brokerage business),413,-19,12,8253(brokerage business),322,-9,12,8240(brokerage business),397,-2
13,8009(brokerage business),309,10,13,8239(brokerage business),219,-46,13,8163(brokerage business),376,-69
14,8048(brokerage business),279,17,14,8003(brokerage business),203,199,14,8096(brokerage business),373,-12
15,8003(brokerage business),201,-311,15,8272(brokerage business),181,-17,15,8274(brokerage business),163,2
16,8153(brokerage business),185,-28,16,8001(brokerage business),121,-38,16,8153(brokerage business),128,127
17,8103(brokerage business),179,5,17,8084(brokerage business),116,-14,17,8184(brokerage business),85,5
18,8084(brokerage business),172,85,18,8308(brokerage business),105,55,18,8308(brokerage business),69,-37
19,8184(brokerage business),159,-41,19,8311(brokerage business),89,-28,19,8253(brokerage business),42,10
20,8268(brokerage business),122,37,20,8259(brokerage business),78,-9,20,8013(brokerage business),41,-39
Total,,19646,1576,Total,,11949,-197,Total,,12571,-669
Member/OSP Type,Total Volume,Change from Previous Trading Day,Member/OSP Type,Total Long Position,Change from Previous Trading Day,Member/OSP Type,Total Short Position,Change from Previous Trading Day,,,
Contract Code：alall,,,,,,,2026-08-19,,,,
Name of FF Member/OSBP,733791,184549,Name of FF Member/OSBP,621689,-5073,Name of FF Member/OSBP,620615,-3744,,,
Name of Non-FF Member/OSNBP,1329,731,Name of Non-FF Member/OSNBP,970,970,Name of Non-FF Member/OSNBP,2044,-359,,,
Ranking,Name of FF Member /OSBPs,Volume,Change from Previous Trading Day,Ranking,Name of FF Member /OSBPs,Long Position,Change from Previous Trading Day,Ranking,Name of FF Member /OSBPs,Short Position,Change from Previous Trading Day
Contract Code：al2609,,,,,,,,,,2026-08-19,
1,0004(brokerage business),36504,6462,1,0148(brokerage business),21258,-3073,1,0004(brokerage business),17180,-4288
2,0148(brokerage business),31800,-3722,2,0004(brokerage business),16546,-5610,2,0148(brokerage business),15779,-2785
3,0163(brokerage business),29463,3823,3,0139(brokerage business),8133,225,3,0275(brokerage business),6265,-1519
4,0275(brokerage business),19930,9815,4,0163(brokerage business),5933,-2102,4,0139(brokerage business),6068,-457
5,0253(brokerage business),17885,2046,5,0123(brokerage business),5436,213,5,0272(brokerage business),5763,-98
6,0272(brokerage business),7905,3026,6,0161(brokerage business),5227,-994,6,0034(brokerage business),5547,-527
7,0081(brokerage business),6839,2481,7,0323(brokerage business),4349,-328,7,0253(brokerage business),5230,-2005
8,0123(brokerage business),6218,-321,8,0003(brokerage business),4077,299,8,0240(brokerage business),5123,-604
9,0034(brokerage business),4093,1555,9,0034(brokerage business),3938,-384,9,0268(brokerage business),4538,-1025
10,0268(brokerage business),4057,1399,10,0069(brokerage business),3572,-701,10,0049(brokerage business),4061,-467
11,0069(brokerage business),4037,1940,11,0272(brokerage business),3494,-809,11,0163(brokerage business),3582,-435
12,0323(brokerage business),3392,-897,12,0253(brokerage business),2988,-2342,12,0103(brokerage business),3310,-284
13,0240(brokerage business),3009,-63,13,0103(brokerage business),2649,-820,13,0161(brokerage business),3246,-34
14,0139(brokerage business),2742,418,14,0096(brokerage business),2641,-176,14,0123(brokerage business),2886,-509
15,0058(brokerage business),2434,1308,15,0275(brokerage business),2574,71,15,0002(brokerage business),2350,-508
16,0327(brokerage business),2305,815,16,0049(brokerage business),2530,-156,16,0082(brokerage business),2038,-975
17,0161(brokerage business),2268,507,17,0058(brokerage business),2467,1172,17,0069(brokerage business),2016,-540
18,0018(brokerage business),2199,226,18,0240(brokerage business),2298,-355,18,0042(brokerage business),1981,-307
19,0082(brokerage business),2192,989,19,0153(brokerage business),2000,-256,19,0048(brokerage business),1964,-88
20,0019(brokerage business),2112,996,20,0007(brokerage business),1892,-166,20,0018(brokerage business),1958,-539
Total,,191384,32803,Total,,104002,-16292,Total,,100885,-17994
Ranking,Name of FF Member /OSBPs,Volume,Change from Previous Trading Day,Ranking,Name of FF Member /OSBPs,Long Position,Change from Previous Trading Day,Ranking,Name of FF Member /OSBPs,Short Position,Change from Previous Trading Day
Contract Code：al2610,,,,,,,,,,2026-08-19,
1,0004(brokerage business),58921,15263,1,0148(brokerage business),37605,497,1,0004(brokerage business),41893,4565
2,0148(brokerage business),44797,10588,2,0004(brokerage business),24804,2530,2,0148(brokerage business),33626,1494
3,0163(brokerage business),43891,15328,3,0163(brokerage business),17202,11,3,0123(brokerage business),17625,35
4,0253(brokerage business),23163,6440,4,0239(brokerage business),14396,-2667,4,0163(brokerage business),15004,1756
5,0272(brokerage business),14428,9804,5,0335(brokerage business),10851,-453,5,0103(brokerage business),10502,1720
6,0275(brokerage business),14097,178,6,0272(brokerage business),9208,-377,6,0058(brokerage business),9136,-524
7,0081(brokerage business),9219,1588,7,0034(brokerage business),8828,-150,7,0272(brokerage business),8153,91
8,0323(brokerage business),8297,890,8,0268(brokerage business),7820,844,8,0323(brokerage business),7549,1178
9,0259(brokerage business),8170,7429,9,0253(brokerage business),7145,1606,9,0239(brokerage business),6927,-129
10,0240(brokerage business),6817,2512,10,0103(brokerage business),6359,234,10,0253(brokerage business),6687,27
11,0123(brokerage business),5448,1190,11,0275(brokerage business),5667,1582,11,0240(brokerage business),6193,355
12,0069(brokerage business),4782,1867,12,0323(brokerage business),5392,169,12,0139(brokerage business),5891,-398
13,0161(brokerage business),4767,2553,13,0049(brokerage business),5148,-241,13,0275(brokerage business),4460,677
14,0103(brokerage business),4354,1972,14,0042(brokerage business),5009,-12,14,0096(brokerage business),4095,-30
15,0034(brokerage business),4223,715,15,0084(brokerage business),4710,-349,15,0008(brokerage business),3908,42
16,0239(brokerage business),3764,-1141,16,0069(brokerage business),4499,155,16,0059(brokerage business),3826,21
17,0059(brokerage business),3751,2117,17,0240(brokerage business),4411,492,17,0082(brokerage business),3755,-51
18,0096(brokerage business),3672,1167,18,0184(brokerage business),3824,520,18,0009(brokerage business),3653,126
19,0308(brokerage business),3530,1524,19,0077(brokerage business),3706,42,19,0048(brokerage business),3492,301
20,0018(brokerage business),3499,2218,20,0096(brokerage business),3668,408,20,0372(brokerage business),3464,28
Total,,273590,84202,Total,,190252,4841,Total,,199839,11284
Ranking,Name of FF Member /OSBPs,Volume,Change from Previous Trading Day,Ranking,Name of FF Member /OSBPs,Long Position,Change from Previous Trading Day,Ranking,Name of FF Member /OSBPs,Short Position,Change from Previous Trading Day
Contract Code：al2611,,,,,,,,,,2026-08-19,
1,0148(brokerage business),15121,3875,1,0148(brokerage business),10639,1615,1,0004(brokerage business),13728,1643
2,0163(brokerage business),11653,4504,2,0004(brokerage business),10094,366,2,0148(brokerage business),9950,734
3,0004(brokerage business),7117,1439,3,0268(brokerage business),6410,344,3,0123(brokerage business),9745,119
4,0253(brokerage business),6561,3004,4,0034(brokerage business),4408,715,4,0139(brokerage business),4597,708
5,0275(brokerage business),3338,1356,5,0272(brokerage business),4279,59,5,0103(brokerage business),4342,189
6,0323(brokerage business),2863,-1,6,0163(brokerage business),3522,846,6,0058(brokerage business),3726,33
7,0081(brokerage business),1392,681,7,0239(brokerage business),3159,687,7,0163(brokerage business),3666,-81
8,0034(brokerage business),1252,758,8,0323(brokerage business),3041,-461,8,0308(brokerage business),3187,-36
9,0059(brokerage business),1225,495,9,0069(brokerage business),2774,-5,9,0048(brokerage business),2332,230
10,0308(brokerage business),1089,199,10,0077(brokerage business),2506,210,10,0002(brokerage business),2070,300
11,0239(brokerage business),1087,658,11,0049(brokerage business),2473,-3,11,0323(brokerage business),2019,1008
12,0259(brokerage business),1077,813,12,0253(brokerage business),1926,520,12,0096(brokerage business),1789,3
13,0274(brokerage business),978,546,13,0123(brokerage business),1467,163,13,0311(brokerage business),1469,55
14,0240(brokerage business),860,-18,14,0153(brokerage business),1432,-6,14,0268(brokerage business),1423,-128
15,0139(brokerage business),854,839,15,0059(brokerage business),1325,160,15,0003(brokerage business),1415,17
16,0069(brokerage business),824,84,16,0275(brokerage business),1321,135,16,0272(brokerage business),1390,281
17,0272(brokerage business),804,141,17,0372(brokerage business),1075,-15,17,0253(brokerage business),1234,315
18,0123(brokerage business),758,92,18,0240(brokerage business),1000,84,18,0275(brokerage business),1099,-21
19,0137(brokerage business),669,317,19,0139(brokerage business),995,14,19,0240(brokerage business),977,96
20,0007(brokerage business),662,371,20,0042(brokerage business),980,115,20,0008(brokerage business),961,82
Total,,60184,20153,Total,,64826,5543,Total,,71119,5547
Ranking,Name of FF Member /OSBPs,Volume,Change from Previous Trading Day,Ranking,Name of FF Member /OSBPs,Long Position,Change from Previous Trading Day,Ranking,Name of FF Member /OSBPs,Short Position,Change from Previous Trading Day
Contract Code：al2612,,,,,,,,,,2026-08-19,
1,0163(brokerage business),5070,2057,1,0148(brokerage business),8288,130,1,0148(brokerage business),9024,-306
2,0148(brokerage business),3156,1716,2,0004(brokerage business),6513,312,2,0004(brokerage business),7086,387
3,0004(brokerage business),2351,445,3,0272(brokerage business),4666,31,3,0123(brokerage business),6150,297
4,0323(brokerage business),2310,908,4,0034(brokerage business),3160,76,4,0139(brokerage business),5940,-138
5,0253(brokerage business),1238,709,5,0323(brokerage business),2549,483,5,0103(brokerage business),3545,28
6,0058(brokerage business),1211,1179,6,0268(brokerage business),2390,109,6,0239(brokerage business),3399,-122
7,0275(brokerage business),1117,843,7,0096(brokerage business),2141,-10,7,0042(brokerage business),2925,-3
8,0308(brokerage business),1028,-171,8,0315(brokerage business),1831,4,8,0272(brokerage business),1841,358
9,0081(brokerage business),991,9,9,0069(brokerage business),1744,409,9,0268(brokerage business),1564,-3
10,0240(brokerage business),875,-489,10,0103(brokerage business),1550,43,10,0082(brokerage business),1339,1
11,0069(brokerage business),840,146,11,0123(brokerage business),1472,10,11,0163(brokerage business),1297,197
12,0139(brokerage business),785,35,12,0042(brokerage business),1416,9,12,0058(brokerage business),1253,1161
13,0186(brokerage business),710,676,13,0274(brokerage business),1349,125,13,0240(brokerage business),1150,336
14,0259(brokerage business),650,586,14,0007(brokerage business),1307,6,14,0151(brokerage business),1002,250
15,0274(brokerage business),610,299,15,0321(brokerage business),1082,106,15,0275(brokerage business),971,68
16,0272(brokerage business),591,-257,16,0240(brokerage business),997,11,16,0323(brokerage business),766,-69
17,0123(brokerage business),543,292,17,0003(brokerage business),943,0,17,0125(brokerage business),759,0
18,0239(brokerage business),318,-261,18,0139(brokerage business),839,1,18,0253(brokerage business),590,70
19,0151(brokerage business),304,-446,19,0254(brokerage business),839,15,19,0048(brokerage business),558,136
20,0299(brokerage business),276,263,20,0239(brokerage business),793,38,20,0308(brokerage business),528,-247
Total,,24974,8539,Total,,45869,1908,Total,,51687,2401
Ranking,Name of FF Member /OSBPs,Volume,Change from Previous Trading Day,Ranking,Name of FF Member /OSBPs,Long Position,Change from Previous Trading Day,Ranking,Name of FF Member /OSBPs,Short Position,Change from Previous Trading Day
Contract Code：al2701,,,,,,,,,,2026-08-19,
1,0148(brokerage business),2806,992,1,0034(brokerage business),5133,-10,1,0148(brokerage business),7571,-249
2,0163(brokerage business),2298,-483,2,0148(brokerage business),4117,-37,2,0004(brokerage business),4045,538
3,0004(brokerage business),1413,293,3,0323(brokerage business),3086,1007,3,0042(brokerage business),2039,18
4,0323(brokerage business),1363,166,4,0049(brokerage business),2647,16,4,0249(brokerage business),1590,0
5,0253(brokerage business),1351,795,5,0004(brokerage business),2389,71,5,0103(brokerage business),1531,22
6,0081(brokerage business),933,405,6,0069(brokerage business),2144,223,6,0277(brokerage business),1514,496
7,0308(brokerage business),584,374,7,0268(brokerage business),1826,66,7,0253(brokerage business),1136,218
8,0069(brokerage business),581,261,8,0272(brokerage business),1414,34,8,0275(brokerage business),946,46
9,0240(brokerage business),557,119,9,0007(brokerage business),809,67,9,0274(brokerage business),934,16
10,0277(brokerage business),500,231,10,0163(brokerage business),767,-15,10,0240(brokerage business),898,174
11,0274(brokerage business),422,144,11,0042(brokerage business),758,2,11,0029(brokerage business),893,-5
12,0275(brokerage business),364,-81,12,0169(brokerage business),630,1,12,0153(brokerage business),841,44
13,0082(brokerage business),335,165,13,0139(brokerage business),628,40,13,0268(brokerage business),771,24
14,0023(brokerage business),299,208,14,0240(brokerage business),615,23,14,0139(brokerage business),703,-53
15,0272(brokerage business),289,133,15,0254(brokerage business),582,0,15,0049(brokerage business),662,-3
16,0123(brokerage business),284,112,16,0137(brokerage business),510,14,16,0163(brokerage business),662,87
17,0271(brokerage business),280,199,17,0253(brokerage business),495,-1,17,0311(brokerage business),468,72
18,0019(brokerage business),276,259,18,0009(brokerage business),452,29,18,0001(brokerage business),451,110
19,0067(brokerage business),271,224,19,0008(brokerage business),442,0,19,0308(brokerage business),438,-3
20,0125(brokerage business),222,102,20,0315(brokerage business),419,0,20,0134(brokerage business),435,0
Total,,15428,4618,Total,,29863,1530,Total,,28528,1552
Member/OSP Type,Total Volume,Change from Previous Trading Day,Member/OSP Type,Total Long Position,Change from Previous Trading Day,Member/OSP Type,Total Short Position,Change from Previous Trading Day,,,
Contract Code：znall,,,,,,,2026-08-19,,,,
Name of FF Member/OSBP,575440,78488,Name of FF Member/OSBP,250603,-29622,Name of FF Member/OSBP,250603,-29622,,,
Name of Non-FF Member/OSNBP,0,0,Name of Non-FF Member/OSNBP,0,0,Name of Non-FF Member/OSNBP,0,0,,,
Ranking,Name of FF Member /OSBPs,Volume,Change from Previous Trading Day,Ranking,Name of FF Member /OSBPs,Long Position,Change from Previous Trading Day,Ranking,Name of FF Member /OSBPs,Short Position,Change from Previous Trading Day
Contract Code：zn2609,,,,,,,,,,2026-08-19,
1,0148(brokerage business),24064,-3740,1,0148(brokerage business),7535,-2756,1,0139(brokerage business),4468,-1377
2,0163(brokerage business),20946,-1484,2,0163(brokerage business),5979,-490,2,0148(brokerage business),4094,-518
3,0275(brokerage business),18143,-3361,3,0004(brokerage business),4669,-1754,3,0004(brokerage business),3487,-1068
4,0004(brokerage business),13624,-3778,4,0272(brokerage business),4226,-926,4,0272(brokerage business),2858,-606
5,0253(brokerage business),11161,-872,5,0139(brokerage business),3197,-66,5,0315(brokerage business),2362,-331
6,0123(brokerage business),5839,4699,6,0003(brokerage business),2856,0,6,0058(brokerage business),2095,-1746
7,0081(brokerage business),4694,-1735,7,0240(brokerage business),1946,-225,7,0049(brokerage business),2089,-981
8,0058(brokerage business),2902,419,8,0123(brokerage business),1879,-236,8,0052(brokerage business),1875,-262
9,0259(brokerage business),2865,2590,9,0049(brokerage business),1710,-178,9,0253(brokerage business),1797,-714
10,0059(brokerage business),2596,-1417,10,0177(brokerage business),1442,268,10,0082(brokerage business),1762,48
11,0272(brokerage business),2356,-567,11,0096(brokerage business),1076,-88,11,0096(brokerage business),1558,-747
12,0308(brokerage business),2148,-121,12,0253(brokerage business),1000,-565,12,0034(brokerage business),1439,-501
13,0240(brokerage business),1866,-15,13,0019(brokerage business),947,-133,13,0042(brokerage business),1394,-650
14,0139(brokerage business),1779,660,14,0081(brokerage business),863,87,14,0163(brokerage business),1365,-1922
15,0333(brokerage business),1725,1453,15,0268(brokerage business),796,-346,15,0059(brokerage business),1284,-353
16,0274(brokerage business),1635,329,16,0333(brokerage business),792,-1564,16,0025(brokerage business),1191,-4
17,0069(brokerage business),1597,82,17,0059(brokerage business),759,-343,17,0277(brokerage business),1147,-658
18,0049(brokerage business),1569,1027,18,0239(brokerage business),745,-1293,18,0268(brokerage business),1135,-167
19,0239(brokerage business),1293,809,19,0323(brokerage business),735,-311,19,0161(brokerage business),1122,-119
20,0034(brokerage business),1257,527,20,0161(brokerage business),729,210,20,0125(brokerage business),1113,-155
Total,,124059,-4495,Total,,43881,-10709,Total,,39635,-12831
Ranking,Name of FF Member /OSBPs,Volume,Change from Previous Trading Day,Ranking,Name of FF Member /OSBPs,Long Position,Change from Previous Trading Day,Ranking,Name of FF Member /OSBPs,Short Position,Change from Previous Trading Day
Contract Code：zn2610,,,,,,,,,,2026-08-19,
1,0275(brokerage business),43526,9013,1,0148(brokerage business),22705,-2098,1,0148(brokerage business),12900,-31
2,0148(brokerage business),41125,2899,2,0239(brokerage business),14084,-2304,2,0004(brokerage business),9482,-1745
3,0163(brokerage business),38439,105,3,0004(brokerage business),12149,-929,3,0139(brokerage business),8117,-500
4,0004(brokerage business),32770,5697,4,0272(brokerage business),7548,91,4,0272(brokerage business),7562,-938
5,0253(brokerage business),29006,7698,5,0163(brokerage business),7116,-1285,5,0163(brokerage business),6056,2444
6,0272(brokerage business),12425,5369,6,0123(brokerage business),6259,58,6,0003(brokerage business),5510,-475
7,0081(brokerage business),9492,808,7,0335(brokerage business),4626,-747,7,0069(brokerage business),4883,-871
8,0123(brokerage business),7274,3241,8,0253(brokerage business),3629,-1122,8,0058(brokerage business),4360,-1158
9,0096(brokerage business),6851,148,9,0136(brokerage business),3607,610,9,0059(brokerage business),4218,-115
10,0259(brokerage business),6823,1573,10,0308(brokerage business),3420,173,10,0049(brokerage business),3466,-464
11,0239(brokerage business),6046,2585,11,0240(brokerage business),2567,-277,11,0103(brokerage business),3400,410
12,0069(brokerage business),5299,2113,12,0268(brokerage business),2459,70,12,0315(brokerage business),3218,-21
13,0161(brokerage business),5279,1742,13,0103(brokerage business),2382,-959,13,0081(brokerage business),3064,-273
14,0308(brokerage business),5155,1502,14,0274(brokerage business),2278,-16,14,0042(brokerage business),3035,1350
15,0103(brokerage business),5153,1121,15,0018(brokerage business),2151,-146,15,0082(brokerage business),2647,394
16,0042(brokerage business),4613,1072,16,0084(brokerage business),2098,0,16,0025(brokerage business),2468,-154
17,0059(brokerage business),4161,-58,17,0184(brokerage business),1847,193,17,0253(brokerage business),2451,-310
18,0268(brokerage business),3282,1332,18,0137(brokerage business),1765,-328,18,0275(brokerage business),2393,-258
19,0323(brokerage business),2974,1361,19,0139(brokerage business),1486,42,19,0240(brokerage business),2222,-196
20,0034(brokerage business),2723,-889,20,0096(brokerage business),1478,42,20,0034(brokerage business),2086,14
Total,,272416,48432,Total,,105654,-8932,Total,,93538,-2897
Ranking,Name of FF Member /OSBPs,Volume,Change from Previous Trading Day,Ranking,Name of FF Member /OSBPs,Long Position,Change from Previous Trading Day,Ranking,Name of FF Member /OSBPs,Short Position,Change from Previous Trading Day
Contract Code：zn2611,,,,,,,,,,2026-08-19,
1,0163(brokerage business),9867,2189,1,0239(brokerage business),8298,1612,1,0058(brokerage business),2468,1308
2,0148(brokerage business),8975,539,2,0004(brokerage business),6765,882,2,0321(brokerage business),2422,10
3,0004(brokerage business),6272,1156,3,0148(brokerage business),2557,121,3,0148(brokerage business),2222,446
4,0253(brokerage business),4479,1171,4,0253(brokerage business),2242,562,4,0025(brokerage business),2215,-15
5,0081(brokerage business),3055,713,5,0268(brokerage business),2011,-54,5,0272(brokerage business),1951,263
6,0275(brokerage business),2663,1473,6,0123(brokerage business),1971,-5,6,0077(brokerage business),1566,33
7,0239(brokerage business),2148,1806,7,0163(brokerage business),1636,688,7,0009(brokerage business),1431,53
8,0058(brokerage business),1568,1158,8,0081(brokerage business),1345,-250,8,0253(brokerage business),1177,-89
9,0308(brokerage business),1217,319,9,0274(brokerage business),1014,-28,9,0069(brokerage business),1115,-42
10,0123(brokerage business),1213,988,10,0077(brokerage business),757,5,10,0308(brokerage business),994,41
11,0259(brokerage business),1174,904,11,0240(brokerage business),663,-18,11,0123(brokerage business),910,210
12,0096(brokerage business),1033,795,12,0103(brokerage business),493,0,12,0003(brokerage business),866,274
13,0272(brokerage business),922,196,13,0323(brokerage business),427,58,13,0059(brokerage business),837,-103
14,0271(brokerage business),888,646,14,0272(brokerage business),414,-107,14,0096(brokerage business),831,-53
15,0059(brokerage business),846,45,15,0034(brokerage business),356,88,15,0004(brokerage business),700,143
16,0274(brokerage business),818,86,16,0335(brokerage business),210,-70,16,0034(brokerage business),631,-96
17,0333(brokerage business),627,359,17,0009(brokerage business),207,-37,17,0333(brokerage business),573,-14
18,0320(brokerage business),535,333,18,0178(brokerage business),206,162,18,0323(brokerage business),502,-36
19,0151(brokerage business),534,200,19,0042(brokerage business),182,49,19,0163(brokerage business),499,-87
20,0323(brokerage business),504,153,20,0043(brokerage business),176,21,20,0103(brokerage business),488,-19
Total,,49338,15229,Total,,31930,3679,Total,,24398,2227
Member/OSP Type,Total Volume,Change from Previous Trading Day,Member/OSP Type,Total Long Position,Change from Previous Trading Day,Member/OSP Type,Total Short Position,Change from Previous Trading Day,,,
Contract Code：pball,,,,,,,2026-08-19,,,,
Name of FF Member/OSBP,193898,37268,Name of FF Member/OSBP,119962,-2206,Name of FF Member/OSBP,119962,-2206,,,
Name of Non-FF Member/OSNBP,0,0,Name of Non-FF Member/OSNBP,0,0,Name of Non-FF Member/OSNBP,0,0,,,
Ranking,Name of FF Member /OSBPs,Volume,Change from Previous Trading Day,Ranking,Name of FF Member /OSBPs,Long Position,Change from Previous Trading Day,Ranking,Name of FF Member /OSBPs,Short Position,Change from Previous Trading Day
Contract Code：pb2609,,,,,,,,,,2026-08-19,
1,0253(brokerage business),8022,1549,1,0049(brokerage business),2893,-531,1,0006(brokerage business),2916,133
2,0004(brokerage business),7489,-300,2,0103(brokerage business),2522,-316,2,0148(brokerage business),2036,-785
3,0163(brokerage business),6913,-1428,3,0272(brokerage business),2292,197,3,0082(brokerage business),1713,-78
4,0148(brokerage business),6282,-2095,4,0288(brokerage business),2034,-4,4,0163(brokerage business),1539,-248
5,0081(brokerage business),3112,115,5,0004(brokerage business),1448,-692,5,0153(brokerage business),1430,-16
6,0275(brokerage business),2199,-591,6,0274(brokerage business),1346,70,6,0103(brokerage business),1180,-491
7,0259(brokerage business),1350,839,7,0308(brokerage business),1329,-118,7,0081(brokerage business),986,-21
8,0049(brokerage business),1347,1047,8,0148(brokerage business),1269,9,8,0320(brokerage business),982,60
9,0274(brokerage business),1197,128,9,0275(brokerage business),1118,-625,9,0272(brokerage business),975,-117
10,0240(brokerage business),1069,406,10,0339(brokerage business),802,-105,10,0308(brokerage business),975,-85
11,0123(brokerage business),1060,-844,11,0096(brokerage business),693,-37,11,0335(brokerage business),811,-174
12,0006(brokerage business),897,247,12,0139(brokerage business),653,-26,12,0049(brokerage business),793,-624
13,0103(brokerage business),845,89,13,0163(brokerage business),630,-343,13,0007(brokerage business),779,-166
14,0272(brokerage business),816,154,14,0161(brokerage business),589,-168,14,0274(brokerage business),763,-123
15,0308(brokerage business),753,323,15,0058(brokerage business),502,9,15,0253(brokerage business),743,138
16,0069(brokerage business),610,104,16,0331(brokerage business),483,0,16,0004(brokerage business),607,-83
17,0335(brokerage business),409,14,17,0034(brokerage business),418,-17,17,0022(brokerage business),600,0
18,0153(brokerage business),377,-166,18,0059(brokerage business),331,-14,18,0029(brokerage business),454,-153
19,0058(brokerage business),343,-51,19,0137(brokerage business),331,-45,19,0069(brokerage business),427,-354
20,0178(brokerage business),342,173,20,0077(brokerage business),313,-35,20,0275(brokerage business),355,-28
Total,,45432,-287,Total,,21996,-2791,Total,,21064,-3215
Ranking,Name of FF Member /OSBPs,Volume,Change from Previous Trading Day,Ranking,Name of FF Member /OSBPs,Long Position,Change from Previous Trading Day,Ranking,Name of FF Member /OSBPs,Short Position,Change from Previous Trading Day
Contract Code：pb2610,,,,,,,,,,2026-08-19,
1,0148(brokerage business),19064,1213,1,0148(brokerage business),9718,119,1,0148(brokerage business),9352,275
2,0163(brokerage business),17543,5584,2,0272(brokerage business),9066,-1274,2,0239(brokerage business),8829,-828
3,0004(brokerage business),17483,6021,3,0004(brokerage business),5868,573,3,0163(brokerage business),6984,948
4,0253(brokerage business),11137,1832,4,0288(brokerage business),5380,-3,4,0004(brokerage business),5662,172
5,0123(brokerage business),9992,7840,5,0308(brokerage business),4624,4,5,0123(brokerage business),4760,-17
6,0275(brokerage business),5245,1189,6,0049(brokerage business),4183,-95,6,0103(brokerage business),4625,523
7,0272(brokerage business),4242,939,7,0163(brokerage business),3385,-385,7,0335(brokerage business),4495,-1144
8,0081(brokerage business),4042,-1422,8,0069(brokerage business),2498,-293,8,0253(brokerage business),2482,29
9,0259(brokerage business),3105,854,9,0275(brokerage business),2495,-24,9,0272(brokerage business),2168,-172
10,0335(brokerage business),2063,995,10,0123(brokerage business),2489,-67,10,0084(brokerage business),2087,0
11,0274(brokerage business),1847,514,11,0103(brokerage business),2259,119,11,0308(brokerage business),1923,275
12,0240(brokerage business),1726,845,12,0253(brokerage business),1504,-298,12,0042(brokerage business),1676,-199
13,0034(brokerage business),1714,708,13,0077(brokerage business),1320,-2,13,0315(brokerage business),1314,220
14,0082(brokerage business),1406,145,14,0081(brokerage business),1263,-202,14,0034(brokerage business),1245,-875
15,0239(brokerage business),1320,492,15,0239(brokerage business),1033,-162,15,0049(brokerage business),1236,347
16,0043(brokerage business),1104,564,16,0006(brokerage business),944,10,16,0009(brokerage business),1148,31
17,0069(brokerage business),1054,429,17,0295(brokerage business),852,161,17,0081(brokerage business),1023,134
18,0049(brokerage business),1044,868,18,0323(brokerage business),846,-151,18,0268(brokerage business),950,-30
19,0103(brokerage business),986,295,19,0184(brokerage business),839,321,19,0007(brokerage business),790,120
20,0184(brokerage business),907,658,20,0339(brokerage business),835,0,20,0240(brokerage business),786,26
Total,,107024,30563,Total,,61401,-1649,Total,,63535,-165
Member/OSP Type,Total Volume,Change from Previous Trading Day,Member/OSP Type,Total Long Position,Change from Previous Trading Day,Member/OSP Type,Total Short Position,Change from Previous Trading Day,,,
Contract Code：niall,,,,,,,2026-08-19,,,,
Name of FF Member/OSBP,497655,91261,Name of FF Member/OSBP,335992,2597,Name of FF Member/OSBP,333127,2154,,,
Name of Non-FF Member/OSNBP,443,-177,Name of Non-FF Member/OSNBP,0,0,Name of Non-FF Member/OSNBP,2865,443,,,
Ranking,Name of FF Member /OSBPs,Volume,Change from Previous Trading Day,Ranking,Name of FF Member /OSBPs,Long Position,Change from Previous Trading Day,Ranking,Name of FF Member /OSBPs,Short Position,Change from Previous Trading Day
Contract Code：ni2609,,,,,,,,,,2026-08-19,
1,0148(brokerage business),33411,297,1,0004(brokerage business),12641,-218,1,0004(brokerage business),21080,-967
2,0004(brokerage business),32887,1118,2,0148(brokerage business),7784,-65,2,0148(brokerage business),13233,-1090
3,0163(brokerage business),30896,8022,3,0163(brokerage business),5144,-627,3,0253(brokerage business),6294,-117
4,0253(brokerage business),13143,3195,4,0096(brokerage business),4565,355,4,0082(brokerage business),4982,-2266
5,0275(brokerage business),12420,3442,5,0240(brokerage business),4550,-7,5,0163(brokerage business),4595,537
6,0272(brokerage business),11718,6433,6,0253(brokerage business),3708,-268,6,0009(brokerage business),4511,-11
7,0123(brokerage business),11141,1779,7,0103(brokerage business),3463,-942,7,0059(brokerage business),3997,42
8,0081(brokerage business),9969,1900,8,0082(brokerage business),3244,-79,8,0272(brokerage business),3605,442
9,0240(brokerage business),8024,1455,9,0034(brokerage business),2702,-368,9,0240(brokerage business),3002,161
10,0268(brokerage business),5449,575,10,0272(brokerage business),2595,-714,10,0139(brokerage business),2723,-376
11,0059(brokerage business),5345,-80,11,0042(brokerage business),2395,-378,11,0335(brokerage business),2114,35
12,0308(brokerage business),4899,948,12,0275(brokerage business),2392,8,12,0275(brokerage business),2024,234
13,0186(brokerage business),4813,-409,13,0069(brokerage business),2362,-61,13,0169(brokerage business),1961,-419
14,0034(brokerage business),4796,561,14,0123(brokerage business),2206,-44,14,0268(brokerage business),1950,15
15,0298(brokerage business),4584,31,15,0268(brokerage business),2081,66,15,0320(brokerage business),1807,-224
16,0009(brokerage business),4419,838,16,0049(brokerage business),1971,156,16,0052(brokerage business),1618,-3
17,0069(brokerage business),4064,379,17,0161(brokerage business),1917,83,17,0069(brokerage business),1579,-73
18,0161(brokerage business),3968,570,18,0316(brokerage business),1903,26,18,0034(brokerage business),1563,264
19,0082(brokerage business),3947,1138,19,0081(brokerage business),1901,666,19,0184(brokerage business),1478,1237
20,0259(brokerage business),3829,581,20,0003(brokerage business),1764,612,20,0308(brokerage business),1352,356
Total,,213722,32773,Total,,71288,-1799,Total,,85468,-2223
Ranking,Name of FF Member /OSBPs,Volume,Change from Previous Trading Day,Ranking,Name of FF Member /OSBPs,Long Position,Change from Previous Trading Day,Ranking,Name of FF Member /OSBPs,Short Position,Change from Previous Trading Day
Contract Code：ni2610,,,,,,,,,,2026-08-19,
1,0148(brokerage business),19935,4096,1,0103(brokerage business),18271,-40,1,0004(brokerage business),19735,1063
2,0163(brokerage business),12188,5533,2,0148(brokerage business),10818,-37,2,0148(brokerage business),9771,1422
3,0004(brokerage business),12186,961,3,0096(brokerage business),8222,55,3,0082(brokerage business),9346,1614
4,0275(brokerage business),8650,3371,4,0004(brokerage business),6093,-601,4,0184(brokerage business),9218,-546
5,0253(brokerage business),7843,2751,5,0082(brokerage business),5939,166,5,0239(brokerage business),8234,-275
6,0123(brokerage business),6124,1889,6,0253(brokerage business),4828,467,6,0272(brokerage business),6863,-214
7,0081(brokerage business),4311,832,7,0003(brokerage business),4086,-507,7,0042(brokerage business),4859,77
8,0059(brokerage business),4080,1049,8,0077(brokerage business),3850,-103,8,0335(brokerage business),4750,308
9,0240(brokerage business),2896,953,9,0163(brokerage business),3768,32,9,0240(brokerage business),3444,237
10,0308(brokerage business),2702,1111,10,0081(brokerage business),3156,191,10,0139(brokerage business),3372,-2283
11,0139(brokerage business),2662,2425,11,0272(brokerage business),2631,94,11,0103(brokerage business),3167,-78
12,0009(brokerage business),2362,311,12,0335(brokerage business),2263,14,12,0163(brokerage business),2807,-158
13,0082(brokerage business),2352,129,13,0240(brokerage business),2036,81,13,0123(brokerage business),2669,-35
14,0272(brokerage business),2208,900,14,0316(brokerage business),1874,-5,14,0275(brokerage business),2426,-6
15,0034(brokerage business),2176,-704,15,0178(brokerage business),1857,76,15,0136(brokerage business),2322,-2
16,0069(brokerage business),1976,681,16,0069(brokerage business),1594,71,16,0253(brokerage business),1788,422
17,0259(brokerage business),1754,889,17,0009(brokerage business),1585,113,17,0323(brokerage business),1751,130
18,0103(brokerage business),1676,364,18,0059(brokerage business),1450,180,18,0059(brokerage business),1468,294
19,0239(brokerage business),1664,25,19,0049(brokerage business),1437,10,19,0003(brokerage business),1370,-33
20,0186(brokerage business),1487,-115,20,0275(brokerage business),1335,226,20,0169(brokerage business),1168,255
Total,,101232,27451,Total,,87093,483,Total,,100528,2192
Ranking,Name of FF Member /OSBPs,Volume,Change from Previous Trading Day,Ranking,Name of FF Member /OSBPs,Long Position,Change from Previous Trading Day,Ranking,Name of FF Member /OSBPs,Short Position,Change from Previous Trading Day
Contract Code：ni2611,,,,,,,,,,2026-08-19,
1,0004(brokerage business),5361,1665,1,0103(brokerage business),9531,543,1,0004(brokerage business),9246,223
2,0148(brokerage business),4306,-43,2,0148(brokerage business),8257,142,2,0148(brokerage business),8613,342
3,0275(brokerage business),3152,319,3,0004(brokerage business),5578,546,3,0272(brokerage business),4114,-59
4,0253(brokerage business),2640,590,4,0096(brokerage business),4264,11,4,0042(brokerage business),2827,16
5,0163(brokerage business),2119,587,5,0268(brokerage business),2600,102,5,0253(brokerage business),2617,76
6,0081(brokerage business),1854,186,6,0316(brokerage business),1922,0,6,0022(brokerage business),2085,0
7,0123(brokerage business),1568,637,7,0059(brokerage business),1563,27,7,0123(brokerage business),1824,60
8,0059(brokerage business),1497,164,8,0163(brokerage business),1503,228,8,0003(brokerage business),1783,88
9,0184(brokerage business),1051,947,9,0178(brokerage business),1497,96,9,0029(brokerage business),1763,-10
10,0103(brokerage business),963,-3,10,0272(brokerage business),972,71,10,0244(brokerage business),1638,-1
11,0323(brokerage business),896,444,11,0013(brokerage business),841,0,11,0240(brokerage business),1553,16
12,0308(brokerage business),865,-556,12,0034(brokerage business),718,4,12,0082(brokerage business),1280,674
13,0082(brokerage business),732,689,13,0310(brokerage business),689,48,13,0323(brokerage business),1260,834
14,0240(brokerage business),687,265,14,0253(brokerage business),688,46,14,0184(brokerage business),1155,1051
15,0272(brokerage business),476,248,15,0018(brokerage business),684,64,15,0139(brokerage business),1007,27
16,0069(brokerage business),429,-57,16,0003(brokerage business),562,10,16,0163(brokerage business),974,37
17,0003(brokerage business),396,-36,17,0069(brokerage business),478,-6,17,0009(brokerage business),769,12
18,0018(brokerage business),371,-113,18,0139(brokerage business),473,7,18,0058(brokerage business),662,-178
19,0096(brokerage business),364,125,19,0123(brokerage business),452,96,19,0059(brokerage business),552,8
20,0259(brokerage business),359,191,20,0161(brokerage business),410,151,20,0308(brokerage business),549,-407
Total,,30086,6249,Total,,43682,2186,Total,,46271,2809
Ranking,Name of FF Member /OSBPs,Volume,Change from Previous Trading Day,Ranking,Name of FF Member /OSBPs,Long Position,Change from Previous Trading Day,Ranking,Name of FF Member /OSBPs,Short Position,Change from Previous Trading Day
Contract Code：ni2612,,,,,,,,,,2026-08-19,
1,0148(brokerage business),1818,412,1,0148(brokerage business),6932,110,1,0004(brokerage business),8779,-27
2,0163(brokerage business),1163,363,2,0096(brokerage business),2750,-14,2,0272(brokerage business),4743,-9
3,0081(brokerage business),1082,334,3,0316(brokerage business),2188,0,3,0148(brokerage business),1961,394
4,0275(brokerage business),843,-25,4,0103(brokerage business),1558,306,4,0139(brokerage business),1824,375
5,0004(brokerage business),556,-180,5,0272(brokerage business),1037,18,5,0042(brokerage business),1821,123
6,0139(brokerage business),390,188,6,0244(brokerage business),988,-5,6,0253(brokerage business),1764,-173
7,0103(brokerage business),368,34,7,0004(brokerage business),784,61,7,0022(brokerage business),1114,0
8,0308(brokerage business),364,56,8,0263(brokerage business),744,48,8,0240(brokerage business),844,7
9,0123(brokerage business),268,50,9,0178(brokerage business),727,0,9,0007(brokerage business),698,167
10,0253(brokerage business),254,-30,10,0059(brokerage business),549,16,10,0077(brokerage business),444,1
11,0007(brokerage business),190,151,11,0163(brokerage business),494,49,11,0331(brokerage business),367,0
12,0310(brokerage business),181,-27,12,0003(brokerage business),485,2,12,0308(brokerage business),357,229
13,0137(brokerage business),167,162,13,0034(brokerage business),399,1,13,0052(brokerage business),289,1
14,0298(brokerage business),164,145,14,0268(brokerage business),398,1,14,0163(brokerage business),269,-2
15,0042(brokerage business),140,-44,15,0308(brokerage business),364,1,15,0295(brokerage business),263,0
16,0238(brokerage business),134,-79,16,0009(brokerage business),359,105,16,0096(brokerage business),208,-10
17,0096(brokerage business),132,-17,17,0123(brokerage business),351,0,17,0058(brokerage business),198,-1
18,0268(brokerage business),121,65,18,0038(brokerage business),344,-2,18,0275(brokerage business),146,-4
19,0240(brokerage business),115,48,19,0107(brokerage business),306,1,19,0268(brokerage business),141,-46
20,0009(brokerage business),109,96,20,0320(brokerage business),302,-19,20,0169(brokerage business),97,1
Total,,8559,1702,Total,,22059,679,Total,,26327,1026
Member/OSP Type,Total Volume,Change from Previous Trading Day,Member/OSP Type,Total Long Position,Change from Previous Trading Day,Member/OSP Type,Total Short Position,Change from Previous Trading Day,,,
Contract Code：snall,,,,,,,2026-08-19,,,,
Name of FF Member/OSBP,448826,6536,Name of FF Member/OSBP,80861,-6883,Name of FF Member/OSBP,80865,-6883,,,
Name of Non-FF Member/OSNBP,0,0,Name of Non-FF Member/OSNBP,4,0,Name of Non-FF Member/OSNBP,0,0,,,
Ranking,Name of FF Member /OSBPs,Volume,Change from Previous Trading Day,Ranking,Name of FF Member /OSBPs,Long Position,Change from Previous Trading Day,Ranking,Name of FF Member /OSBPs,Short Position,Change from Previous Trading Day
Contract Code：sn2609,,,,,,,,,,2026-08-19,
1,0004(brokerage business),47852,1648,1,0004(brokerage business),3434,-479,1,0004(brokerage business),3017,-439
2,0148(brokerage business),33700,-1651,2,0148(brokerage business),2568,-717,2,0148(brokerage business),2557,-143
3,0163(brokerage business),18380,-1598,3,0034(brokerage business),1966,327,3,0240(brokerage business),2447,-83
4,0275(brokerage business),14989,335,4,0163(brokerage business),1752,-197,4,0272(brokerage business),2312,-86
5,0240(brokerage business),10932,-1234,5,0268(brokerage business),1279,-207,5,0163(brokerage business),1797,-89
6,0253(brokerage business),10711,-485,6,0103(brokerage business),1273,-543,6,0042(brokerage business),1102,11
7,0308(brokerage business),9125,871,7,0272(brokerage business),1047,-341,7,0007(brokerage business),1099,-99
8,0272(brokerage business),8143,-617,8,0082(brokerage business),1017,11,8,0096(brokerage business),1008,-154
9,0081(brokerage business),7990,-946,9,0059(brokerage business),752,-1,9,0103(brokerage business),965,-452
10,0186(brokerage business),6911,-369,10,0240(brokerage business),750,-147,10,0268(brokerage business),902,-437
11,0268(brokerage business),6410,162,11,0253(brokerage business),697,-253,11,0059(brokerage business),899,-131
12,0298(brokerage business),6083,-423,12,0123(brokerage business),695,-62,12,0034(brokerage business),874,-113
13,0059(brokerage business),5834,-716,13,0049(brokerage business),688,102,13,0049(brokerage business),794,-131
14,0034(brokerage business),5068,57,14,0275(brokerage business),614,-178,14,0018(brokerage business),767,-168
15,0259(brokerage business),3435,-601,15,0007(brokerage business),587,84,15,0275(brokerage business),736,-145
16,0271(brokerage business),3422,240,16,0009(brokerage business),582,-34,16,0253(brokerage business),576,-208
17,0019(brokerage business),2973,-586,17,0335(brokerage business),567,-201,17,0153(brokerage business),572,-310
18,0103(brokerage business),2907,695,18,0107(brokerage business),515,20,18,0315(brokerage business),542,-13
19,0137(brokerage business),2870,113,19,0153(brokerage business),496,-68,19,0161(brokerage business),500,8
20,0161(brokerage business),2739,-130,20,0096(brokerage business),490,-15,20,0077(brokerage business),433,-380
Total,,210474,-5235,Total,,21769,-2899,Total,,23899,-3562
Ranking,Name of FF Member /OSBPs,Volume,Change from Previous Trading Day,Ranking,Name of FF Member /OSBPs,Long Position,Change from Previous Trading Day,Ranking,Name of FF Member /OSBPs,Short Position,Change from Previous Trading Day
Contract Code：sn2610,,,,,,,,,,2026-08-19,
1,0004(brokerage business),18509,502,1,0004(brokerage business),4108,-390,1,0240(brokerage business),2940,-91
2,0148(brokerage business),16278,261,2,0148(brokerage business),2957,-75,2,0004(brokerage business),2644,-221
3,0275(brokerage business),8704,1227,3,0239(brokerage business),2051,-709,3,0272(brokerage business),1936,-365
4,0163(brokerage business),8609,1098,4,0103(brokerage business),1681,-510,4,0034(brokerage business),1825,145
5,0253(brokerage business),5003,-303,5,0272(brokerage business),1128,67,5,0148(brokerage business),1653,-173
6,0059(brokerage business),3698,920,6,0084(brokerage business),953,0,6,0163(brokerage business),1309,-76
7,0240(brokerage business),3624,-90,7,0123(brokerage business),907,98,7,0007(brokerage business),1228,11
8,0272(brokerage business),3190,184,8,0163(brokerage business),886,-71,8,0042(brokerage business),1189,16
9,0081(brokerage business),2957,-115,9,0335(brokerage business),841,-176,9,0096(brokerage business),1161,70
10,0308(brokerage business),2941,227,10,0268(brokerage business),812,53,10,0139(brokerage business),1071,66
11,0298(brokerage business),2670,1314,11,0096(brokerage business),695,9,11,0323(brokerage business),825,-37
12,0034(brokerage business),2299,26,12,0059(brokerage business),660,-419,12,0003(brokerage business),727,11
13,0268(brokerage business),2187,195,13,0049(brokerage business),653,55,13,0059(brokerage business),581,-103
14,0259(brokerage business),2181,314,14,0253(brokerage business),648,-80,14,0153(brokerage business),410,74
15,0123(brokerage business),2073,600,15,0043(brokerage business),599,250,15,0178(brokerage business),398,-27
16,0186(brokerage business),1843,342,16,0274(brokerage business),581,3,16,0268(brokerage business),380,-8
17,0103(brokerage business),1519,938,17,0007(brokerage business),525,23,17,0018(brokerage business),365,30
18,0019(brokerage business),1443,351,18,0333(brokerage business),480,-47,18,0349(brokerage business),346,2
19,0271(brokerage business),1422,110,19,0034(brokerage business),477,130,19,0253(brokerage business),340,-29
20,0323(brokerage business),1365,473,20,0184(brokerage business),461,58,20,0077(brokerage business),327,21
Total,,92515,8574,Total,,22103,-1731,Total,,21655,-684
Ranking,Name of FF Member /OSBPs,Volume,Change from Previous Trading Day,Ranking,Name of FF Member /OSBPs,Long Position,Change from Previous Trading Day,Ranking,Name of FF Member /OSBPs,Short Position,Change from Previous Trading Day
Contract Code：sn2611,,,,,,,,,,2026-08-19,
1,0004(brokerage business),4609,1085,1,0004(brokerage business),1806,-210,1,0272(brokerage business),1603,-67
2,0148(brokerage business),3842,-932,2,0148(brokerage business),1518,132,2,0323(brokerage business),1349,4
3,0275(brokerage business),3079,505,3,0268(brokerage business),803,9,3,0148(brokerage business),1314,-64
4,0253(brokerage business),1914,402,4,0163(brokerage business),739,-66,4,0004(brokerage business),1088,-11
5,0163(brokerage business),1296,353,5,0096(brokerage business),690,42,5,0042(brokerage business),814,-3
6,0272(brokerage business),1077,600,6,0052(brokerage business),490,60,6,0007(brokerage business),770,-13
7,0059(brokerage business),1021,212,7,0009(brokerage business),419,-21,7,0163(brokerage business),632,50
8,0123(brokerage business),990,306,8,0103(brokerage business),418,42,8,0077(brokerage business),383,-27
9,0018(brokerage business),877,859,9,0049(brokerage business),387,-2,9,0096(brokerage business),308,-3
10,0240(brokerage business),639,-64,10,0272(brokerage business),373,-16,10,0034(brokerage business),304,191
11,0308(brokerage business),634,17,11,0157(brokerage business),308,-80,11,0153(brokerage business),239,1
12,0096(brokerage business),619,14,12,0274(brokerage business),290,15,12,0003(brokerage business),159,-2
13,0034(brokerage business),460,333,13,0240(brokerage business),273,-25,13,0139(brokerage business),141,3
14,0081(brokerage business),456,-49,14,0239(brokerage business),265,46,14,0268(brokerage business),127,-73
15,0259(brokerage business),408,-23,15,0323(brokerage business),209,-45,15,0019(brokerage business),124,9
16,0323(brokerage business),391,217,16,0108(brokerage business),155,0,16,0123(brokerage business),113,10
17,0007(brokerage business),335,44,17,0059(brokerage business),119,56,17,0240(brokerage business),105,-32
18,0082(brokerage business),334,96,18,0007(brokerage business),116,42,18,0136(brokerage business),104,0
19,0271(brokerage business),269,-41,19,0253(brokerage business),110,-6,19,0349(brokerage business),101,-51
20,0257(brokerage business),247,58,20,0277(brokerage business),103,-2,20,0059(brokerage business),89,11
Total,,23497,3992,Total,,9591,-29,Total,,9867,-67
Member/OSP Type,Total Volume,Change from Previous Trading Day,Member/OSP Type,Total Long Position,Change from Previous Trading Day,Member/OSP Type,Total Short Position,Change from Previous Trading Day,,,
Contract Code：aoall,,,,,,,2026-08-19,,,,
Name of FF Member/OSBP,346752,-268314,Name of FF Member/OSBP,567033,6911,Name of FF Member/OSBP,566133,6911,,,
Name of Non-FF Member/OSNBP,0,0,Name of Non-FF Member/OSNBP,0,0,Name of Non-FF Member/OSNBP,900,0,,,
Ranking,Name of FF Member /OSBPs,Volume,Change from Previous Trading Day,Ranking,Name of FF Member /OSBPs,Long Position,Change from Previous Trading Day,Ranking,Name of FF Member /OSBPs,Short Position,Change from Previous Trading Day
Contract Code：ao2609,,,,,,,,,,2026-08-19,
1,0148(brokerage business),6373,-4651,1,0004(brokerage business),5130,-296,1,0148(brokerage business),13679,35
2,0163(brokerage business),5886,-5065,2,0148(brokerage business),4930,-82,2,0004(brokerage business),7444,-427
3,0004(brokerage business),4583,-4123,3,0298(brokerage business),3662,-170,3,0058(brokerage business),3996,-62
4,0253(brokerage business),1938,-1881,4,0034(brokerage business),3407,-196,4,0103(brokerage business),2968,4
5,0123(brokerage business),1181,-4136,5,0272(brokerage business),3364,-133,5,0059(brokerage business),2914,-29
6,0268(brokerage business),1163,-139,6,0163(brokerage business),2795,-192,6,0163(brokerage business),2773,-178
7,0081(brokerage business),1153,-1492,7,0082(brokerage business),2570,-50,7,0295(brokerage business),2630,-51
8,0240(brokerage business),1006,-1955,8,0103(brokerage business),2466,-82,8,0274(brokerage business),2628,40
9,0272(brokerage business),968,-452,9,0240(brokerage business),2445,74,9,0272(brokerage business),2410,-271
10,0275(brokerage business),915,-2376,10,0275(brokerage business),2309,18,10,0009(brokerage business),2193,-266
11,0298(brokerage business),759,-490,11,0268(brokerage business),2191,403,11,0151(brokerage business),2185,36
12,0034(brokerage business),466,-366,12,0253(brokerage business),2132,-232,12,0349(brokerage business),2048,-3
13,0151(brokerage business),402,-1241,13,0308(brokerage business),2011,-68,13,0253(brokerage business),1928,-70
14,0299(brokerage business),366,-43,14,0323(brokerage business),1957,-83,14,0082(brokerage business),1879,-234
15,0178(brokerage business),349,160,15,0277(brokerage business),1924,-3,15,0268(brokerage business),1771,-46
16,0019(brokerage business),344,-649,16,0096(brokerage business),1652,-36,16,0096(brokerage business),1672,-4
17,0009(brokerage business),343,-737,17,0161(brokerage business),1644,-40,17,0123(brokerage business),1634,-548
18,0003(brokerage business),338,-19,18,0123(brokerage business),1611,-65,18,0029(brokerage business),1438,-176
19,0082(brokerage business),338,-571,19,0288(brokerage business),1601,-54,19,0153(brokerage business),1397,17
20,0059(brokerage business),333,-1235,20,0081(brokerage business),1551,-48,20,0136(brokerage business),1391,-14
Total,,29204,-31461,Total,,51352,-1335,Total,,60978,-2247
Ranking,Name of FF Member /OSBPs,Volume,Change from Previous Trading Day,Ranking,Name of FF Member /OSBPs,Long Position,Change from Previous Trading Day,Ranking,Name of FF Member /OSBPs,Short Position,Change from Previous Trading Day
Contract Code：ao2610,,,,,,,,,,2026-08-19,
1,0004(brokerage business),35163,-19091,1,0148(brokerage business),22675,67,1,0148(brokerage business),30137,1855
2,0163(brokerage business),25798,-19926,2,0272(brokerage business),18962,35,2,0004(brokerage business),29028,-803
3,0148(brokerage business),24566,-11822,3,0004(brokerage business),18465,320,3,0163(brokerage business),18191,1076
4,0253(brokerage business),11556,-10885,4,0082(brokerage business),17722,77,4,0253(brokerage business),14726,391
5,0059(brokerage business),10474,-3575,5,0163(brokerage business),11433,-336,5,0335(brokerage business),13329,824
6,0123(brokerage business),10441,-5095,6,0323(brokerage business),11303,62,6,0272(brokerage business),13269,431
7,0275(brokerage business),8055,-14917,7,0253(brokerage business),9810,401,7,0103(brokerage business),12998,192
8,0272(brokerage business),7112,-3322,8,0151(brokerage business),9656,-108,8,0240(brokerage business),12339,325
9,0298(brokerage business),6438,-1695,9,0240(brokerage business),8884,189,9,0059(brokerage business),11517,-652
10,0081(brokerage business),6317,-8922,10,0058(brokerage business),8100,279,10,0323(brokerage business),11289,187
11,0268(brokerage business),5610,-1266,11,0268(brokerage business),7937,275,11,0151(brokerage business),10397,583
12,0312(brokerage business),5176,-1825,12,0009(brokerage business),7479,200,12,0268(brokerage business),9280,-379
13,0240(brokerage business),4440,-7709,13,0123(brokerage business),7105,359,13,0288(brokerage business),7280,506
14,0186(brokerage business),4437,-2854,14,0288(brokerage business),6891,74,14,0178(brokerage business),5420,4
15,0161(brokerage business),4147,-1854,15,0096(brokerage business),6697,43,15,0082(brokerage business),5344,422
16,0034(brokerage business),3487,-2137,16,0003(brokerage business),6432,-33,16,0034(brokerage business),4380,660
17,0151(brokerage business),2859,-6781,17,0295(brokerage business),6258,239,17,0161(brokerage business),4341,-1005
18,0019(brokerage business),2716,-1740,18,0178(brokerage business),6039,179,18,0081(brokerage business),3902,519
19,0308(brokerage business),2644,-838,19,0103(brokerage business),5150,273,19,0308(brokerage business),3720,78
20,0029(brokerage business),2527,-1040,20,0139(brokerage business),5086,160,20,0043(brokerage business),3711,284
Total,,183963,-127294,Total,,202084,2755,Total,,224598,5498
Ranking,Name of FF Member /OSBPs,Volume,Change from Previous Trading Day,Ranking,Name of FF Member /OSBPs,Long Position,Change from Previous Trading Day,Ranking,Name of FF Member /OSBPs,Short Position,Change from Previous Trading Day
Contract Code：ao2611,,,,,,,,,,2026-08-19,
1,0163(brokerage business),1967,-1275,1,0082(brokerage business),8763,12,1,0148(brokerage business),8788,188
2,0253(brokerage business),1348,228,2,0253(brokerage business),6669,480,2,0268(brokerage business),5235,24
3,0148(brokerage business),1034,-726,3,0240(brokerage business),5844,90,3,0240(brokerage business),5148,0
4,0268(brokerage business),954,-16,4,0268(brokerage business),5264,8,4,0151(brokerage business),4854,24
5,0059(brokerage business),839,-752,5,0151(brokerage business),4723,91,5,0058(brokerage business),4561,290
6,0240(brokerage business),752,-386,6,0323(brokerage business),4710,12,6,0323(brokerage business),4448,1
7,0178(brokerage business),673,-500,7,0272(brokerage business),4617,24,7,0253(brokerage business),3734,10
8,0161(brokerage business),660,-714,8,0161(brokerage business),4071,304,8,0161(brokerage business),3434,322
9,0081(brokerage business),624,-205,9,0163(brokerage business),2140,26,9,0009(brokerage business),2960,103
10,0151(brokerage business),497,-907,10,0123(brokerage business),2039,-281,10,0295(brokerage business),2945,275
11,0123(brokerage business),414,39,11,0034(brokerage business),1740,18,11,0163(brokerage business),2911,167
12,0048(brokerage business),413,-36,12,0004(brokerage business),1683,48,12,0004(brokerage business),2709,29
13,0275(brokerage business),405,50,13,0178(brokerage business),1668,9,13,0082(brokerage business),2487,33
14,0058(brokerage business),345,-413,14,0308(brokerage business),1612,7,14,0178(brokerage business),1505,2
15,0295(brokerage business),279,-53,15,0048(brokerage business),1163,-17,15,0272(brokerage business),1252,-14
16,0009(brokerage business),278,-469,16,0103(brokerage business),829,10,16,0308(brokerage business),1155,96
17,0029(brokerage business),277,90,17,0148(brokerage business),724,14,17,0029(brokerage business),1051,234
18,0004(brokerage business),265,-1801,18,0019(brokerage business),665,3,18,0059(brokerage business),973,2
19,0042(brokerage business),227,166,19,0311(brokerage business),622,0,19,0086(brokerage business),973,88
20,0298(brokerage business),217,31,20,0003(brokerage business),576,0,20,0048(brokerage business),909,-10
Total,,12468,-7649,Total,,60122,858,Total,,62032,1864
Ranking,Name of FF Member /OSBPs,Volume,Change from Previous Trading Day,Ranking,Name of FF Member /OSBPs,Long Position,Change from Previous Trading Day,Ranking,Name of FF Member /OSBPs,Short Position,Change from Previous Trading Day
Contract Code：ao2701,,,,,,,,,,2026-08-19,
1,0275(brokerage business),2505,-2174,1,0034(brokerage business),13003,50,1,0148(brokerage business),10400,-153
2,0163(brokerage business),2258,-2751,2,0372(brokerage business),5550,1,2,0004(brokerage business),9174,171
3,0253(brokerage business),1972,-963,3,0082(brokerage business),4761,23,3,0103(brokerage business),7533,42
4,0148(brokerage business),1825,-2019,4,0116(brokerage business),4596,-60,4,0003(brokerage business),4184,-100
5,0004(brokerage business),1794,-1413,5,0004(brokerage business),3664,145,5,0240(brokerage business),3717,103
6,0240(brokerage business),1243,-578,6,0148(brokerage business),3158,8,6,0335(brokerage business),3700,164
7,0272(brokerage business),994,253,7,0253(brokerage business),2698,9,7,0123(brokerage business),3652,13
8,0081(brokerage business),801,-537,8,0323(brokerage business),2327,13,8,0253(brokerage business),3040,365
9,0034(brokerage business),631,-282,9,0275(brokerage business),2127,-27,9,0163(brokerage business),3005,165
10,0259(brokerage business),627,-752,10,0103(brokerage business),2003,69,10,0272(brokerage business),2014,-450
11,0059(brokerage business),616,-433,11,0163(brokerage business),1999,-17,11,0058(brokerage business),1919,13
12,0186(brokerage business),560,-300,12,0186(brokerage business),1307,142,12,0151(brokerage business),1633,-16
13,0029(brokerage business),474,-49,13,0077(brokerage business),1196,18,13,0139(brokerage business),1489,6
14,0069(brokerage business),472,56,14,0268(brokerage business),1006,-27,14,0034(brokerage business),1403,47
15,0308(brokerage business),326,-213,15,0123(brokerage business),929,23,15,0249(brokerage business),1249,4
16,0123(brokerage business),318,-1310,16,0272(brokerage business),917,-180,16,0274(brokerage business),1119,42
17,0268(brokerage business),300,-138,17,0277(brokerage business),887,36,17,0275(brokerage business),1010,38
18,0298(brokerage business),297,-160,18,0298(brokerage business),883,25,18,0349(brokerage business),950,-3
19,0311(brokerage business),277,-400,19,0240(brokerage business),872,40,19,0244(brokerage business),866,35
20,0137(brokerage business),265,-287,20,0055(brokerage business),837,0,20,0339(brokerage business),802,7
Total,,18555,-14450,Total,,54720,291,Total,,62859,493
Member/OSP Type,Total Volume,Change from Previous Trading Day,Member/OSP Type,Total Long Position,Change from Previous Trading Day,Member/OSP Type,Total Short Position,Change from Previous Trading Day,,,
Contract Code：adall,,,,,,,2026-08-19,,,,
Name of FF Member/OSBP,28870,2284,Name of FF Member/OSBP,24303,-610,Name of FF Member/OSBP,24303,-610,,,
Name of Non-FF Member/OSNBP,0,0,Name of Non-FF Member/OSNBP,0,0,Name of Non-FF Member/OSNBP,0,0,,,
Ranking,Name of FF Member /OSBPs,Volume,Change from Previous Trading Day,Ranking,Name of FF Member /OSBPs,Long Position,Change from Previous Trading Day,Ranking,Name of FF Member /OSBPs,Short Position,Change from Previous Trading Day
Contract Code：ad2609,,,,,,,,,,2026-08-19,
1,0004(brokerage business),324,51,1,0253(brokerage business),396,75,1,0123(brokerage business),470,-20
2,0253(brokerage business),299,128,2,0004(brokerage business),330,-24,2,0275(brokerage business),420,2
3,0163(brokerage business),253,69,3,0275(brokerage business),307,-3,3,0323(brokerage business),330,-2
4,0275(brokerage business),209,125,4,0323(brokerage business),300,-87,4,0253(brokerage business),302,-10
5,0008(brokerage business),206,33,5,0123(brokerage business),295,10,5,0257(brokerage business),288,-2
6,0323(brokerage business),165,153,6,0008(brokerage business),291,0,6,0008(brokerage business),287,0
7,0139(brokerage business),150,76,7,0257(brokerage business),284,-2,7,0009(brokerage business),282,0
8,0257(brokerage business),138,28,8,0009(brokerage business),282,-1,8,0048(brokerage business),281,-9
9,0148(brokerage business),137,-44,9,0048(brokerage business),282,-9,9,0137(brokerage business),242,-6
10,0299(brokerage business),132,132,10,0137(brokerage business),236,-9,10,0139(brokerage business),236,-21
11,0096(brokerage business),119,74,11,0139(brokerage business),220,-21,11,0004(brokerage business),224,10
12,0349(brokerage business),117,110,12,0034(brokerage business),216,87,12,0096(brokerage business),188,-59
13,0048(brokerage business),114,80,13,0096(brokerage business),190,-58,13,0349(brokerage business),99,6
14,0034(brokerage business),104,104,14,0018(brokerage business),180,0,14,0272(brokerage business),92,-1
15,0137(brokerage business),93,78,15,0320(brokerage business),168,20,15,0069(brokerage business),78,-46
16,0268(brokerage business),89,-52,16,0349(brokerage business),82,-111,16,0103(brokerage business),66,0
17,0123(brokerage business),78,44,17,0148(brokerage business),76,13,17,0153(brokerage business),62,4
18,0081(brokerage business),77,68,18,0163(brokerage business),73,-6,18,0277(brokerage business),60,0
19,0009(brokerage business),63,17,19,0272(brokerage business),38,-1,19,0321(brokerage business),56,0
20,0320(brokerage business),50,-32,20,0268(brokerage business),30,29,20,0148(brokerage business),54,-4
Total,,2917,1242,Total,,4276,-98,Total,,4117,-158
Ranking,Name of FF Member /OSBPs,Volume,Change from Previous Trading Day,Ranking,Name of FF Member /OSBPs,Long Position,Change from Previous Trading Day,Ranking,Name of FF Member /OSBPs,Short Position,Change from Previous Trading Day
Contract Code：ad2610,,,,,,,,,,2026-08-19,
1,0163(brokerage business),2582,489,1,0323(brokerage business),1819,-2,1,0323(brokerage business),1786,16
2,0081(brokerage business),2477,576,2,0008(brokerage business),1497,-3,2,0008(brokerage business),1494,-3
3,0123(brokerage business),1854,-1362,3,0123(brokerage business),1434,-128,3,0139(brokerage business),1416,-76
4,0257(brokerage business),1666,-552,4,0253(brokerage business),1368,-17,4,0253(brokerage business),1372,24
5,0004(brokerage business),1482,379,5,0148(brokerage business),1249,-64,5,0123(brokerage business),1301,-84
6,0253(brokerage business),1329,17,6,0163(brokerage business),1141,92,6,0096(brokerage business),1121,26
7,0275(brokerage business),1199,574,7,0096(brokerage business),1108,28,7,0272(brokerage business),1104,64
8,0008(brokerage business),960,145,8,0139(brokerage business),1086,-75,8,0004(brokerage business),1060,-104
9,0048(brokerage business),799,-205,9,0009(brokerage business),1048,3,9,0009(brokerage business),1048,1
10,0148(brokerage business),554,101,10,0048(brokerage business),925,20,10,0048(brokerage business),947,23
11,0096(brokerage business),468,-69,11,0137(brokerage business),909,-5,11,0137(brokerage business),931,-4
12,0067(brokerage business),384,132,12,0257(brokerage business),884,-1,12,0257(brokerage business),885,-7
13,0161(brokerage business),277,-162,13,0275(brokerage business),850,5,13,0275(brokerage business),824,-2
14,0103(brokerage business),270,230,14,0004(brokerage business),578,106,14,0148(brokerage business),430,10
15,0009(brokerage business),264,57,15,0299(brokerage business),487,0,15,0153(brokerage business),338,49
16,0268(brokerage business),246,142,16,0034(brokerage business),445,-2,16,0163(brokerage business),263,-24
17,0272(brokerage business),209,-103,17,0276(brokerage business),164,24,17,0349(brokerage business),204,-96
18,0298(brokerage business),170,-24,18,0268(brokerage business),138,16,18,0018(brokerage business),187,3
19,0153(brokerage business),168,-109,19,0320(brokerage business),97,-75,19,0103(brokerage business),178,-20
20,0139(brokerage business),153,-137,20,0082(brokerage business),86,-23,20,0320(brokerage business),153,0
Total,,17511,119,Total,,17313,-101,Total,,17042,-204
Member/OSP Type,Total Volume,Change from Previous Trading Day,Member/OSP Type,Total Long Position,Change from Previous Trading Day,Member/OSP Type,Total Short Position,Change from Previous Trading Day,,,
Contract Code：auall,,,,,,,2026-08-19,,,,
Name of FF Member/OSBP,691687,114148,Name of FF Member/OSBP,316681,-2100,Name of FF Member/OSBP,68746,735,,,
Name of Non-FF Member/OSNBP,24857,8286,Name of Non-FF Member/OSNBP,33873,787,Name of Non-FF Member/OSNBP,281808,-2048,,,
Ranking,Name of FF Member /OSBPs,Volume,Change from Previous Trading Day,Ranking,Name of FF Member /OSBPs,Long Position,Change from Previous Trading Day,Ranking,Name of FF Member /OSBPs,Short Position,Change from Previous Trading Day
Contract Code：au2610,,,,,,,,,,2026-08-19,
1,0004(brokerage business),109669,23968,1,0004(brokerage business),31852,753,1,0004(brokerage business),10008,916
2,0148(brokerage business),63170,3343,2,0148(brokerage business),14657,316,2,0148(brokerage business),2993,-228
3,0163(brokerage business),45385,9073,3,0272(brokerage business),10686,416,3,0163(brokerage business),2874,-24
4,0308(brokerage business),27501,3383,4,0163(brokerage business),7993,1,4,0240(brokerage business),2164,72
5,0253(brokerage business),27403,7889,5,0103(brokerage business),7837,-577,5,0268(brokerage business),1673,-51
6,0275(brokerage business),22776,1884,6,0082(brokerage business),6055,687,6,0306(brokerage business),1654,0
7,0272(brokerage business),18526,7875,7,0288(brokerage business),5392,-95,7,0253(brokerage business),1636,-115
8,0009(brokerage business),15675,2088,8,0253(brokerage business),4908,-426,8,0272(brokerage business),1624,358
9,0240(brokerage business),11063,1388,9,0034(brokerage business),4404,283,9,0001(brokerage business),1602,-293
10,0081(brokerage business),10842,1542,10,0240(brokerage business),4239,-287,10,0082(brokerage business),1257,25
11,0268(brokerage business),10166,1169,11,0268(brokerage business),3960,211,11,0049(brokerage business),1203,-75
12,0034(brokerage business),9603,1221,12,0067(brokerage business),3909,-651,12,0275(brokerage business),952,-357
13,0372(brokerage business),9516,644,13,0042(brokerage business),3773,18,13,0034(brokerage business),918,-28
14,0123(brokerage business),8539,1010,14,0335(brokerage business),3558,-180,14,0372(brokerage business),821,301
15,0077(brokerage business),7436,-167,15,0161(brokerage business),3275,15,15,0009(brokerage business),765,1
16,0096(brokerage business),7378,1124,16,0169(brokerage business),3128,102,16,0059(brokerage business),759,120
17,0059(brokerage business),6662,-11,17,0274(brokerage business),3022,-402,17,0058(brokerage business),601,-77
18,0298(brokerage business),6563,347,18,0096(brokerage business),2722,-182,18,0186(brokerage business),554,10
19,0103(brokerage business),5814,338,19,0323(brokerage business),2441,-432,19,0308(brokerage business),545,-5
20,0067(brokerage business),5609,2927,20,0275(brokerage business),2240,-41,20,0096(brokerage business),541,-8
Total,,429296,71035,Total,,130051,-471,Total,,35144,542
Ranking,Name of FF Member /OSBPs,Volume,Change from Previous Trading Day,Ranking,Name of FF Member /OSBPs,Long Position,Change from Previous Trading Day,Ranking,Name of FF Member /OSBPs,Short Position,Change from Previous Trading Day
Contract Code：au2612,,,,,,,,,,2026-08-19,
1,0004(brokerage business),17821,6040,1,0004(brokerage business),15740,550,1,0148(brokerage business),2642,-28
2,0148(brokerage business),11855,3031,2,0148(brokerage business),12065,267,2,0025(brokerage business),1477,27
3,0253(brokerage business),8445,994,3,0163(brokerage business),6539,138,3,0096(brokerage business),1334,20
4,0308(brokerage business),6706,2107,4,0253(brokerage business),3943,-52,4,0268(brokerage business),1113,5
5,0163(brokerage business),6274,1531,5,0103(brokerage business),3155,297,5,0009(brokerage business),792,152
6,0009(brokerage business),5730,999,6,0240(brokerage business),2927,9,6,0049(brokerage business),789,233
7,0275(brokerage business),3737,-1635,7,0067(brokerage business),2688,3,7,0089(brokerage business),746,7
8,0059(brokerage business),2638,-57,8,0082(brokerage business),2668,189,8,0004(brokerage business),606,-47
9,0272(brokerage business),2219,529,9,0272(brokerage business),2514,177,9,0034(brokerage business),502,-11
10,0081(brokerage business),1717,384,10,0003(brokerage business),2398,-11,10,0001(brokerage business),464,-1
11,0268(brokerage business),1455,-133,11,0123(brokerage business),1896,7,11,0372(brokerage business),429,0
12,0096(brokerage business),1433,87,12,0274(brokerage business),1860,36,12,0052(brokerage business),416,0
13,0123(brokerage business),1396,368,13,0268(brokerage business),1810,56,13,0042(brokerage business),342,-73
14,0240(brokerage business),1289,305,14,0288(brokerage business),1771,224,14,0272(brokerage business),314,-34
15,0311(brokerage business),951,360,15,0349(brokerage business),1595,35,15,0418(brokerage business),220,0
16,0271(brokerage business),938,609,16,0308(brokerage business),1488,151,16,0276(brokerage business),210,0
17,0288(brokerage business),906,430,17,0096(brokerage business),1462,29,17,0059(brokerage business),208,-1
18,0116(brokerage business),861,522,18,0069(brokerage business),1383,-38,18,0163(brokerage business),176,22
19,0007(brokerage business),812,179,19,0025(brokerage business),1368,-17,19,0139(brokerage business),173,1
20,0103(brokerage business),773,357,20,0323(brokerage business),1191,-347,20,0108(brokerage business),145,-1
Total,,77956,17007,Total,,70461,1703,Total,,13098,271
Ranking,Name of FF Member /OSBPs,Volume,Change from Previous Trading Day,Ranking,Name of FF Member /OSBPs,Long Position,Change from Previous Trading Day,Ranking,Name of FF Member /OSBPs,Short Position,Change from Previous Trading Day
Contract Code：au2702,,,,,,,,,,2026-08-19,
1,0148(brokerage business),5785,908,1,0148(brokerage business),2629,24,1,0004(brokerage business),277,-53
2,0004(brokerage business),5176,1819,2,0067(brokerage business),1088,44,2,0042(brokerage business),130,5
3,0253(brokerage business),2733,1148,3,0004(brokerage business),803,21,3,0148(brokerage business),62,-9
4,0163(brokerage business),2111,635,4,0163(brokerage business),653,47,4,0058(brokerage business),56,1
5,0308(brokerage business),1233,473,5,0123(brokerage business),523,10,5,0239(brokerage business),40,19
6,0081(brokerage business),1218,274,6,0253(brokerage business),304,-10,6,0169(brokerage business),36,1
7,0009(brokerage business),922,127,7,0103(brokerage business),285,67,7,0007(brokerage business),33,-1
8,0240(brokerage business),745,222,8,0268(brokerage business),246,-69,8,0323(brokerage business),33,3
9,0059(brokerage business),690,56,9,0288(brokerage business),228,3,9,0311(brokerage business),32,-3
10,0275(brokerage business),689,-487,10,0272(brokerage business),213,-6,10,0163(brokerage business),31,-24
11,0272(brokerage business),391,23,11,0240(brokerage business),203,25,11,0372(brokerage business),31,0
12,0161(brokerage business),345,120,12,0018(brokerage business),182,7,12,0268(brokerage business),30,-8
13,0123(brokerage business),330,-165,13,0161(brokerage business),166,2,13,0333(brokerage business),30,4
14,0116(brokerage business),215,117,14,0008(brokerage business),136,28,14,0088(brokerage business),28,-7
15,0139(brokerage business),190,154,15,0034(brokerage business),136,-5,15,0081(brokerage business),22,1
16,0156(brokerage business),185,-62,16,0323(brokerage business),126,2,16,0272(brokerage business),21,-27
17,0268(brokerage business),185,31,17,0308(brokerage business),121,6,17,0253(brokerage business),20,-5
18,0096(brokerage business),176,39,18,0081(brokerage business),111,59,18,0009(brokerage business),18,1
19,0007(brokerage business),174,25,19,0298(brokerage business),103,6,19,0244(brokerage business),18,1
20,0238(brokerage business),172,59,20,0311(brokerage business),99,1,20,0096(brokerage business),17,-8
Total,,23665,5516,Total,,8355,262,Total,,965,-109
Member/OSP Type,Total Volume,Change from Previous Trading Day,Member/OSP Type,Total Long Position,Change from Previous Trading Day,Member/OSP Type,Total Short Position,Change from Previous Trading Day,,,
Contract Code：agall,,,,,,,2026-08-19,,,,
Name of FF Member/OSBP,2142970,112923,Name of FF Member/OSBP,518861,-3062,Name of FF Member/OSBP,372022,-2030,,,
Name of Non-FF Member/OSNBP,5430,-1313,Name of Non-FF Member/OSNBP,33900,252,Name of Non-FF Member/OSNBP,180739,-780,,,
Ranking,Name of FF Member /OSBPs,Volume,Change from Previous Trading Day,Ranking,Name of FF Member /OSBPs,Long Position,Change from Previous Trading Day,Ranking,Name of FF Member /OSBPs,Short Position,Change from Previous Trading Day
Contract Code：ag2610,,,,,,,,,,2026-08-19,
1,0004(brokerage business),187325,12982,1,0004(brokerage business),26857,-2769,1,0148(brokerage business),27658,-768
2,0148(brokerage business),131793,12011,2,0148(brokerage business),19594,-4445,2,0004(brokerage business),24707,1151
3,0163(brokerage business),69744,55,3,0272(brokerage business),16112,-346,3,0137(brokerage business),12475,-610
4,0275(brokerage business),66069,1555,4,0082(brokerage business),11051,755,4,0163(brokerage business),11117,-55
5,0240(brokerage business),55807,-4940,5,0253(brokerage business),10208,890,5,0049(brokerage business),10480,154
6,0253(brokerage business),52420,4847,6,0163(brokerage business),9940,-919,6,0272(brokerage business),10476,-731
7,0308(brokerage business),47121,7918,7,0288(brokerage business),9485,577,7,0372(brokerage business),8947,-46
8,0272(brokerage business),44125,3441,8,0240(brokerage business),8541,-356,8,0253(brokerage business),6864,676
9,0034(brokerage business),33425,-1791,9,0034(brokerage business),8491,1198,9,0006(brokerage business),5308,91
10,0268(brokerage business),31811,1704,10,0103(brokerage business),6882,-222,10,0042(brokerage business),4771,164
11,0081(brokerage business),30316,1323,11,0067(brokerage business),6639,142,11,0123(brokerage business),4453,-445
12,0298(brokerage business),27303,413,12,0268(brokerage business),6117,101,12,0096(brokerage business),4392,-219
13,0059(brokerage business),27161,-343,13,0042(brokerage business),6017,985,13,0001(brokerage business),3841,-658
14,0186(brokerage business),25951,-560,14,0323(brokerage business),5810,-633,14,0059(brokerage business),3746,903
15,0323(brokerage business),17493,-2056,15,0049(brokerage business),4698,-611,15,0034(brokerage business),3729,-327
16,0123(brokerage business),17118,-1828,16,0275(brokerage business),4653,613,16,0315(brokerage business),3726,-470
17,0288(brokerage business),16427,764,17,0161(brokerage business),4414,-8,17,0103(brokerage business),3283,-71
18,0103(brokerage business),15693,894,18,0069(brokerage business),3907,-87,18,0240(brokerage business),3225,-173
19,0009(brokerage business),15572,-716,19,0308(brokerage business),3895,436,19,0239(brokerage business),3173,492
20,0161(brokerage business),15540,2703,20,0009(brokerage business),3575,-756,20,0288(brokerage business),2828,-260
Total,,928214,38376,Total,,176886,-5455,Total,,159199,-1202
Ranking,Name of FF Member /OSBPs,Volume,Change from Previous Trading Day,Ranking,Name of FF Member /OSBPs,Long Position,Change from Previous Trading Day,Ranking,Name of FF Member /OSBPs,Short Position,Change from Previous Trading Day
Contract Code：ag2612,,,,,,,,,,2026-08-19,
1,0004(brokerage business),29241,1838,1,0004(brokerage business),11195,1518,1,0148(brokerage business),23813,4
2,0148(brokerage business),24336,3603,2,0082(brokerage business),10521,647,2,0004(brokerage business),6787,821
3,0275(brokerage business),18481,3490,3,0272(brokerage business),8327,-100,3,0049(brokerage business),5254,115
4,0163(brokerage business),12241,620,4,0049(brokerage business),7683,-42,4,0163(brokerage business),4049,53
5,0253(brokerage business),9830,1249,5,0163(brokerage business),6814,-62,5,0025(brokerage business),3658,31
6,0308(brokerage business),9118,1739,6,0148(brokerage business),6127,-2992,6,0034(brokerage business),3200,-323
7,0240(brokerage business),8916,-481,7,0025(brokerage business),5068,-28,7,0272(brokerage business),2663,79
8,0123(brokerage business),8260,551,8,0268(brokerage business),4619,318,8,0009(brokerage business),2628,173
9,0059(brokerage business),6519,768,9,0103(brokerage business),4215,-89,9,0048(brokerage business),2176,46
10,0272(brokerage business),5751,2016,10,0043(brokerage business),4140,222,10,0139(brokerage business),2127,-31
11,0034(brokerage business),5613,2358,11,0323(brokerage business),4080,325,11,0082(brokerage business),2040,-33
12,0081(brokerage business),4654,934,12,0253(brokerage business),3522,-99,12,0103(brokerage business),2029,113
13,0268(brokerage business),4405,869,13,0067(brokerage business),3505,1,13,0042(brokerage business),1987,9
14,0009(brokerage business),3375,439,14,0034(brokerage business),3375,246,14,0274(brokerage business),1846,-66
15,0096(brokerage business),3069,-648,15,0288(brokerage business),3026,-5,15,0253(brokerage business),1628,55
16,0161(brokerage business),2705,-58,16,0042(brokerage business),2623,176,16,0240(brokerage business),1580,-12
17,0069(brokerage business),2359,403,17,0240(brokerage business),2535,-86,17,0315(brokerage business),1482,-2
18,0019(brokerage business),2346,772,18,0275(brokerage business),2228,-14,18,0096(brokerage business),1365,-29
19,0138(brokerage business),2112,1337,19,0003(brokerage business),1616,131,19,0059(brokerage business),1359,-81
20,0049(brokerage business),2083,1225,20,0096(brokerage business),1575,-120,20,0288(brokerage business),1087,-112
Total,,165414,23024,Total,,96794,-53,Total,,72758,810
Ranking,Name of FF Member /OSBPs,Volume,Change from Previous Trading Day,Ranking,Name of FF Member /OSBPs,Long Position,Change from Previous Trading Day,Ranking,Name of FF Member /OSBPs,Short Position,Change from Previous Trading Day
Contract Code：ag2702,,,,,,,,,,2026-08-19,
1,0004(brokerage business),41362,5295,1,0043(brokerage business),3318,-2,1,0148(brokerage business),8690,110
2,0148(brokerage business),34790,-3542,2,0323(brokerage business),2895,465,2,0163(brokerage business),3205,686
3,0163(brokerage business),34540,6074,3,0148(brokerage business),2236,-438,3,0042(brokerage business),1956,230
4,0275(brokerage business),20023,1298,4,0004(brokerage business),1673,139,4,0049(brokerage business),1930,361
5,0240(brokerage business),15151,1640,5,0163(brokerage business),1466,-40,5,0272(brokerage business),1710,-176
6,0253(brokerage business),13901,2824,6,0082(brokerage business),1399,-21,6,0004(brokerage business),1432,429
7,0308(brokerage business),11993,4903,7,0067(brokerage business),1361,-17,7,0253(brokerage business),1076,16
8,0009(brokerage business),10623,721,8,0333(brokerage business),1018,113,8,0069(brokerage business),956,-29
9,0081(brokerage business),10622,1747,9,0049(brokerage business),1009,289,9,0240(brokerage business),719,103
10,0123(brokerage business),8830,-866,10,0137(brokerage business),874,10,10,0137(brokerage business),599,-8
11,0298(brokerage business),6847,1691,11,0123(brokerage business),814,21,11,0315(brokerage business),574,-1
12,0272(brokerage business),6824,1184,12,0240(brokerage business),808,90,12,0009(brokerage business),537,-148
13,0137(brokerage business),5416,816,13,0088(brokerage business),744,2,13,0059(brokerage business),520,3
14,0186(brokerage business),5014,543,14,0253(brokerage business),721,47,14,0103(brokerage business),425,261
15,0059(brokerage business),4291,375,15,0275(brokerage business),715,100,15,0034(brokerage business),296,-10
16,0096(brokerage business),3322,152,16,0272(brokerage business),708,118,16,0136(brokerage business),281,-4
17,0268(brokerage business),3175,485,17,0034(brokerage business),645,58,17,0121(brokerage business),203,-13
18,0323(brokerage business),2896,496,18,0268(brokerage business),571,42,18,0268(brokerage business),172,-15
19,0280(brokerage business),2823,893,19,0096(brokerage business),420,22,19,0288(brokerage business),165,-108
20,0069(brokerage business),2615,371,20,0298(brokerage business),375,47,20,0335(brokerage business),139,31
Total,,245058,27100,Total,,23770,1045,Total,,25585,1718
Member/OSP Type,Total Volume,Change from Previous Trading Day,Member/OSP Type,Total Long Position,Change from Previous Trading Day,Member/OSP Type,Total Short Position,Change from Previous Trading Day,,,
Contract Code：rball,,,,,,,2026-08-19,,,,
Name of FF Member/OSBP,2287440,274668,Name of FF Member/OSBP,3152183,12430,Name of FF Member/OSBP,3152183,12430,,,
Name of Non-FF Member/OSNBP,0,0,Name of Non-FF Member/OSNBP,0,0,Name of Non-FF Member/OSNBP,0,0,,,
Ranking,Name of FF Member /OSBPs,Volume,Change from Previous Trading Day,Ranking,Name of FF Member /OSBPs,Long Position,Change from Previous Trading Day,Ranking,Name of FF Member /OSBPs,Short Position,Change from Previous Trading Day
Contract Code：rb2609,,,,,,,,,,2026-08-19,
1,0163(brokerage business),3960,921,1,0148(brokerage business),3502,-102,1,0004(brokerage business),3364,-201
2,0148(brokerage business),1101,593,2,0240(brokerage business),3178,-353,2,0059(brokerage business),2960,0
3,0159(brokerage business),1030,676,3,0004(brokerage business),2925,69,3,0148(brokerage business),2392,-777
4,0349(brokerage business),1020,980,4,0349(brokerage business),1817,-500,4,0019(brokerage business),2183,98
5,0253(brokerage business),990,-453,5,0275(brokerage business),1252,-102,5,0349(brokerage business),1820,-520
6,0096(brokerage business),923,334,6,0103(brokerage business),1077,-204,6,0103(brokerage business),1202,0
7,0004(brokerage business),909,475,7,0163(brokerage business),1055,-114,7,0163(brokerage business),1060,-332
8,0069(brokerage business),789,662,8,0252(brokerage business),805,0,8,0323(brokerage business),1011,-1
9,0082(brokerage business),538,277,9,0159(brokerage business),748,134,9,0007(brokerage business),959,-38
10,0058(brokerage business),480,380,10,0067(brokerage business),704,0,10,0252(brokerage business),814,0
11,0240(brokerage business),480,391,11,0274(brokerage business),682,0,11,0277(brokerage business),734,1
12,0139(brokerage business),368,117,12,0253(brokerage business),601,-281,12,0253(brokerage business),711,-353
13,0009(brokerage business),330,328,13,0069(brokerage business),558,-208,13,0275(brokerage business),686,-2
14,0103(brokerage business),312,-23,14,0022(brokerage business),500,0,14,0069(brokerage business),667,87
15,0272(brokerage business),305,-125,15,0008(brokerage business),441,-251,15,0034(brokerage business),457,-1
16,0275(brokerage business),292,-36,16,0171(brokerage business),420,80,16,0137(brokerage business),410,10
17,0081(brokerage business),280,6,17,0151(brokerage business),398,-1,17,0077(brokerage business),350,0
18,0008(brokerage business),251,151,18,0096(brokerage business),395,-17,18,0272(brokerage business),332,-55
19,0268(brokerage business),237,-2,19,0003(brokerage business),371,0,19,0274(brokerage business),331,0
20,0153(brokerage business),226,224,20,0125(brokerage business),353,0,20,0299(brokerage business),285,0
Total,,14821,5876,Total,,21782,-1850,Total,,22728,-2084
Ranking,Name of FF Member /OSBPs,Volume,Change from Previous Trading Day,Ranking,Name of FF Member /OSBPs,Long Position,Change from Previous Trading Day,Ranking,Name of FF Member /OSBPs,Short Position,Change from Previous Trading Day
Contract Code：rb2610,,,,,,,,,,2026-08-19,
1,0148(brokerage business),220118,29152,1,0004(brokerage business),210181,-818,1,0004(brokerage business),182988,-587
2,0163(brokerage business),200121,9537,2,0148(brokerage business),155594,-19321,2,0148(brokerage business),172420,7299
3,0004(brokerage business),191843,8804,3,0103(brokerage business),100639,265,3,0239(brokerage business),139776,-23928
4,0253(brokerage business),102069,16347,4,0163(brokerage business),84507,8541,4,0163(brokerage business),112601,1954
5,0272(brokerage business),63776,1510,5,0034(brokerage business),77338,-1719,5,0103(brokerage business),80055,7920
6,0275(brokerage business),59540,13385,6,0272(brokerage business),68858,-6871,6,0272(brokerage business),76041,-7629
7,0059(brokerage business),40565,9487,7,0253(brokerage business),64157,808,7,0253(brokerage business),73710,2445
8,0103(brokerage business),39695,3865,8,0059(brokerage business),46112,-773,8,0335(brokerage business),67497,-4799
9,0268(brokerage business),35217,8094,9,0268(brokerage business),41605,-3141,9,0034(brokerage business),51300,379
10,0034(brokerage business),29754,6680,10,0274(brokerage business),41059,-691,10,0082(brokerage business),51204,32
11,0240(brokerage business),29104,-7750,11,0009(brokerage business),36309,-852,11,0059(brokerage business),50404,1798
12,0239(brokerage business),28807,-1386,12,0275(brokerage business),31073,-1340,12,0042(brokerage business),48945,-1550
13,0123(brokerage business),24850,14298,13,0069(brokerage business),30411,-500,13,0084(brokerage business),48382,-6001
14,0186(brokerage business),23537,5664,14,0125(brokerage business),30076,3802,14,0136(brokerage business),40314,-124
15,0081(brokerage business),19880,-13857,15,0058(brokerage business),29787,-1464,15,0275(brokerage business),37907,2946
16,0349(brokerage business),19655,-9607,16,0186(brokerage business),29711,-2450,16,0274(brokerage business),35852,-60
17,0335(brokerage business),16680,1855,17,0096(brokerage business),28932,-1970,17,0007(brokerage business),30956,1432
18,0271(brokerage business),15286,5710,18,0277(brokerage business),27099,-1016,18,0240(brokerage business),25628,-1801
19,0298(brokerage business),14374,1494,19,0123(brokerage business),25251,595,19,0123(brokerage business),24655,1383
20,0274(brokerage business),14075,-1030,20,0081(brokerage business),24965,827,20,0277(brokerage business),24030,1117
Total,,1188946,102252,Total,,1183664,-28088,Total,,1374665,-17774
Ranking,Name of FF Member /OSBPs,Volume,Change from Previous Trading Day,Ranking,Name of FF Member /OSBPs,Long Position,Change from Previous Trading Day,Ranking,Name of FF Member /OSBPs,Short Position,Change from Previous Trading Day
Contract Code：rb2611,,,,,,,,,,2026-08-19,
1,0163(brokerage business),16778,641,1,0323(brokerage business),52834,129,1,0323(brokerage business),53149,-8
2,0148(brokerage business),7988,509,2,0004(brokerage business),32758,-31,2,0163(brokerage business),32579,98
3,0253(brokerage business),6611,-2825,3,0163(brokerage business),30702,-284,3,0004(brokerage business),31049,-46
4,0275(brokerage business),4260,-7181,4,0148(brokerage business),27549,-109,4,0148(brokerage business),30819,953
5,0004(brokerage business),2771,-56,5,0253(brokerage business),26501,329,5,0253(brokerage business),27155,456
6,0272(brokerage business),2530,175,6,0151(brokerage business),24163,43,6,0151(brokerage business),24378,3
7,0069(brokerage business),2364,684,7,0081(brokerage business),18067,16,7,0103(brokerage business),18313,-373
8,0268(brokerage business),2064,-1314,8,0272(brokerage business),16577,853,8,0081(brokerage business),18163,-51
9,0259(brokerage business),1755,154,9,0082(brokerage business),16126,24,9,0272(brokerage business),17644,3
10,0151(brokerage business),1588,-161,10,0268(brokerage business),15895,-523,10,0082(brokerage business),16044,3
11,0139(brokerage business),1463,-1290,11,0069(brokerage business),15659,17,11,0069(brokerage business),15955,377
12,0096(brokerage business),1136,112,12,0103(brokerage business),15645,-224,12,0268(brokerage business),14881,-525
13,0081(brokerage business),1091,-1094,13,0139(brokerage business),14732,11,13,0139(brokerage business),14564,4
14,0103(brokerage business),1013,-425,14,0096(brokerage business),4327,-1,14,0096(brokerage business),6024,-25
15,0159(brokerage business),946,-243,15,0244(brokerage business),4015,18,15,0244(brokerage business),3937,-12
16,0019(brokerage business),859,529,16,0019(brokerage business),3507,351,16,0019(brokerage business),3064,408
17,0058(brokerage business),729,695,17,0058(brokerage business),3178,-10,17,0178(brokerage business),2980,-2
18,0323(brokerage business),643,88,18,0077(brokerage business),2372,29,18,0123(brokerage business),2979,358
19,0335(brokerage business),571,479,19,0007(brokerage business),2355,-224,19,0161(brokerage business),2779,-45
20,0123(brokerage business),569,-1596,20,0240(brokerage business),2233,89,20,0077(brokerage business),2613,-37
Total,,57729,-12119,Total,,329195,503,Total,,339069,1539
Ranking,Name of FF Member /OSBPs,Volume,Change from Previous Trading Day,Ranking,Name of FF Member /OSBPs,Long Position,Change from Previous Trading Day,Ranking,Name of FF Member /OSBPs,Short Position,Change from Previous Trading Day
Contract Code：rb2701,,,,,,,,,,2026-08-19,
1,0148(brokerage business),88554,37081,1,0148(brokerage business),91505,7426,1,0004(brokerage business),74711,13014
2,0004(brokerage business),62327,15218,2,0004(brokerage business),54279,8173,2,0103(brokerage business),46822,2071
3,0163(brokerage business),60023,10394,3,0103(brokerage business),52319,5315,3,0274(brokerage business),34449,6
4,0253(brokerage business),30511,3107,4,0034(brokerage business),36211,3838,4,0239(brokerage business),33769,9008
5,0275(brokerage business),23896,6062,5,0163(brokerage business),31573,367,5,0084(brokerage business),26783,6021
6,0239(brokerage business),21988,12856,6,0253(brokerage business),28786,-567,6,0163(brokerage business),26256,3380
7,0272(brokerage business),19126,14713,7,0274(brokerage business),24509,116,7,0123(brokerage business),21253,-3135
8,0103(brokerage business),14548,-1117,8,0272(brokerage business),23823,6613,8,0148(brokerage business),21049,-3176
9,0259(brokerage business),14256,3828,9,0042(brokerage business),22216,817,9,0275(brokerage business),18847,274
10,0123(brokerage business),11643,2711,10,0123(brokerage business),21697,906,10,0007(brokerage business),18816,1415
11,0067(brokerage business),8932,246,11,0238(brokerage business),19272,-107,11,0272(brokerage business),18274,361
12,0184(brokerage business),8233,8231,12,0096(brokerage business),18329,597,12,0277(brokerage business),16559,-171
13,0009(brokerage business),7773,5954,13,0275(brokerage business),13086,986,13,0042(brokerage business),16271,303
14,0125(brokerage business),7546,5590,14,0009(brokerage business),11774,6381,14,0059(brokerage business),15647,-128
15,0034(brokerage business),6890,2770,15,0019(brokerage business),10609,123,15,0003(brokerage business),15228,22
16,0084(brokerage business),6321,6321,16,0137(brokerage business),10239,149,16,0058(brokerage business),15057,2820
17,0186(brokerage business),5837,703,17,0153(brokerage business),9807,3099,17,0253(brokerage business),14279,-502
18,0240(brokerage business),5676,678,18,0125(brokerage business),9555,-1807,18,0069(brokerage business),12017,388
19,0058(brokerage business),5573,1918,19,0151(brokerage business),8996,1674,19,0034(brokerage business),11855,32
20,0007(brokerage business),5146,3263,20,0306(brokerage business),8519,-231,20,0019(brokerage business),10520,231
Total,,414799,140527,Total,,507104,43868,Total,,468462,32234
Ranking,Name of FF Member /OSBPs,Volume,Change from Previous Trading Day,Ranking,Name of FF Member /OSBPs,Long Position,Change from Previous Trading Day,Ranking,Name of FF Member /OSBPs,Short Position,Change from Previous Trading Day
Contract Code：rb2703,,,,,,,,,,2026-08-19,
1,0163(brokerage business),6078,-2792,1,0323(brokerage business),15995,980,1,0323(brokerage business),15950,948
2,0148(brokerage business),2365,396,2,0163(brokerage business),11812,-18,2,0163(brokerage business),11793,190
3,0323(brokerage business),1948,94,3,0268(brokerage business),7806,243,3,0082(brokerage business),7797,67
4,0096(brokerage business),1100,-156,4,0082(brokerage business),7792,73,4,0268(brokerage business),7499,133
5,0069(brokerage business),1046,915,5,0004(brokerage business),7251,323,5,0004(brokerage business),7194,297
6,0272(brokerage business),1015,177,6,0253(brokerage business),6911,378,6,0103(brokerage business),6963,234
7,0253(brokerage business),975,-423,7,0103(brokerage business),6802,264,7,0253(brokerage business),6852,345
8,0268(brokerage business),914,-68,8,0151(brokerage business),6445,389,8,0151(brokerage business),6440,366
9,0151(brokerage business),799,0,9,0148(brokerage business),6209,126,9,0148(brokerage business),6364,135
10,0004(brokerage business),754,163,10,0096(brokerage business),5371,550,10,0096(brokerage business),5413,550
11,0081(brokerage business),561,-29,11,0272(brokerage business),4876,672,11,0081(brokerage business),4786,11
12,0103(brokerage business),516,-580,12,0081(brokerage business),4776,-24,12,0139(brokerage business),4703,168
13,0275(brokerage business),512,-52,13,0139(brokerage business),4753,168,13,0272(brokerage business),4382,291
14,0139(brokerage business),336,-190,14,0069(brokerage business),3676,136,14,0069(brokerage business),3649,144
15,0084(brokerage business),300,300,15,0138(brokerage business),3004,1,15,0138(brokerage business),3000,0
16,0254(brokerage business),280,280,16,0275(brokerage business),596,8,16,0274(brokerage business),786,0
17,0153(brokerage business),209,113,17,0034(brokerage business),575,-64,17,0263(brokerage business),439,0
18,0082(brokerage business),190,-258,18,0153(brokerage business),202,157,18,0084(brokerage business),400,300
19,0034(brokerage business),170,162,19,0254(brokerage business),140,140,19,0007(brokerage business),355,0
20,0169(brokerage business),164,158,20,0107(brokerage business),100,59,20,0254(brokerage business),141,140
Total,,20232,-1790,Total,,105092,4561,Total,,104906,4319
Member/OSP Type,Total Volume,Change from Previous Trading Day,Member/OSP Type,Total Long Position,Change from Previous Trading Day,Member/OSP Type,Total Short Position,Change from Previous Trading Day,,,
Contract Code：hcall,,,,,,,2026-08-19,,,,
Name of FF Member/OSBP,1030728,116988,Name of FF Member/OSBP,1986545,-19309,Name of FF Member/OSBP,1986545,-19309,,,
Name of Non-FF Member/OSNBP,0,0,Name of Non-FF Member/OSNBP,0,0,Name of Non-FF Member/OSNBP,0,0,,,
Ranking,Name of FF Member /OSBPs,Volume,Change from Previous Trading Day,Ranking,Name of FF Member /OSBPs,Long Position,Change from Previous Trading Day,Ranking,Name of FF Member /OSBPs,Short Position,Change from Previous Trading Day
Contract Code：hc2609,,,,,,,,,,2026-08-19,
1,0163(brokerage business),1214,30,1,0004(brokerage business),1534,-215,1,0004(brokerage business),2269,-132
2,0161(brokerage business),740,338,2,0274(brokerage business),1504,-9,2,0274(brokerage business),1500,0
3,0268(brokerage business),633,187,3,0163(brokerage business),1227,17,3,0240(brokerage business),1420,-240
4,0139(brokerage business),570,-66,4,0125(brokerage business),751,213,4,0008(brokerage business),1125,-250
5,0159(brokerage business),536,386,5,0076(brokerage business),750,0,5,0159(brokerage business),882,432
6,0004(brokerage business),503,220,6,0272(brokerage business),731,-62,6,0171(brokerage business),660,0
7,0240(brokerage business),273,251,7,0151(brokerage business),579,9,7,0022(brokerage business),500,0
8,0008(brokerage business),250,250,8,0137(brokerage business),443,0,8,0137(brokerage business),419,0
9,0148(brokerage business),229,75,9,0148(brokerage business),430,-26,9,0077(brokerage business),378,-73
10,0048(brokerage business),216,202,10,0253(brokerage business),262,-15,10,0042(brokerage business),234,0
11,0125(brokerage business),213,-195,11,0096(brokerage business),223,14,11,0253(brokerage business),195,44
12,0096(brokerage business),212,136,12,0178(brokerage business),213,-21,12,0067(brokerage business),180,94
13,0275(brokerage business),160,64,13,0161(brokerage business),204,-16,13,0148(brokerage business),167,-21
14,0253(brokerage business),147,-333,14,0081(brokerage business),170,0,14,0163(brokerage business),153,-17
15,0067(brokerage business),94,94,15,0338(brokerage business),156,0,15,0096(brokerage business),120,0
16,0058(brokerage business),82,61,16,0103(brokerage business),155,-30,16,0103(brokerage business),120,0
17,0077(brokerage business),78,70,17,0141(brokerage business),128,-43,17,0272(brokerage business),71,0
18,0151(brokerage business),63,42,18,0275(brokerage business),111,-4,18,0019(brokerage business),60,0
19,0272(brokerage business),62,60,19,0043(brokerage business),92,0,19,0275(brokerage business),48,0
20,0103(brokerage business),46,17,20,0014(brokerage business),84,0,20,0268(brokerage business),44,-18
Total,,6321,1889,Total,,9747,-188,Total,,10545,-181
Ranking,Name of FF Member /OSBPs,Volume,Change from Previous Trading Day,Ranking,Name of FF Member /OSBPs,Long Position,Change from Previous Trading Day,Ranking,Name of FF Member /OSBPs,Short Position,Change from Previous Trading Day
Contract Code：hc2610,,,,,,,,,,2026-08-19,
1,0163(brokerage business),98681,18444,1,0004(brokerage business),197348,-7314,1,0004(brokerage business),152172,-6990
2,0148(brokerage business),87760,7906,2,0103(brokerage business),68045,-7054,2,0148(brokerage business),135394,-15486
3,0004(brokerage business),86608,-14680,3,0148(brokerage business),66042,-5758,3,0239(brokerage business),75591,-15179
4,0253(brokerage business),42380,4375,4,0163(brokerage business),63844,-1008,4,0272(brokerage business),58084,-43
5,0275(brokerage business),25235,2696,5,0042(brokerage business),62590,-6697,5,0058(brokerage business),46076,-1424
6,0272(brokerage business),24350,-4291,6,0009(brokerage business),46663,-351,6,0259(brokerage business),42162,1211
7,0239(brokerage business),17812,2841,7,0272(brokerage business),42110,15,7,0163(brokerage business),41455,-1875
8,0103(brokerage business),17629,5953,8,0253(brokerage business),32209,-2767,8,0275(brokerage business),38019,-2681
9,0311(brokerage business),16777,12899,9,0275(brokerage business),30143,1418,9,0253(brokerage business),31692,-1753
10,0042(brokerage business),11893,-4295,10,0058(brokerage business),28548,-3220,10,0103(brokerage business),31588,423
11,0081(brokerage business),10757,188,11,0059(brokerage business),26924,186,11,0335(brokerage business),27185,-5565
12,0259(brokerage business),9027,-1023,12,0034(brokerage business),26342,-514,12,0059(brokerage business),21618,-622
13,0007(brokerage business),8969,2406,13,0125(brokerage business),25462,-4,13,0042(brokerage business),19791,-186
14,0335(brokerage business),8941,-1114,14,0123(brokerage business),23835,-727,14,0034(brokerage business),19300,-1147
15,0058(brokerage business),8500,1731,15,0081(brokerage business),19741,-1234,15,0137(brokerage business),18090,195
16,0084(brokerage business),8005,5506,16,0323(brokerage business),19661,-541,16,0125(brokerage business),17746,1820
17,0240(brokerage business),7609,-2027,17,0019(brokerage business),19415,-334,17,0082(brokerage business),17731,126
18,0123(brokerage business),7168,-1637,18,0003(brokerage business),18646,-122,18,0019(brokerage business),17172,69
19,0034(brokerage business),7127,-783,19,0268(brokerage business),14360,75,19,0153(brokerage business),17079,1780
20,0096(brokerage business),7109,1103,20,0277(brokerage business),12788,-1174,20,0123(brokerage business),16526,1499
Total,,512337,36198,Total,,844716,-37125,Total,,844471,-45828
Ranking,Name of FF Member /OSBPs,Volume,Change from Previous Trading Day,Ranking,Name of FF Member /OSBPs,Long Position,Change from Previous Trading Day,Ranking,Name of FF Member /OSBPs,Short Position,Change from Previous Trading Day
Contract Code：hc2611,,,,,,,,,,2026-08-19,
1,0275(brokerage business),11541,10426,1,0323(brokerage business),46667,-14,1,0323(brokerage business),46776,-3
2,0148(brokerage business),9418,-524,2,0148(brokerage business),46632,1098,2,0240(brokerage business),36170,290
3,0163(brokerage business),9008,-702,3,0240(brokerage business),33731,444,3,0148(brokerage business),30535,68
4,0253(brokerage business),8337,-776,4,0268(brokerage business),26932,-955,4,0268(brokerage business),26960,-963
5,0178(brokerage business),4577,2638,5,0178(brokerage business),26263,-3,5,0004(brokerage business),26825,13
6,0268(brokerage business),3116,824,6,0004(brokerage business),26068,-31,6,0081(brokerage business),24636,11
7,0004(brokerage business),2988,278,7,0081(brokerage business),24223,1,7,0178(brokerage business),22802,2
8,0240(brokerage business),2844,54,8,0161(brokerage business),22129,48,8,0161(brokerage business),22027,-31
9,0103(brokerage business),2280,-532,9,0048(brokerage business),21339,325,9,0048(brokerage business),21381,345
10,0081(brokerage business),1840,-1420,10,0253(brokerage business),21320,593,10,0253(brokerage business),20348,-66
11,0139(brokerage business),1599,333,11,0139(brokerage business),20001,-1,11,0139(brokerage business),19721,8
12,0048(brokerage business),1394,-658,12,0137(brokerage business),13970,-2,12,0137(brokerage business),14912,-38
13,0161(brokerage business),1165,467,13,0103(brokerage business),13095,112,13,0103(brokerage business),11959,-244
14,0137(brokerage business),898,480,14,0019(brokerage business),7556,3,14,0019(brokerage business),7577,-6
15,0151(brokerage business),590,243,15,0077(brokerage business),2433,0,15,0084(brokerage business),5007,0
16,0008(brokerage business),558,-71,16,0125(brokerage business),2242,-343,16,0042(brokerage business),3145,386
17,0323(brokerage business),469,-122,17,0115(brokerage business),1750,0,17,0077(brokerage business),2478,-6
18,0042(brokerage business),451,371,18,0151(brokerage business),1690,-264,18,0008(brokerage business),2043,102
19,0096(brokerage business),405,183,19,0134(brokerage business),1538,0,19,0171(brokerage business),2038,0
20,0335(brokerage business),382,139,20,0275(brokerage business),1191,120,20,0049(brokerage business),1694,-9
Total,,63860,11631,Total,,360770,1131,Total,,349034,-141
Ranking,Name of FF Member /OSBPs,Volume,Change from Previous Trading Day,Ranking,Name of FF Member /OSBPs,Long Position,Change from Previous Trading Day,Ranking,Name of FF Member /OSBPs,Short Position,Change from Previous Trading Day
Contract Code：hc2701,,,,,,,,,,2026-08-19,
1,0163(brokerage business),43912,8765,1,0042(brokerage business),82423,8814,1,0004(brokerage business),64559,5584
2,0004(brokerage business),37327,-2454,2,0004(brokerage business),56906,10741,2,0163(brokerage business),37094,2715
3,0148(brokerage business),31716,5981,3,0148(brokerage business),33674,3069,3,0058(brokerage business),23319,3791
4,0042(brokerage business),12280,-3439,4,0163(brokerage business),21222,-789,4,0148(brokerage business),22748,159
5,0275(brokerage business),10539,4124,5,0253(brokerage business),19846,-133,5,0272(brokerage business),19736,639
6,0103(brokerage business),10187,6881,6,0275(brokerage business),15710,1905,6,0275(brokerage business),17559,1776
7,0253(brokerage business),9464,-5416,7,0082(brokerage business),14913,-5,7,0253(brokerage business),16362,-359
8,0058(brokerage business),8327,3575,8,0272(brokerage business),14538,549,8,0239(brokerage business),15459,5144
9,0009(brokerage business),6336,4977,9,0034(brokerage business),14174,321,9,0103(brokerage business),15124,2432
10,0059(brokerage business),6004,4429,10,0103(brokerage business),12927,6303,10,0003(brokerage business),11189,342
11,0239(brokerage business),5563,1213,11,0058(brokerage business),10141,3010,11,0059(brokerage business),10270,3482
12,0084(brokerage business),5500,5500,12,0081(brokerage business),6892,1153,12,0034(brokerage business),9468,341
13,0007(brokerage business),5191,3139,13,0003(brokerage business),6812,979,13,0305(brokerage business),9063,211
14,0259(brokerage business),4598,3566,14,0274(brokerage business),6780,65,14,0009(brokerage business),8929,500
15,0272(brokerage business),4388,-368,15,0009(brokerage business),6505,3684,15,0277(brokerage business),8392,1320
16,0271(brokerage business),4075,2866,16,0096(brokerage business),6441,1348,16,0084(brokerage business),7987,5500
17,0125(brokerage business),3428,1225,17,0095(brokerage business),6377,3,17,0002(brokerage business),6589,26
18,0096(brokerage business),2797,1565,18,0137(brokerage business),6181,457,18,0081(brokerage business),5285,-390
19,0081(brokerage business),2737,1607,19,0186(brokerage business),5022,93,19,0123(brokerage business),4916,193
20,0274(brokerage business),2712,1227,20,0308(brokerage business),3561,197,20,0169(brokerage business),4863,-4
Total,,217081,48963,Total,,351045,41764,Total,,318911,33402
Member/OSP Type,Total Volume,Change from Previous Trading Day,Member/OSP Type,Total Long Position,Change from Previous Trading Day,Member/OSP Type,Total Short Position,Change from Previous Trading Day,,,
Contract Code：ssall,,,,,,,2026-08-19,,,,
Name of FF Member/OSBP,295362,-4820,Name of FF Member/OSBP,150277,-2190,Name of FF Member/OSBP,150277,-2190,,,
Name of Non-FF Member/OSNBP,0,0,Name of Non-FF Member/OSNBP,0,0,Name of Non-FF Member/OSNBP,0,0,,,
Ranking,Name of FF Member /OSBPs,Volume,Change from Previous Trading Day,Ranking,Name of FF Member /OSBPs,Long Position,Change from Previous Trading Day,Ranking,Name of FF Member /OSBPs,Short Position,Change from Previous Trading Day
Contract Code：ss2609,,,,,,,,,,2026-08-19,
1,0163(brokerage business),2144,-1556,1,0004(brokerage business),2991,-152,1,0148(brokerage business),3492,-69
2,0148(brokerage business),1983,-247,2,0148(brokerage business),2413,-256,2,0004(brokerage business),1487,-80
3,0004(brokerage business),1976,-1650,3,0272(brokerage business),1588,-96,3,0163(brokerage business),1063,-41
4,0253(brokerage business),1573,-668,4,0043(brokerage business),1120,-11,4,0274(brokerage business),778,-2
5,0081(brokerage business),1442,-844,5,0163(brokerage business),655,-159,5,0018(brokerage business),736,-172
6,0275(brokerage business),1004,61,6,0018(brokerage business),593,15,6,0151(brokerage business),664,-80
7,0161(brokerage business),395,365,7,0253(brokerage business),567,-18,7,0049(brokerage business),649,-6
8,0272(brokerage business),375,64,8,0240(brokerage business),453,-2,8,0137(brokerage business),608,-117
9,0288(brokerage business),375,263,9,0288(brokerage business),389,-357,9,0153(brokerage business),519,-14
10,0137(brokerage business),296,159,10,0298(brokerage business),364,-32,10,0240(brokerage business),509,2
11,0274(brokerage business),250,-395,11,0125(brokerage business),361,1,11,0335(brokerage business),484,-51
12,0018(brokerage business),199,-65,12,0059(brokerage business),336,-7,12,0253(brokerage business),461,-47
13,0298(brokerage business),166,-19,13,0008(brokerage business),327,-30,13,0272(brokerage business),453,-101
14,0082(brokerage business),129,48,14,0389(brokerage business),267,-34,14,0372(brokerage business),431,0
15,0151(brokerage business),109,-183,15,0081(brokerage business),261,-7,15,0277(brokerage business),400,-32
16,0240(brokerage business),84,-201,16,0161(brokerage business),226,-3,16,0003(brokerage business),379,-34
17,0257(brokerage business),71,36,17,0082(brokerage business),223,5,17,0244(brokerage business),374,2
18,0139(brokerage business),67,-8,18,0096(brokerage business),223,0,18,0007(brokerage business),327,-12
19,0323(brokerage business),62,-72,19,0308(brokerage business),206,-2,19,0103(brokerage business),243,-1
20,0335(brokerage business),62,-113,20,0123(brokerage business),199,0,20,0076(brokerage business),238,0
Total,,12762,-5025,Total,,13762,-1145,Total,,14295,-855
Ranking,Name of FF Member /OSBPs,Volume,Change from Previous Trading Day,Ranking,Name of FF Member /OSBPs,Long Position,Change from Previous Trading Day,Ranking,Name of FF Member /OSBPs,Short Position,Change from Previous Trading Day
Contract Code：ss2610,,,,,,,,,,2026-08-19,
1,0163(brokerage business),44465,2623,1,0148(brokerage business),10131,480,1,0148(brokerage business),14612,153
2,0004(brokerage business),38430,-3570,2,0004(brokerage business),10114,108,2,0163(brokerage business),10877,-246
3,0275(brokerage business),29389,7621,3,0163(brokerage business),9625,-345,3,0004(brokerage business),9038,-630
4,0148(brokerage business),22337,-4234,4,0253(brokerage business),7217,172,4,0253(brokerage business),6692,816
5,0253(brokerage business),17278,-1588,5,0272(brokerage business),5166,-469,5,0139(brokerage business),5352,-604
6,0081(brokerage business),10578,-318,6,0018(brokerage business),4626,32,6,0239(brokerage business),4956,-504
7,0272(brokerage business),9752,3496,7,0123(brokerage business),4439,290,7,0272(brokerage business),4375,-779
8,0259(brokerage business),8113,450,8,0240(brokerage business),4207,3,8,0240(brokerage business),3706,244
9,0298(brokerage business),6749,-215,9,0103(brokerage business),3458,141,9,0069(brokerage business),3066,3
10,0240(brokerage business),5323,42,10,0082(brokerage business),3260,-379,10,0335(brokerage business),2600,46
11,0018(brokerage business),3502,-196,11,0239(brokerage business),3056,-231,11,0123(brokerage business),2246,27
12,0123(brokerage business),3325,-2632,12,0288(brokerage business),2911,270,12,0137(brokerage business),2246,-6
13,0069(brokerage business),3018,-204,13,0034(brokerage business),2764,129,13,0003(brokerage business),2132,-1
14,0161(brokerage business),3010,851,14,0003(brokerage business),2572,-5,14,0082(brokerage business),2014,490
15,0082(brokerage business),2975,-1703,15,0125(brokerage business),2531,59,15,0161(brokerage business),1995,196
16,0034(brokerage business),2880,27,16,0298(brokerage business),2140,70,16,0059(brokerage business),1912,-96
17,0186(brokerage business),2044,437,17,0323(brokerage business),2021,-19,17,0153(brokerage business),1703,-43
18,0268(brokerage business),1919,-61,18,0275(brokerage business),1955,-260,18,0259(brokerage business),1635,10
19,0288(brokerage business),1702,139,19,0268(brokerage business),1688,-217,19,0308(brokerage business),1576,-162
20,0153(brokerage business),1540,675,20,0096(brokerage business),1634,-42,20,0034(brokerage business),1557,-179
Total,,218329,1640,Total,,85515,-213,Total,,84290,-1265
Ranking,Name of FF Member /OSBPs,Volume,Change from Previous Trading Day,Ranking,Name of FF Member /OSBPs,Long Position,Change from Previous Trading Day,Ranking,Name of FF Member /OSBPs,Short Position,Change from Previous Trading Day
Contract Code：lu2609,,,,,,,,,,2026-08-19,
1,8163(brokerage business),1653,-1689,1,8103(brokerage business),1576,-228,1,8023(brokerage business),501,0
2,8271(brokerage business),1231,-2043,2,8004(brokerage business),1006,-313,2,8148(brokerage business),347,-99
3,8275(brokerage business),1194,-2811,3,8018(brokerage business),935,1,3,8272(brokerage business),339,-33
4,8148(brokerage business),899,-783,4,8319(brokerage business),713,-210,4,8004(brokerage business),318,-60
5,8004(brokerage business),739,-1235,5,8253(brokerage business),420,-51,5,8275(brokerage business),229,-66
6,8059(brokerage business),638,58,6,8163(brokerage business),406,-116,6,8169(brokerage business),213,9
7,8103(brokerage business),554,-519,7,8148(brokerage business),162,-334,7,8081(brokerage business),162,-79
8,8034(brokerage business),524,37,8,8288(brokerage business),161,-98,8,8240(brokerage business),149,-43
9,8333(brokerage business),421,-927,9,8077(brokerage business),100,-102,9,8077(brokerage business),120,-38
10,8272(brokerage business),392,-1602,10,8151(brokerage business),72,-37,10,8151(brokerage business),120,-28
11,8186(brokerage business),379,-475,11,8274(brokerage business),64,-15,11,8163(brokerage business),116,-21
12,8240(brokerage business),328,-684,12,8008(brokerage business),61,0,12,8156(brokerage business),106,0
13,8288(brokerage business),315,-149,13,8311(brokerage business),58,2,13,8298(brokerage business),106,-64
14,8349(brokerage business),267,37,14,8272(brokerage business),52,-237,14,8069(brokerage business),104,-37
15,8153(brokerage business),242,101,15,8137(brokerage business),50,-34,15,8059(brokerage business),95,-10
16,8077(brokerage business),230,-348,16,8069(brokerage business),45,-5,16,8333(brokerage business),95,-10
17,8319(brokerage business),230,-686,17,8034(brokerage business),42,-182,17,8308(brokerage business),90,-43
18,8018(brokerage business),228,-275,18,8161(brokerage business),41,-8,18,8178(brokerage business),87,-114
19,8081(brokerage business),223,61,19,8275(brokerage business),37,-26,19,8186(brokerage business),87,-82
20,8268(brokerage business),207,-209,20,8049(brokerage business),32,-1,20,8137(brokerage business),85,-30
Total,,10894,-14141,Total,,6033,-1994,Total,,3469,-848
Ranking,Name of FF Member /OSBPs,Volume,Change from Previous Trading Day,Ranking,Name of FF Member /OSBPs,Long Position,Change from Previous Trading Day,Ranking,Name of FF Member /OSBPs,Short Position,Change from Previous Trading Day
Contract Code：lu2610,,,,,,,,,,2026-08-19,
1,8163(brokerage business),49563,10999,1,8148(brokerage business),8509,375,1,8004(brokerage business),10319,-1259
2,8148(brokerage business),39657,10784,2,8004(brokerage business),8094,996,2,8163(brokerage business),9384,3019
3,8275(brokerage business),35204,10791,3,8163(brokerage business),8068,2364,3,8148(brokerage business),8158,1384
4,8004(brokerage business),33899,11357,4,8288(brokerage business),3619,61,4,8372(brokerage business),6891,3469
5,8253(brokerage business),17936,3728,5,8184(brokerage business),2652,261,5,8103(brokerage business),5778,1661
6,8123(brokerage business),14077,6121,6,8253(brokerage business),2558,-60,6,8272(brokerage business),4114,-184
7,8298(brokerage business),7835,2736,7,8335(brokerage business),2290,109,7,8319(brokerage business),2669,315
8,8186(brokerage business),7076,2820,8,8272(brokerage business),2166,125,8,8096(brokerage business),2303,1396
9,8272(brokerage business),6909,1081,9,8082(brokerage business),2090,2,9,8253(brokerage business),2144,-358
10,8081(brokerage business),6808,850,10,8268(brokerage business),2073,247,10,8333(brokerage business),2056,158
11,8308(brokerage business),5553,3423,11,8161(brokerage business),1788,-415,11,8018(brokerage business),1985,96
12,8240(brokerage business),5222,1809,12,8086(brokerage business),1705,-17,12,8123(brokerage business),1575,235
13,8268(brokerage business),4732,2411,13,8103(brokerage business),1663,-281,13,8082(brokerage business),1541,79
14,8096(brokerage business),4605,2853,14,8240(brokerage business),1651,-164,14,8059(brokerage business),1424,198
15,8161(brokerage business),4427,-511,15,8153(brokerage business),1594,-15,15,8298(brokerage business),1259,-232
16,8023(brokerage business),4267,4049,16,8274(brokerage business),1582,-59,16,8034(brokerage business),1242,-126
17,8034(brokerage business),4186,2053,17,8018(brokerage business),1341,130,17,8177(brokerage business),1181,-1
18,8103(brokerage business),4148,1665,18,8239(brokerage business),1321,565,18,8268(brokerage business),1011,-455
19,8372(brokerage business),3920,3656,19,8084(brokerage business),1278,-56,19,8137(brokerage business),1001,93
20,8069(brokerage business),3725,1544,20,8081(brokerage business),1254,-92,20,8288(brokerage business),987,-95
Total,,263749,84219,Total,,57296,4076,Total,,67022,9393
Ranking,Name of FF Member /OSBPs,Volume,Change from Previous Trading Day,Ranking,Name of FF Member /OSBPs,Long Position,Change from Previous Trading Day,Ranking,Name of FF Member /OSBPs,Short Position,Change from Previous Trading Day
Contract Code：lu2611,,,,,,,,,,2026-08-19,
1,8163(brokerage business),13464,2966,1,8184(brokerage business),11936,102,1,8004(brokerage business),7930,-207
2,8253(brokerage business),12316,6086,2,8081(brokerage business),6043,-30,2,7002(brokerage business),5520,0
3,8275(brokerage business),11973,5981,3,8239(brokerage business),4928,-265,3,8239(brokerage business),4441,136
4,8148(brokerage business),11791,2859,4,8148(brokerage business),3218,403,4,8096(brokerage business),3657,-2160
5,8096(brokerage business),6862,3110,5,8004(brokerage business),3010,196,5,8372(brokerage business),3609,0
6,8004(brokerage business),4961,2327,6,8335(brokerage business),2208,-15,6,8163(brokerage business),3138,1153
7,8123(brokerage business),2786,1405,7,8163(brokerage business),1843,11,7,8148(brokerage business),2704,360
8,8081(brokerage business),2260,1110,8,8333(brokerage business),1706,-29,8,8253(brokerage business),2650,-47
9,8141(brokerage business),1725,1186,9,8084(brokerage business),1668,29,9,8059(brokerage business),2636,-234
10,8239(brokerage business),1705,654,10,8274(brokerage business),1465,427,10,8103(brokerage business),1965,727
11,8059(brokerage business),1581,975,11,8103(brokerage business),1044,294,11,8272(brokerage business),1820,90
12,8319(brokerage business),1504,1458,12,8034(brokerage business),1043,176,12,8319(brokerage business),966,952
13,8103(brokerage business),1393,885,13,8161(brokerage business),760,653,13,8275(brokerage business),943,145
14,8161(brokerage business),1376,891,14,8253(brokerage business),714,41,14,8042(brokerage business),816,101
15,8272(brokerage business),1299,612,15,8268(brokerage business),560,-6,15,8177(brokerage business),792,208
16,8240(brokerage business),1249,620,16,8240(brokerage business),488,-61,16,8125(brokerage business),528,3
17,8069(brokerage business),1223,673,17,8288(brokerage business),486,-299,17,8254(brokerage business),513,-11
18,8169(brokerage business),1178,1028,18,8137(brokerage business),415,92,18,8018(brokerage business),509,7
19,8184(brokerage business),1140,794,19,8067(brokerage business),373,127,19,8009(brokerage business),346,70
20,8019(brokerage business),1040,-45,20,8308(brokerage business),368,15,20,8081(brokerage business),322,38
Total,,82826,35575,Total,,44276,1861,Total,,45805,1331
Member/OSP Type,Total Volume,Change from Previous Trading Day,Member/OSP Type,Total Long Position,Change from Previous Trading Day,Member/OSP Type,Total Short Position,Change from Previous Trading Day,,,
Contract Code：fuall,,,,,,,2026-08-19,,,,
Name of FF Member/OSBP,2194394,112088,Name of FF Member/OSBP,577501,7027,Name of FF Member/OSBP,577499,7027,,,
Name of Non-FF Member/OSNBP,0,0,Name of Non-FF Member/OSNBP,0,0,Name of Non-FF Member/OSNBP,2,0,,,
Ranking,Name of FF Member /OSBPs,Volume,Change from Previous Trading Day,Ranking,Name of FF Member /OSBPs,Long Position,Change from Previous Trading Day,Ranking,Name of FF Member /OSBPs,Short Position,Change from Previous Trading Day
Contract Code：fu2609,,,,,,,,,,2026-08-19,
1,0004(brokerage business),101766,-2175,1,0004(brokerage business),8820,-2119,1,0148(brokerage business),7401,-917
2,0148(brokerage business),94030,883,2,0103(brokerage business),7776,-1041,2,0004(brokerage business),4701,-425
3,0163(brokerage business),83816,-12532,3,0148(brokerage business),7288,-1267,3,0163(brokerage business),4164,-1000
4,0275(brokerage business),76399,-50340,4,0319(brokerage business),4822,-424,4,0034(brokerage business),3627,-810
5,0272(brokerage business),38436,18037,5,0163(brokerage business),4515,-572,5,0288(brokerage business),3312,-16
6,0253(brokerage business),36054,-1345,6,0253(brokerage business),3564,71,6,0268(brokerage business),3221,-968
7,0240(brokerage business),27597,-10395,7,0018(brokerage business),3441,-384,7,0298(brokerage business),3181,-636
8,0268(brokerage business),25968,4573,8,0151(brokerage business),2806,-104,8,0240(brokerage business),2719,-663
9,0081(brokerage business),24150,-4822,9,0272(brokerage business),2786,-762,9,0272(brokerage business),2702,-606
10,0186(brokerage business),20368,4655,10,0034(brokerage business),2523,-471,10,0275(brokerage business),2051,-801
11,0034(brokerage business),18189,808,11,0059(brokerage business),2176,70,11,0186(brokerage business),2008,167
12,0308(brokerage business),17446,7413,12,0268(brokerage business),1775,198,12,0253(brokerage business),2007,-113
13,0244(brokerage business),15232,4596,13,0019(brokerage business),1752,-309,13,0077(brokerage business),1970,76
14,0298(brokerage business),14986,4471,14,0299(brokerage business),1355,120,14,0042(brokerage business),1783,-206
15,0288(brokerage business),13835,4293,15,0275(brokerage business),1335,-930,15,0137(brokerage business),1705,113
16,0299(brokerage business),13215,2651,16,0123(brokerage business),1320,-102,16,0323(brokerage business),1700,-501
17,0123(brokerage business),12982,-16895,17,0240(brokerage business),1312,-28,17,0059(brokerage business),1420,-236
18,0161(brokerage business),11402,1924,18,0125(brokerage business),1136,-94,18,0151(brokerage business),1373,209
19,0095(brokerage business),11240,2426,19,0069(brokerage business),1117,-324,19,0081(brokerage business),1270,94
20,0323(brokerage business),10429,2040,20,0096(brokerage business),1106,-123,20,0299(brokerage business),1268,-409
Total,,667540,-39734,Total,,62725,-8595,Total,,53583,-7648
Ranking,Name of FF Member /OSBPs,Volume,Change from Previous Trading Day,Ranking,Name of FF Member /OSBPs,Long Position,Change from Previous Trading Day,Ranking,Name of FF Member /OSBPs,Short Position,Change from Previous Trading Day
Contract Code：fu2610,,,,,,,,,,2026-08-19,
1,0163(brokerage business),23825,3755,1,0163(brokerage business),8844,1759,1,0163(brokerage business),4740,1174
2,0275(brokerage business),23690,606,2,0004(brokerage business),7018,737,2,0004(brokerage business),3378,-459
3,0148(brokerage business),21882,4741,3,0103(brokerage business),3306,-1164,3,0148(brokerage business),2775,145
4,0004(brokerage business),11558,2821,4,0148(brokerage business),3176,113,4,0103(brokerage business),2635,-121
5,0123(brokerage business),10203,1180,5,0034(brokerage business),2525,87,5,0034(brokerage business),2496,-435
6,0161(brokerage business),10187,1397,6,0272(brokerage business),2438,565,6,0268(brokerage business),2269,421
7,0069(brokerage business),5004,931,7,0123(brokerage business),2211,-24,7,0253(brokerage business),2227,238
8,0240(brokerage business),4381,640,8,0253(brokerage business),2207,-378,8,0372(brokerage business),2203,25
9,0253(brokerage business),4256,86,9,0069(brokerage business),2069,-19,9,0069(brokerage business),2136,87
10,0009(brokerage business),4137,1300,10,0082(brokerage business),1912,172,10,0275(brokerage business),2106,24
11,0272(brokerage business),4065,-408,11,0137(brokerage business),1827,24,11,0077(brokerage business),1883,73
12,0298(brokerage business),3930,115,12,0275(brokerage business),1705,-78,12,0137(brokerage business),1850,187
13,0268(brokerage business),3629,-3157,13,0008(brokerage business),1566,-5,13,0178(brokerage business),1714,22
14,0068(brokerage business),3507,2029,14,0178(brokerage business),1507,-18,14,0123(brokerage business),1646,13
15,0034(brokerage business),3452,1077,15,0151(brokerage business),1425,-523,15,0240(brokerage business),1622,121
16,0178(brokerage business),3318,216,16,0161(brokerage business),1272,-325,16,0008(brokerage business),1509,-16
17,0137(brokerage business),2937,495,17,0308(brokerage business),1008,155,17,0298(brokerage business),1445,131
18,0103(brokerage business),2909,882,18,0059(brokerage business),849,61,18,0161(brokerage business),1332,-282
19,0008(brokerage business),2705,285,19,0086(brokerage business),745,384,19,0272(brokerage business),1045,148
20,0308(brokerage business),2667,397,20,0298(brokerage business),670,63,20,0018(brokerage business),918,50
Total,,152242,19388,Total,,48280,1586,Total,,41929,1546
Ranking,Name of FF Member /OSBPs,Volume,Change from Previous Trading Day,Ranking,Name of FF Member /OSBPs,Long Position,Change from Previous Trading Day,Ranking,Name of FF Member /OSBPs,Short Position,Change from Previous Trading Day
Contract Code：fu2611,,,,,,,,,,2026-08-19,
1,0275(brokerage business),87562,9214,1,0004(brokerage business),24658,2097,1,0004(brokerage business),42787,5384
2,0148(brokerage business),84251,-13257,2,0163(brokerage business),23893,327,2,0148(brokerage business),19429,1646
3,0163(brokerage business),84134,5568,3,0148(brokerage business),23165,351,3,0163(brokerage business),19014,-1285
4,0004(brokerage business),81277,9463,4,0253(brokerage business),13065,298,4,0103(brokerage business),16274,-242
5,0240(brokerage business),48224,12539,5,0239(brokerage business),9637,-328,5,0253(brokerage business),11419,-52
6,0123(brokerage business),35936,3702,6,0034(brokerage business),8131,-24,6,0272(brokerage business),9761,-244
7,0253(brokerage business),25248,-4502,7,0335(brokerage business),8080,-2638,7,0034(brokerage business),8413,-570
8,0009(brokerage business),23804,4600,8,0272(brokerage business),7940,488,8,0319(brokerage business),8305,-707
9,0272(brokerage business),23664,8664,9,0161(brokerage business),7369,172,9,0372(brokerage business),7742,2376
10,0081(brokerage business),23435,-909,10,0137(brokerage business),6615,-140,10,0275(brokerage business),7004,219
11,0259(brokerage business),16996,3344,11,0240(brokerage business),6275,1102,11,0009(brokerage business),6768,-94
12,0308(brokerage business),16781,6794,12,0103(brokerage business),6259,179,12,0137(brokerage business),6117,60
13,0034(brokerage business),15588,3117,13,0275(brokerage business),5831,673,13,0069(brokerage business),5796,-96
14,0298(brokerage business),15269,1074,14,0059(brokerage business),5228,-2020,14,0161(brokerage business),5687,216
15,0069(brokerage business),12273,4142,15,0069(brokerage business),5135,245,15,0298(brokerage business),4943,664
16,0059(brokerage business),11826,4130,16,0123(brokerage business),4687,359,16,0008(brokerage business),4476,74
17,0268(brokerage business),11805,3175,17,0008(brokerage business),4510,39,17,0178(brokerage business),4408,-69
18,0186(brokerage business),11096,2080,18,0268(brokerage business),4478,341,18,0059(brokerage business),4395,26
19,0161(brokerage business),10674,-754,19,0178(brokerage business),4333,-196,19,0123(brokerage business),4087,-343
20,0338(brokerage business),8539,-2562,20,0288(brokerage business),3983,150,20,0018(brokerage business),3959,25
Total,,648382,59622,Total,,183272,1475,Total,,200784,6988
Ranking,Name of FF Member /OSBPs,Volume,Change from Previous Trading Day,Ranking,Name of FF Member /OSBPs,Long Position,Change from Previous Trading Day,Ranking,Name of FF Member /OSBPs,Short Position,Change from Previous Trading Day
Contract Code：fu2701,,,,,,,,,,2026-08-19,
1,0163(brokerage business),17323,718,1,0272(brokerage business),12444,87,1,0004(brokerage business),13562,418
2,0275(brokerage business),17293,1069,2,0004(brokerage business),7440,1085,2,0372(brokerage business),9803,1022
3,0148(brokerage business),13965,735,3,0148(brokerage business),6105,708,3,0272(brokerage business),8300,2800
4,0272(brokerage business),10013,1188,4,0335(brokerage business),5188,3175,4,0148(brokerage business),5802,1015
5,0123(brokerage business),6156,437,5,0163(brokerage business),4788,-865,5,0163(brokerage business),3445,-316
6,0004(brokerage business),4975,2196,6,0253(brokerage business),3589,246,6,0240(brokerage business),3181,70
7,0308(brokerage business),4466,1767,7,0084(brokerage business),2886,2018,7,0103(brokerage business),3031,-238
8,0253(brokerage business),3818,-1222,8,0123(brokerage business),2690,31,8,0082(brokerage business),2578,358
9,0335(brokerage business),3762,2711,9,0103(brokerage business),2347,282,9,0253(brokerage business),2263,-266
10,0271(brokerage business),2686,855,10,0081(brokerage business),1988,14,10,0239(brokerage business),2185,-49
11,0084(brokerage business),2018,1811,11,0240(brokerage business),1929,201,11,0298(brokerage business),1676,57
12,0240(brokerage business),1635,-501,12,0308(brokerage business),1718,190,12,0059(brokerage business),1565,35
13,0103(brokerage business),1608,-211,13,0059(brokerage business),1699,-9,13,0275(brokerage business),1378,143
14,0333(brokerage business),1477,944,14,0288(brokerage business),1468,331,14,0125(brokerage business),1143,-33
15,0034(brokerage business),1432,-181,15,0034(brokerage business),1458,-74,15,0096(brokerage business),958,-17
16,0268(brokerage business),1404,199,16,0042(brokerage business),1409,108,16,0186(brokerage business),922,4
17,0069(brokerage business),1256,-788,17,0319(brokerage business),1345,-77,17,0123(brokerage business),833,17
18,0372(brokerage business),1181,-55,18,0323(brokerage business),1304,110,18,0139(brokerage business),804,280
19,0186(brokerage business),1156,211,19,0239(brokerage business),1188,-72,19,0268(brokerage business),780,64
20,0298(brokerage business),1003,9,20,0069(brokerage business),1103,102,20,0034(brokerage business),776,60
Total,,98627,11892,Total,,64086,7591,Total,,64985,5424
Member/OSP Type,Total Volume,Change from Previous Trading Day,Member/OSP Type,Total Long Position,Change from Previous Trading Day,Member/OSP Type,Total Short Position,Change from Previous Trading Day,,,
Contract Code：buall,,,,,,,2026-08-19,,,,
Name of FF Member/OSBP,852800,-102986,Name of FF Member/OSBP,619075,6392,Name of FF Member/OSBP,619075,6392,,,
Name of Non-FF Member/OSNBP,0,0,Name of Non-FF Member/OSNBP,0,0,Name of Non-FF Member/OSNBP,0,0,,,
Ranking,Name of FF Member /OSBPs,Volume,Change from Previous Trading Day,Ranking,Name of FF Member /OSBPs,Long Position,Change from Previous Trading Day,Ranking,Name of FF Member /OSBPs,Short Position,Change from Previous Trading Day
Contract Code：bu2609,,,,,,,,,,2026-08-19,
1,0275(brokerage business),40074,11044,1,0004(brokerage business),15194,-1085,1,0272(brokerage business),6843,-617
2,0148(brokerage business),31381,-5163,2,0103(brokerage business),7684,-498,2,0004(brokerage business),6465,-978
3,0163(brokerage business),25055,-7398,3,0148(brokerage business),4868,-1677,3,0275(brokerage business),5104,-554
4,0004(brokerage business),20840,-6249,4,0163(brokerage business),3811,620,4,0148(brokerage business),4678,22
5,0259(brokerage business),6067,2662,5,0272(brokerage business),3361,-197,5,0121(brokerage business),3203,-664
6,0123(brokerage business),5305,-3055,6,0123(brokerage business),2829,-107,6,0103(brokerage business),2765,-1448
7,0240(brokerage business),5064,-1348,7,0275(brokerage business),2812,-470,7,0034(brokerage business),2702,-440
8,0253(brokerage business),4646,-2796,8,0018(brokerage business),2761,-381,8,0253(brokerage business),2487,95
9,0034(brokerage business),4249,406,9,0299(brokerage business),2526,77,9,0081(brokerage business),2358,-117
10,0103(brokerage business),4082,972,10,0151(brokerage business),2306,-478,10,0177(brokerage business),2292,-297
11,0137(brokerage business),3622,1534,11,0125(brokerage business),2217,-149,11,0268(brokerage business),2254,-382
12,0272(brokerage business),3506,-4159,12,0059(brokerage business),2186,-562,12,0161(brokerage business),2161,142
13,0081(brokerage business),3310,-1021,13,0274(brokerage business),2138,-7,13,0240(brokerage business),2062,-183
14,0268(brokerage business),3157,64,14,0240(brokerage business),1983,-215,14,0163(brokerage business),2046,-897
15,0059(brokerage business),2835,-3309,15,0137(brokerage business),1730,-145,15,0298(brokerage business),2040,-123
16,0069(brokerage business),2816,-802,16,0069(brokerage business),1577,-66,16,0139(brokerage business),1950,-39
17,0186(brokerage business),2349,242,17,0323(brokerage business),1563,-78,17,0123(brokerage business),1913,-102
18,0095(brokerage business),2287,342,18,0153(brokerage business),1534,-87,18,0082(brokerage business),1890,-39
19,0043(brokerage business),2267,539,19,0009(brokerage business),1453,-80,19,0288(brokerage business),1706,-67
20,0029(brokerage business),1970,1136,20,0253(brokerage business),1449,-321,20,0333(brokerage business),1515,-467
Total,,174882,-16359,Total,,65982,-5906,Total,,58434,-7155
Ranking,Name of FF Member /OSBPs,Volume,Change from Previous Trading Day,Ranking,Name of FF Member /OSBPs,Long Position,Change from Previous Trading Day,Ranking,Name of FF Member /OSBPs,Short Position,Change from Previous Trading Day
Contract Code：bu2610,,,,,,,,,,2026-08-19,
1,0163(brokerage business),80789,1058,1,0148(brokerage business),41697,2624,1,0004(brokerage business),29377,2004
2,0004(brokerage business),52747,1602,2,0004(brokerage business),24711,3045,2,0148(brokerage business),26458,-392
3,0148(brokerage business),46148,-1816,3,0272(brokerage business),17898,1166,3,0103(brokerage business),15484,1380
4,0275(brokerage business),28658,-6364,4,0103(brokerage business),15569,1852,4,0272(brokerage business),15237,243
5,0253(brokerage business),19174,-5598,5,0239(brokerage business),12639,-1384,5,0275(brokerage business),12886,-89
6,0272(brokerage business),15565,-1387,6,0082(brokerage business),12144,-502,6,0123(brokerage business),12621,465
7,0123(brokerage business),15331,-9008,7,0268(brokerage business),11820,86,7,0268(brokerage business),10665,-481
8,0081(brokerage business),14521,-1100,8,0163(brokerage business),11615,1880,8,0082(brokerage business),10391,275
9,0240(brokerage business),14174,715,9,0253(brokerage business),10335,742,9,0081(brokerage business),9732,241
10,0059(brokerage business),10127,254,10,0335(brokerage business),10099,1067,10,0163(brokerage business),9280,617
11,0161(brokerage business),9535,-1501,11,0059(brokerage business),9336,-87,11,0059(brokerage business),9125,-44
12,0069(brokerage business),7893,-760,12,0123(brokerage business),8262,-138,12,0240(brokerage business),8934,1222
13,0103(brokerage business),7402,2097,13,0081(brokerage business),7365,366,13,0139(brokerage business),8763,-508
14,0268(brokerage business),6897,-704,14,0137(brokerage business),7079,12,14,0009(brokerage business),8444,110
15,0333(brokerage business),6471,2111,15,0161(brokerage business),6699,-143,15,0137(brokerage business),8037,532
16,0137(brokerage business),6282,-2909,16,0240(brokerage business),5628,350,16,0069(brokerage business),7608,82
17,0082(brokerage business),6141,632,17,0275(brokerage business),5588,79,17,0125(brokerage business),6719,607
18,0186(brokerage business),5580,791,18,0288(brokerage business),4950,573,18,0177(brokerage business),4332,575
19,0259(brokerage business),5367,220,19,0069(brokerage business),4806,-129,19,0018(brokerage business),4280,442
20,0308(brokerage business),4981,1222,20,0009(brokerage business),4529,-425,20,0333(brokerage business),4190,427
Total,,363783,-20445,Total,,232769,11034,Total,,222563,7708
Ranking,Name of FF Member /OSBPs,Volume,Change from Previous Trading Day,Ranking,Name of FF Member /OSBPs,Long Position,Change from Previous Trading Day,Ranking,Name of FF Member /OSBPs,Short Position,Change from Previous Trading Day
Contract Code：bu2611,,,,,,,,,,2026-08-19,
1,0163(brokerage business),8677,-1460,1,0148(brokerage business),8039,142,1,0272(brokerage business),8084,44
2,0275(brokerage business),6694,43,2,0082(brokerage business),7595,-9,2,0082(brokerage business),8032,-9
3,0148(brokerage business),6409,-1333,3,0009(brokerage business),6714,46,3,0148(brokerage business),7425,581
4,0004(brokerage business),4280,-2135,4,0004(brokerage business),6140,420,4,0009(brokerage business),6721,154
5,0059(brokerage business),3316,92,5,0272(brokerage business),6012,-1,5,0139(brokerage business),6161,1
6,0069(brokerage business),2262,-537,6,0161(brokerage business),5685,507,6,0268(brokerage business),6133,-505
7,0272(brokerage business),2171,-196,7,0081(brokerage business),5680,20,7,0081(brokerage business),5619,56
8,0123(brokerage business),2007,-937,8,0069(brokerage business),5403,-115,8,0161(brokerage business),5566,384
9,0161(brokerage business),1611,119,9,0139(brokerage business),5240,0,9,0069(brokerage business),4848,67
10,0268(brokerage business),1316,217,10,0268(brokerage business),5019,-525,10,0275(brokerage business),4695,538
11,0081(brokerage business),1266,-409,11,0043(brokerage business),4347,37,11,0059(brokerage business),4144,235
12,0239(brokerage business),1140,893,12,0137(brokerage business),4128,600,12,0123(brokerage business),4128,-1
13,0137(brokerage business),1134,-138,13,0123(brokerage business),3983,8,13,0043(brokerage business),4017,36
14,0253(brokerage business),966,-555,14,0059(brokerage business),3759,271,14,0103(brokerage business),3752,258
15,0082(brokerage business),944,-31,15,0275(brokerage business),3373,42,15,0137(brokerage business),3592,296
16,0009(brokerage business),856,-599,16,0239(brokerage business),2315,1140,16,0004(brokerage business),2768,176
17,0139(brokerage business),849,-991,17,0372(brokerage business),2202,-18,17,0001(brokerage business),1703,6
18,0240(brokerage business),834,-315,18,0163(brokerage business),1364,-32,18,0177(brokerage business),1570,123
19,0103(brokerage business),764,-48,19,0335(brokerage business),1196,51,19,0333(brokerage business),1497,16
20,0333(brokerage business),463,-662,20,0308(brokerage business),1069,31,20,0163(brokerage business),922,9
Total,,47959,-8982,Total,,89263,2615,Total,,91377,2465
Ranking,Name of FF Member /OSBPs,Volume,Change from Previous Trading Day,Ranking,Name of FF Member /OSBPs,Long Position,Change from Previous Trading Day,Ranking,Name of FF Member /OSBPs,Short Position,Change from Previous Trading Day
Contract Code：bu2612,,,,,,,,,,2026-08-19,
1,0163(brokerage business),11390,-4959,1,0004(brokerage business),9817,251,1,0004(brokerage business),11400,374
2,0148(brokerage business),8548,-2768,2,0148(brokerage business),8606,-584,2,0272(brokerage business),8237,85
3,0004(brokerage business),5961,-1394,3,0239(brokerage business),6095,533,3,0103(brokerage business),7390,165
4,0275(brokerage business),5649,-2445,4,0335(brokerage business),5449,190,4,0123(brokerage business),7128,-301
5,0253(brokerage business),3080,-3051,5,0177(brokerage business),5033,607,5,0238(brokerage business),5664,123
6,0123(brokerage business),2331,-2594,6,0272(brokerage business),4326,194,6,0148(brokerage business),5085,-1130
7,0308(brokerage business),1470,-592,7,0240(brokerage business),3811,-118,7,0082(brokerage business),3148,22
8,0259(brokerage business),1240,-430,8,0163(brokerage business),3057,-1103,8,0018(brokerage business),2931,-295
9,0272(brokerage business),995,-1395,9,0084(brokerage business),3000,0,9,0069(brokerage business),2787,10
10,0069(brokerage business),986,-604,10,0009(brokerage business),2822,140,10,0240(brokerage business),2579,-71
11,0240(brokerage business),931,-1861,11,0389(brokerage business),2677,-25,11,0268(brokerage business),2346,38
12,0003(brokerage business),829,317,12,0059(brokerage business),2212,-60,12,0333(brokerage business),2243,151
13,0151(brokerage business),727,272,13,0275(brokerage business),2038,-138,13,0253(brokerage business),2226,249
14,0059(brokerage business),721,-1501,14,0003(brokerage business),1995,-271,14,0096(brokerage business),1992,61
15,0177(brokerage business),703,-159,15,0253(brokerage business),1987,55,15,0275(brokerage business),1752,63
16,0311(brokerage business),636,-284,16,0103(brokerage business),1823,-70,16,0153(brokerage business),1693,12
17,0018(brokerage business),614,155,17,0137(brokerage business),1298,129,17,0323(brokerage business),1619,70
18,0333(brokerage business),551,-1241,18,0323(brokerage business),1263,-272,18,0308(brokerage business),1485,90
19,0186(brokerage business),544,136,19,0299(brokerage business),977,-9,19,0244(brokerage business),1295,82
20,0034(brokerage business),543,172,20,0082(brokerage business),974,135,20,0163(brokerage business),1111,-83
Total,,48449,-24226,Total,,69260,-416,Total,,74111,-285
Member/OSP Type,Total Volume,Change from Previous Trading Day,Member/OSP Type,Total Long Position,Change from Previous Trading Day,Member/OSP Type,Total Short Position,Change from Previous Trading Day,,,
Contract Code：brall,,,,,,,2026-08-19,,,,
Name of FF Member/OSBP,557990,-61360,Name of FF Member/OSBP,173772,8002,Name of FF Member/OSBP,173772,8002,,,
Name of Non-FF Member/OSNBP,0,0,Name of Non-FF Member/OSNBP,0,0,Name of Non-FF Member/OSNBP,0,0,,,
Ranking,Name of FF Member /OSBPs,Volume,Change from Previous Trading Day,Ranking,Name of FF Member /OSBPs,Long Position,Change from Previous Trading Day,Ranking,Name of FF Member /OSBPs,Short Position,Change from Previous Trading Day
Contract Code：br2609,,,,,,,,,,2026-08-19,
1,0275(brokerage business),13697,-14145,1,0004(brokerage business),3166,-546,1,0272(brokerage business),1460,-74
2,0148(brokerage business),13458,-11194,2,0103(brokerage business),1251,-153,2,0004(brokerage business),1362,-286
3,0004(brokerage business),10744,-3233,3,0148(brokerage business),1219,-375,3,0163(brokerage business),1237,208
4,0163(brokerage business),7829,-6325,4,0163(brokerage business),1007,-145,4,0148(brokerage business),1186,-191
5,0081(brokerage business),7691,298,5,0253(brokerage business),796,-87,5,0253(brokerage business),1114,-27
6,0253(brokerage business),5728,-4994,6,0069(brokerage business),713,-11,6,0275(brokerage business),917,24
7,0123(brokerage business),2935,-2668,7,0275(brokerage business),666,23,7,0240(brokerage business),636,75
8,0059(brokerage business),2764,-988,8,0029(brokerage business),663,1,8,0298(brokerage business),612,-244
9,0240(brokerage business),2684,-1849,9,0058(brokerage business),566,-81,9,0034(brokerage business),569,-94
10,0298(brokerage business),1835,-2383,10,0272(brokerage business),565,-87,10,0123(brokerage business),482,-18
11,0268(brokerage business),1660,-563,11,0137(brokerage business),529,130,11,0268(brokerage business),463,36
12,0034(brokerage business),1546,-460,12,0151(brokerage business),462,4,12,0068(brokerage business),459,-46
13,0272(brokerage business),1309,-2222,13,0271(brokerage business),426,33,13,0295(brokerage business),419,-9
14,0259(brokerage business),1165,-597,14,0389(brokerage business),373,-14,14,0125(brokerage business),406,-32
15,0323(brokerage business),1056,-100,15,0274(brokerage business),363,-238,15,0059(brokerage business),373,-31
16,0009(brokerage business),1010,173,16,0001(brokerage business),338,15,16,0186(brokerage business),364,-49
17,0108(brokerage business),953,-7,17,0081(brokerage business),329,98,17,0081(brokerage business),345,-85
18,0186(brokerage business),928,-1425,18,0288(brokerage business),324,14,18,0058(brokerage business),334,21
19,0288(brokerage business),901,-523,19,0059(brokerage business),315,-17,19,0069(brokerage business),323,-21
20,0274(brokerage business),890,-687,20,0323(brokerage business),308,-12,20,0288(brokerage business),323,-37
Total,,80783,-53892,Total,,14379,-1448,Total,,13384,-880
Ranking,Name of FF Member /OSBPs,Volume,Change from Previous Trading Day,Ranking,Name of FF Member /OSBPs,Long Position,Change from Previous Trading Day,Ranking,Name of FF Member /OSBPs,Short Position,Change from Previous Trading Day
Contract Code：br2610,,,,,,,,,,2026-08-19,
1,0148(brokerage business),57193,-1944,1,0004(brokerage business),14787,-1103,1,0004(brokerage business),12537,990
2,0004(brokerage business),55535,8325,2,0148(brokerage business),10288,1420,2,0323(brokerage business),9889,31
3,0275(brokerage business),28258,10595,3,0323(brokerage business),9728,95,3,0148(brokerage business),8535,399
4,0163(brokerage business),24818,-3485,4,0163(brokerage business),7115,389,4,0163(brokerage business),5824,675
5,0253(brokerage business),23968,-2020,5,0268(brokerage business),6628,129,5,0268(brokerage business),5734,205
6,0081(brokerage business),22442,-2139,6,0123(brokerage business),4845,108,6,0272(brokerage business),5144,378
7,0123(brokerage business),18459,1386,7,0253(brokerage business),4273,162,7,0123(brokerage business),4886,255
8,0240(brokerage business),16525,1146,8,0103(brokerage business),4044,1541,8,0082(brokerage business),4172,134
9,0161(brokerage business),15101,2421,9,0096(brokerage business),3261,125,9,0103(brokerage business),3591,3
10,0272(brokerage business),8390,-198,10,0272(brokerage business),2770,160,10,0253(brokerage business),3304,-274
11,0268(brokerage business),7012,627,11,0059(brokerage business),2607,14,11,0096(brokerage business),3297,241
12,0298(brokerage business),6889,2199,12,0043(brokerage business),2063,50,12,0029(brokerage business),2431,281
13,0259(brokerage business),6310,4867,13,0335(brokerage business),2034,512,13,0275(brokerage business),2311,25
14,0186(brokerage business),5677,-2350,14,0275(brokerage business),1956,221,14,0240(brokerage business),2183,115
15,0059(brokerage business),5057,-1357,15,0081(brokerage business),1762,530,15,0043(brokerage business),2071,39
16,0034(brokerage business),4914,673,16,0048(brokerage business),1249,14,16,0177(brokerage business),1826,296
17,0103(brokerage business),4482,222,17,0240(brokerage business),1229,-78,17,0069(brokerage business),1663,28
18,0019(brokerage business),3728,563,18,0288(brokerage business),1219,158,18,0058(brokerage business),1551,74
19,0069(brokerage business),3426,-573,19,0153(brokerage business),1198,228,19,0137(brokerage business),1422,311
20,0137(brokerage business),3331,-117,20,0274(brokerage business),1156,38,20,0151(brokerage business),1393,28
Total,,321515,18841,Total,,84212,4713,Total,,83764,4234
Member/OSP Type,Total Volume,Change from Previous Trading Day,Member/OSP Type,Total Long Position,Change from Previous Trading Day,Member/OSP Type,Total Short Position,Change from Previous Trading Day,,,
Contract Code：ruall,,,,,,,2026-08-19,,,,
Name of FF Member/OSBP,529828,91734,Name of FF Member/OSBP,180634,9749,Name of FF Member/OSBP,180052,9849,,,
Name of Non-FF Member/OSNBP,100,100,Name of Non-FF Member/OSNBP,50,0,Name of Non-FF Member/OSNBP,632,-100,,,
Ranking,Name of FF Member /OSBPs,Volume,Change from Previous Trading Day,Ranking,Name of FF Member /OSBPs,Long Position,Change from Previous Trading Day,Ranking,Name of FF Member /OSBPs,Short Position,Change from Previous Trading Day
Contract Code：ru2609,,,,,,,,,,2026-08-19,
1,0163(brokerage business),13510,2664,1,0004(brokerage business),3205,129,1,0004(brokerage business),3602,-93
2,0253(brokerage business),12582,5205,2,0272(brokerage business),1875,-89,2,0148(brokerage business),1762,-199
3,0148(brokerage business),10114,113,3,0148(brokerage business),1548,-41,3,0253(brokerage business),1729,-518
4,0275(brokerage business),7037,619,4,0082(brokerage business),1415,-98,4,0275(brokerage business),1692,-465
5,0004(brokerage business),6484,806,5,0058(brokerage business),1302,-48,5,0123(brokerage business),1343,-17
6,0240(brokerage business),1942,-196,6,0163(brokerage business),1245,-6,6,0240(brokerage business),1192,-61
7,0272(brokerage business),1410,-149,7,0096(brokerage business),1235,-576,7,0163(brokerage business),1173,91
8,0059(brokerage business),1232,287,8,0103(brokerage business),934,-111,8,0059(brokerage business),1158,-141
9,0123(brokerage business),1017,245,9,0275(brokerage business),850,-74,9,0003(brokerage business),804,-45
10,0096(brokerage business),995,753,10,0177(brokerage business),768,-54,10,0125(brokerage business),799,46
11,0009(brokerage business),833,247,11,0240(brokerage business),762,25,11,0077(brokerage business),798,-64
12,0268(brokerage business),784,479,12,0253(brokerage business),631,-14,12,0272(brokerage business),714,-5
13,0103(brokerage business),746,54,13,0123(brokerage business),558,-14,13,0096(brokerage business),650,22
14,0151(brokerage business),734,110,14,0308(brokerage business),540,-2,14,0034(brokerage business),624,-133
15,0043(brokerage business),715,166,15,0081(brokerage business),476,-101,15,0103(brokerage business),560,-79
16,0186(brokerage business),623,280,16,0034(brokerage business),456,-140,16,0151(brokerage business),534,-213
17,0034(brokerage business),603,192,17,0077(brokerage business),452,-12,17,0177(brokerage business),519,-3
18,0259(brokerage business),584,105,18,0125(brokerage business),438,-12,18,0069(brokerage business),495,26
19,0121(brokerage business),508,189,19,0277(brokerage business),426,3,19,0268(brokerage business),441,-21
20,0298(brokerage business),501,253,20,0059(brokerage business),398,-8,20,0019(brokerage business),411,-49
Total,,62954,12422,Total,,19514,-1243,Total,,21000,-1921
Ranking,Name of FF Member /OSBPs,Volume,Change from Previous Trading Day,Ranking,Name of FF Member /OSBPs,Long Position,Change from Previous Trading Day,Ranking,Name of FF Member /OSBPs,Short Position,Change from Previous Trading Day
Contract Code：ru2701,,,,,,,,,,2026-08-19,
1,0163(brokerage business),69724,9659,1,0004(brokerage business),10829,-209,1,0004(brokerage business),15871,357
2,0004(brokerage business),63860,13285,2,0148(brokerage business),9288,1543,2,0082(brokerage business),9382,25
3,0148(brokerage business),34463,8340,3,0163(brokerage business),6953,1040,3,0148(brokerage business),8918,458
4,0275(brokerage business),32998,4388,4,0103(brokerage business),5574,458,4,0123(brokerage business),6595,1446
5,0253(brokerage business),24172,5620,5,0240(brokerage business),4352,501,5,0372(brokerage business),5976,210
6,0161(brokerage business),17599,-1729,6,0272(brokerage business),4179,393,6,0275(brokerage business),5944,449
7,0240(brokerage business),13738,1224,7,0253(brokerage business),3159,239,7,0163(brokerage business),4263,1650
8,0103(brokerage business),12134,3170,8,0077(brokerage business),2547,349,8,0125(brokerage business),3999,398
9,0081(brokerage business),11737,2348,9,0268(brokerage business),2457,39,9,0253(brokerage business),3806,835
10,0272(brokerage business),10714,1911,10,0082(brokerage business),2448,289,10,0272(brokerage business),3670,653
11,0123(brokerage business),6824,2522,11,0059(brokerage business),2390,224,11,0096(brokerage business),3445,144
12,0009(brokerage business),5592,-1220,12,0018(brokerage business),2295,264,12,0103(brokerage business),3212,130
13,0096(brokerage business),5170,583,13,0323(brokerage business),2144,243,13,0240(brokerage business),3201,213
14,0186(brokerage business),4898,753,14,0123(brokerage business),2058,228,14,0151(brokerage business),3044,690
15,0323(brokerage business),4882,-1447,15,0274(brokerage business),2042,61,15,0077(brokerage business),2980,214
16,0274(brokerage business),4163,2209,16,0275(brokerage business),1923,249,16,0059(brokerage business),2721,349
17,0034(brokerage business),4100,524,17,0277(brokerage business),1901,68,17,0305(brokerage business),2143,124
18,0059(brokerage business),3755,313,18,0151(brokerage business),1890,155,18,0177(brokerage business),2101,60
19,0268(brokerage business),3540,19,19,0288(brokerage business),1844,140,19,0034(brokerage business),1898,-107
20,0259(brokerage business),3318,184,20,0067(brokerage business),1757,512,20,0019(brokerage business),1877,-33
Total,,337381,52656,Total,,72030,6786,Total,,95046,8265
Ranking,Name of FF Member /OSBPs,Volume,Change from Previous Trading Day,Ranking,Name of FF Member /OSBPs,Long Position,Change from Previous Trading Day,Ranking,Name of FF Member /OSBPs,Short Position,Change from Previous Trading Day
Contract Code：ru2705,,,,,,,,,,2026-08-19,
1,0253(brokerage business),2188,288,1,0004(brokerage business),1000,44,1,0082(brokerage business),3842,95
2,0389(brokerage business),1677,475,2,0103(brokerage business),872,54,2,0004(brokerage business),1260,30
3,0163(brokerage business),1304,47,3,0253(brokerage business),772,65,3,0275(brokerage business),1054,8
4,0148(brokerage business),879,168,4,0240(brokerage business),635,-3,4,0103(brokerage business),808,2
5,0004(brokerage business),830,300,5,0295(brokerage business),554,1,5,0372(brokerage business),432,9
6,0240(brokerage business),381,187,6,0148(brokerage business),440,93,6,0240(brokerage business),380,270
7,0186(brokerage business),283,225,7,0277(brokerage business),339,2,7,0163(brokerage business),252,82
8,0049(brokerage business),231,-86,8,0272(brokerage business),304,14,8,0139(brokerage business),233,3
9,0308(brokerage business),189,164,9,0121(brokerage business),277,-10,9,0151(brokerage business),201,0
10,0272(brokerage business),160,-3,10,0275(brokerage business),268,-6,10,0123(brokerage business),191,8
11,0082(brokerage business),128,95,11,0006(brokerage business),259,9,11,0019(brokerage business),183,5
12,0275(brokerage business),116,60,12,0059(brokerage business),257,-10,12,0077(brokerage business),140,11
13,0103(brokerage business),108,-24,13,0186(brokerage business),255,83,13,0272(brokerage business),104,30
14,0059(brokerage business),96,81,14,0308(brokerage business),192,-2,14,0148(brokerage business),99,8
15,0077(brokerage business),96,82,15,0323(brokerage business),181,25,15,0335(brokerage business),95,-2
16,0238(brokerage business),96,55,16,0125(brokerage business),179,3,16,0177(brokerage business),94,0
17,0007(brokerage business),92,-95,17,0096(brokerage business),162,4,17,0153(brokerage business),91,0
18,0025(brokerage business),92,91,18,0049(brokerage business),159,12,18,0319(brokerage business),85,0
19,0068(brokerage business),86,-56,19,0163(brokerage business),154,-64,19,0137(brokerage business),83,1
20,0081(brokerage business),78,-73,20,0137(brokerage business),146,8,20,0253(brokerage business),81,37
Total,,9110,1981,Total,,7405,322,Total,,9708,597
Ranking,Name of FF Member /OSBPs,Volume,Change from Previous Trading Day,Ranking,Name of FF Member /OSBPs,Long Position,Change from Previous Trading Day,Ranking,Name of FF Member /OSBPs,Short Position,Change from Previous Trading Day
Contract Code：nr2609,,,,,,,,,,2026-08-19,
1,8163(brokerage business),1607,145,1,8004(brokerage business),819,-22,1,8004(brokerage business),871,-23
2,8148(brokerage business),651,-336,2,8096(brokerage business),345,5,2,8272(brokerage business),504,-99
3,8004(brokerage business),581,16,3,8077(brokerage business),296,-25,3,8103(brokerage business),484,0
4,8240(brokerage business),322,109,4,8253(brokerage business),255,-9,4,8253(brokerage business),426,-11
5,8123(brokerage business),267,242,5,8163(brokerage business),236,-22,5,8148(brokerage business),395,-114
6,8308(brokerage business),193,-374,6,8272(brokerage business),196,-13,6,8125(brokerage business),274,38
7,8272(brokerage business),151,90,7,8161(brokerage business),172,-24,7,8177(brokerage business),168,-33
8,8271(brokerage business),136,-54,8,8268(brokerage business),162,-1,8,8308(brokerage business),161,-3
9,8081(brokerage business),116,81,9,8323(brokerage business),141,-53,9,8240(brokerage business),115,-42
10,8275(brokerage business),66,-197,10,8389(brokerage business),136,-1,10,8268(brokerage business),107,15
11,8288(brokerage business),66,64,11,8103(brokerage business),124,0,11,8163(brokerage business),101,38
12,8019(brokerage business),64,58,12,8082(brokerage business),110,-7,12,8323(brokerage business),80,-2
13,8008(brokerage business),61,60,13,8069(brokerage business),104,0,13,8309(brokerage business),69,6
14,8323(brokerage business),59,54,14,8148(brokerage business),103,-45,14,8161(brokerage business),64,-2
15,8042(brokerage business),57,41,15,8009(brokerage business),81,21,15,8298(brokerage business),63,-11
16,8125(brokerage business),54,37,16,8157(brokerage business),80,-1,16,8058(brokerage business),60,0
17,8059(brokerage business),52,-10,17,8240(brokerage business),79,-8,17,8186(brokerage business),58,-3
18,8137(brokerage business),45,-5,18,8081(brokerage business),78,4,18,8137(brokerage business),55,0
19,8177(brokerage business),45,-8,19,8308(brokerage business),74,-4,19,8288(brokerage business),55,4
20,8274(brokerage business),44,-278,20,8275(brokerage business),73,0,20,8077(brokerage business),44,-6
Total,,4637,-265,Total,,3664,-205,Total,,4154,-248
Ranking,Name of FF Member /OSBPs,Volume,Change from Previous Trading Day,Ranking,Name of FF Member /OSBPs,Long Position,Change from Previous Trading Day,Ranking,Name of FF Member /OSBPs,Short Position,Change from Previous Trading Day
Contract Code：nr2610,,,,,,,,,,2026-08-19,
1,8163(brokerage business),22876,4262,1,8239(brokerage business),4279,720,1,8004(brokerage business),8244,-291
2,8253(brokerage business),16326,1714,2,8163(brokerage business),4253,61,2,8148(brokerage business),6048,640
3,8004(brokerage business),13192,2568,3,8004(brokerage business),4159,69,3,8163(brokerage business),3869,343
4,8148(brokerage business),11981,308,4,8148(brokerage business),3751,611,4,8272(brokerage business),3524,350
5,8275(brokerage business),9144,5179,5,8184(brokerage business),3460,101,5,8103(brokerage business),2570,581
6,8081(brokerage business),4087,518,6,8103(brokerage business),1884,-21,6,8096(brokerage business),2475,212
7,8272(brokerage business),3956,1310,7,8084(brokerage business),1860,-211,7,8123(brokerage business),2268,121
8,8096(brokerage business),3043,1463,8,8240(brokerage business),1523,-171,8,8253(brokerage business),1992,-27
9,8103(brokerage business),3004,1896,9,8335(brokerage business),1369,123,9,8240(brokerage business),1784,160
10,8239(brokerage business),2239,-361,10,8323(brokerage business),1271,-29,10,8177(brokerage business),1591,74
11,8123(brokerage business),1977,279,11,8272(brokerage business),1244,-108,11,8372(brokerage business),1406,-119
12,8059(brokerage business),1759,729,12,8295(brokerage business),1183,-5,12,8275(brokerage business),1345,120
13,8184(brokerage business),1680,2,13,8253(brokerage business),1109,45,13,8125(brokerage business),1317,-65
14,8240(brokerage business),1575,342,14,8308(brokerage business),1055,91,14,8019(brokerage business),1236,46
15,8268(brokerage business),1488,712,15,8009(brokerage business),1037,248,15,8153(brokerage business),880,331
16,8186(brokerage business),1281,389,16,8259(brokerage business),983,122,16,8139(brokerage business),813,71
17,8077(brokerage business),1149,814,17,8268(brokerage business),905,-36,17,8059(brokerage business),796,-122
18,8308(brokerage business),1145,398,18,8139(brokerage business),802,362,18,8077(brokerage business),718,-259
19,8298(brokerage business),1107,185,19,8077(brokerage business),800,130,19,8058(brokerage business),680,72
20,8323(brokerage business),1065,563,20,8274(brokerage business),738,15,20,8184(brokerage business),660,-329
Total,,104074,23270,Total,,37665,2117,Total,,44216,1909
Ranking,Name of FF Member /OSBPs,Volume,Change from Previous Trading Day,Ranking,Name of FF Member /OSBPs,Long Position,Change from Previous Trading Day,Ranking,Name of FF Member /OSBPs,Short Position,Change from Previous Trading Day
Contract Code：nr2611,,,,,,,,,,2026-08-19,
1,8163(brokerage business),11223,2825,1,8004(brokerage business),3416,237,1,8004(brokerage business),5824,471
2,8253(brokerage business),10415,1355,2,8103(brokerage business),2573,-102,2,8009(brokerage business),2951,366
3,8148(brokerage business),7654,2376,3,8148(brokerage business),2488,464,3,8148(brokerage business),2334,226
4,8004(brokerage business),4914,1625,4,8184(brokerage business),2075,402,4,8163(brokerage business),2303,157
5,8009(brokerage business),2903,2338,5,8349(brokerage business),1894,400,5,8240(brokerage business),2089,136
6,8275(brokerage business),2474,402,6,8274(brokerage business),1537,19,6,8125(brokerage business),1358,-417
7,8323(brokerage business),1803,203,7,8335(brokerage business),1394,97,7,8082(brokerage business),1351,10
8,8081(brokerage business),1617,287,8,8305(brokerage business),1291,265,8,8308(brokerage business),1192,149
9,8096(brokerage business),1614,228,9,8177(brokerage business),1027,2,9,8259(brokerage business),1183,214
10,8259(brokerage business),1432,453,10,8272(brokerage business),901,232,10,8008(brokerage business),1151,0
11,8059(brokerage business),1189,97,11,8323(brokerage business),860,111,11,8103(brokerage business),903,162
12,8103(brokerage business),846,262,12,8240(brokerage business),815,98,12,8058(brokerage business),860,133
13,8123(brokerage business),818,344,13,8277(brokerage business),795,295,13,8418(brokerage business),799,162
14,8272(brokerage business),784,331,14,8123(brokerage business),722,-44,14,8077(brokerage business),770,-3
15,8308(brokerage business),737,11,15,8139(brokerage business),688,115,15,8177(brokerage business),718,159
16,8240(brokerage business),652,-2,16,8163(brokerage business),687,216,16,8275(brokerage business),528,26
17,8069(brokerage business),513,60,17,8239(brokerage business),669,-109,17,8253(brokerage business),498,-34
18,8268(brokerage business),491,44,18,8253(brokerage business),572,29,18,8081(brokerage business),457,-45
19,8271(brokerage business),434,154,19,8096(brokerage business),549,447,19,8239(brokerage business),437,57
20,8184(brokerage business),429,-42,20,8389(brokerage business),537,-6,20,8268(brokerage business),376,-14
Total,,52942,13351,Total,,25490,3168,Total,,28082,1915
Ranking,Name of FF Member /OSBPs,Volume,Change from Previous Trading Day,Ranking,Name of FF Member /OSBPs,Long Position,Change from Previous Trading Day,Ranking,Name of FF Member /OSBPs,Short Position,Change from Previous Trading Day
Contract Code：nr2612,,,,,,,,,,2026-08-19,
1,8163(brokerage business),5789,1797,1,8004(brokerage business),3146,145,1,8004(brokerage business),3121,89
2,8253(brokerage business),5305,2100,2,8148(brokerage business),2017,-14,2,8148(brokerage business),2271,108
3,8004(brokerage business),2462,865,3,8268(brokerage business),1915,16,3,8268(brokerage business),1992,16
4,8148(brokerage business),1682,256,4,8082(brokerage business),1894,3,4,8253(brokerage business),1861,218
5,8275(brokerage business),953,-2206,5,8253(brokerage business),1540,231,5,8082(brokerage business),1599,-4
6,8123(brokerage business),467,65,6,8323(brokerage business),1351,-8,6,8323(brokerage business),1366,15
7,8271(brokerage business),382,137,7,8163(brokerage business),1341,35,7,8163(brokerage business),1288,138
8,8323(brokerage business),349,251,8,8161(brokerage business),1169,12,8,8372(brokerage business),1266,200
9,8277(brokerage business),257,257,9,8034(brokerage business),1129,-10,9,8161(brokerage business),1158,9
10,8372(brokerage business),243,-97,10,8372(brokerage business),959,1,10,8034(brokerage business),1131,-10
11,8009(brokerage business),226,10,11,8277(brokerage business),910,153,11,8275(brokerage business),1058,305
12,8259(brokerage business),197,-56,12,8274(brokerage business),897,93,12,8103(brokerage business),1025,8
13,8069(brokerage business),155,-133,13,8103(brokerage business),786,8,13,8240(brokerage business),721,0
14,8034(brokerage business),144,129,14,8009(brokerage business),737,136,14,8081(brokerage business),376,0
15,8077(brokerage business),142,30,15,8308(brokerage business),347,72,15,8058(brokerage business),282,80
16,8081(brokerage business),139,96,16,8259(brokerage business),329,79,16,8019(brokerage business),243,20
17,8274(brokerage business),125,91,17,8069(brokerage business),206,-1,17,8321(brokerage business),190,-5
18,8308(brokerage business),120,-87,18,8240(brokerage business),194,38,18,8067(brokerage business),113,87
19,8096(brokerage business),111,27,19,8123(brokerage business),148,22,19,8123(brokerage business),112,3
20,8161(brokerage business),111,-60,20,8096(brokerage business),101,24,20,8137(brokerage business),101,0
Total,,19359,3472,Total,,21116,1035,Total,,21274,1277
Ranking,Name of FF Member /OSBPs,Volume,Change from Previous Trading Day,Ranking,Name of FF Member /OSBPs,Long Position,Change from Previous Trading Day,Ranking,Name of FF Member /OSBPs,Short Position,Change from Previous Trading Day
Contract Code：nr2701,,,,,,,,,,2026-08-19,
1,8253(brokerage business),1840,780,1,8009(brokerage business),2981,-22,1,8004(brokerage business),4496,13
2,8163(brokerage business),1608,432,2,8004(brokerage business),2053,53,2,8148(brokerage business),3077,115
3,8148(brokerage business),741,358,3,8125(brokerage business),1928,-142,3,8349(brokerage business),1655,0
4,8275(brokerage business),713,302,4,8295(brokerage business),1345,5,4,8253(brokerage business),988,-7
5,8004(brokerage business),626,126,5,8323(brokerage business),1114,21,5,8305(brokerage business),871,0
6,8308(brokerage business),376,-9,6,8272(brokerage business),1002,1,6,8081(brokerage business),857,89
7,8274(brokerage business),329,247,7,8274(brokerage business),946,18,7,8019(brokerage business),800,-9
8,8271(brokerage business),313,76,8,8253(brokerage business),849,63,8,8103(brokerage business),792,0
9,8323(brokerage business),214,78,9,8059(brokerage business),841,28,9,8321(brokerage business),635,-3
10,8125(brokerage business),210,166,10,8163(brokerage business),736,49,10,8123(brokerage business),600,-2
11,8009(brokerage business),205,-50,11,8148(brokerage business),619,36,11,8385(brokerage business),584,0
12,8238(brokerage business),155,61,12,8107(brokerage business),540,29,12,8082(brokerage business),514,-1
13,8123(brokerage business),153,107,13,8123(brokerage business),475,9,13,8275(brokerage business),514,287
14,8069(brokerage business),148,-21,14,8121(brokerage business),441,-8,14,8389(brokerage business),477,-7
15,8049(brokerage business),122,2,15,8240(brokerage business),441,17,15,8254(brokerage business),435,40
16,8081(brokerage business),118,107,16,8067(brokerage business),434,54,16,8059(brokerage business),430,28
17,8059(brokerage business),116,107,17,8043(brokerage business),426,7,17,8240(brokerage business),422,1
18,8077(brokerage business),115,10,18,8321(brokerage business),403,0,18,8272(brokerage business),421,54
19,8272(brokerage business),115,19,19,8082(brokerage business),336,-1,19,8163(brokerage business),389,43
20,8030(brokerage business),105,105,20,8081(brokerage business),330,13,20,8295(brokerage business),343,0
Total,,8322,3003,Total,,18240,230,Total,,19300,641
Member/OSP Type,Total Volume,Change from Previous Trading Day,Member/OSP Type,Total Long Position,Change from Previous Trading Day,Member/OSP Type,Total Short Position,Change from Previous Trading Day,,,
Contract Code：spall,,,,,,,2026-08-19,,,,
Name of FF Member/OSBP,782116,216566,Name of FF Member/OSBP,462035,-4511,Name of FF Member/OSBP,462035,-4511,,,
Name of Non-FF Member/OSNBP,0,0,Name of Non-FF Member/OSNBP,0,0,Name of Non-FF Member/OSNBP,0,0,,,
Ranking,Name of FF Member /OSBPs,Volume,Change from Previous Trading Day,Ranking,Name of FF Member /OSBPs,Long Position,Change from Previous Trading Day,Ranking,Name of FF Member /OSBPs,Short Position,Change from Previous Trading Day
Contract Code：sp2609,,,,,,,,,,2026-08-19,
1,0148(brokerage business),27982,1432,1,0004(brokerage business),6583,-1608,1,0004(brokerage business),7974,-444
2,0004(brokerage business),9892,814,2,0148(brokerage business),3036,-203,2,0148(brokerage business),7338,-361
3,0163(brokerage business),9332,942,3,0311(brokerage business),2375,11,3,0163(brokerage business),5186,-856
4,0253(brokerage business),6324,288,4,0081(brokerage business),2218,-12,4,0253(brokerage business),3283,-291
5,0275(brokerage business),5465,-2265,5,0240(brokerage business),2199,-168,5,0177(brokerage business),3264,-203
6,0081(brokerage business),2274,-281,6,0272(brokerage business),2085,-240,6,0125(brokerage business),2618,-50
7,0259(brokerage business),1982,19,7,0042(brokerage business),1797,-33,7,0272(brokerage business),2384,-473
8,0272(brokerage business),1103,-270,8,0253(brokerage business),1642,-563,8,0103(brokerage business),2126,-123
9,0240(brokerage business),1045,183,9,0103(brokerage business),1592,373,9,0059(brokerage business),1989,-101
10,0268(brokerage business),1017,-93,10,0268(brokerage business),1470,-246,10,0082(brokerage business),1877,-38
11,0059(brokerage business),758,214,11,0058(brokerage business),1457,-16,11,0321(brokerage business),1729,-94
12,0103(brokerage business),632,215,12,0034(brokerage business),1390,-62,12,0123(brokerage business),1483,22
13,0069(brokerage business),598,91,13,0082(brokerage business),1260,-42,13,0259(brokerage business),1262,-5
14,0186(brokerage business),489,105,14,0138(brokerage business),1246,1,14,0268(brokerage business),1254,-351
15,0161(brokerage business),482,129,15,0096(brokerage business),1174,20,15,0077(brokerage business),1075,-104
16,0151(brokerage business),431,21,16,0275(brokerage business),1081,-35,16,0043(brokerage business),845,11
17,0177(brokerage business),406,99,17,0186(brokerage business),1077,-273,17,0081(brokerage business),718,-22
18,0123(brokerage business),389,235,18,0323(brokerage business),1032,-125,18,0019(brokerage business),713,-24
19,0125(brokerage business),378,127,19,0163(brokerage business),998,-306,19,0151(brokerage business),704,-167
20,0043(brokerage business),329,-6,20,0169(brokerage business),969,0,20,0069(brokerage business),666,-293
Total,,71308,1999,Total,,36681,-3527,Total,,48488,-3967
Ranking,Name of FF Member /OSBPs,Volume,Change from Previous Trading Day,Ranking,Name of FF Member /OSBPs,Long Position,Change from Previous Trading Day,Ranking,Name of FF Member /OSBPs,Short Position,Change from Previous Trading Day
Contract Code：sp2611,,,,,,,,,,2026-08-19,
1,0004(brokerage business),116310,40083,1,0004(brokerage business),32784,283,1,0148(brokerage business),31436,-67
2,0148(brokerage business),71677,14711,2,0148(brokerage business),17004,18,2,0004(brokerage business),21629,-1319
3,0163(brokerage business),67659,14642,3,0253(brokerage business),14270,291,3,0239(brokerage business),16063,1871
4,0275(brokerage business),46900,12209,4,0272(brokerage business),12183,917,4,0163(brokerage business),15247,-2130
5,0253(brokerage business),30780,6328,5,0163(brokerage business),11596,-471,5,0103(brokerage business),12748,1226
6,0240(brokerage business),26830,9656,6,0103(brokerage business),11203,187,6,0272(brokerage business),12240,-2992
7,0272(brokerage business),19351,9471,7,0268(brokerage business),8456,-540,7,0253(brokerage business),11981,-177
8,0081(brokerage business),19037,5708,8,0139(brokerage business),7753,-82,8,0059(brokerage business),10556,258
9,0259(brokerage business),15907,2031,9,0081(brokerage business),7107,68,9,0335(brokerage business),10105,-1722
10,0161(brokerage business),14484,7620,10,0048(brokerage business),5811,113,10,0081(brokerage business),8107,599
11,0123(brokerage business),12710,-1787,11,0137(brokerage business),5725,-167,11,0137(brokerage business),6393,397
12,0096(brokerage business),7950,2193,12,0178(brokerage business),5623,-40,12,0043(brokerage business),6351,183
13,0186(brokerage business),6618,1736,13,0043(brokerage business),5575,-28,13,0123(brokerage business),5732,385
14,0298(brokerage business),6040,2985,14,0042(brokerage business),4832,353,14,0048(brokerage business),5727,-72
15,0059(brokerage business),5841,2021,15,0096(brokerage business),4766,-98,15,0178(brokerage business),4736,-59
16,0268(brokerage business),5761,2236,16,0240(brokerage business),4414,282,16,0139(brokerage business),4581,-89
17,0103(brokerage business),5263,2744,17,0008(brokerage business),4147,-124,17,0240(brokerage business),4296,484
18,0008(brokerage business),5006,2684,18,0077(brokerage business),4136,-24,18,0008(brokerage business),4279,86
19,0239(brokerage business),4584,1012,19,0275(brokerage business),3789,-147,19,0058(brokerage business),4231,161
20,0034(brokerage business),3776,1786,20,0238(brokerage business),3763,223,20,0308(brokerage business),3739,-395
Total,,492484,140069,Total,,174937,1014,Total,,200177,-3372
Ranking,Name of FF Member /OSBPs,Volume,Change from Previous Trading Day,Ranking,Name of FF Member /OSBPs,Long Position,Change from Previous Trading Day,Ranking,Name of FF Member /OSBPs,Short Position,Change from Previous Trading Day
Contract Code：sp2701,,,,,,,,,,2026-08-19,
1,0163(brokerage business),15026,6680,1,0004(brokerage business),13562,3,1,0004(brokerage business),14986,-400
2,0148(brokerage business),12093,2823,2,0123(brokerage business),9082,1205,2,0148(brokerage business),14160,428
3,0004(brokerage business),8373,5130,3,0163(brokerage business),6942,419,3,0335(brokerage business),5352,2316
4,0275(brokerage business),6418,-1148,4,0272(brokerage business),5584,269,4,0418(brokerage business),3991,-35
5,0253(brokerage business),4151,2184,5,0177(brokerage business),5348,-34,5,0169(brokerage business),3911,2
6,0335(brokerage business),2474,2129,6,0042(brokerage business),4581,-35,6,0058(brokerage business),3859,-25
7,0272(brokerage business),2269,1219,7,0043(brokerage business),3276,27,7,0163(brokerage business),3828,1087
8,0034(brokerage business),2215,1707,8,0148(brokerage business),3067,-2335,8,0274(brokerage business),3340,435
9,0103(brokerage business),2181,1377,9,0103(brokerage business),2962,954,9,0029(brokerage business),3241,-3
10,0123(brokerage business),2004,1166,10,0018(brokerage business),2518,23,10,0253(brokerage business),2924,7
11,0058(brokerage business),1205,1024,11,0239(brokerage business),2240,3,11,0177(brokerage business),2856,-79
12,0240(brokerage business),1146,67,12,0288(brokerage business),2034,-48,12,0081(brokerage business),2769,375
13,0308(brokerage business),1019,683,13,0253(brokerage business),2026,-30,13,0103(brokerage business),2693,-433
14,0311(brokerage business),996,516,14,0262(brokerage business),1638,3,14,0125(brokerage business),2686,-315
15,0096(brokerage business),992,731,15,0019(brokerage business),1588,35,15,0009(brokerage business),2571,-12
16,0259(brokerage business),855,398,16,0186(brokerage business),1492,5,16,0082(brokerage business),2212,-41
17,0263(brokerage business),853,753,17,0153(brokerage business),1464,1,17,0003(brokerage business),1752,649
18,0019(brokerage business),847,342,18,0077(brokerage business),1394,49,18,0019(brokerage business),1723,-16
19,0081(brokerage business),816,645,19,0058(brokerage business),1386,68,19,0308(brokerage business),1498,-300
20,0274(brokerage business),791,268,20,0096(brokerage business),1351,378,20,0240(brokerage business),1427,-244
Total,,66724,28694,Total,,73535,960,Total,,81779,3396
Member/OSP Type,Total Volume,Change from Previous Trading Day,Member/OSP Type,Total Long Position,Change from Previous Trading Day,Member/OSP Type,Total Short Position,Change from Previous Trading Day,,,
Contract Code：opall,,,,,,,2026-08-19,,,,
Name of FF Member/OSBP,25120,9808,Name of FF Member/OSBP,24673,-455,Name of FF Member/OSBP,24673,-455,,,
Name of Non-FF Member/OSNBP,0,0,Name of Non-FF Member/OSNBP,0,0,Name of Non-FF Member/OSNBP,0,0,,,
Ranking,Name of FF Member /OSBPs,Volume,Change from Previous Trading Day,Ranking,Name of FF Member /OSBPs,Long Position,Change from Previous Trading Day,Ranking,Name of FF Member /OSBPs,Short Position,Change from Previous Trading Day
Contract Code：op2609,,,,,,,,,,2026-08-19,
1,0268(brokerage business),886,447,1,0268(brokerage business),882,-31,1,0268(brokerage business),871,-25
2,0275(brokerage business),560,205,2,0004(brokerage business),532,15,2,0004(brokerage business),730,36
3,0163(brokerage business),543,271,3,0148(brokerage business),514,3,3,0148(brokerage business),525,19
4,0148(brokerage business),396,40,4,0082(brokerage business),509,0,4,0257(brokerage business),504,7
5,0161(brokerage business),310,283,5,0008(brokerage business),494,-1,5,0082(brokerage business),502,-1
6,0004(brokerage business),293,27,6,0257(brokerage business),494,0,6,0008(brokerage business),493,0
7,0257(brokerage business),285,13,7,0123(brokerage business),473,-1,7,0123(brokerage business),473,0
8,0008(brokerage business),109,82,8,0275(brokerage business),452,1,8,0275(brokerage business),454,1
9,0082(brokerage business),53,27,9,0161(brokerage business),290,-157,9,0161(brokerage business),288,-153
10,0321(brokerage business),42,38,10,0096(brokerage business),108,-1,10,0018(brokerage business),43,5
11,0013(brokerage business),30,-28,11,0013(brokerage business),64,-30,11,0042(brokerage business),30,-7
12,0059(brokerage business),23,13,12,0182(brokerage business),57,0,12,0125(brokerage business),20,0
13,0058(brokerage business),18,-5,13,0059(brokerage business),26,8,13,0137(brokerage business),16,-5
14,0042(brokerage business),7,4,14,0163(brokerage business),26,21,14,0048(brokerage business),11,-5
15,0089(brokerage business),6,4,15,0186(brokerage business),25,0,15,0058(brokerage business),11,11
16,0238(brokerage business),6,4,16,0139(brokerage business),24,0,16,0001(brokerage business),6,0
17,0018(brokerage business),5,2,17,0272(brokerage business),9,0,17,0007(brokerage business),6,0
18,0048(brokerage business),5,5,18,0238(brokerage business),8,0,18,0163(brokerage business),5,-16
19,0137(brokerage business),5,5,19,0240(brokerage business),7,-2,19,0277(brokerage business),5,0
20,0043(brokerage business),4,1,20,0271(brokerage business),4,4,20,0240(brokerage business),4,0
Total,,3586,1438,Total,,4998,-171,Total,,4997,-133
Ranking,Name of FF Member /OSBPs,Volume,Change from Previous Trading Day,Ranking,Name of FF Member /OSBPs,Long Position,Change from Previous Trading Day,Ranking,Name of FF Member /OSBPs,Short Position,Change from Previous Trading Day
Contract Code：op2610,,,,,,,,,,2026-08-19,
1,0163(brokerage business),2804,1161,1,0268(brokerage business),2920,-3,1,0268(brokerage business),2871,-20
2,0268(brokerage business),1497,119,2,0148(brokerage business),2586,17,2,0123(brokerage business),2715,-112
3,0148(brokerage business),1389,384,3,0004(brokerage business),2326,73,3,0148(brokerage business),2523,0
4,0004(brokerage business),933,-66,4,0123(brokerage business),2276,-118,4,0008(brokerage business),2197,3
5,0123(brokerage business),756,-167,5,0008(brokerage business),2208,6,5,0004(brokerage business),2044,60
6,0161(brokerage business),686,535,6,0082(brokerage business),1958,-68,6,0082(brokerage business),1904,-4
7,0257(brokerage business),679,-351,7,0257(brokerage business),1511,2,7,0257(brokerage business),1503,3
8,0008(brokerage business),425,-386,8,0275(brokerage business),1224,9,8,0275(brokerage business),1207,-2
9,0081(brokerage business),291,-13,9,0161(brokerage business),927,-339,9,0161(brokerage business),926,-347
10,0275(brokerage business),273,-77,10,0013(brokerage business),93,43,10,0163(brokerage business),315,17
11,0082(brokerage business),266,163,11,0272(brokerage business),75,0,11,0253(brokerage business),272,1
12,0299(brokerage business),110,35,12,0163(brokerage business),72,7,12,0103(brokerage business),161,42
13,0272(brokerage business),71,44,13,0018(brokerage business),51,4,13,0272(brokerage business),80,1
14,0103(brokerage business),70,15,14,0186(brokerage business),49,13,14,0169(brokerage business),69,-10
15,0298(brokerage business),50,6,15,0137(brokerage business),48,-5,15,0019(brokerage business),60,29
16,0034(brokerage business),46,40,16,0125(brokerage business),43,0,16,0252(brokerage business),29,1
17,0019(brokerage business),44,34,17,0103(brokerage business),42,4,17,0081(brokerage business),28,9
18,0186(brokerage business),44,32,18,0034(brokerage business),40,16,18,0320(brokerage business),21,0
19,0013(brokerage business),43,-2,19,0058(brokerage business),28,16,19,0249(brokerage business),18,0
20,0067(brokerage business),39,34,20,0043(brokerage business),25,6,20,0259(brokerage business),15,6
Total,,10516,1540,Total,,18502,-317,Total,,18958,-323
