"SHFE Member/OSP Volume, Open Interest Rankings",,,,,,,,,,,
,,,,,,,,,,,
Date: 2026-08-20,,,,,,,,,,,
"Note: FF Member/OSBP may not engage in trading of its own futures, the above volume and positions ranking data of FF Member/OSBP Clearing Members refers to he participation of all clients who are engaging in brokerage business during the statistical period. FF Member/OSBP engaging in brokerage business shall accept entrustment by its clients to conduct futures trading in its own name on behalf of the client.",,,,,,,,,,,
Member/OSP Type,Total Volume,Change from Previous Trading Day,Member/OSP Type,Total Long Position,Change from Previous Trading Day,Member/OSP Type,Total Short Position,Change from Previous Trading Day,,,
Contract Code：cuall,,,,,,,2026-08-20,,,,
Name of FF Member/OSBP,300114,-126066,Name of FF Member/OSBP,542391,-6705,Name of FF Member/OSBP,533664,-7025,,,
Name of Non-FF Member/OSNBP,3234,-100,Name of Non-FF Member/OSNBP,2149,-317,Name of Non-FF Member/OSNBP,10876,3,,,
Ranking,Name of FF Member /OSBPs,Volume,Change from Previous Trading Day,Ranking,Name of FF Member /OSBPs,Long Position,Change from Previous Trading Day,Ranking,Name of FF Member /OSBPs,Short Position,Change from Previous Trading Day
Contract Code：cu2609,,,,,,,,,,2026-08-20,
1,0163(brokerage business),18849,-8465,1,0004(brokerage business),20550,-1366,1,0148(brokerage business),14671,-2176
2,0148(brokerage business),17296,-3946,2,0148(brokerage business),18582,-1380,2,0049(brokerage business),14120,-1004
3,0004(brokerage business),8436,-5576,3,0049(brokerage business),11210,-374,3,0163(brokerage business),8518,-1522
4,0275(brokerage business),5515,-892,4,0163(brokerage business),7195,-55,4,0004(brokerage business),7008,-460
5,0049(brokerage business),5218,-4596,5,0272(brokerage business),5736,132,5,0009(brokerage business),5709,1
6,0096(brokerage business),4394,-1358,6,0103(brokerage business),5599,-159,6,0321(brokerage business),4998,-153
7,0272(brokerage business),4070,-3265,7,0139(brokerage business),5437,571,7,0272(brokerage business),4654,-770
8,0308(brokerage business),3766,-1741,8,0025(brokerage business),4551,-868,8,0253(brokerage business),4554,-556
9,0025(brokerage business),2803,546,9,0077(brokerage business),3651,-616,9,0139(brokerage business),3979,-135
10,0253(brokerage business),2749,-2471,10,0253(brokerage business),3539,235,10,0003(brokerage business),3930,-174
11,0009(brokerage business),2717,-325,11,0240(brokerage business),3375,-95,11,0058(brokerage business),3736,-1086
12,0095(brokerage business),2521,672,12,0321(brokerage business),2864,-563,12,0082(brokerage business),3656,217
13,0268(brokerage business),2443,-1027,13,0275(brokerage business),2827,136,13,0169(brokerage business),3507,-313
14,0081(brokerage business),2370,-358,14,0335(brokerage business),2493,32,14,0034(brokerage business),3295,-180
15,0042(brokerage business),2132,-861,15,0042(brokerage business),2443,-95,15,0315(brokerage business),3261,-402
16,0058(brokerage business),2112,-840,16,0082(brokerage business),2420,-14,16,0240(brokerage business),3139,-170
17,0034(brokerage business),2013,-385,17,0003(brokerage business),2262,-104,17,0042(brokerage business),2948,-951
18,0240(brokerage business),1863,-1178,18,0268(brokerage business),2044,-508,18,0096(brokerage business),2814,-108
19,0321(brokerage business),1862,-552,19,0009(brokerage business),2025,-1008,19,0308(brokerage business),2790,-662
20,0043(brokerage business),1538,-773,20,0161(brokerage business),1850,110,20,0018(brokerage business),2289,-118
Total,,94667,-37391,Total,,110653,-5989,Total,,103576,-10722
Ranking,Name of FF Member /OSBPs,Volume,Change from Previous Trading Day,Ranking,Name of FF Member /OSBPs,Long Position,Change from Previous Trading Day,Ranking,Name of FF Member /OSBPs,Short Position,Change from Previous Trading Day
Contract Code：cu2610,,,,,,,,,,2026-08-20,
1,0163(brokerage business),14862,-5050,1,0148(brokerage business),29741,-391,1,0148(brokerage business),16201,-807
2,0148(brokerage business),14258,-3712,2,0004(brokerage business),15901,165,2,0004(brokerage business),15207,-776
3,0004(brokerage business),11051,-6789,3,0272(brokerage business),9348,-340,3,0049(brokerage business),10457,-582
4,0275(brokerage business),3901,-650,4,0103(brokerage business),7753,157,4,0139(brokerage business),10376,224
5,0308(brokerage business),3733,-1924,5,0163(brokerage business),5629,-566,5,0163(brokerage business),9618,-4
6,0095(brokerage business),2934,2408,6,0239(brokerage business),5621,-1029,6,0009(brokerage business),8480,-179
7,0082(brokerage business),2648,1582,7,0308(brokerage business),4090,-27,7,0042(brokerage business),6417,-1796
8,0253(brokerage business),2572,-1185,8,0049(brokerage business),3774,352,8,0082(brokerage business),5433,1954
9,0042(brokerage business),2323,52,9,0268(brokerage business),3732,225,9,0315(brokerage business),4654,-216
10,0272(brokerage business),2306,-2190,10,0259(brokerage business),3620,-291,10,0069(brokerage business),4063,59
11,0034(brokerage business),2157,-17,11,0335(brokerage business),3616,129,11,0096(brokerage business),3929,443
12,0123(brokerage business),1957,360,12,0125(brokerage business),3266,-8,12,0272(brokerage business),3832,198
13,0096(brokerage business),1936,-704,13,0253(brokerage business),2973,43,13,0125(brokerage business),3404,392
14,0049(brokerage business),1802,-5553,14,0275(brokerage business),2386,41,14,0372(brokerage business),3366,-27
15,0239(brokerage business),1741,-2189,15,0240(brokerage business),2356,286,15,0034(brokerage business),3337,-606
16,0240(brokerage business),1427,-635,16,0003(brokerage business),2201,-19,16,0169(brokerage business),3057,52
17,0009(brokerage business),1408,-177,17,0077(brokerage business),2198,86,17,0321(brokerage business),2945,-259
18,0103(brokerage business),1378,-663,18,0274(brokerage business),2163,116,18,0025(brokerage business),2555,7
19,0069(brokerage business),1308,18,19,0161(brokerage business),2058,24,19,0138(brokerage business),2539,44
20,0138(brokerage business),1297,-62,20,0178(brokerage business),2048,51,20,0081(brokerage business),2506,-51
Total,,76999,-27080,Total,,114474,-996,Total,,122376,-1930
Ranking,Name of FF Member /OSBPs,Volume,Change from Previous Trading Day,Ranking,Name of FF Member /OSBPs,Long Position,Change from Previous Trading Day,Ranking,Name of FF Member /OSBPs,Short Position,Change from Previous Trading Day
Contract Code：cu2611,,,,,,,,,,2026-08-20,
1,0163(brokerage business),3010,-1675,1,0148(brokerage business),5532,-24,1,0148(brokerage business),8975,100
2,0148(brokerage business),2706,-1375,2,0004(brokerage business),4700,72,2,0004(brokerage business),7120,61
3,0004(brokerage business),1861,-2492,3,0268(brokerage business),3305,-74,3,0042(brokerage business),3562,394
4,0308(brokerage business),1494,-1437,4,0239(brokerage business),3081,573,4,0163(brokerage business),3164,-381
5,0275(brokerage business),1453,-40,5,0049(brokerage business),2975,-6,5,0372(brokerage business),3071,16
6,0240(brokerage business),942,129,6,0034(brokerage business),2675,-10,6,0253(brokerage business),2577,5
7,0239(brokerage business),839,-257,7,0163(brokerage business),2620,-133,7,0049(brokerage business),2546,-53
8,0123(brokerage business),678,-199,8,0178(brokerage business),2310,193,8,0272(brokerage business),2453,129
9,0259(brokerage business),669,-578,9,0025(brokerage business),1972,-216,9,0308(brokerage business),2010,45
10,0125(brokerage business),623,-584,10,0323(brokerage business),1674,-16,10,0034(brokerage business),1811,-9
11,0067(brokerage business),576,305,11,0253(brokerage business),1496,-164,11,0259(brokerage business),1695,-100
12,0042(brokerage business),526,-132,12,0272(brokerage business),1467,-15,12,0169(brokerage business),1502,115
13,0009(brokerage business),510,184,13,0125(brokerage business),1457,27,13,0009(brokerage business),1428,479
14,0049(brokerage business),495,-272,14,0274(brokerage business),1411,70,14,0315(brokerage business),1336,209
15,0077(brokerage business),446,-36,15,0096(brokerage business),1250,-33,15,0069(brokerage business),1025,28
16,0096(brokerage business),418,-72,16,0137(brokerage business),1168,15,16,0240(brokerage business),853,-306
17,0025(brokerage business),417,307,17,0031(brokerage business),1064,10,17,0321(brokerage business),816,262
18,0019(brokerage business),406,21,18,0321(brokerage business),1007,1,18,0082(brokerage business),738,2
19,0178(brokerage business),398,-540,19,0338(brokerage business),896,-14,19,0003(brokerage business),714,0
20,0253(brokerage business),351,-621,20,0103(brokerage business),886,-2,20,0018(brokerage business),704,0
Total,,18818,-9364,Total,,42946,254,Total,,48100,996
Ranking,Name of FF Member /OSBPs,Volume,Change from Previous Trading Day,Ranking,Name of FF Member /OSBPs,Long Position,Change from Previous Trading Day,Ranking,Name of FF Member /OSBPs,Short Position,Change from Previous Trading Day
Contract Code：cu2612,,,,,,,,,,2026-08-20,
1,0163(brokerage business),1842,-1019,1,0148(brokerage business),5545,-56,1,0148(brokerage business),11465,129
2,0004(brokerage business),1208,-1248,2,0136(brokerage business),4014,1,2,0004(brokerage business),8685,346
3,0148(brokerage business),883,-472,3,0004(brokerage business),3184,42,3,0049(brokerage business),8494,133
4,0272(brokerage business),871,-200,4,0049(brokerage business),3181,137,4,0272(brokerage business),4394,235
5,0034(brokerage business),776,593,5,0274(brokerage business),2735,19,5,0125(brokerage business),3083,-19
6,0308(brokerage business),769,-66,6,0003(brokerage business),2294,41,6,0169(brokerage business),2224,81
7,0333(brokerage business),715,-307,7,0069(brokerage business),2010,54,7,0082(brokerage business),2087,1
8,0275(brokerage business),644,52,8,0034(brokerage business),2006,62,8,0163(brokerage business),1708,-184
9,0077(brokerage business),543,256,9,0031(brokerage business),1992,0,9,0096(brokerage business),1649,-1
10,0042(brokerage business),453,262,10,0178(brokerage business),1884,26,10,0372(brokerage business),1512,-20
11,0049(brokerage business),302,128,11,0042(brokerage business),1874,-1,11,0025(brokerage business),1372,40
12,0259(brokerage business),290,26,12,0081(brokerage business),1842,3,12,0253(brokerage business),1365,-2
13,0240(brokerage business),270,-169,13,0272(brokerage business),1770,-220,13,0042(brokerage business),1292,400
14,0316(brokerage business),252,62,14,0025(brokerage business),1668,11,14,0139(brokerage business),1180,0
15,0096(brokerage business),192,-265,15,0077(brokerage business),1630,316,15,0240(brokerage business),1170,-29
16,0103(brokerage business),172,-3,16,0338(brokerage business),1608,0,16,0067(brokerage business),1092,1
17,0082(brokerage business),169,-74,17,0323(brokerage business),1547,34,17,0103(brokerage business),937,-107
18,0178(brokerage business),167,-142,18,0253(brokerage business),1330,9,18,0034(brokerage business),885,604
19,0253(brokerage business),149,-104,19,0163(brokerage business),1293,-38,19,0333(brokerage business),869,-99
20,0268(brokerage business),148,28,20,0103(brokerage business),1124,51,20,0003(brokerage business),796,1
Total,,10815,-2662,Total,,44531,491,Total,,56259,1510
Ranking,Name of FF Member /OSBPs,Volume,Change from Previous Trading Day,Ranking,Name of FF Member /OSBPs,Long Position,Change from Previous Trading Day,Ranking,Name of FF Member /OSBPs,Short Position,Change from Previous Trading Day
Contract Code：cu2701,,,,,,,,,,2026-08-20,
1,0163(brokerage business),704,-799,1,0148(brokerage business),2950,36,1,0148(brokerage business),8514,-21
2,0272(brokerage business),492,161,2,0049(brokerage business),2424,-20,2,0049(brokerage business),5338,-7
3,0275(brokerage business),382,31,3,0136(brokerage business),2191,6,3,0272(brokerage business),3873,275
4,0333(brokerage business),376,76,4,0034(brokerage business),1692,4,4,0103(brokerage business),1556,0
5,0148(brokerage business),371,-88,5,0069(brokerage business),1667,0,5,0004(brokerage business),1192,-253
6,0004(brokerage business),354,-412,6,0004(brokerage business),1560,-7,6,0042(brokerage business),1016,1
7,0240(brokerage business),288,-32,7,0031(brokerage business),1236,0,7,0372(brokerage business),939,0
8,0308(brokerage business),213,-144,8,0323(brokerage business),1110,1,8,0067(brokerage business),912,0
9,0123(brokerage business),136,-9,9,0272(brokerage business),1095,-59,9,0240(brokerage business),885,176
10,0007(brokerage business),104,37,10,0177(brokerage business),903,-17,10,0077(brokerage business),807,1
11,0274(brokerage business),84,-196,11,0274(brokerage business),786,80,11,0082(brokerage business),553,1
12,0081(brokerage business),78,-22,12,0103(brokerage business),698,42,12,0163(brokerage business),516,34
13,0259(brokerage business),73,12,13,0339(brokerage business),689,0,13,0018(brokerage business),452,-2
14,0186(brokerage business),57,-69,14,0163(brokerage business),676,42,14,0009(brokerage business),441,0
15,0034(brokerage business),54,-81,15,0178(brokerage business),596,28,15,0333(brokerage business),382,36
16,0103(brokerage business),52,-431,16,0058(brokerage business),573,13,16,0069(brokerage business),273,4
17,0049(brokerage business),47,-265,17,0139(brokerage business),541,2,17,0095(brokerage business),260,9
18,0320(brokerage business),46,43,18,0338(brokerage business),507,3,18,0288(brokerage business),257,0
19,0082(brokerage business),43,39,19,0268(brokerage business),473,3,19,0169(brokerage business),211,-1
20,0323(brokerage business),42,-71,20,0253(brokerage business),471,-6,20,0299(brokerage business),183,0
Total,,3996,-2220,Total,,22838,151,Total,,28560,253
Ranking,Name of FF Member /OSBPs,Volume,Change from Previous Trading Day,Ranking,Name of FF Member /OSBPs,Long Position,Change from Previous Trading Day,Ranking,Name of FF Member /OSBPs,Short Position,Change from Previous Trading Day
Contract Code：cu2703,,,,,,,,,,2026-08-20,
1,0004(brokerage business),627,464,1,0148(brokerage business),1761,7,1,0148(brokerage business),8636,81
2,0333(brokerage business),589,213,2,0069(brokerage business),1486,0,2,0004(brokerage business),2054,590
3,0272(brokerage business),502,-54,3,0049(brokerage business),1178,4,3,0049(brokerage business),1629,-8
4,0163(brokerage business),313,-164,4,0136(brokerage business),1131,0,4,0163(brokerage business),1132,-35
5,0148(brokerage business),216,131,5,0323(brokerage business),1022,2,5,0077(brokerage business),1077,180
6,0077(brokerage business),188,-108,6,0003(brokerage business),977,0,6,0422(brokerage business),1040,0
7,0240(brokerage business),163,14,7,0272(brokerage business),977,248,7,0103(brokerage business),849,0
8,0259(brokerage business),109,26,8,0034(brokerage business),844,5,8,0333(brokerage business),485,52
9,0186(brokerage business),64,-131,9,0338(brokerage business),782,0,9,0042(brokerage business),361,0
10,0372(brokerage business),45,-72,10,0031(brokerage business),758,0,10,0269(brokerage business),248,0
11,0081(brokerage business),44,-14,11,0333(brokerage business),625,301,11,0240(brokerage business),164,15
12,0049(brokerage business),34,-302,12,0268(brokerage business),615,0,12,0272(brokerage business),152,-22
13,0107(brokerage business),30,30,13,0082(brokerage business),543,0,13,0123(brokerage business),117,0
14,0009(brokerage business),28,16,14,0253(brokerage business),542,-1,14,0008(brokerage business),103,0
15,0238(brokerage business),27,-21,15,0372(brokerage business),479,45,15,0268(brokerage business),96,-1
16,0171(brokerage business),26,26,16,0019(brokerage business),399,1,16,0096(brokerage business),70,0
17,0095(brokerage business),25,-13,17,0042(brokerage business),386,1,17,0088(brokerage business),63,0
18,0331(brokerage business),20,-13,18,0331(brokerage business),362,-20,18,0274(brokerage business),63,0
19,0123(brokerage business),19,-20,19,0096(brokerage business),340,0,19,0313(brokerage business),62,0
20,0323(brokerage business),17,-24,20,0163(brokerage business),323,92,20,0016(brokerage business),58,0
Total,,3086,-16,Total,,15530,685,Total,,18459,852
Ranking,Name of FF Member /OSBPs,Volume,Change from Previous Trading Day,Ranking,Name of FF Member /OSBPs,Long Position,Change from Previous Trading Day,Ranking,Name of FF Member /OSBPs,Short Position,Change from Previous Trading Day
Contract Code：bc2609,,,,,,,,,,2026-08-20,
1,8163(brokerage business),4193,-759,1,8148(brokerage business),2784,-58,1,8148(brokerage business),2980,-72
2,8275(brokerage business),1840,-200,2,8004(brokerage business),2283,-193,2,8004(brokerage business),1741,-272
3,8253(brokerage business),1656,-595,3,8081(brokerage business),770,-7,3,8009(brokerage business),1345,0
4,8148(brokerage business),1648,-519,4,8009(brokerage business),639,-1,4,8081(brokerage business),904,-10
5,8004(brokerage business),1221,-899,5,8323(brokerage business),612,3,5,8323(brokerage business),606,-2
6,8161(brokerage business),849,-338,6,8082(brokerage business),585,-9,6,8082(brokerage business),555,4
7,8123(brokerage business),667,224,7,8184(brokerage business),579,-141,7,8048(brokerage business),451,4
8,8308(brokerage business),658,-202,8,8103(brokerage business),483,-34,8,8103(brokerage business),416,-23
9,8025(brokerage business),602,602,9,8048(brokerage business),462,2,9,8096(brokerage business),398,25
10,8096(brokerage business),436,0,10,8163(brokerage business),244,-200,10,8163(brokerage business),373,-3
11,8081(brokerage business),425,-197,11,8253(brokerage business),224,-98,11,8049(brokerage business),370,-30
12,8272(brokerage business),387,-162,12,8239(brokerage business),222,3,12,8240(brokerage business),354,-43
13,8048(brokerage business),232,-47,13,8003(brokerage business),168,-35,13,8274(brokerage business),164,1
14,8082(brokerage business),211,-202,14,8161(brokerage business),159,-277,14,8161(brokerage business),152,-276
15,8184(brokerage business),198,39,15,8001(brokerage business),120,-1,15,8308(brokerage business),107,38
16,8009(brokerage business),189,-120,16,8272(brokerage business),109,-72,16,8025(brokerage business),100,-600
17,8067(brokerage business),176,145,17,8084(brokerage business),94,-22,17,8184(brokerage business),68,-17
18,8153(brokerage business),158,-27,18,8311(brokerage business),81,-8,18,8253(brokerage business),44,2
19,8240(brokerage business),97,22,19,8259(brokerage business),73,-5,19,8067(brokerage business),37,32
20,8042(brokerage business),90,-27,20,8335(brokerage business),63,-9,20,8272(brokerage business),36,19
Total,,15933,-3262,Total,,10754,-1162,Total,,11201,-1223
Member/OSP Type,Total Volume,Change from Previous Trading Day,Member/OSP Type,Total Long Position,Change from Previous Trading Day,Member/OSP Type,Total Short Position,Change from Previous Trading Day,,,
Contract Code：alall,,,,,,,2026-08-20,,,,
Name of FF Member/OSBP,614072,-119719,Name of FF Member/OSBP,617608,-4081,Name of FF Member/OSBP,616856,-3759,,,
Name of Non-FF Member/OSNBP,562,-767,Name of Non-FF Member/OSNBP,1150,180,Name of Non-FF Member/OSNBP,1902,-142,,,
Ranking,Name of FF Member /OSBPs,Volume,Change from Previous Trading Day,Ranking,Name of FF Member /OSBPs,Long Position,Change from Previous Trading Day,Ranking,Name of FF Member /OSBPs,Short Position,Change from Previous Trading Day
Contract Code：al2609,,,,,,,,,,2026-08-20,
1,0163(brokerage business),21983,-7480,1,0148(brokerage business),18489,-2769,1,0004(brokerage business),16191,-989
2,0148(brokerage business),20761,-11039,2,0004(brokerage business),15321,-1225,2,0148(brokerage business),13889,-1890
3,0004(brokerage business),20624,-15880,3,0139(brokerage business),7533,-600,3,0139(brokerage business),5360,-708
4,0253(brokerage business),13444,-4441,4,0123(brokerage business),5632,196,4,0275(brokerage business),5311,-954
5,0275(brokerage business),8410,-11520,5,0163(brokerage business),4718,-1215,5,0034(brokerage business),5215,-332
6,0272(brokerage business),4794,-3111,6,0161(brokerage business),4657,-570,6,0240(brokerage business),4901,-222
7,0123(brokerage business),4704,-1514,7,0323(brokerage business),4087,-262,7,0272(brokerage business),4894,-869
8,0240(brokerage business),3196,187,8,0003(brokerage business),4029,-48,8,0268(brokerage business),3948,-590
9,0081(brokerage business),2924,-3915,9,0034(brokerage business),3991,53,9,0161(brokerage business),3712,466
10,0268(brokerage business),2373,-1684,10,0272(brokerage business),3336,-158,10,0253(brokerage business),3694,-1536
11,0069(brokerage business),2178,-1859,11,0253(brokerage business),2692,-296,11,0049(brokerage business),3531,-530
12,0323(brokerage business),1896,-1496,12,0069(brokerage business),2571,-1001,12,0163(brokerage business),3328,-254
13,0139(brokerage business),1888,-854,13,0096(brokerage business),2499,-142,13,0103(brokerage business),3046,-264
14,0161(brokerage business),1779,-489,14,0103(brokerage business),2365,-284,14,0123(brokerage business),2652,-234
15,0042(brokerage business),1496,166,15,0058(brokerage business),2315,-152,15,0019(brokerage business),2147,228
16,0259(brokerage business),1483,798,16,0049(brokerage business),2275,-255,16,0323(brokerage business),2112,672
17,0009(brokerage business),1266,664,17,0275(brokerage business),2168,-406,17,0069(brokerage business),2075,59
18,0137(brokerage business),1216,-334,18,0153(brokerage business),1841,-159,18,0018(brokerage business),2042,84
19,0308(brokerage business),1075,-721,19,0077(brokerage business),1792,-57,19,0082(brokerage business),1909,-129
20,0151(brokerage business),1061,-59,20,0007(brokerage business),1780,-112,20,0002(brokerage business),1900,-450
Total,,118551,-64581,Total,,94091,-9462,Total,,91857,-8442
Ranking,Name of FF Member /OSBPs,Volume,Change from Previous Trading Day,Ranking,Name of FF Member /OSBPs,Long Position,Change from Previous Trading Day,Ranking,Name of FF Member /OSBPs,Short Position,Change from Previous Trading Day
Contract Code：al2610,,,,,,,,,,2026-08-20,
1,0004(brokerage business),55401,-3520,1,0148(brokerage business),35207,-2398,1,0004(brokerage business),41901,8
2,0163(brokerage business),46091,2200,2,0004(brokerage business),25389,585,2,0148(brokerage business),34064,438
3,0148(brokerage business),42618,-2179,3,0163(brokerage business),17181,-21,3,0123(brokerage business),16022,-1603
4,0253(brokerage business),19052,-4111,4,0239(brokerage business),10331,-4065,4,0163(brokerage business),15142,138
5,0275(brokerage business),12396,-1701,5,0268(brokerage business),9093,1273,5,0103(brokerage business),9814,-688
6,0081(brokerage business),8589,-630,6,0272(brokerage business),8818,-390,6,0058(brokerage business),8550,-586
7,0272(brokerage business),6787,-7641,7,0034(brokerage business),8771,-57,7,0272(brokerage business),8272,119
8,0259(brokerage business),6745,-1425,8,0253(brokerage business),7462,317,8,0323(brokerage business),7879,330
9,0323(brokerage business),5884,-2413,9,0323(brokerage business),7342,1950,9,0253(brokerage business),6954,267
10,0335(brokerage business),5795,2722,10,0335(brokerage business),6710,-4141,10,0239(brokerage business),6818,-109
11,0240(brokerage business),5018,-1799,11,0275(brokerage business),6367,700,11,0240(brokerage business),5906,-287
12,0069(brokerage business),4756,-26,12,0103(brokerage business),6332,-27,12,0139(brokerage business),5105,-786
13,0239(brokerage business),4462,698,13,0042(brokerage business),5358,349,13,0275(brokerage business),4520,60
14,0161(brokerage business),4346,-421,14,0069(brokerage business),5209,710,14,0161(brokerage business),4233,841
15,0123(brokerage business),4286,-1162,15,0049(brokerage business),5090,-58,15,0048(brokerage business),3962,470
16,0049(brokerage business),4232,1719,16,0240(brokerage business),4336,-75,16,0096(brokerage business),3939,-156
17,0268(brokerage business),4066,657,17,0096(brokerage business),4108,440,17,0008(brokerage business),3937,29
18,0034(brokerage business),3980,-243,18,0084(brokerage business),4107,-603,18,0034(brokerage business),3597,267
19,0096(brokerage business),3952,280,19,0184(brokerage business),3824,0,19,0311(brokerage business),3555,537
20,0042(brokerage business),3751,1161,20,0077(brokerage business),3687,-19,20,0372(brokerage business),3554,90
Total,,252207,-17834,Total,,184722,-5530,Total,,197724,-621
Ranking,Name of FF Member /OSBPs,Volume,Change from Previous Trading Day,Ranking,Name of FF Member /OSBPs,Long Position,Change from Previous Trading Day,Ranking,Name of FF Member /OSBPs,Short Position,Change from Previous Trading Day
Contract Code：al2611,,,,,,,,,,2026-08-20,
1,0148(brokerage business),16407,1286,1,0148(brokerage business),11998,1359,1,0004(brokerage business),16882,3154
2,0163(brokerage business),10413,-1240,2,0004(brokerage business),10341,247,2,0123(brokerage business),10561,816
3,0004(brokerage business),9209,2092,3,0268(brokerage business),7135,725,3,0148(brokerage business),10314,364
4,0253(brokerage business),5310,-1251,4,0034(brokerage business),4703,295,4,0139(brokerage business),5582,985
5,0275(brokerage business),3093,-245,5,0272(brokerage business),4266,-13,5,0103(brokerage business),4667,325
6,0335(brokerage business),2514,2077,6,0239(brokerage business),4195,1036,6,0058(brokerage business),4393,667
7,0323(brokerage business),2461,-402,7,0163(brokerage business),4085,563,7,0308(brokerage business),3055,-132
8,0069(brokerage business),2267,1443,8,0323(brokerage business),3572,531,8,0163(brokerage business),2982,-684
9,0059(brokerage business),1759,534,9,0335(brokerage business),3343,2453,9,0048(brokerage business),2421,89
10,0308(brokerage business),1609,520,10,0069(brokerage business),3039,265,10,0002(brokerage business),2370,300
11,0123(brokerage business),1414,656,11,0077(brokerage business),2714,208,11,0323(brokerage business),2111,92
12,0268(brokerage business),1139,477,12,0049(brokerage business),2505,32,12,0096(brokerage business),1998,209
13,0239(brokerage business),1036,-51,13,0253(brokerage business),2049,123,13,0311(brokerage business),1874,405
14,0081(brokerage business),1028,-364,14,0123(brokerage business),1641,174,14,0268(brokerage business),1787,364
15,0139(brokerage business),1017,163,15,0153(brokerage business),1562,130,15,0272(brokerage business),1733,343
16,0082(brokerage business),968,669,16,0275(brokerage business),1400,79,16,0003(brokerage business),1515,100
17,0137(brokerage business),902,233,17,0372(brokerage business),1102,27,17,0253(brokerage business),1267,33
18,0151(brokerage business),840,520,18,0042(brokerage business),1001,21,18,0275(brokerage business),1095,-4
19,0058(brokerage business),823,435,19,0007(brokerage business),1000,115,19,0008(brokerage business),1051,90
20,0272(brokerage business),816,12,20,0139(brokerage business),977,-18,20,0161(brokerage business),934,16
Total,,65025,7564,Total,,72628,8352,Total,,78592,7532
Ranking,Name of FF Member /OSBPs,Volume,Change from Previous Trading Day,Ranking,Name of FF Member /OSBPs,Long Position,Change from Previous Trading Day,Ranking,Name of FF Member /OSBPs,Short Position,Change from Previous Trading Day
Contract Code：al2612,,,,,,,,,,2026-08-20,
1,0163(brokerage business),4864,-206,1,0148(brokerage business),8240,-48,1,0148(brokerage business),9046,22
2,0148(brokerage business),3152,-4,2,0004(brokerage business),6698,185,2,0004(brokerage business),7497,411
3,0004(brokerage business),1998,-353,3,0272(brokerage business),4653,-13,3,0123(brokerage business),6157,7
4,0240(brokerage business),1720,845,4,0034(brokerage business),3299,139,4,0139(brokerage business),5172,-768
5,0323(brokerage business),1265,-1045,5,0268(brokerage business),2451,61,5,0103(brokerage business),3862,317
6,0253(brokerage business),1225,-13,6,0096(brokerage business),2170,29,6,0239(brokerage business),3464,65
7,0308(brokerage business),1079,51,7,0323(brokerage business),2036,-513,7,0042(brokerage business),2927,2
8,0069(brokerage business),1069,229,8,0315(brokerage business),1827,-4,8,0268(brokerage business),2022,458
9,0018(brokerage business),980,727,9,0069(brokerage business),1718,-26,9,0272(brokerage business),1955,114
10,0275(brokerage business),953,-164,10,0103(brokerage business),1553,3,10,0082(brokerage business),1336,-3
11,0081(brokerage business),952,-39,11,0123(brokerage business),1475,3,11,0058(brokerage business),1260,7
12,0139(brokerage business),824,39,12,0042(brokerage business),1402,-14,12,0323(brokerage business),1076,310
13,0186(brokerage business),787,77,13,0007(brokerage business),1378,71,13,0275(brokerage business),1072,101
14,0268(brokerage business),685,477,14,0274(brokerage business),1327,-22,14,0151(brokerage business),1011,9
15,0271(brokerage business),685,511,15,0321(brokerage business),1082,0,15,0163(brokerage business),948,-349
16,0274(brokerage business),634,24,16,0240(brokerage business),1033,36,16,0240(brokerage business),804,-346
17,0339(brokerage business),504,289,17,0003(brokerage business),943,0,17,0125(brokerage business),759,0
18,0272(brokerage business),397,-194,18,0139(brokerage business),851,12,18,0048(brokerage business),675,117
19,0103(brokerage business),394,213,19,0254(brokerage business),839,0,19,0261(brokerage business),617,200
20,0123(brokerage business),332,-211,20,0049(brokerage business),796,8,20,0253(brokerage business),518,-72
Total,,24499,1253,Total,,45771,-93,Total,,52178,602
Ranking,Name of FF Member /OSBPs,Volume,Change from Previous Trading Day,Ranking,Name of FF Member /OSBPs,Long Position,Change from Previous Trading Day,Ranking,Name of FF Member /OSBPs,Short Position,Change from Previous Trading Day
Contract Code：al2701,,,,,,,,,,2026-08-20,
1,0163(brokerage business),1795,-503,1,0034(brokerage business),5148,15,1,0148(brokerage business),7467,-104
2,0148(brokerage business),1293,-1513,2,0148(brokerage business),4084,-33,2,0004(brokerage business),4578,533
3,0004(brokerage business),1089,-324,3,0323(brokerage business),3418,332,3,0042(brokerage business),2047,8
4,0253(brokerage business),652,-699,4,0004(brokerage business),2653,264,4,0277(brokerage business),1715,201
5,0308(brokerage business),626,42,5,0049(brokerage business),2648,1,5,0249(brokerage business),1590,0
6,0049(brokerage business),624,521,6,0069(brokerage business),2122,-22,6,0103(brokerage business),1479,-52
7,0081(brokerage business),560,-373,7,0268(brokerage business),1869,43,7,0253(brokerage business),1129,-7
8,0323(brokerage business),500,-863,8,0272(brokerage business),1475,61,8,0275(brokerage business),980,34
9,0069(brokerage business),436,-145,9,0007(brokerage business),784,-25,9,0274(brokerage business),937,3
10,0240(brokerage business),432,-125,10,0042(brokerage business),763,5,10,0029(brokerage business),893,0
11,0103(brokerage business),411,307,11,0163(brokerage business),748,-19,11,0153(brokerage business),844,3
12,0274(brokerage business),362,-60,12,0169(brokerage business),630,0,12,0268(brokerage business),792,21
13,0082(brokerage business),322,-13,13,0139(brokerage business),629,1,13,0240(brokerage business),747,-151
14,0272(brokerage business),253,-36,14,0240(brokerage business),610,-5,14,0163(brokerage business),742,80
15,0018(brokerage business),209,35,15,0254(brokerage business),582,0,15,0139(brokerage business),711,8
16,0277(brokerage business),209,-291,16,0137(brokerage business),536,26,16,0311(brokerage business),530,62
17,0178(brokerage business),161,138,17,0253(brokerage business),500,5,17,0001(brokerage business),486,35
18,0275(brokerage business),157,-207,18,0009(brokerage business),458,6,18,0308(brokerage business),440,2
19,0023(brokerage business),149,-150,19,0008(brokerage business),442,0,19,0134(brokerage business),436,1
20,0137(brokerage business),141,-69,20,0082(brokerage business),428,100,20,0048(brokerage business),416,78
Total,,10381,-4328,Total,,30527,755,Total,,28959,755
Member/OSP Type,Total Volume,Change from Previous Trading Day,Member/OSP Type,Total Long Position,Change from Previous Trading Day,Member/OSP Type,Total Short Position,Change from Previous Trading Day,,,
Contract Code：znall,,,,,,,2026-08-20,,,,
Name of FF Member/OSBP,409196,-166244,Name of FF Member/OSBP,247536,-3067,Name of FF Member/OSBP,247536,-3067,,,
Name of Non-FF Member/OSNBP,0,0,Name of Non-FF Member/OSNBP,0,0,Name of Non-FF Member/OSNBP,0,0,,,
Ranking,Name of FF Member /OSBPs,Volume,Change from Previous Trading Day,Ranking,Name of FF Member /OSBPs,Long Position,Change from Previous Trading Day,Ranking,Name of FF Member /OSBPs,Short Position,Change from Previous Trading Day
Contract Code：zn2609,,,,,,,,,,2026-08-20,
1,0148(brokerage business),16222,-7842,1,0148(brokerage business),6363,-1172,1,0139(brokerage business),4367,-101
2,0163(brokerage business),13252,-7694,2,0163(brokerage business),5675,-304,2,0148(brokerage business),3646,-448
3,0275(brokerage business),11094,-7049,3,0004(brokerage business),4576,-93,3,0004(brokerage business),3438,-49
4,0004(brokerage business),6978,-6646,4,0272(brokerage business),4202,-24,4,0272(brokerage business),2569,-289
5,0253(brokerage business),4684,-6477,5,0139(brokerage business),3176,-21,5,0315(brokerage business),2020,-342
6,0123(brokerage business),2935,-2904,6,0003(brokerage business),2746,-110,6,0049(brokerage business),1946,-143
7,0081(brokerage business),2611,-2083,7,0123(brokerage business),1863,-16,7,0052(brokerage business),1857,-18
8,0058(brokerage business),2383,-519,8,0240(brokerage business),1795,-151,8,0058(brokerage business),1847,-248
9,0259(brokerage business),1872,-993,9,0049(brokerage business),1707,-3,9,0253(brokerage business),1791,-6
10,0308(brokerage business),1272,-876,10,0177(brokerage business),1346,-96,10,0163(brokerage business),1575,210
11,0059(brokerage business),941,-1655,11,0253(brokerage business),988,-12,11,0082(brokerage business),1406,-356
12,0272(brokerage business),921,-1435,12,0019(brokerage business),924,-23,12,0096(brokerage business),1369,-189
13,0082(brokerage business),893,315,13,0059(brokerage business),796,37,13,0042(brokerage business),1363,-31
14,0139(brokerage business),882,-897,14,0096(brokerage business),769,-307,14,0034(brokerage business),1314,-125
15,0240(brokerage business),812,-1054,15,0081(brokerage business),724,-139,15,0059(brokerage business),1172,-112
16,0096(brokerage business),686,-517,16,0323(brokerage business),723,-12,16,0125(brokerage business),1127,14
17,0003(brokerage business),645,444,17,0161(brokerage business),638,-91,17,0161(brokerage business),1105,-17
18,0315(brokerage business),637,208,18,0069(brokerage business),611,-94,18,0025(brokerage business),1094,-97
19,0034(brokerage business),597,-660,19,0239(brokerage business),600,-145,19,0268(brokerage business),1062,-73
20,0274(brokerage business),585,-1050,20,0058(brokerage business),596,-9,20,0277(brokerage business),1006,-141
Total,,70902,-49384,Total,,40818,-2785,Total,,37074,-2561
Ranking,Name of FF Member /OSBPs,Volume,Change from Previous Trading Day,Ranking,Name of FF Member /OSBPs,Long Position,Change from Previous Trading Day,Ranking,Name of FF Member /OSBPs,Short Position,Change from Previous Trading Day
Contract Code：zn2610,,,,,,,,,,2026-08-20,
1,0148(brokerage business),37120,-4005,1,0148(brokerage business),21755,-950,1,0148(brokerage business),12684,-216
2,0163(brokerage business),35585,-2854,2,0239(brokerage business),12723,-1361,2,0004(brokerage business),10310,828
3,0275(brokerage business),31869,-11657,3,0004(brokerage business),12448,299,3,0272(brokerage business),7328,-234
4,0004(brokerage business),28483,-4287,4,0272(brokerage business),7771,223,4,0139(brokerage business),7142,-975
5,0253(brokerage business),20013,-8993,5,0163(brokerage business),7345,229,5,0163(brokerage business),6678,622
6,0081(brokerage business),7355,-2137,6,0123(brokerage business),5800,-459,6,0003(brokerage business),5381,-129
7,0259(brokerage business),7187,364,7,0335(brokerage business),4505,-121,7,0069(brokerage business),4804,-79
8,0123(brokerage business),6417,-857,8,0136(brokerage business),3531,-76,8,0059(brokerage business),4401,183
9,0096(brokerage business),6237,-614,9,0253(brokerage business),3461,-168,9,0058(brokerage business),4311,-49
10,0272(brokerage business),4759,-7666,10,0308(brokerage business),3376,-44,10,0049(brokerage business),3578,112
11,0239(brokerage business),4167,-1879,11,0268(brokerage business),2531,72,11,0315(brokerage business),3287,69
12,0042(brokerage business),3423,-1190,12,0240(brokerage business),2499,-68,12,0103(brokerage business),3149,-251
13,0308(brokerage business),3381,-1774,13,0103(brokerage business),2318,-64,13,0253(brokerage business),3028,577
14,0103(brokerage business),3259,-1894,14,0274(brokerage business),2194,-84,14,0082(brokerage business),2881,234
15,0161(brokerage business),3216,-2063,15,0184(brokerage business),2174,327,15,0081(brokerage business),2674,-390
16,0059(brokerage business),2773,-1388,16,0018(brokerage business),2160,9,16,0161(brokerage business),2538,620
17,0268(brokerage business),2560,-722,17,0084(brokerage business),2097,-1,17,0042(brokerage business),2503,-532
18,0034(brokerage business),2504,-219,18,0137(brokerage business),1710,-55,18,0025(brokerage business),2481,13
19,0298(brokerage business),2228,13,19,0096(brokerage business),1521,43,19,0034(brokerage business),2441,355
20,0069(brokerage business),2005,-3294,20,0139(brokerage business),1459,-27,20,0240(brokerage business),2366,144
Total,,214541,-57116,Total,,103378,-2276,Total,,93965,902
Ranking,Name of FF Member /OSBPs,Volume,Change from Previous Trading Day,Ranking,Name of FF Member /OSBPs,Long Position,Change from Previous Trading Day,Ranking,Name of FF Member /OSBPs,Short Position,Change from Previous Trading Day
Contract Code：zn2611,,,,,,,,,,2026-08-20,
1,0148(brokerage business),8732,-243,1,0239(brokerage business),10970,2672,1,0058(brokerage business),2586,118
2,0163(brokerage business),7755,-2112,2,0004(brokerage business),6641,-124,2,0321(brokerage business),2435,13
3,0004(brokerage business),4169,-2103,3,0148(brokerage business),3563,1006,3,0025(brokerage business),2220,5
4,0253(brokerage business),3799,-680,4,0253(brokerage business),2433,191,4,0148(brokerage business),2154,-68
5,0239(brokerage business),3073,925,5,0268(brokerage business),1997,-14,5,0272(brokerage business),1862,-89
6,0081(brokerage business),2905,-150,6,0123(brokerage business),1944,-27,6,0139(brokerage business),1775,1304
7,0275(brokerage business),2192,-471,7,0163(brokerage business),1706,70,7,0077(brokerage business),1570,4
8,0139(brokerage business),1623,1393,8,0274(brokerage business),1034,20,8,0003(brokerage business),1547,681
9,0123(brokerage business),1363,150,9,0081(brokerage business),921,-424,9,0009(brokerage business),1350,-81
10,0308(brokerage business),1146,-71,10,0077(brokerage business),768,11,10,0308(brokerage business),1209,215
11,0259(brokerage business),1028,-146,11,0240(brokerage business),666,3,11,0123(brokerage business),1174,264
12,0274(brokerage business),745,-73,12,0103(brokerage business),497,4,12,0253(brokerage business),1117,-60
13,0320(brokerage business),739,204,13,0323(brokerage business),415,-12,13,0059(brokerage business),975,138
14,0059(brokerage business),729,-117,14,0034(brokerage business),324,-32,14,0069(brokerage business),942,-173
15,0003(brokerage business),715,241,15,0272(brokerage business),278,-136,15,0096(brokerage business),862,31
16,0272(brokerage business),649,-273,16,0042(brokerage business),216,34,16,0004(brokerage business),816,116
17,0069(brokerage business),626,284,17,0178(brokerage business),207,1,17,0333(brokerage business),694,121
18,0058(brokerage business),613,-955,18,0009(brokerage business),188,-19,18,0034(brokerage business),684,53
19,0332(brokerage business),541,330,19,0335(brokerage business),187,-23,19,0268(brokerage business),559,365
20,0271(brokerage business),520,-368,20,0043(brokerage business),179,3,20,0323(brokerage business),543,41
Total,,43662,-4235,Total,,35134,3204,Total,,27074,2998
Member/OSP Type,Total Volume,Change from Previous Trading Day,Member/OSP Type,Total Long Position,Change from Previous Trading Day,Member/OSP Type,Total Short Position,Change from Previous Trading Day,,,
Contract Code：pball,,,,,,,2026-08-20,,,,
Name of FF Member/OSBP,160152,-33746,Name of FF Member/OSBP,120460,498,Name of FF Member/OSBP,120460,498,,,
Name of Non-FF Member/OSNBP,0,0,Name of Non-FF Member/OSNBP,0,0,Name of Non-FF Member/OSNBP,0,0,,,
Ranking,Name of FF Member /OSBPs,Volume,Change from Previous Trading Day,Ranking,Name of FF Member /OSBPs,Long Position,Change from Previous Trading Day,Ranking,Name of FF Member /OSBPs,Short Position,Change from Previous Trading Day
Contract Code：pb2609,,,,,,,,,,2026-08-20,
1,0253(brokerage business),5695,-2327,1,0049(brokerage business),2787,-106,1,0006(brokerage business),2814,-102
2,0148(brokerage business),4716,-1566,2,0272(brokerage business),1980,-312,2,0153(brokerage business),1564,134
3,0004(brokerage business),4417,-3072,3,0288(brokerage business),1933,-101,3,0163(brokerage business),1499,-40
4,0163(brokerage business),4136,-2777,4,0103(brokerage business),1795,-727,4,0148(brokerage business),1375,-661
5,0081(brokerage business),2543,-569,5,0004(brokerage business),1453,5,5,0082(brokerage business),1264,-449
6,0103(brokerage business),768,-77,6,0274(brokerage business),1288,-58,6,0103(brokerage business),1165,-15
7,0082(brokerage business),562,418,7,0308(brokerage business),1229,-100,7,0272(brokerage business),964,-11
8,0240(brokerage business),516,-553,8,0275(brokerage business),1108,-10,8,0308(brokerage business),950,-25
9,0049(brokerage business),504,-843,9,0148(brokerage business),1042,-227,9,0081(brokerage business),949,-37
10,0275(brokerage business),492,-1707,10,0339(brokerage business),803,1,10,0320(brokerage business),820,-162
11,0308(brokerage business),459,-294,11,0096(brokerage business),634,-59,11,0007(brokerage business),757,-22
12,0069(brokerage business),454,-156,12,0161(brokerage business),537,-52,12,0335(brokerage business),751,-60
13,0274(brokerage business),451,-746,13,0034(brokerage business),492,74,13,0049(brokerage business),725,-68
14,0022(brokerage business),440,440,14,0331(brokerage business),483,0,14,0274(brokerage business),716,-47
15,0272(brokerage business),433,-383,15,0058(brokerage business),461,-41,15,0004(brokerage business),601,-6
16,0153(brokerage business),336,-41,16,0139(brokerage business),432,-221,16,0253(brokerage business),519,-224
17,0006(brokerage business),320,-577,17,0253(brokerage business),350,43,17,0069(brokerage business),482,55
18,0096(brokerage business),257,-76,18,0137(brokerage business),339,8,18,0029(brokerage business),389,-65
19,0139(brokerage business),227,189,19,0059(brokerage business),332,1,19,0042(brokerage business),326,-25
20,0299(brokerage business),224,72,20,0077(brokerage business),296,-17,20,0275(brokerage business),315,-40
Total,,27950,-14645,Total,,19774,-1899,Total,,18945,-1870
Ranking,Name of FF Member /OSBPs,Volume,Change from Previous Trading Day,Ranking,Name of FF Member /OSBPs,Long Position,Change from Previous Trading Day,Ranking,Name of FF Member /OSBPs,Short Position,Change from Previous Trading Day
Contract Code：pb2610,,,,,,,,,,2026-08-20,
1,0004(brokerage business),15166,-2317,1,0148(brokerage business),9880,162,1,0148(brokerage business),9354,2
2,0148(brokerage business),14146,-4918,2,0272(brokerage business),6774,-2292,2,0239(brokerage business),7735,-1094
3,0163(brokerage business),13609,-3934,3,0004(brokerage business),5752,-116,3,0163(brokerage business),5886,-1098
4,0253(brokerage business),11145,8,4,0288(brokerage business),5569,189,4,0004(brokerage business),5556,-106
5,0272(brokerage business),8816,4574,5,0308(brokerage business),4586,-38,5,0123(brokerage business),4687,-73
6,0275(brokerage business),4578,-667,6,0163(brokerage business),4540,1155,6,0103(brokerage business),4587,-38
7,0081(brokerage business),4067,25,7,0049(brokerage business),4181,-2,7,0335(brokerage business),3987,-508
8,0123(brokerage business),2686,-7306,8,0103(brokerage business),2595,336,8,0253(brokerage business),2774,292
9,0259(brokerage business),2577,-528,9,0275(brokerage business),2527,32,9,0272(brokerage business),2316,148
10,0239(brokerage business),1565,245,10,0069(brokerage business),2514,16,10,0084(brokerage business),2087,0
11,0240(brokerage business),1517,-209,11,0123(brokerage business),2478,-11,11,0308(brokerage business),1891,-32
12,0034(brokerage business),1400,-314,12,0253(brokerage business),1741,237,12,0042(brokerage business),1517,-159
13,0335(brokerage business),1352,-711,13,0081(brokerage business),1379,116,13,0315(brokerage business),1369,55
14,0022(brokerage business),1228,1200,14,0077(brokerage business),1117,-203,14,0049(brokerage business),1221,-15
15,0043(brokerage business),1177,73,15,0239(brokerage business),1070,37,15,0009(brokerage business),1157,9
16,0103(brokerage business),1130,144,16,0295(brokerage business),961,109,16,0081(brokerage business),1048,25
17,0082(brokerage business),881,-525,17,0006(brokerage business),888,-56,17,0268(brokerage business),1039,89
18,0153(brokerage business),836,48,18,0177(brokerage business),836,192,18,0153(brokerage business),964,550
19,0268(brokerage business),809,-60,19,0339(brokerage business),836,1,19,0034(brokerage business),945,-300
20,0137(brokerage business),806,473,20,0323(brokerage business),834,-12,20,0137(brokerage business),932,403
Total,,89491,-14699,Total,,61058,-148,Total,,61052,-1850
Ranking,Name of FF Member /OSBPs,Volume,Change from Previous Trading Day,Ranking,Name of FF Member /OSBPs,Long Position,Change from Previous Trading Day,Ranking,Name of FF Member /OSBPs,Short Position,Change from Previous Trading Day
Contract Code：pb2611,,,,,,,,,,2026-08-20,
1,0272(brokerage business),2126,775,1,0272(brokerage business),2934,1858,1,0049(brokerage business),1823,70
2,0253(brokerage business),2006,289,2,0004(brokerage business),2638,295,2,0004(brokerage business),1679,675
3,0004(brokerage business),1840,-201,3,0268(brokerage business),2074,250,3,0082(brokerage business),1117,497
4,0163(brokerage business),1600,-539,4,0148(brokerage business),1859,75,4,0081(brokerage business),1037,601
5,0271(brokerage business),978,-354,5,0069(brokerage business),1373,-5,5,0137(brokerage business),961,37
6,0081(brokerage business),898,576,6,0339(brokerage business),1154,0,6,0239(brokerage business),886,406
7,0148(brokerage business),754,-372,7,0034(brokerage business),768,0,7,0148(brokerage business),873,223
8,0082(brokerage business),542,155,8,0163(brokerage business),763,86,8,0103(brokerage business),647,31
9,0308(brokerage business),476,42,9,0077(brokerage business),693,0,9,0272(brokerage business),626,8
10,0239(brokerage business),446,28,10,0308(brokerage business),182,149,10,0177(brokerage business),563,46
11,0069(brokerage business),412,340,11,0295(brokerage business),168,25,11,0163(brokerage business),539,20
12,0274(brokerage business),389,-52,12,0178(brokerage business),151,0,12,0069(brokerage business),414,-17
13,0268(brokerage business),293,245,13,0239(brokerage business),148,40,13,0006(brokerage business),402,2
14,0139(brokerage business),180,41,14,0253(brokerage business),86,39,14,0253(brokerage business),333,11
15,0333(brokerage business),149,70,15,0288(brokerage business),73,2,15,0139(brokerage business),319,180
16,0161(brokerage business),126,116,16,0086(brokerage business),61,0,16,0323(brokerage business),312,-31
17,0275(brokerage business),125,-79,17,0299(brokerage business),61,37,17,0308(brokerage business),302,-1
18,0240(brokerage business),123,-12,18,0103(brokerage business),57,3,18,0151(brokerage business),299,4
19,0323(brokerage business),118,26,19,0029(brokerage business),51,49,19,0335(brokerage business),226,13
20,0121(brokerage business),105,61,20,0161(brokerage business),48,13,20,0086(brokerage business),222,0
Total,,13686,1155,Total,,15342,2916,Total,,13580,2775
Member/OSP Type,Total Volume,Change from Previous Trading Day,Member/OSP Type,Total Long Position,Change from Previous Trading Day,Member/OSP Type,Total Short Position,Change from Previous Trading Day,,,
Contract Code：niall,,,,,,,2026-08-20,,,,
Name of FF Member/OSBP,712389,214734,Name of FF Member/OSBP,312702,-23290,Name of FF Member/OSBP,309244,-23883,,,
Name of Non-FF Member/OSNBP,593,150,Name of Non-FF Member/OSNBP,0,0,Name of Non-FF Member/OSNBP,3458,593,,,
Ranking,Name of FF Member /OSBPs,Volume,Change from Previous Trading Day,Ranking,Name of FF Member /OSBPs,Long Position,Change from Previous Trading Day,Ranking,Name of FF Member /OSBPs,Short Position,Change from Previous Trading Day
Contract Code：ni2609,,,,,,,,,,2026-08-20,
1,0004(brokerage business),48827,15940,1,0004(brokerage business),11478,-1163,1,0004(brokerage business),20560,-520
2,0148(brokerage business),45325,11914,2,0148(brokerage business),7084,-700,2,0148(brokerage business),10526,-2707
3,0163(brokerage business),38446,7550,3,0163(brokerage business),4573,-571,3,0253(brokerage business),5838,-456
4,0253(brokerage business),16893,3750,4,0103(brokerage business),3724,261,4,0009(brokerage business),4503,-8
5,0123(brokerage business),16523,5382,5,0096(brokerage business),3573,-992,5,0082(brokerage business),4320,-662
6,0081(brokerage business),14897,4928,6,0082(brokerage business),2932,-312,6,0059(brokerage business),3421,-576
7,0275(brokerage business),14647,2227,7,0240(brokerage business),2885,-1665,7,0240(brokerage business),3183,181
8,0240(brokerage business),14108,6084,8,0253(brokerage business),2613,-1095,8,0163(brokerage business),3082,-1513
9,0272(brokerage business),12274,556,9,0272(brokerage business),2371,-224,9,0272(brokerage business),2529,-1076
10,0059(brokerage business),8224,2879,10,0042(brokerage business),2176,-219,10,0169(brokerage business),1969,8
11,0034(brokerage business),7909,3113,11,0034(brokerage business),2106,-596,11,0139(brokerage business),1796,-927
12,0268(brokerage business),6914,1465,12,0123(brokerage business),1950,-256,12,0320(brokerage business),1761,-46
13,0069(brokerage business),6439,2375,13,0081(brokerage business),1925,24,13,0034(brokerage business),1680,117
14,0308(brokerage business),6184,1285,14,0275(brokerage business),1863,-529,14,0052(brokerage business),1622,4
15,0259(brokerage business),6069,2240,15,0316(brokerage business),1847,-56,15,0275(brokerage business),1538,-486
16,0186(brokerage business),5744,931,16,0161(brokerage business),1794,-123,16,0069(brokerage business),1513,-66
17,0009(brokerage business),5696,1277,17,0069(brokerage business),1711,-651,17,0268(brokerage business),1386,-564
18,0161(brokerage business),5555,1587,18,0049(brokerage business),1563,-408,18,0308(brokerage business),1182,-170
19,0298(brokerage business),4676,92,19,0311(brokerage business),1466,-157,19,0123(brokerage business),1146,-31
20,0082(brokerage business),3324,-623,20,0125(brokerage business),1252,-348,20,0043(brokerage business),1128,222
Total,,288674,74952,Total,,60886,-9780,Total,,74683,-9276
Ranking,Name of FF Member /OSBPs,Volume,Change from Previous Trading Day,Ranking,Name of FF Member /OSBPs,Long Position,Change from Previous Trading Day,Ranking,Name of FF Member /OSBPs,Short Position,Change from Previous Trading Day
Contract Code：ni2610,,,,,,,,,,2026-08-20,
1,0148(brokerage business),30390,10455,1,0103(brokerage business),16008,-2263,1,0004(brokerage business),18871,-864
2,0004(brokerage business),21050,8864,2,0148(brokerage business),9752,-1066,2,0082(brokerage business),9519,173
3,0163(brokerage business),17084,4896,3,0096(brokerage business),7584,-638,3,0148(brokerage business),8687,-1084
4,0123(brokerage business),13941,7817,4,0004(brokerage business),6135,42,4,0184(brokerage business),8267,-951
5,0275(brokerage business),13521,4871,5,0082(brokerage business),5471,-468,5,0239(brokerage business),6785,-1449
6,0253(brokerage business),11262,3419,6,0003(brokerage business),4516,430,6,0272(brokerage business),5678,-1185
7,0059(brokerage business),7674,3594,7,0163(brokerage business),4456,688,7,0042(brokerage business),4922,63
8,0240(brokerage business),7192,4296,8,0253(brokerage business),3968,-860,8,0240(brokerage business),3191,-253
9,0272(brokerage business),6410,4202,9,0077(brokerage business),3859,9,9,0335(brokerage business),3012,-1738
10,0081(brokerage business),6061,1750,10,0081(brokerage business),3191,35,10,0123(brokerage business),2662,-7
11,0103(brokerage business),4854,3178,11,0272(brokerage business),2332,-299,11,0103(brokerage business),2620,-547
12,0009(brokerage business),3965,1603,12,0335(brokerage business),2105,-158,12,0163(brokerage business),2523,-284
13,0308(brokerage business),3741,1039,13,0316(brokerage business),2000,126,13,0139(brokerage business),2497,-875
14,0034(brokerage business),3602,1426,14,0240(brokerage business),1875,-161,14,0275(brokerage business),2398,-28
15,0268(brokerage business),3564,2318,15,0268(brokerage business),1661,457,15,0136(brokerage business),2327,5
16,0335(brokerage business),3530,2900,16,0178(brokerage business),1654,-203,16,0323(brokerage business),1806,55
17,0082(brokerage business),3291,939,17,0069(brokerage business),1619,25,17,0003(brokerage business),1630,260
18,0058(brokerage business),2779,2056,18,0009(brokerage business),1607,22,18,0253(brokerage business),1630,-158
19,0096(brokerage business),2607,1466,19,0059(brokerage business),1298,-152,19,0077(brokerage business),1176,256
20,0069(brokerage business),2428,452,20,0049(brokerage business),1261,-176,20,0169(brokerage business),1148,-20
Total,,168946,71541,Total,,82352,-4610,Total,,91349,-8631
Ranking,Name of FF Member /OSBPs,Volume,Change from Previous Trading Day,Ranking,Name of FF Member /OSBPs,Long Position,Change from Previous Trading Day,Ranking,Name of FF Member /OSBPs,Short Position,Change from Previous Trading Day
Contract Code：ni2611,,,,,,,,,,2026-08-20,
1,0148(brokerage business),6353,2047,1,0103(brokerage business),10588,1057,1,0004(brokerage business),9554,308
2,0004(brokerage business),6147,786,2,0148(brokerage business),8144,-113,2,0148(brokerage business),9065,452
3,0275(brokerage business),4811,1659,3,0004(brokerage business),5755,177,3,0272(brokerage business),4063,-51
4,0163(brokerage business),3559,1440,4,0096(brokerage business),4349,85,4,0042(brokerage business),2817,-10
5,0253(brokerage business),2811,171,5,0268(brokerage business),2600,0,5,0253(brokerage business),2498,-119
6,0123(brokerage business),2293,725,6,0316(brokerage business),1922,0,6,0022(brokerage business),2085,0
7,0081(brokerage business),2255,401,7,0034(brokerage business),1650,932,7,0335(brokerage business),1890,1368
8,0059(brokerage business),2105,608,8,0059(brokerage business),1526,-37,8,0123(brokerage business),1857,33
9,0034(brokerage business),2068,1880,9,0163(brokerage business),1471,-32,9,0184(brokerage business),1779,624
10,0335(brokerage business),1602,1472,10,0178(brokerage business),1420,-77,10,0029(brokerage business),1763,0
11,0103(brokerage business),1468,505,11,0272(brokerage business),947,-25,11,0003(brokerage business),1704,-79
12,0240(brokerage business),1096,409,12,0013(brokerage business),841,0,12,0082(brokerage business),1698,418
13,0308(brokerage business),834,-31,13,0310(brokerage business),789,100,13,0244(brokerage business),1623,-15
14,0082(brokerage business),816,84,14,0018(brokerage business),681,-3,14,0240(brokerage business),1458,-95
15,0271(brokerage business),763,579,15,0253(brokerage business),676,-12,15,0139(brokerage business),1373,366
16,0272(brokerage business),680,204,16,0003(brokerage business),560,-2,16,0323(brokerage business),1258,-2
17,0058(brokerage business),631,342,17,0139(brokerage business),470,-3,17,0163(brokerage business),975,1
18,0184(brokerage business),624,-427,18,0069(brokerage business),463,-15,18,0009(brokerage business),696,-73
19,0310(brokerage business),586,527,19,0335(brokerage business),432,32,19,0059(brokerage business),564,12
20,0069(brokerage business),534,105,20,0081(brokerage business),429,20,20,0308(brokerage business),552,3
Total,,42036,13486,Total,,45713,2084,Total,,49272,3141
Ranking,Name of FF Member /OSBPs,Volume,Change from Previous Trading Day,Ranking,Name of FF Member /OSBPs,Long Position,Change from Previous Trading Day,Ranking,Name of FF Member /OSBPs,Short Position,Change from Previous Trading Day
Contract Code：ni2612,,,,,,,,,,2026-08-20,
1,0148(brokerage business),3164,1346,1,0148(brokerage business),7900,968,1,0004(brokerage business),9064,285
2,0163(brokerage business),1675,512,2,0096(brokerage business),2741,-9,2,0272(brokerage business),4768,25
3,0004(brokerage business),1286,730,3,0316(brokerage business),2188,0,3,0148(brokerage business),2223,262
4,0081(brokerage business),1170,88,4,0103(brokerage business),1896,338,4,0042(brokerage business),2027,206
5,0275(brokerage business),1058,215,5,0272(brokerage business),1026,-11,5,0139(brokerage business),1820,-4
6,0253(brokerage business),695,441,6,0244(brokerage business),971,-17,6,0253(brokerage business),1549,-215
7,0123(brokerage business),664,396,7,0004(brokerage business),811,27,7,0022(brokerage business),1114,0
8,0103(brokerage business),545,177,8,0263(brokerage business),744,0,8,0240(brokerage business),795,-49
9,0271(brokerage business),531,447,9,0178(brokerage business),732,5,9,0007(brokerage business),697,-1
10,0034(brokerage business),391,319,10,0059(brokerage business),543,-6,10,0077(brokerage business),444,0
11,0042(brokerage business),341,201,11,0003(brokerage business),471,-14,11,0308(brokerage business),392,35
12,0096(brokerage business),250,118,12,0034(brokerage business),401,2,12,0331(brokerage business),367,0
13,0308(brokerage business),185,-179,13,0268(brokerage business),390,-8,13,0052(brokerage business),289,0
14,0141(brokerage business),176,116,14,0038(brokerage business),366,22,14,0295(brokerage business),264,1
15,0240(brokerage business),174,59,15,0009(brokerage business),364,5,15,0163(brokerage business),231,-38
16,0310(brokerage business),171,-10,16,0163(brokerage business),345,-149,16,0096(brokerage business),223,15
17,0272(brokerage business),168,125,17,0308(brokerage business),342,-22,17,0058(brokerage business),179,-19
18,0320(brokerage business),142,107,18,0107(brokerage business),302,-4,18,0268(brokerage business),152,11
19,0238(brokerage business),141,7,19,0123(brokerage business),301,-50,19,0275(brokerage business),147,1
20,0178(brokerage business),138,137,20,0240(brokerage business),268,-5,20,0169(brokerage business),111,14
Total,,13065,5352,Total,,23102,1072,Total,,26856,529
Member/OSP Type,Total Volume,Change from Previous Trading Day,Member/OSP Type,Total Long Position,Change from Previous Trading Day,Member/OSP Type,Total Short Position,Change from Previous Trading Day,,,
Contract Code：snall,,,,,,,2026-08-20,,,,
Name of FF Member/OSBP,405068,-43758,Name of FF Member/OSBP,78376,-2485,Name of FF Member/OSBP,78380,-2485,,,
Name of Non-FF Member/OSNBP,0,0,Name of Non-FF Member/OSNBP,4,0,Name of Non-FF Member/OSNBP,0,0,,,
Ranking,Name of FF Member /OSBPs,Volume,Change from Previous Trading Day,Ranking,Name of FF Member /OSBPs,Long Position,Change from Previous Trading Day,Ranking,Name of FF Member /OSBPs,Short Position,Change from Previous Trading Day
Contract Code：sn2609,,,,,,,,,,2026-08-20,
1,0004(brokerage business),41557,-6295,1,0004(brokerage business),3517,83,1,0004(brokerage business),2387,-630
2,0148(brokerage business),32468,-1232,2,0148(brokerage business),2428,-140,2,0272(brokerage business),2278,-34
3,0163(brokerage business),18815,435,3,0163(brokerage business),1833,81,3,0148(brokerage business),2119,-438
4,0275(brokerage business),12157,-2832,4,0103(brokerage business),1228,-45,4,0240(brokerage business),1638,-809
5,0240(brokerage business),10018,-914,5,0034(brokerage business),954,-1012,5,0163(brokerage business),1592,-205
6,0253(brokerage business),9778,-933,6,0272(brokerage business),882,-165,6,0007(brokerage business),1092,-7
7,0308(brokerage business),7408,-1717,7,0082(brokerage business),876,-141,7,0268(brokerage business),1084,182
8,0081(brokerage business),6732,-1258,8,0240(brokerage business),766,16,8,0042(brokerage business),1061,-41
9,0272(brokerage business),6729,-1414,9,0253(brokerage business),731,34,9,0096(brokerage business),945,-63
10,0268(brokerage business),5445,-965,10,0275(brokerage business),711,97,10,0103(brokerage business),917,-48
11,0186(brokerage business),5419,-1492,11,0059(brokerage business),698,-54,11,0034(brokerage business),915,41
12,0059(brokerage business),4844,-990,12,0123(brokerage business),685,-10,12,0059(brokerage business),871,-28
13,0034(brokerage business),4673,-395,13,0335(brokerage business),621,54,13,0049(brokerage business),853,59
14,0298(brokerage business),4209,-1874,14,0049(brokerage business),584,-104,14,0275(brokerage business),680,-56
15,0259(brokerage business),2892,-543,15,0153(brokerage business),572,76,15,0253(brokerage business),637,61
16,0009(brokerage business),2834,139,16,0007(brokerage business),568,-19,16,0018(brokerage business),588,-179
17,0161(brokerage business),2830,91,17,0009(brokerage business),551,-31,17,0315(brokerage business),563,21
18,0271(brokerage business),2578,-844,18,0268(brokerage business),536,-743,18,0153(brokerage business),517,-55
19,0137(brokerage business),2396,-474,19,0107(brokerage business),471,-44,19,0161(brokerage business),473,-27
20,0323(brokerage business),2391,-343,20,0137(brokerage business),459,157,20,0077(brokerage business),423,-10
Total,,186173,-23850,Total,,19671,-1910,Total,,21633,-2266
Ranking,Name of FF Member /OSBPs,Volume,Change from Previous Trading Day,Ranking,Name of FF Member /OSBPs,Long Position,Change from Previous Trading Day,Ranking,Name of FF Member /OSBPs,Short Position,Change from Previous Trading Day
Contract Code：sn2610,,,,,,,,,,2026-08-20,
1,0004(brokerage business),17069,-1440,1,0004(brokerage business),4548,440,1,0240(brokerage business),3077,137
2,0148(brokerage business),16025,-253,2,0148(brokerage business),3182,225,2,0004(brokerage business),2663,19
3,0275(brokerage business),8531,-173,3,0239(brokerage business),1871,-180,3,0148(brokerage business),1943,290
4,0163(brokerage business),8474,-135,4,0103(brokerage business),1687,6,4,0272(brokerage business),1891,-45
5,0240(brokerage business),4914,1290,5,0272(brokerage business),1215,87,5,0034(brokerage business),1308,-517
6,0253(brokerage business),4829,-174,6,0059(brokerage business),1201,541,6,0007(brokerage business),1295,67
7,0298(brokerage business),3341,671,7,0084(brokerage business),953,0,7,0096(brokerage business),1187,26
8,0059(brokerage business),3261,-437,8,0268(brokerage business),930,118,8,0042(brokerage business),1183,-6
9,0034(brokerage business),2958,659,9,0163(brokerage business),923,37,9,0163(brokerage business),1166,-143
10,0308(brokerage business),2746,-195,10,0335(brokerage business),811,-30,10,0139(brokerage business),1066,-5
11,0081(brokerage business),2583,-374,11,0123(brokerage business),795,-112,11,0323(brokerage business),876,51
12,0268(brokerage business),2560,373,12,0253(brokerage business),716,68,12,0059(brokerage business),659,78
13,0272(brokerage business),2312,-878,13,0096(brokerage business),633,-62,13,0003(brokerage business),655,-72
14,0123(brokerage business),2188,115,14,0049(brokerage business),614,-39,14,0268(brokerage business),530,150
15,0043(brokerage business),2074,860,15,0274(brokerage business),576,-5,15,0253(brokerage business),487,147
16,0186(brokerage business),1965,122,16,0007(brokerage business),544,19,16,0178(brokerage business),463,65
17,0259(brokerage business),1839,-342,17,0333(brokerage business),510,30,17,0153(brokerage business),409,-1
18,0096(brokerage business),1238,89,18,0184(brokerage business),461,0,18,0018(brokerage business),408,43
19,0271(brokerage business),1193,-229,19,0034(brokerage business),420,-57,19,0298(brokerage business),397,144
20,0009(brokerage business),1152,-4,20,0240(brokerage business),414,11,20,0077(brokerage business),365,38
Total,,91252,-455,Total,,23004,1097,Total,,22028,466
Ranking,Name of FF Member /OSBPs,Volume,Change from Previous Trading Day,Ranking,Name of FF Member /OSBPs,Long Position,Change from Previous Trading Day,Ranking,Name of FF Member /OSBPs,Short Position,Change from Previous Trading Day
Contract Code：sn2611,,,,,,,,,,2026-08-20,
1,0148(brokerage business),5442,1600,1,0004(brokerage business),1977,171,1,0272(brokerage business),1651,48
2,0004(brokerage business),3641,-968,2,0148(brokerage business),1610,92,2,0323(brokerage business),1346,-3
3,0275(brokerage business),3370,291,3,0268(brokerage business),957,154,3,0148(brokerage business),1334,20
4,0253(brokerage business),1732,-182,4,0163(brokerage business),832,93,4,0004(brokerage business),1080,-8
5,0163(brokerage business),1007,-289,5,0096(brokerage business),622,-68,5,0042(brokerage business),831,17
6,0123(brokerage business),1004,14,6,0052(brokerage business),540,50,6,0007(brokerage business),829,59
7,0272(brokerage business),897,-180,7,0049(brokerage business),483,96,7,0163(brokerage business),644,12
8,0240(brokerage business),834,195,8,0009(brokerage business),408,-11,8,0077(brokerage business),390,7
9,0059(brokerage business),803,-218,9,0103(brokerage business),401,-17,9,0096(brokerage business),370,62
10,0096(brokerage business),776,157,10,0272(brokerage business),330,-43,10,0153(brokerage business),240,1
11,0308(brokerage business),604,-30,11,0157(brokerage business),308,0,11,0034(brokerage business),160,-144
12,0259(brokerage business),534,126,12,0240(brokerage business),291,18,12,0003(brokerage business),159,0
13,0137(brokerage business),527,305,13,0274(brokerage business),271,-19,13,0139(brokerage business),141,0
14,0268(brokerage business),490,248,14,0335(brokerage business),198,129,14,0308(brokerage business),140,79
15,0349(brokerage business),462,408,15,0239(brokerage business),196,-69,15,0274(brokerage business),124,101
16,0081(brokerage business),393,-63,16,0323(brokerage business),162,-47,16,0240(brokerage business),117,12
17,0034(brokerage business),378,-82,17,0108(brokerage business),157,2,17,0019(brokerage business),116,-8
18,0271(brokerage business),319,50,18,0253(brokerage business),104,-6,18,0136(brokerage business),105,1
19,0007(brokerage business),302,-33,19,0277(brokerage business),103,0,19,0349(brokerage business),101,0
20,0103(brokerage business),257,87,20,0308(brokerage business),96,-5,20,0059(brokerage business),93,4
Total,,23772,1436,Total,,10046,520,Total,,9971,260
Member/OSP Type,Total Volume,Change from Previous Trading Day,Member/OSP Type,Total Long Position,Change from Previous Trading Day,Member/OSP Type,Total Short Position,Change from Previous Trading Day,,,
Contract Code：aoall,,,,,,,2026-08-20,,,,
Name of FF Member/OSBP,607808,261056,Name of FF Member/OSBP,575390,8357,Name of FF Member/OSBP,574490,8357,,,
Name of Non-FF Member/OSNBP,0,0,Name of Non-FF Member/OSNBP,0,0,Name of Non-FF Member/OSNBP,900,0,,,
Ranking,Name of FF Member /OSBPs,Volume,Change from Previous Trading Day,Ranking,Name of FF Member /OSBPs,Long Position,Change from Previous Trading Day,Ranking,Name of FF Member /OSBPs,Short Position,Change from Previous Trading Day
Contract Code：ao2609,,,,,,,,,,2026-08-20,
1,0148(brokerage business),9617,3244,1,0148(brokerage business),4869,-61,1,0148(brokerage business),13123,-556
2,0163(brokerage business),8463,2577,2,0004(brokerage business),4774,-356,2,0004(brokerage business),7275,-169
3,0004(brokerage business),6929,2346,3,0298(brokerage business),3417,-245,3,0058(brokerage business),3516,-480
4,0253(brokerage business),2647,709,4,0163(brokerage business),3246,451,4,0059(brokerage business),2913,-1
5,0123(brokerage business),2367,1186,5,0034(brokerage business),3245,-162,5,0103(brokerage business),2756,-212
6,0240(brokerage business),1734,728,6,0272(brokerage business),3223,-141,6,0274(brokerage business),2620,-8
7,0275(brokerage business),1489,574,7,0240(brokerage business),2627,182,7,0163(brokerage business),2429,-344
8,0081(brokerage business),1485,332,8,0082(brokerage business),2504,-66,8,0295(brokerage business),2375,-255
9,0268(brokerage business),1432,269,9,0103(brokerage business),2210,-256,9,0272(brokerage business),2359,-51
10,0323(brokerage business),1431,1190,10,0275(brokerage business),2167,-142,10,0151(brokerage business),2150,-35
11,0272(brokerage business),1408,440,11,0253(brokerage business),2043,-89,11,0349(brokerage business),1926,-122
12,0009(brokerage business),1162,819,12,0308(brokerage business),1949,-62,12,0082(brokerage business),1876,-3
13,0298(brokerage business),953,194,13,0277(brokerage business),1911,-13,13,0253(brokerage business),1812,-116
14,0103(brokerage business),856,548,14,0096(brokerage business),1631,-21,14,0096(brokerage business),1707,35
15,0308(brokerage business),795,553,15,0268(brokerage business),1631,-560,15,0123(brokerage business),1647,13
16,0003(brokerage business),718,380,16,0161(brokerage business),1602,-42,16,0268(brokerage business),1587,-184
17,0288(brokerage business),648,424,17,0081(brokerage business),1544,-7,17,0153(brokerage business),1415,18
18,0137(brokerage business),644,390,18,0069(brokerage business),1450,-3,18,0136(brokerage business),1377,-14
19,0058(brokerage business),585,376,19,0123(brokerage business),1449,-162,19,0029(brokerage business),1354,-84
20,0151(brokerage business),540,138,20,0288(brokerage business),1434,-167,20,0009(brokerage business),1313,-880
Total,,45903,17417,Total,,48926,-1922,Total,,57530,-3448
Ranking,Name of FF Member /OSBPs,Volume,Change from Previous Trading Day,Ranking,Name of FF Member /OSBPs,Long Position,Change from Previous Trading Day,Ranking,Name of FF Member /OSBPs,Short Position,Change from Previous Trading Day
Contract Code：ao2610,,,,,,,,,,2026-08-20,
1,0004(brokerage business),70465,35302,1,0148(brokerage business),22315,-360,1,0148(brokerage business),33596,3459
2,0148(brokerage business),47735,23169,2,0004(brokerage business),21257,2792,2,0004(brokerage business),28945,-83
3,0163(brokerage business),43219,17421,3,0272(brokerage business),19275,313,3,0163(brokerage business),18666,475
4,0253(brokerage business),20297,8741,4,0082(brokerage business),17748,26,4,0272(brokerage business),14518,1249
5,0275(brokerage business),14943,6888,5,0323(brokerage business),12427,1124,5,0335(brokerage business),13976,647
6,0081(brokerage business),12556,6239,6,0163(brokerage business),11965,532,6,0253(brokerage business),13640,-1086
7,0059(brokerage business),12152,1678,7,0151(brokerage business),9856,200,7,0103(brokerage business),12975,-23
8,0240(brokerage business),10858,6418,8,0240(brokerage business),9386,502,8,0240(brokerage business),12905,566
9,0272(brokerage business),10758,3646,9,0253(brokerage business),8717,-1093,9,0323(brokerage business),11619,330
10,0298(brokerage business),9626,3188,10,0058(brokerage business),8051,-49,10,0059(brokerage business),11352,-165
11,0161(brokerage business),7264,3117,11,0123(brokerage business),8051,946,11,0151(brokerage business),10576,179
12,0268(brokerage business),7241,1631,12,0268(brokerage business),8036,99,12,0268(brokerage business),8392,-888
13,0186(brokerage business),6964,2527,13,0288(brokerage business),7313,422,13,0288(brokerage business),7510,230
14,0323(brokerage business),6038,3603,14,0096(brokerage business),6516,-181,14,0082(brokerage business),5602,258
15,0103(brokerage business),5852,3737,15,0003(brokerage business),6460,28,15,0178(brokerage business),5421,1
16,0151(brokerage business),5849,2990,16,0009(brokerage business),6402,-1077,16,0034(brokerage business),4891,511
17,0335(brokerage business),5697,4010,17,0103(brokerage business),6335,1185,17,0308(brokerage business),4064,344
18,0009(brokerage business),5416,3344,18,0295(brokerage business),6240,-18,18,0043(brokerage business),3877,166
19,0034(brokerage business),5397,1910,19,0178(brokerage business),6223,184,19,0081(brokerage business),3840,-62
20,0123(brokerage business),5185,-5256,20,0139(brokerage business),5347,261,20,0161(brokerage business),3834,-507
Total,,313512,134303,Total,,207920,5836,Total,,230199,5601
Ranking,Name of FF Member /OSBPs,Volume,Change from Previous Trading Day,Ranking,Name of FF Member /OSBPs,Long Position,Change from Previous Trading Day,Ranking,Name of FF Member /OSBPs,Short Position,Change from Previous Trading Day
Contract Code：ao2611,,,,,,,,,,2026-08-20,
1,0268(brokerage business),6311,5357,1,0082(brokerage business),8772,9,1,0148(brokerage business),8944,156
2,0163(brokerage business),3982,2015,2,0253(brokerage business),7115,446,2,0240(brokerage business),5228,80
3,0148(brokerage business),2256,1222,3,0240(brokerage business),5969,125,3,0058(brokerage business),4903,342
4,0253(brokerage business),2093,745,4,0323(brokerage business),4802,92,4,0151(brokerage business),4879,25
5,0059(brokerage business),1475,636,5,0161(brokerage business),4715,644,5,0323(brokerage business),4469,21
6,0009(brokerage business),1245,967,6,0151(brokerage business),4659,-64,6,0161(brokerage business),3964,530
7,0161(brokerage business),1228,568,7,0272(brokerage business),4622,5,7,0253(brokerage business),3453,-281
8,0240(brokerage business),1197,445,8,0268(brokerage business),2329,-2935,8,0163(brokerage business),3174,263
9,0004(brokerage business),1112,847,9,0163(brokerage business),2091,-49,9,0295(brokerage business),3131,186
10,0081(brokerage business),1054,430,10,0004(brokerage business),1995,312,10,0004(brokerage business),2805,96
11,0178(brokerage business),855,182,11,0123(brokerage business),1759,-280,11,0009(brokerage business),2508,-452
12,0151(brokerage business),785,288,12,0034(brokerage business),1747,7,12,0082(brokerage business),2416,-71
13,0058(brokerage business),733,388,13,0178(brokerage business),1692,24,13,0268(brokerage business),2255,-2980
14,0048(brokerage business),666,253,14,0308(brokerage business),1617,5,14,0178(brokerage business),1504,-1
15,0123(brokerage business),563,149,15,0048(brokerage business),1321,158,15,0272(brokerage business),1242,-10
16,0082(brokerage business),512,461,16,0148(brokerage business),1036,312,16,0308(brokerage business),1230,75
17,0272(brokerage business),425,265,17,0019(brokerage business),873,208,17,0029(brokerage business),1155,104
18,0323(brokerage business),423,318,18,0103(brokerage business),826,-3,18,0086(brokerage business),1107,134
19,0311(brokerage business),335,330,19,0311(brokerage business),678,56,19,0048(brokerage business),1009,100
20,0001(brokerage business),309,173,20,0003(brokerage business),677,101,20,0059(brokerage business),973,0
Total,,27559,16039,Total,,59295,-827,Total,,60349,-1683
Ranking,Name of FF Member /OSBPs,Volume,Change from Previous Trading Day,Ranking,Name of FF Member /OSBPs,Long Position,Change from Previous Trading Day,Ranking,Name of FF Member /OSBPs,Short Position,Change from Previous Trading Day
Contract Code：ao2701,,,,,,,,,,2026-08-20,
1,0004(brokerage business),5225,3431,1,0034(brokerage business),12995,-8,1,0148(brokerage business),10311,-89
2,0163(brokerage business),4721,2463,2,0372(brokerage business),5563,13,2,0004(brokerage business),8462,-712
3,0148(brokerage business),4157,2332,3,0082(brokerage business),4759,-2,3,0103(brokerage business),8226,693
4,0275(brokerage business),4089,1584,4,0116(brokerage business),4596,0,4,0335(brokerage business),4465,765
5,0253(brokerage business),2572,600,5,0004(brokerage business),3709,45,5,0003(brokerage business),4094,-90
6,0240(brokerage business),2398,1155,6,0148(brokerage business),3158,0,6,0240(brokerage business),3901,184
7,0103(brokerage business),1823,1608,7,0253(brokerage business),2697,-1,7,0123(brokerage business),3596,-56
8,0335(brokerage business),1315,1073,8,0323(brokerage business),2456,129,8,0163(brokerage business),3402,397
9,0081(brokerage business),1193,392,9,0275(brokerage business),2209,82,9,0253(brokerage business),3029,-11
10,0059(brokerage business),1039,423,10,0163(brokerage business),2085,86,10,0272(brokerage business),2009,-5
11,0034(brokerage business),964,333,11,0103(brokerage business),2035,32,11,0058(brokerage business),1941,22
12,0186(brokerage business),890,330,12,0186(brokerage business),1341,34,12,0151(brokerage business),1588,-45
13,0272(brokerage business),817,-177,13,0077(brokerage business),1197,1,13,0139(brokerage business),1549,60
14,0311(brokerage business),765,488,14,0259(brokerage business),1042,543,14,0034(brokerage business),1517,114
15,0123(brokerage business),674,356,15,0268(brokerage business),1012,6,15,0249(brokerage business),1261,12
16,0299(brokerage business),673,421,16,0123(brokerage business),957,28,16,0274(brokerage business),1133,14
17,0259(brokerage business),669,42,17,0298(brokerage business),907,24,17,0275(brokerage business),1057,47
18,0137(brokerage business),653,388,18,0240(brokerage business),904,32,18,0349(brokerage business),959,9
19,0268(brokerage business),579,279,19,0277(brokerage business),883,-4,19,0244(brokerage business),886,20
20,0067(brokerage business),574,431,20,0059(brokerage business),849,48,20,0339(brokerage business),813,11
Total,,35790,17952,Total,,55354,1088,Total,,64199,1340
Member/OSP Type,Total Volume,Change from Previous Trading Day,Member/OSP Type,Total Long Position,Change from Previous Trading Day,Member/OSP Type,Total Short Position,Change from Previous Trading Day,,,
Contract Code：adall,,,,,,,2026-08-20,,,,
Name of FF Member/OSBP,21678,-7192,Name of FF Member/OSBP,24102,-201,Name of FF Member/OSBP,24102,-201,,,
Name of Non-FF Member/OSNBP,0,0,Name of Non-FF Member/OSNBP,0,0,Name of Non-FF Member/OSNBP,0,0,,,
Ranking,Name of FF Member /OSBPs,Volume,Change from Previous Trading Day,Ranking,Name of FF Member /OSBPs,Long Position,Change from Previous Trading Day,Ranking,Name of FF Member /OSBPs,Short Position,Change from Previous Trading Day
Contract Code：ad2609,,,,,,,,,,2026-08-20,
1,0004(brokerage business),243,-81,1,0253(brokerage business),397,1,1,0123(brokerage business),474,4
2,0148(brokerage business),192,55,2,0004(brokerage business),341,11,2,0275(brokerage business),413,-7
3,0008(brokerage business),178,-28,3,0275(brokerage business),306,-1,3,0323(brokerage business),330,0
4,0163(brokerage business),137,-116,4,0323(brokerage business),300,0,4,0253(brokerage business),300,-2
5,0096(brokerage business),134,15,5,0008(brokerage business),291,0,5,0257(brokerage business),293,5
6,0034(brokerage business),118,14,6,0257(brokerage business),291,7,6,0008(brokerage business),287,0
7,0275(brokerage business),118,-91,7,0123(brokerage business),290,-5,7,0009(brokerage business),282,0
8,0137(brokerage business),108,15,8,0009(brokerage business),282,0,8,0048(brokerage business),280,-1
9,0257(brokerage business),100,-38,9,0048(brokerage business),281,-1,9,0137(brokerage business),243,1
10,0253(brokerage business),97,-202,10,0137(brokerage business),239,3,10,0004(brokerage business),224,0
11,0069(brokerage business),66,20,11,0139(brokerage business),197,-23,11,0139(brokerage business),213,-23
12,0139(brokerage business),46,-104,12,0018(brokerage business),180,0,12,0096(brokerage business),121,-67
13,0009(brokerage business),32,-31,13,0320(brokerage business),148,-20,13,0349(brokerage business),102,3
14,0123(brokerage business),21,-57,14,0096(brokerage business),123,-67,14,0272(brokerage business),94,2
15,0320(brokerage business),20,-30,15,0034(brokerage business),119,-97,15,0103(brokerage business),67,1
16,0323(brokerage business),20,-145,16,0148(brokerage business),98,22,16,0153(brokerage business),65,3
17,0048(brokerage business),18,-96,17,0163(brokerage business),86,13,17,0148(brokerage business),58,4
18,0308(brokerage business),18,16,18,0349(brokerage business),76,-6,18,0277(brokerage business),57,-3
19,0058(brokerage business),11,-38,19,0272(brokerage business),38,0,19,0321(brokerage business),56,0
20,0161(brokerage business),10,-11,20,0268(brokerage business),36,6,20,0163(brokerage business),40,0
Total,,1687,-933,Total,,4119,-157,Total,,3999,-80
Ranking,Name of FF Member /OSBPs,Volume,Change from Previous Trading Day,Ranking,Name of FF Member /OSBPs,Long Position,Change from Previous Trading Day,Ranking,Name of FF Member /OSBPs,Short Position,Change from Previous Trading Day
Contract Code：ad2610,,,,,,,,,,2026-08-20,
1,0081(brokerage business),2022,-455,1,0323(brokerage business),1813,-6,1,0323(brokerage business),1774,-12
2,0163(brokerage business),1613,-969,2,0008(brokerage business),1500,3,2,0008(brokerage business),1498,4
3,0253(brokerage business),1324,-5,3,0253(brokerage business),1369,1,3,0253(brokerage business),1369,-3
4,0257(brokerage business),1078,-588,4,0123(brokerage business),1359,-75,4,0139(brokerage business),1337,-79
5,0004(brokerage business),1056,-426,5,0148(brokerage business),1215,-34,5,0123(brokerage business),1296,-5
6,0123(brokerage business),946,-908,6,0163(brokerage business),1135,-6,6,0096(brokerage business),1121,0
7,0008(brokerage business),863,-97,7,0096(brokerage business),1107,-1,7,0048(brokerage business),1116,169
8,0275(brokerage business),606,-593,8,0048(brokerage business),1094,169,8,0004(brokerage business),1055,-5
9,0048(brokerage business),474,-325,9,0009(brokerage business),1050,2,9,0009(brokerage business),1046,-2
10,0096(brokerage business),457,-11,10,0139(brokerage business),1006,-80,10,0272(brokerage business),1007,-97
11,0148(brokerage business),379,-175,11,0137(brokerage business),911,2,11,0137(brokerage business),946,15
12,0272(brokerage business),198,-11,12,0257(brokerage business),890,6,12,0257(brokerage business),893,8
13,0067(brokerage business),170,-214,13,0275(brokerage business),844,-6,13,0275(brokerage business),830,6
14,0139(brokerage business),159,6,14,0004(brokerage business),587,9,14,0148(brokerage business),439,9
15,0009(brokerage business),142,-122,15,0299(brokerage business),489,2,15,0163(brokerage business),318,55
16,0069(brokerage business),142,87,16,0034(brokerage business),446,1,16,0153(brokerage business),253,-85
17,0153(brokerage business),140,-28,17,0276(brokerage business),164,0,17,0349(brokerage business),198,-6
18,0058(brokerage business),137,35,18,0268(brokerage business),131,-7,18,0018(brokerage business),184,-3
19,0161(brokerage business),127,-150,19,0082(brokerage business),111,25,19,0103(brokerage business),177,-1
20,0169(brokerage business),102,56,20,0320(brokerage business),98,1,20,0320(brokerage business),153,0
Total,,12135,-4893,Total,,17319,6,Total,,17010,-32
Member/OSP Type,Total Volume,Change from Previous Trading Day,Member/OSP Type,Total Long Position,Change from Previous Trading Day,Member/OSP Type,Total Short Position,Change from Previous Trading Day,,,
Contract Code：auall,,,,,,,2026-08-20,,,,
Name of FF Member/OSBP,903821,212134,Name of FF Member/OSBP,337754,21073,Name of FF Member/OSBP,74906,6160,,,
Name of Non-FF Member/OSNBP,32077,7220,Name of Non-FF Member/OSNBP,33615,-258,Name of Non-FF Member/OSNBP,296463,14655,,,
Ranking,Name of FF Member /OSBPs,Volume,Change from Previous Trading Day,Ranking,Name of FF Member /OSBPs,Long Position,Change from Previous Trading Day,Ranking,Name of FF Member /OSBPs,Short Position,Change from Previous Trading Day
Contract Code：au2610,,,,,,,,,,2026-08-20,
1,0004(brokerage business),128049,18380,1,0004(brokerage business),32515,663,1,0004(brokerage business),10352,344
2,0148(brokerage business),78947,15777,2,0148(brokerage business),16070,1413,2,0253(brokerage business),2881,1245
3,0163(brokerage business),56900,11515,3,0272(brokerage business),10098,-588,3,0148(brokerage business),2677,-316
4,0253(brokerage business),40297,12894,4,0103(brokerage business),8302,465,4,0163(brokerage business),2454,-420
5,0308(brokerage business),36059,8558,5,0163(brokerage business),7837,-156,5,0240(brokerage business),2323,159
6,0275(brokerage business),34363,11587,6,0082(brokerage business),6227,172,6,0001(brokerage business),2148,546
7,0272(brokerage business),23397,4871,7,0288(brokerage business),5549,157,7,0306(brokerage business),2052,398
8,0009(brokerage business),20177,4502,8,0253(brokerage business),5292,384,8,0268(brokerage business),1773,100
9,0240(brokerage business),14569,3506,9,0067(brokerage business),4796,887,9,0272(brokerage business),1500,-124
10,0268(brokerage business),14402,4236,10,0240(brokerage business),4645,406,10,0275(brokerage business),1346,394
11,0034(brokerage business),12987,3384,11,0034(brokerage business),4363,-41,11,0082(brokerage business),1277,20
12,0123(brokerage business),12071,3532,12,0042(brokerage business),3969,196,12,0049(brokerage business),1186,-17
13,0081(brokerage business),11799,957,13,0268(brokerage business),3753,-207,13,0034(brokerage business),1130,212
14,0096(brokerage business),10031,2653,14,0335(brokerage business),3686,128,14,0058(brokerage business),902,301
15,0372(brokerage business),9892,376,15,0161(brokerage business),3479,204,15,0186(brokerage business),867,313
16,0298(brokerage business),9261,2698,16,0274(brokerage business),3373,351,16,0009(brokerage business),805,40
17,0059(brokerage business),9107,2445,17,0323(brokerage business),2831,390,17,0096(brokerage business),716,175
18,0103(brokerage business),8897,3083,18,0096(brokerage business),2654,-68,18,0042(brokerage business),627,153
19,0077(brokerage business),8645,1209,19,0169(brokerage business),2632,-496,19,0288(brokerage business),604,66
20,0186(brokerage business),6565,1919,20,0308(brokerage business),2491,550,20,0308(brokerage business),566,21
Total,,546415,118082,Total,,134562,4810,Total,,38186,3610
Ranking,Name of FF Member /OSBPs,Volume,Change from Previous Trading Day,Ranking,Name of FF Member /OSBPs,Long Position,Change from Previous Trading Day,Ranking,Name of FF Member /OSBPs,Short Position,Change from Previous Trading Day
Contract Code：au2612,,,,,,,,,,2026-08-20,
1,0004(brokerage business),18530,709,1,0004(brokerage business),16189,449,1,0148(brokerage business),2752,110
2,0148(brokerage business),17252,5397,2,0148(brokerage business),12563,498,2,0025(brokerage business),1515,38
3,0253(brokerage business),14690,6245,3,0163(brokerage business),7264,725,3,0096(brokerage business),1450,116
4,0163(brokerage business),9726,3452,4,0103(brokerage business),3839,684,4,0268(brokerage business),1114,1
5,0308(brokerage business),9186,2480,5,0253(brokerage business),3389,-554,5,0089(brokerage business),815,69
6,0009(brokerage business),7414,1684,6,0240(brokerage business),3361,434,6,0009(brokerage business),636,-156
7,0275(brokerage business),6202,2465,7,0082(brokerage business),2884,216,7,0004(brokerage business),633,27
8,0059(brokerage business),4264,1626,8,0067(brokerage business),2702,14,8,0049(brokerage business),602,-187
9,0096(brokerage business),2823,1390,9,0272(brokerage business),2667,153,9,0001(brokerage business),525,61
10,0272(brokerage business),2530,311,10,0003(brokerage business),2373,-25,10,0034(brokerage business),522,20
11,0240(brokerage business),2512,1223,11,0274(brokerage business),1968,108,11,0372(brokerage business),431,2
12,0123(brokerage business),2369,973,12,0123(brokerage business),1899,3,12,0052(brokerage business),420,4
13,0103(brokerage business),2331,1558,13,0288(brokerage business),1823,52,13,0042(brokerage business),351,9
14,0081(brokerage business),2156,439,14,0096(brokerage business),1775,313,14,0163(brokerage business),343,167
15,0161(brokerage business),1252,667,15,0268(brokerage business),1692,-118,15,0272(brokerage business),319,5
16,0042(brokerage business),1139,742,16,0349(brokerage business),1591,-4,16,0418(brokerage business),220,0
17,0311(brokerage business),1015,64,17,0308(brokerage business),1534,46,17,0059(brokerage business),215,7
18,0058(brokerage business),957,573,18,0069(brokerage business),1437,54,18,0276(brokerage business),210,0
19,0034(brokerage business),924,319,19,0239(brokerage business),1428,325,19,0139(brokerage business),184,11
20,0001(brokerage business),889,689,20,0025(brokerage business),1357,-11,20,0327(brokerage business),172,86
Total,,108161,33006,Total,,73735,3362,Total,,13429,390
Ranking,Name of FF Member /OSBPs,Volume,Change from Previous Trading Day,Ranking,Name of FF Member /OSBPs,Long Position,Change from Previous Trading Day,Ranking,Name of FF Member /OSBPs,Short Position,Change from Previous Trading Day
Contract Code：au2702,,,,,,,,,,2026-08-20,
1,0148(brokerage business),8347,2562,1,0148(brokerage business),2583,-46,1,0004(brokerage business),344,67
2,0004(brokerage business),7322,2146,2,0067(brokerage business),1093,5,2,0042(brokerage business),131,1
3,0253(brokerage business),4427,1694,3,0163(brokerage business),943,290,3,0272(brokerage business),82,61
4,0163(brokerage business),3008,897,4,0004(brokerage business),930,127,4,0148(brokerage business),81,19
5,0275(brokerage business),1982,1293,5,0123(brokerage business),515,-8,5,0239(brokerage business),52,12
6,0081(brokerage business),1569,351,6,0253(brokerage business),330,26,6,0058(brokerage business),47,-9
7,0009(brokerage business),1552,630,7,0103(brokerage business),308,23,7,0253(brokerage business),45,25
8,0308(brokerage business),1441,208,8,0268(brokerage business),252,6,8,0268(brokerage business),40,10
9,0240(brokerage business),1150,405,9,0009(brokerage business),245,227,9,0163(brokerage business),37,6
10,0123(brokerage business),1052,722,10,0288(brokerage business),226,-2,10,0169(brokerage business),37,1
11,0059(brokerage business),972,282,11,0272(brokerage business),208,-5,11,0333(brokerage business),37,7
12,0161(brokerage business),471,126,12,0116(brokerage business),195,119,12,0240(brokerage business),33,18
13,0272(brokerage business),426,35,13,0018(brokerage business),176,-6,13,0372(brokerage business),31,0
14,0156(brokerage business),293,108,14,0240(brokerage business),175,-28,14,0096(brokerage business),28,11
15,0007(brokerage business),283,109,15,0161(brokerage business),150,-16,15,0323(brokerage business),28,-5
16,0042(brokerage business),278,234,16,0034(brokerage business),146,10,16,0007(brokerage business),24,-9
17,0116(brokerage business),265,50,17,0008(brokerage business),139,3,17,0088(brokerage business),24,-4
18,0096(brokerage business),263,87,18,0323(brokerage business),133,7,18,0081(brokerage business),22,0
19,0238(brokerage business),240,68,19,0081(brokerage business),126,15,19,0077(brokerage business),21,10
20,0139(brokerage business),214,24,20,0311(brokerage business),124,25,20,0161(brokerage business),20,7
Total,,35555,12031,Total,,8997,772,Total,,1164,228
Member/OSP Type,Total Volume,Change from Previous Trading Day,Member/OSP Type,Total Long Position,Change from Previous Trading Day,Member/OSP Type,Total Short Position,Change from Previous Trading Day,,,
Contract Code：agall,,,,,,,2026-08-20,,,,
Name of FF Member/OSBP,2388348,245378,Name of FF Member/OSBP,516986,-1875,Name of FF Member/OSBP,368777,-3245,,,
Name of Non-FF Member/OSNBP,11008,5578,Name of Non-FF Member/OSNBP,34511,611,Name of Non-FF Member/OSNBP,182720,1981,,,
Ranking,Name of FF Member /OSBPs,Volume,Change from Previous Trading Day,Ranking,Name of FF Member /OSBPs,Long Position,Change from Previous Trading Day,Ranking,Name of FF Member /OSBPs,Short Position,Change from Previous Trading Day
Contract Code：ag2610,,,,,,,,,,2026-08-20,
1,0004(brokerage business),204881,17556,1,0004(brokerage business),31918,5061,1,0148(brokerage business),27644,-14
2,0148(brokerage business),140913,9120,2,0148(brokerage business),22237,2643,2,0004(brokerage business),23449,-1258
3,0163(brokerage business),79027,9283,3,0272(brokerage business),16459,347,3,0137(brokerage business),11809,-666
4,0275(brokerage business),71386,5317,4,0163(brokerage business),13346,3406,4,0272(brokerage business),11346,870
5,0240(brokerage business),67415,11608,5,0253(brokerage business),9647,-561,5,0049(brokerage business),10578,98
6,0253(brokerage business),53650,1230,6,0082(brokerage business),8727,-2324,6,0163(brokerage business),9444,-1673
7,0308(brokerage business),50962,3841,7,0288(brokerage business),8724,-761,7,0372(brokerage business),8907,-40
8,0272(brokerage business),43286,-839,8,0240(brokerage business),8399,-142,8,0253(brokerage business),6383,-481
9,0034(brokerage business),40292,6867,9,0323(brokerage business),7337,1527,9,0006(brokerage business),5186,-122
10,0268(brokerage business),34880,3069,10,0067(brokerage business),6642,3,10,0034(brokerage business),5099,1370
11,0081(brokerage business),33772,3456,11,0034(brokerage business),6529,-1962,11,0042(brokerage business),5063,292
12,0186(brokerage business),31367,5416,12,0103(brokerage business),6331,-551,12,0001(brokerage business),4823,982
13,0298(brokerage business),30919,3616,13,0268(brokerage business),5696,-421,13,0123(brokerage business),4709,256
14,0059(brokerage business),30440,3279,14,0042(brokerage business),5409,-608,14,0096(brokerage business),4147,-245
15,0288(brokerage business),19527,3100,15,0161(brokerage business),4641,227,15,0240(brokerage business),3882,657
16,0123(brokerage business),18794,1676,16,0049(brokerage business),4568,-130,16,0315(brokerage business),3848,122
17,0323(brokerage business),18484,991,17,0009(brokerage business),4234,659,17,0103(brokerage business),3155,-128
18,0009(brokerage business),18188,2616,18,0069(brokerage business),4009,102,18,0288(brokerage business),3152,324
19,0103(brokerage business),16117,424,19,0308(brokerage business),3553,-342,19,0069(brokerage business),2647,68
20,0137(brokerage business),15906,648,20,0059(brokerage business),3402,180,20,0298(brokerage business),2340,688
Total,,1020206,92274,Total,,181808,6353,Total,,157611,1100
Ranking,Name of FF Member /OSBPs,Volume,Change from Previous Trading Day,Ranking,Name of FF Member /OSBPs,Long Position,Change from Previous Trading Day,Ranking,Name of FF Member /OSBPs,Short Position,Change from Previous Trading Day
Contract Code：ag2612,,,,,,,,,,2026-08-20,
1,0004(brokerage business),32332,3091,1,0004(brokerage business),11147,-48,1,0148(brokerage business),25270,1457
2,0148(brokerage business),26433,2097,2,0082(brokerage business),10621,100,2,0004(brokerage business),6573,-214
3,0275(brokerage business),20919,2438,3,0272(brokerage business),8427,100,3,0049(brokerage business),5232,-22
4,0163(brokerage business),12982,741,4,0049(brokerage business),7689,6,4,0025(brokerage business),3737,79
5,0240(brokerage business),10293,1377,5,0163(brokerage business),7291,477,5,0034(brokerage business),3541,341
6,0253(brokerage business),9992,162,6,0148(brokerage business),6459,332,6,0163(brokerage business),3444,-605
7,0308(brokerage business),9008,-110,7,0025(brokerage business),4980,-88,7,0272(brokerage business),2651,-12
8,0123(brokerage business),8908,648,8,0323(brokerage business),4462,382,8,0009(brokerage business),2413,-215
9,0059(brokerage business),7350,831,9,0268(brokerage business),4186,-433,9,0139(brokerage business),2190,63
10,0272(brokerage business),6704,953,10,0103(brokerage business),4155,-60,10,0082(brokerage business),2070,30
11,0034(brokerage business),5920,307,11,0043(brokerage business),3933,-207,11,0042(brokerage business),1974,-13
12,0268(brokerage business),5273,868,12,0067(brokerage business),3633,128,12,0103(brokerage business),1936,-93
13,0009(brokerage business),5125,1750,13,0253(brokerage business),3577,55,13,0274(brokerage business),1933,87
14,0137(brokerage business),4369,2306,14,0288(brokerage business),3023,-3,14,0048(brokerage business),1923,-253
15,0096(brokerage business),4193,1124,15,0042(brokerage business),2884,261,15,0315(brokerage business),1491,9
16,0081(brokerage business),3373,-1281,16,0240(brokerage business),2709,174,16,0096(brokerage business),1462,97
17,0161(brokerage business),2698,-7,17,0034(brokerage business),2366,-1009,17,0288(brokerage business),1353,266
18,0069(brokerage business),2278,-81,18,0003(brokerage business),1858,242,18,0320(brokerage business),1179,100
19,0049(brokerage business),2178,95,19,0096(brokerage business),1687,112,19,0069(brokerage business),1080,41
20,0186(brokerage business),2167,558,20,0275(brokerage business),1474,-754,20,0240(brokerage business),1073,-507
Total,,182495,17867,Total,,96561,-233,Total,,72525,636
Ranking,Name of FF Member /OSBPs,Volume,Change from Previous Trading Day,Ranking,Name of FF Member /OSBPs,Long Position,Change from Previous Trading Day,Ranking,Name of FF Member /OSBPs,Short Position,Change from Previous Trading Day
Contract Code：ag2702,,,,,,,,,,2026-08-20,
1,0004(brokerage business),46631,5269,1,0043(brokerage business),3336,18,1,0148(brokerage business),8312,-378
2,0163(brokerage business),43350,8810,2,0323(brokerage business),3050,155,2,0163(brokerage business),2456,-749
3,0148(brokerage business),35961,1171,3,0148(brokerage business),2633,397,3,0272(brokerage business),1908,198
4,0275(brokerage business),21342,1319,4,0082(brokerage business),2226,827,4,0042(brokerage business),1781,-175
5,0240(brokerage business),16974,1823,5,0163(brokerage business),1671,205,5,0049(brokerage business),1577,-353
6,0253(brokerage business),15970,2069,6,0004(brokerage business),1548,-125,6,0004(brokerage business),1250,-182
7,0009(brokerage business),13598,2975,7,0067(brokerage business),1365,4,7,0069(brokerage business),1005,49
8,0308(brokerage business),12654,661,8,0049(brokerage business),966,-43,8,0009(brokerage business),797,260
9,0123(brokerage business),10098,1268,9,0333(brokerage business),921,-97,9,0240(brokerage business),618,-101
10,0081(brokerage business),8626,-1996,10,0123(brokerage business),797,-17,10,0315(brokerage business),597,23
11,0272(brokerage business),8594,1770,11,0137(brokerage business),784,-90,11,0137(brokerage business),493,-106
12,0298(brokerage business),6636,-211,12,0240(brokerage business),617,-191,12,0275(brokerage business),479,366
13,0137(brokerage business),5284,-132,13,0088(brokerage business),603,-141,13,0034(brokerage business),316,20
14,0186(brokerage business),5020,6,14,0034(brokerage business),601,-44,14,0253(brokerage business),271,-805
15,0059(brokerage business),4773,482,15,0272(brokerage business),570,-138,15,0288(brokerage business),268,103
16,0042(brokerage business),4265,1846,16,0253(brokerage business),544,-177,16,0268(brokerage business),246,74
17,0096(brokerage business),4230,908,17,0268(brokerage business),411,-160,17,0298(brokerage business),210,90
18,0268(brokerage business),3842,667,18,0275(brokerage business),391,-324,18,0121(brokerage business),207,4
19,0161(brokerage business),3084,1037,19,0096(brokerage business),365,-55,19,0096(brokerage business),191,117
20,0069(brokerage business),2938,323,20,0081(brokerage business),348,162,20,0059(brokerage business),186,-334
Total,,273870,30065,Total,,23747,166,Total,,23168,-1879
Member/OSP Type,Total Volume,Change from Previous Trading Day,Member/OSP Type,Total Long Position,Change from Previous Trading Day,Member/OSP Type,Total Short Position,Change from Previous Trading Day,,,
Contract Code：rball,,,,,,,2026-08-20,,,,
Name of FF Member/OSBP,2599544,312104,Name of FF Member/OSBP,3175070,22887,Name of FF Member/OSBP,3175070,22887,,,
Name of Non-FF Member/OSNBP,0,0,Name of Non-FF Member/OSNBP,0,0,Name of Non-FF Member/OSNBP,0,0,,,
Ranking,Name of FF Member /OSBPs,Volume,Change from Previous Trading Day,Ranking,Name of FF Member /OSBPs,Long Position,Change from Previous Trading Day,Ranking,Name of FF Member /OSBPs,Short Position,Change from Previous Trading Day
Contract Code：rb2609,,,,,,,,,,2026-08-20,
1,0163(brokerage business),5514,1554,1,0240(brokerage business),2658,-520,1,0059(brokerage business),2358,-602
2,0148(brokerage business),3883,2782,2,0004(brokerage business),2517,-408,2,0019(brokerage business),2121,-62
3,0004(brokerage business),2785,1876,3,0148(brokerage business),2276,-1226,3,0004(brokerage business),1425,-1939
4,0253(brokerage business),1623,633,4,0349(brokerage business),1317,-500,4,0349(brokerage business),1320,-500
5,0082(brokerage business),1534,996,5,0275(brokerage business),949,-303,5,0103(brokerage business),1206,4
6,0103(brokerage business),1447,1135,6,0163(brokerage business),859,-196,6,0163(brokerage business),1024,-36
7,0349(brokerage business),1000,-20,7,0252(brokerage business),805,0,7,0323(brokerage business),1016,5
8,0081(brokerage business),995,715,8,0159(brokerage business),702,-46,8,0007(brokerage business),908,-51
9,0275(brokerage business),933,641,9,0067(brokerage business),604,-100,9,0252(brokerage business),814,0
10,0096(brokerage business),871,-52,10,0022(brokerage business),500,0,10,0277(brokerage business),701,-33
11,0272(brokerage business),798,493,11,0103(brokerage business),484,-593,11,0253(brokerage business),507,-204
12,0139(brokerage business),752,384,12,0171(brokerage business),400,-20,12,0034(brokerage business),455,-2
13,0240(brokerage business),719,239,13,0096(brokerage business),394,-1,13,0275(brokerage business),446,-240
14,0159(brokerage business),686,-344,14,0003(brokerage business),371,0,14,0069(brokerage business),436,-231
15,0151(brokerage business),677,676,15,0125(brokerage business),353,0,15,0137(brokerage business),414,4
16,0075(brokerage business),620,540,16,0029(brokerage business),351,0,16,0077(brokerage business),350,0
17,0069(brokerage business),618,-171,17,0069(brokerage business),319,-239,17,0274(brokerage business),331,0
18,0268(brokerage business),609,372,18,0308(brokerage business),227,0,18,0082(brokerage business),287,47
19,0059(brokerage business),602,602,19,0123(brokerage business),216,0,19,0299(brokerage business),285,0
20,0274(brokerage business),500,500,20,0253(brokerage business),210,-391,20,0075(brokerage business),270,100
Total,,27166,13551,Total,,16512,-4543,Total,,16674,-3740
Ranking,Name of FF Member /OSBPs,Volume,Change from Previous Trading Day,Ranking,Name of FF Member /OSBPs,Long Position,Change from Previous Trading Day,Ranking,Name of FF Member /OSBPs,Short Position,Change from Previous Trading Day
Contract Code：rb2610,,,,,,,,,,2026-08-20,
1,0163(brokerage business),270605,70484,1,0004(brokerage business),203461,-6720,1,0004(brokerage business),175535,-7453
2,0148(brokerage business),250736,30618,2,0148(brokerage business),145060,-10534,2,0148(brokerage business),164388,-8032
3,0004(brokerage business),202697,10854,3,0103(brokerage business),96970,-3669,3,0239(brokerage business),118783,-20993
4,0253(brokerage business),93117,-8952,4,0163(brokerage business),86252,1745,4,0163(brokerage business),110405,-2196
5,0272(brokerage business),75450,11674,5,0034(brokerage business),72451,-4887,5,0103(brokerage business),78405,-1650
6,0275(brokerage business),69562,10022,6,0272(brokerage business),63872,-4986,6,0272(brokerage business),78317,2276
7,0059(brokerage business),48171,7606,7,0253(brokerage business),61833,-2324,7,0253(brokerage business),73539,-171
8,0103(brokerage business),44963,5268,8,0059(brokerage business),44658,-1454,8,0042(brokerage business),52289,3344
9,0240(brokerage business),41561,12457,9,0274(brokerage business),41094,35,9,0335(brokerage business),51640,-15857
10,0034(brokerage business),30390,636,10,0268(brokerage business),38905,-2700,10,0082(brokerage business),50986,-218
11,0335(brokerage business),29279,12599,11,0009(brokerage business),34670,-1639,11,0059(brokerage business),49413,-991
12,0268(brokerage business),26454,-8763,12,0275(brokerage business),31400,327,12,0034(brokerage business),46117,-5183
13,0239(brokerage business),24674,-4133,13,0069(brokerage business),30803,392,13,0084(brokerage business),45258,-3124
14,0274(brokerage business),21362,7287,14,0125(brokerage business),29737,-339,14,0275(brokerage business),44982,7075
15,0186(brokerage business),18145,-5392,15,0186(brokerage business),28797,-914,15,0136(brokerage business),38345,-1969
16,0081(brokerage business),16356,-3524,16,0058(brokerage business),28588,-1199,16,0274(brokerage business),35805,-47
17,0123(brokerage business),16031,-8819,17,0277(brokerage business),26199,-900,17,0007(brokerage business),30746,-210
18,0259(brokerage business),15513,6361,18,0081(brokerage business),24702,-263,18,0240(brokerage business),25424,-204
19,0042(brokerage business),15357,1635,19,0096(brokerage business),24602,-4330,19,0277(brokerage business),23380,-650
20,0107(brokerage business),14973,9112,20,0082(brokerage business),24387,-241,20,0123(brokerage business),21585,-3070
Total,,1325396,157030,Total,,1138441,-44600,Total,,1315342,-59323
Ranking,Name of FF Member /OSBPs,Volume,Change from Previous Trading Day,Ranking,Name of FF Member /OSBPs,Long Position,Change from Previous Trading Day,Ranking,Name of FF Member /OSBPs,Short Position,Change from Previous Trading Day
Contract Code：rb2611,,,,,,,,,,2026-08-20,
1,0163(brokerage business),20434,3656,1,0323(brokerage business),52870,36,1,0323(brokerage business),53138,-11
2,0253(brokerage business),9565,2954,2,0004(brokerage business),32620,-138,2,0148(brokerage business),33083,2264
3,0148(brokerage business),8452,464,3,0163(brokerage business),31148,446,3,0163(brokerage business),32649,70
4,0275(brokerage business),3696,-564,4,0253(brokerage business),27586,1085,4,0004(brokerage business),31263,214
5,0268(brokerage business),2802,738,5,0148(brokerage business),27537,-12,5,0253(brokerage business),28227,1072
6,0004(brokerage business),2768,-3,6,0151(brokerage business),24506,343,6,0151(brokerage business),24375,-3
7,0139(brokerage business),2296,833,7,0081(brokerage business),18064,-3,7,0081(brokerage business),18205,42
8,0069(brokerage business),2090,-274,8,0272(brokerage business),16336,-241,8,0103(brokerage business),17461,-852
9,0081(brokerage business),1995,904,9,0082(brokerage business),16142,16,9,0272(brokerage business),17180,-464
10,0151(brokerage business),1992,404,10,0268(brokerage business),15825,-70,10,0082(brokerage business),16050,6
11,0096(brokerage business),1782,646,11,0069(brokerage business),15639,-20,11,0069(brokerage business),15927,-28
12,0103(brokerage business),1681,668,12,0103(brokerage business),14866,-779,12,0268(brokerage business),14867,-14
13,0272(brokerage business),1297,-1233,13,0139(brokerage business),14573,-159,13,0139(brokerage business),14593,29
14,0240(brokerage business),1125,598,14,0096(brokerage business),4223,-104,14,0096(brokerage business),6020,-4
15,0259(brokerage business),1034,-721,15,0275(brokerage business),4049,2161,15,0244(brokerage business),3953,16
16,0159(brokerage business),894,-52,16,0244(brokerage business),4020,5,16,0019(brokerage business),3132,68
17,0019(brokerage business),735,-124,17,0019(brokerage business),3352,-155,17,0178(brokerage business),2990,10
18,0274(brokerage business),732,689,18,0058(brokerage business),3186,8,18,0123(brokerage business),2977,-2
19,0082(brokerage business),684,215,19,0177(brokerage business),2555,350,19,0161(brokerage business),2782,3
20,0333(brokerage business),682,680,20,0077(brokerage business),2339,-33,20,0077(brokerage business),2650,37
Total,,66736,10478,Total,,331436,2736,Total,,341522,2453
Ranking,Name of FF Member /OSBPs,Volume,Change from Previous Trading Day,Ranking,Name of FF Member /OSBPs,Long Position,Change from Previous Trading Day,Ranking,Name of FF Member /OSBPs,Short Position,Change from Previous Trading Day
Contract Code：rb2701,,,,,,,,,,2026-08-20,
1,0148(brokerage business),99529,10975,1,0148(brokerage business),106074,14569,1,0004(brokerage business),92935,18224
2,0163(brokerage business),82778,22755,2,0004(brokerage business),60699,6420,2,0103(brokerage business),49477,2655
3,0004(brokerage business),71238,8911,3,0103(brokerage business),58911,6592,3,0239(brokerage business),46735,12966
4,0253(brokerage business),39395,8884,4,0163(brokerage business),42524,10951,4,0274(brokerage business),34622,173
5,0275(brokerage business),31945,8049,5,0034(brokerage business),36448,237,5,0084(brokerage business),29783,3000
6,0259(brokerage business),18171,3915,6,0253(brokerage business),32679,3893,6,0163(brokerage business),26767,511
7,0103(brokerage business),17439,2891,7,0272(brokerage business),28331,4508,7,0123(brokerage business),25805,4552
8,0335(brokerage business),16964,13156,8,0274(brokerage business),25382,873,8,0148(brokerage business),22745,1696
9,0239(brokerage business),14966,-7022,9,0042(brokerage business),25021,2805,9,0277(brokerage business),21360,4801
10,0034(brokerage business),14511,7621,10,0123(brokerage business),22383,686,10,0335(brokerage business),19527,14588
11,0123(brokerage business),14168,2525,11,0096(brokerage business),21328,2999,11,0275(brokerage business),19383,536
12,0272(brokerage business),11566,-7560,12,0238(brokerage business),19630,358,12,0007(brokerage business),18736,-80
13,0184(brokerage business),9329,1096,13,0275(brokerage business),16265,3179,13,0184(brokerage business),17965,9329
14,0319(brokerage business),7546,7252,14,0153(brokerage business),13107,3300,14,0034(brokerage business),17149,5294
15,0277(brokerage business),7463,6054,15,0009(brokerage business),12747,973,15,0042(brokerage business),16661,390
16,0096(brokerage business),6486,1725,16,0151(brokerage business),11232,2236,16,0059(brokerage business),15411,-236
17,0186(brokerage business),6309,472,17,0137(brokerage business),11052,813,17,0003(brokerage business),15352,124
18,0007(brokerage business),6085,939,18,0019(brokerage business),10774,165,18,0253(brokerage business),15161,882
19,0268(brokerage business),6059,2226,19,0306(brokerage business),10160,1641,19,0272(brokerage business),14514,-3760
20,0059(brokerage business),5997,1698,20,0125(brokerage business),9850,295,20,0058(brokerage business),13831,-1226
Total,,487944,96562,Total,,574597,67493,Total,,533919,74419
Ranking,Name of FF Member /OSBPs,Volume,Change from Previous Trading Day,Ranking,Name of FF Member /OSBPs,Long Position,Change from Previous Trading Day,Ranking,Name of FF Member /OSBPs,Short Position,Change from Previous Trading Day
Contract Code：rb2703,,,,,,,,,,2026-08-20,
1,0163(brokerage business),14504,8426,1,0323(brokerage business),17378,1383,1,0323(brokerage business),17331,1381
2,0148(brokerage business),2962,597,2,0163(brokerage business),11999,187,2,0163(brokerage business),11772,-21
3,0323(brokerage business),2792,844,3,0082(brokerage business),7922,130,3,0082(brokerage business),7953,156
4,0253(brokerage business),2320,1345,4,0253(brokerage business),7899,988,4,0004(brokerage business),7895,701
5,0103(brokerage business),1808,1292,5,0268(brokerage business),7778,-28,5,0103(brokerage business),7882,919
6,0268(brokerage business),1673,759,6,0004(brokerage business),7755,504,6,0253(brokerage business),7848,996
7,0096(brokerage business),1531,431,7,0103(brokerage business),7665,863,7,0268(brokerage business),7502,3
8,0004(brokerage business),1527,773,8,0151(brokerage business),6992,547,8,0151(brokerage business),6985,545
9,0069(brokerage business),1482,436,9,0148(brokerage business),6725,516,9,0148(brokerage business),6720,356
10,0139(brokerage business),1478,1142,10,0096(brokerage business),6048,677,10,0096(brokerage business),6091,678
11,0081(brokerage business),1150,589,11,0139(brokerage business),5492,739,11,0139(brokerage business),5442,739
12,0151(brokerage business),1098,299,12,0272(brokerage business),5178,302,12,0081(brokerage business),4789,3
13,0257(brokerage business),1008,883,13,0081(brokerage business),4807,31,13,0272(brokerage business),4777,395
14,0272(brokerage business),923,-92,14,0069(brokerage business),4411,735,14,0069(brokerage business),4376,727
15,0254(brokerage business),540,260,15,0138(brokerage business),3004,0,15,0138(brokerage business),3000,0
16,0275(brokerage business),505,-7,16,0275(brokerage business),595,-1,16,0274(brokerage business),786,0
17,0169(brokerage business),488,324,17,0034(brokerage business),576,1,17,0263(brokerage business),469,30
18,0385(brokerage business),420,280,18,0254(brokerage business),410,270,18,0254(brokerage business),411,270
19,0178(brokerage business),394,254,19,0153(brokerage business),185,-17,19,0084(brokerage business),400,0
20,0308(brokerage business),341,298,20,0107(brokerage business),96,-4,20,0007(brokerage business),354,-1
Total,,38944,19133,Total,,112915,7823,Total,,112783,7877
Member/OSP Type,Total Volume,Change from Previous Trading Day,Member/OSP Type,Total Long Position,Change from Previous Trading Day,Member/OSP Type,Total Short Position,Change from Previous Trading Day,,,
Contract Code：hcall,,,,,,,2026-08-20,,,,
Name of FF Member/OSBP,1005506,-25222,Name of FF Member/OSBP,2010218,23673,Name of FF Member/OSBP,2010218,23673,,,
Name of Non-FF Member/OSNBP,0,0,Name of Non-FF Member/OSNBP,0,0,Name of Non-FF Member/OSNBP,0,0,,,
Ranking,Name of FF Member /OSBPs,Volume,Change from Previous Trading Day,Ranking,Name of FF Member /OSBPs,Long Position,Change from Previous Trading Day,Ranking,Name of FF Member /OSBPs,Short Position,Change from Previous Trading Day
Contract Code：hc2609,,,,,,,,,,2026-08-20,
1,0163(brokerage business),1581,367,1,0274(brokerage business),1504,0,1,0004(brokerage business),2392,123
2,0139(brokerage business),892,322,2,0004(brokerage business),1271,-263,2,0274(brokerage business),1500,0
3,0268(brokerage business),861,228,3,0163(brokerage business),1236,9,3,0159(brokerage business),1387,505
4,0004(brokerage business),728,225,4,0125(brokerage business),1051,300,4,0240(brokerage business),954,-466
5,0161(brokerage business),649,-91,5,0076(brokerage business),750,0,5,0008(brokerage business),825,-300
6,0159(brokerage business),505,-31,6,0272(brokerage business),721,-10,6,0171(brokerage business),660,0
7,0240(brokerage business),501,228,7,0151(brokerage business),583,4,7,0022(brokerage business),500,0
8,0008(brokerage business),300,50,8,0137(brokerage business),438,-5,8,0137(brokerage business),418,-1
9,0125(brokerage business),300,87,9,0148(brokerage business),428,-2,9,0077(brokerage business),378,0
10,0096(brokerage business),193,-19,10,0096(brokerage business),208,-15,10,0042(brokerage business),234,0
11,0253(brokerage business),158,11,11,0161(brokerage business),199,-5,11,0067(brokerage business),180,0
12,0148(brokerage business),144,-85,12,0253(brokerage business),170,-92,12,0148(brokerage business),167,0
13,0178(brokerage business),131,110,13,0081(brokerage business),156,-14,13,0163(brokerage business),143,-10
14,0069(brokerage business),124,123,14,0338(brokerage business),156,0,14,0253(brokerage business),129,-66
15,0141(brokerage business),80,37,15,0103(brokerage business),143,-12,15,0096(brokerage business),120,0
16,0238(brokerage business),53,23,16,0069(brokerage business),125,124,16,0103(brokerage business),120,0
17,0275(brokerage business),37,-123,17,0275(brokerage business),108,-3,17,0272(brokerage business),71,0
18,0048(brokerage business),26,-190,18,0043(brokerage business),92,0,18,0019(brokerage business),60,0
19,0049(brokerage business),24,-3,19,0014(brokerage business),84,0,19,0268(brokerage business),48,4
20,0058(brokerage business),24,-58,20,0157(brokerage business),82,0,20,0275(brokerage business),48,0
Total,,7311,1211,Total,,9505,16,Total,,10334,-211
Ranking,Name of FF Member /OSBPs,Volume,Change from Previous Trading Day,Ranking,Name of FF Member /OSBPs,Long Position,Change from Previous Trading Day,Ranking,Name of FF Member /OSBPs,Short Position,Change from Previous Trading Day
Contract Code：hc2610,,,,,,,,,,2026-08-20,
1,0163(brokerage business),88539,-10142,1,0004(brokerage business),188640,-8708,1,0004(brokerage business),141073,-11099
2,0004(brokerage business),84463,-2145,2,0148(brokerage business),66003,-39,2,0148(brokerage business),131925,-3469
3,0148(brokerage business),69704,-18056,3,0163(brokerage business),63496,-348,3,0239(brokerage business),61578,-14013
4,0253(brokerage business),35350,-7030,4,0103(brokerage business),62877,-5168,4,0272(brokerage business),56866,-1218
5,0275(brokerage business),24715,-520,5,0042(brokerage business),61238,-1352,5,0058(brokerage business),46489,413
6,0272(brokerage business),22979,-1371,6,0009(brokerage business),45135,-1528,6,0163(brokerage business),43092,1637
7,0239(brokerage business),17145,-667,7,0272(brokerage business),41383,-727,7,0259(brokerage business),42485,323
8,0103(brokerage business),16538,-1091,8,0253(brokerage business),33139,930,8,0275(brokerage business),40010,1991
9,0081(brokerage business),11180,423,9,0059(brokerage business),27643,719,9,0103(brokerage business),31112,-476
10,0034(brokerage business),10871,3744,10,0275(brokerage business),27029,-3114,10,0253(brokerage business),29568,-2124
11,0335(brokerage business),10764,1823,11,0058(brokerage business),26747,-1801,11,0034(brokerage business),23666,4366
12,0137(brokerage business),9816,4378,12,0034(brokerage business),26275,-67,12,0059(brokerage business),23501,1883
13,0259(brokerage business),9327,300,13,0125(brokerage business),25022,-440,13,0335(brokerage business),23261,-3924
14,0003(brokerage business),9157,6502,14,0123(brokerage business),23880,45,14,0042(brokerage business),19572,-219
15,0059(brokerage business),8724,2540,15,0081(brokerage business),20080,339,15,0137(brokerage business),18844,754
16,0123(brokerage business),7956,788,16,0019(brokerage business),19112,-303,16,0125(brokerage business),17830,84
17,0007(brokerage business),7790,-1179,17,0323(brokerage business),18870,-791,17,0019(brokerage business),17418,246
18,0240(brokerage business),6374,-1235,18,0268(brokerage business),14677,317,18,0123(brokerage business),17399,873
19,0268(brokerage business),6017,642,19,0277(brokerage business),12898,110,19,0082(brokerage business),17000,-731
20,0042(brokerage business),5895,-5998,20,0288(brokerage business),11584,324,20,0153(brokerage business),16345,-734
Total,,463304,-28294,Total,,815728,-21602,Total,,819034,-25437
Ranking,Name of FF Member /OSBPs,Volume,Change from Previous Trading Day,Ranking,Name of FF Member /OSBPs,Long Position,Change from Previous Trading Day,Ranking,Name of FF Member /OSBPs,Short Position,Change from Previous Trading Day
Contract Code：hc2611,,,,,,,,,,2026-08-20,
1,0253(brokerage business),14721,6384,1,0148(brokerage business),46667,35,1,0323(brokerage business),46772,-4
2,0163(brokerage business),11769,2761,2,0323(brokerage business),46657,-10,2,0240(brokerage business),34889,-1281
3,0148(brokerage business),9762,344,3,0240(brokerage business),33475,-256,3,0148(brokerage business),30424,-111
4,0103(brokerage business),5963,3683,4,0268(brokerage business),26483,-449,4,0004(brokerage business),26815,-10
5,0268(brokerage business),4218,1102,5,0178(brokerage business),26258,-5,5,0268(brokerage business),26509,-451
6,0240(brokerage business),3917,1073,6,0004(brokerage business),25913,-155,6,0081(brokerage business),24048,-588
7,0081(brokerage business),3444,1604,7,0081(brokerage business),23709,-514,7,0178(brokerage business),22804,2
8,0004(brokerage business),3233,245,8,0161(brokerage business),22073,-56,8,0048(brokerage business),22039,658
9,0178(brokerage business),2815,-1762,9,0048(brokerage business),22007,668,9,0161(brokerage business),22033,6
10,0048(brokerage business),2360,966,10,0139(brokerage business),20001,0,10,0139(brokerage business),19721,0
11,0139(brokerage business),1326,-273,11,0253(brokerage business),19976,-1344,11,0253(brokerage business),19633,-715
12,0008(brokerage business),949,391,12,0137(brokerage business),13968,-2,12,0137(brokerage business),14866,-46
13,0137(brokerage business),944,46,13,0103(brokerage business),12616,-479,13,0103(brokerage business),11553,-406
14,0274(brokerage business),927,785,14,0019(brokerage business),7558,2,14,0019(brokerage business),7559,-18
15,0125(brokerage business),820,470,15,0077(brokerage business),2437,4,15,0084(brokerage business),5007,0
16,0096(brokerage business),786,381,16,0115(brokerage business),1750,0,16,0042(brokerage business),3144,-1
17,0275(brokerage business),687,-10854,17,0151(brokerage business),1688,-2,17,0008(brokerage business),2656,613
18,0161(brokerage business),628,-537,18,0134(brokerage business),1538,0,18,0077(brokerage business),2478,0
19,0323(brokerage business),560,91,19,0125(brokerage business),1422,-820,19,0171(brokerage business),2101,63
20,0034(brokerage business),516,359,20,0275(brokerage business),1130,-61,20,0049(brokerage business),1690,-4
Total,,70345,7259,Total,,357326,-3444,Total,,346741,-2293
Ranking,Name of FF Member /OSBPs,Volume,Change from Previous Trading Day,Ranking,Name of FF Member /OSBPs,Long Position,Change from Previous Trading Day,Ranking,Name of FF Member /OSBPs,Short Position,Change from Previous Trading Day
Contract Code：hc2701,,,,,,,,,,2026-08-20,
1,0163(brokerage business),51459,7547,1,0042(brokerage business),86017,3594,1,0004(brokerage business),75901,11342
2,0004(brokerage business),50446,13119,2,0004(brokerage business),76576,19670,2,0163(brokerage business),39384,2290
3,0148(brokerage business),28478,-3238,3,0148(brokerage business),36015,2341,3,0058(brokerage business),26558,3239
4,0275(brokerage business),14027,3488,4,0163(brokerage business),33369,12147,4,0148(brokerage business),24867,2119
5,0253(brokerage business),13868,4404,5,0253(brokerage business),20131,285,5,0239(brokerage business),22560,7101
6,0103(brokerage business),9203,-984,6,0103(brokerage business),17305,4378,6,0272(brokerage business),22270,2534
7,0239(brokerage business),7245,1682,7,0272(brokerage business),15687,1149,7,0275(brokerage business),19172,1613
8,0042(brokerage business),6267,-6013,8,0275(brokerage business),15674,-36,8,0103(brokerage business),18029,2905
9,0009(brokerage business),5701,-635,9,0082(brokerage business),14839,-74,9,0253(brokerage business),17535,1173
10,0058(brokerage business),5349,-2978,10,0034(brokerage business),13327,-847,10,0059(brokerage business),12519,2249
11,0274(brokerage business),5137,2425,11,0058(brokerage business),11643,1502,11,0003(brokerage business),12270,1081
12,0272(brokerage business),4475,87,12,0009(brokerage business),11055,4550,12,0084(brokerage business),10397,2410
13,0034(brokerage business),4283,2913,13,0274(brokerage business),8771,1991,13,0034(brokerage business),10062,594
14,0096(brokerage business),3916,1119,14,0003(brokerage business),7474,662,14,0277(brokerage business),9823,1431
15,0123(brokerage business),3779,2400,15,0081(brokerage business),7142,250,15,0305(brokerage business),9063,0
16,0268(brokerage business),3641,2075,16,0137(brokerage business),6769,588,16,0009(brokerage business),8982,53
17,0059(brokerage business),3499,-2505,17,0096(brokerage business),6695,254,17,0123(brokerage business),7717,2801
18,0335(brokerage business),3121,2458,18,0095(brokerage business),6187,-190,18,0002(brokerage business),6687,98
19,0137(brokerage business),2938,859,19,0186(brokerage business),5485,463,19,0335(brokerage business),5686,2057
20,0277(brokerage business),2736,833,20,0308(brokerage business),3684,123,20,0081(brokerage business),5507,222
Total,,229568,29056,Total,,403845,52800,Total,,364989,47312
Member/OSP Type,Total Volume,Change from Previous Trading Day,Member/OSP Type,Total Long Position,Change from Previous Trading Day,Member/OSP Type,Total Short Position,Change from Previous Trading Day,,,
Contract Code：ssall,,,,,,,2026-08-20,,,,
Name of FF Member/OSBP,444850,149488,Name of FF Member/OSBP,141641,-8636,Name of FF Member/OSBP,141641,-8636,,,
Name of Non-FF Member/OSNBP,0,0,Name of Non-FF Member/OSNBP,0,0,Name of Non-FF Member/OSNBP,0,0,,,
Ranking,Name of FF Member /OSBPs,Volume,Change from Previous Trading Day,Ranking,Name of FF Member /OSBPs,Long Position,Change from Previous Trading Day,Ranking,Name of FF Member /OSBPs,Short Position,Change from Previous Trading Day
Contract Code：ss2609,,,,,,,,,,2026-08-20,
1,0148(brokerage business),3412,1429,1,0004(brokerage business),2685,-306,1,0148(brokerage business),3060,-432
2,0004(brokerage business),2993,1017,2,0148(brokerage business),2249,-164,2,0004(brokerage business),1342,-145
3,0163(brokerage business),2481,337,3,0272(brokerage business),1509,-79,3,0163(brokerage business),975,-88
4,0081(brokerage business),1772,330,4,0043(brokerage business),757,-363,4,0003(brokerage business),707,328
5,0275(brokerage business),1132,128,5,0018(brokerage business),580,-13,5,0253(brokerage business),687,226
6,0253(brokerage business),1125,-448,6,0163(brokerage business),580,-75,6,0018(brokerage business),685,-51
7,0274(brokerage business),696,446,7,0253(brokerage business),502,-65,7,0151(brokerage business),641,-23
8,0272(brokerage business),458,83,8,0240(brokerage business),369,-84,8,0274(brokerage business),607,-171
9,0043(brokerage business),385,366,9,0059(brokerage business),336,0,9,0049(brokerage business),591,-58
10,0038(brokerage business),364,362,10,0008(brokerage business),321,-6,10,0272(brokerage business),436,-17
11,0003(brokerage business),358,310,11,0298(brokerage business),306,-58,11,0372(brokerage business),428,-3
12,0137(brokerage business),335,39,12,0389(brokerage business),262,-5,12,0240(brokerage business),427,-82
13,0277(brokerage business),300,268,13,0081(brokerage business),257,-4,13,0335(brokerage business),426,-58
14,0323(brokerage business),264,202,14,0288(brokerage business),242,-147,14,0038(brokerage business),351,349
15,0240(brokerage business),258,174,15,0125(brokerage business),234,-127,15,0153(brokerage business),327,-192
16,0153(brokerage business),243,195,16,0096(brokerage business),222,-1,16,0007(brokerage business),310,-17
17,0288(brokerage business),223,-152,17,0295(brokerage business),194,1,17,0137(brokerage business),301,-307
18,0298(brokerage business),222,56,18,0123(brokerage business),191,-8,18,0277(brokerage business),250,-150
19,0018(brokerage business),202,3,19,0161(brokerage business),166,-60,19,0076(brokerage business),213,-25
20,0244(brokerage business),184,177,20,0177(brokerage business),165,0,20,0244(brokerage business),209,-165
Total,,17407,5322,Total,,12127,-1564,Total,,12973,-1081
Ranking,Name of FF Member /OSBPs,Volume,Change from Previous Trading Day,Ranking,Name of FF Member /OSBPs,Long Position,Change from Previous Trading Day,Ranking,Name of FF Member /OSBPs,Short Position,Change from Previous Trading Day
Contract Code：ss2610,,,,,,,,,,2026-08-20,
1,0004(brokerage business),59077,20647,1,0004(brokerage business),9988,-126,1,0148(brokerage business),14734,122
2,0163(brokerage business),58328,13863,2,0163(brokerage business),9389,-236,2,0163(brokerage business),10309,-568
3,0275(brokerage business),44518,15129,3,0148(brokerage business),9258,-873,3,0004(brokerage business),8109,-929
4,0148(brokerage business),33323,10986,4,0253(brokerage business),6375,-842,4,0253(brokerage business),7091,399
5,0253(brokerage business),22639,5361,5,0272(brokerage business),4887,-279,5,0139(brokerage business),4535,-817
6,0272(brokerage business),18256,8504,6,0103(brokerage business),3513,55,6,0272(brokerage business),3894,-481
7,0123(brokerage business),15479,12154,7,0240(brokerage business),3488,-719,7,0239(brokerage business),3683,-1273
8,0081(brokerage business),13980,3402,8,0018(brokerage business),3485,-1141,8,0240(brokerage business),3372,-334
9,0259(brokerage business),11078,2965,9,0239(brokerage business),3414,358,9,0069(brokerage business),3034,-32
10,0298(brokerage business),8731,1982,10,0123(brokerage business),3253,-1186,10,0003(brokerage business),2821,689
11,0240(brokerage business),7869,2546,11,0288(brokerage business),3168,257,11,0082(brokerage business),2245,231
12,0082(brokerage business),6672,3697,12,0034(brokerage business),2439,-325,12,0137(brokerage business),2202,-44
13,0018(brokerage business),5058,1556,13,0125(brokerage business),2387,-144,13,0335(brokerage business),2184,-416
14,0069(brokerage business),4311,1293,14,0003(brokerage business),2374,-198,14,0123(brokerage business),2093,-153
15,0161(brokerage business),3588,578,15,0323(brokerage business),2114,93,15,0161(brokerage business),2044,49
16,0103(brokerage business),3174,2194,16,0298(brokerage business),1976,-164,16,0153(brokerage business),1701,-2
17,0034(brokerage business),2968,88,17,0268(brokerage business),1795,107,17,0018(brokerage business),1679,149
18,0268(brokerage business),2826,907,18,0096(brokerage business),1697,63,18,0259(brokerage business),1580,-55
19,0059(brokerage business),2509,1084,19,0082(brokerage business),1675,-1585,19,0308(brokerage business),1541,-35
20,0239(brokerage business),2455,1210,20,0184(brokerage business),1596,457,20,0059(brokerage business),1389,-523
Total,,326839,110146,Total,,78271,-6428,Total,,80240,-4023
Ranking,Name of FF Member /OSBPs,Volume,Change from Previous Trading Day,Ranking,Name of FF Member /OSBPs,Long Position,Change from Previous Trading Day,Ranking,Name of FF Member /OSBPs,Short Position,Change from Previous Trading Day
Contract Code：lu2609,,,,,,,,,,2026-08-20,
1,8163(brokerage business),667,-986,1,8103(brokerage business),1484,-92,1,8023(brokerage business),501,0
2,8004(brokerage business),479,-260,2,8018(brokerage business),904,-31,2,8272(brokerage business),313,-26
3,8103(brokerage business),412,-142,3,8004(brokerage business),892,-114,3,8004(brokerage business),261,-57
4,8271(brokerage business),404,-827,4,8319(brokerage business),618,-95,4,8148(brokerage business),236,-111
5,8275(brokerage business),382,-812,5,8253(brokerage business),402,-18,5,8169(brokerage business),218,5
6,8288(brokerage business),219,-96,6,8163(brokerage business),363,-43,6,8081(brokerage business),165,3
7,8148(brokerage business),178,-721,7,8148(brokerage business),149,-13,7,8069(brokerage business),114,10
8,8319(brokerage business),168,-62,8,8077(brokerage business),100,0,8,8156(brokerage business),109,3
9,8333(brokerage business),161,-260,9,8008(brokerage business),60,-1,9,8240(brokerage business),108,-41
10,8081(brokerage business),158,-65,10,8274(brokerage business),55,-9,10,8151(brokerage business),106,-14
11,8240(brokerage business),154,-174,11,8161(brokerage business),42,1,11,8059(brokerage business),99,4
12,8272(brokerage business),151,-241,12,8137(brokerage business),37,-13,12,8077(brokerage business),89,-31
13,8186(brokerage business),141,-238,13,8096(brokerage business),30,-2,13,8333(brokerage business),88,-7
14,8308(brokerage business),119,2,14,8049(brokerage business),29,-3,14,8186(brokerage business),81,-6
15,8137(brokerage business),88,-30,15,8123(brokerage business),29,0,15,8298(brokerage business),81,-25
16,8077(brokerage business),75,-155,16,8151(brokerage business),28,-44,16,8137(brokerage business),80,-5
17,8238(brokerage business),64,-41,17,8001(brokerage business),27,-2,17,8163(brokerage business),78,-38
18,8047(brokerage business),63,-28,18,8034(brokerage business),26,-16,18,8008(brokerage business),75,0
19,8069(brokerage business),58,-106,19,8134(brokerage business),25,0,19,8308(brokerage business),70,-20
20,8151(brokerage business),58,-49,20,8320(brokerage business),24,3,20,8372(brokerage business),70,11
Total,,4199,-5291,Total,,5324,-492,Total,,2942,-345
Ranking,Name of FF Member /OSBPs,Volume,Change from Previous Trading Day,Ranking,Name of FF Member /OSBPs,Long Position,Change from Previous Trading Day,Ranking,Name of FF Member /OSBPs,Short Position,Change from Previous Trading Day
Contract Code：lu2610,,,,,,,,,,2026-08-20,
1,8163(brokerage business),39502,-10061,1,8148(brokerage business),8012,-497,1,8004(brokerage business),11221,902
2,8148(brokerage business),32614,-7043,2,8004(brokerage business),7633,-461,2,8163(brokerage business),7862,-1522
3,8004(brokerage business),27837,-6062,3,8163(brokerage business),5160,-2908,3,8148(brokerage business),7375,-783
4,8253(brokerage business),17569,-367,4,8288(brokerage business),3159,-460,4,8103(brokerage business),6926,1148
5,8275(brokerage business),15915,-19289,5,8335(brokerage business),2282,-8,5,8372(brokerage business),6886,-5
6,8123(brokerage business),12807,-1270,6,8253(brokerage business),2214,-344,6,8272(brokerage business),3754,-360
7,8272(brokerage business),5977,-932,7,8184(brokerage business),2208,-444,7,8096(brokerage business),2501,198
8,8081(brokerage business),5905,-903,8,8272(brokerage business),2091,-75,8,8319(brokerage business),2501,-168
9,8186(brokerage business),4773,-2303,9,8268(brokerage business),2043,-30,9,8018(brokerage business),2034,49
10,8298(brokerage business),4115,-3720,10,8103(brokerage business),2014,351,10,8333(brokerage business),2003,-53
11,8240(brokerage business),3877,-1345,11,8082(brokerage business),2004,-86,11,8253(brokerage business),1813,-331
12,8161(brokerage business),3843,-584,12,8239(brokerage business),1743,422,12,8123(brokerage business),1649,74
13,8103(brokerage business),3161,-987,13,8240(brokerage business),1567,-84,13,8082(brokerage business),1542,1
14,8069(brokerage business),3113,-612,14,8161(brokerage business),1539,-249,14,8059(brokerage business),1255,-169
15,8268(brokerage business),2914,-1818,15,8274(brokerage business),1493,-89,15,8268(brokerage business),1205,194
16,8288(brokerage business),2737,419,16,8081(brokerage business),1468,214,16,8298(brokerage business),1154,-105
17,8308(brokerage business),2672,-2881,17,8086(brokerage business),1402,-303,17,8177(brokerage business),1119,-62
18,8034(brokerage business),2645,-1541,18,8151(brokerage business),1365,209,18,8034(brokerage business),1118,-124
19,8059(brokerage business),2567,96,19,8018(brokerage business),1359,18,19,8137(brokerage business),1066,65
20,8323(brokerage business),2531,-127,20,8153(brokerage business),1287,-307,20,8288(brokerage business),982,-5
Total,,197074,-61330,Total,,52043,-5131,Total,,65966,-1056
Ranking,Name of FF Member /OSBPs,Volume,Change from Previous Trading Day,Ranking,Name of FF Member /OSBPs,Long Position,Change from Previous Trading Day,Ranking,Name of FF Member /OSBPs,Short Position,Change from Previous Trading Day
Contract Code：lu2611,,,,,,,,,,2026-08-20,
1,8148(brokerage business),13504,1713,1,8184(brokerage business),11705,-231,1,8004(brokerage business),7675,-255
2,8163(brokerage business),12656,-808,2,8081(brokerage business),6037,-6,2,7002(brokerage business),5820,300
3,8275(brokerage business),4895,-7078,3,8239(brokerage business),4324,-604,3,8239(brokerage business),4864,423
4,8253(brokerage business),4707,-7609,4,8004(brokerage business),3530,520,4,8372(brokerage business),3607,-2
5,8169(brokerage business),4684,3506,5,8148(brokerage business),3102,-116,5,8148(brokerage business),2998,294
6,8096(brokerage business),4305,-2557,6,8333(brokerage business),1759,53,6,8096(brokerage business),2865,-792
7,8004(brokerage business),3609,-1352,7,8084(brokerage business),1725,57,7,8253(brokerage business),2628,-22
8,8239(brokerage business),2127,422,8,8335(brokerage business),1504,-704,8,8059(brokerage business),2591,-45
9,8123(brokerage business),2017,-769,9,8274(brokerage business),1371,-94,9,8103(brokerage business),2166,201
10,8081(brokerage business),1745,-515,10,8163(brokerage business),1170,-673,10,8163(brokerage business),2067,-1071
11,8103(brokerage business),1287,-106,11,8034(brokerage business),1089,46,11,8272(brokerage business),2015,195
12,8272(brokerage business),1020,-279,12,8103(brokerage business),1068,24,12,8319(brokerage business),978,12
13,8059(brokerage business),1017,-564,13,8288(brokerage business),891,405,13,8177(brokerage business),852,60
14,8288(brokerage business),1017,363,14,8253(brokerage business),811,97,14,8275(brokerage business),837,-106
15,8335(brokerage business),944,376,15,8161(brokerage business),741,-19,15,8042(brokerage business),828,12
16,8141(brokerage business),941,-784,16,8268(brokerage business),679,119,16,8125(brokerage business),575,47
17,8268(brokerage business),716,4,17,8240(brokerage business),508,20,17,8254(brokerage business),508,-5
18,8069(brokerage business),699,-524,18,8137(brokerage business),387,-28,18,8018(brokerage business),358,-151
19,8184(brokerage business),679,-461,19,8308(brokerage business),383,15,19,8137(brokerage business),287,2
20,8308(brokerage business),677,-347,20,8169(brokerage business),330,4,20,8240(brokerage business),285,-28
Total,,63246,-17369,Total,,43114,-1115,Total,,44804,-931
Member/OSP Type,Total Volume,Change from Previous Trading Day,Member/OSP Type,Total Long Position,Change from Previous Trading Day,Member/OSP Type,Total Short Position,Change from Previous Trading Day,,,
Contract Code：fuall,,,,,,,2026-08-20,,,,
Name of FF Member/OSBP,2588100,393706,Name of FF Member/OSBP,542788,-34713,Name of FF Member/OSBP,542786,-34713,,,
Name of Non-FF Member/OSNBP,0,0,Name of Non-FF Member/OSNBP,0,0,Name of Non-FF Member/OSNBP,2,0,,,
Ranking,Name of FF Member /OSBPs,Volume,Change from Previous Trading Day,Ranking,Name of FF Member /OSBPs,Long Position,Change from Previous Trading Day,Ranking,Name of FF Member /OSBPs,Short Position,Change from Previous Trading Day
Contract Code：fu2609,,,,,,,,,,2026-08-20,
1,0148(brokerage business),114615,20585,1,0103(brokerage business),7564,-212,1,0148(brokerage business),6001,-1400
2,0163(brokerage business),105987,22171,2,0004(brokerage business),6730,-2090,2,0004(brokerage business),3614,-1087
3,0004(brokerage business),104677,2911,3,0148(brokerage business),5091,-2197,3,0163(brokerage business),2775,-1389
4,0240(brokerage business),49608,22011,4,0319(brokerage business),4353,-469,4,0034(brokerage business),2619,-1008
5,0275(brokerage business),40456,-35943,5,0163(brokerage business),3847,-668,5,0298(brokerage business),2429,-752
6,0081(brokerage business),31841,7691,6,0018(brokerage business),2718,-723,6,0240(brokerage business),2370,-349
7,0253(brokerage business),31498,-4556,7,0253(brokerage business),2628,-936,7,0272(brokerage business),2298,-404
8,0268(brokerage business),31073,5105,8,0151(brokerage business),2085,-721,8,0288(brokerage business),2271,-1041
9,0272(brokerage business),27553,-10883,9,0272(brokerage business),1983,-803,9,0268(brokerage business),2199,-1022
10,0308(brokerage business),22920,5474,10,0034(brokerage business),1763,-760,10,0275(brokerage business),1741,-310
11,0186(brokerage business),22322,1954,11,0268(brokerage business),1714,-61,11,0042(brokerage business),1590,-193
12,0034(brokerage business),20806,2617,12,0275(brokerage business),1507,172,12,0186(brokerage business),1431,-577
13,0323(brokerage business),17274,6845,13,0019(brokerage business),1370,-382,13,0077(brokerage business),1405,-565
14,0244(brokerage business),14805,-427,14,0123(brokerage business),1240,-80,14,0253(brokerage business),1301,-706
15,0137(brokerage business),14024,6061,15,0299(brokerage business),1221,-134,15,0323(brokerage business),1205,-495
16,0059(brokerage business),13962,4502,16,0240(brokerage business),1045,-267,16,0137(brokerage business),1168,-537
17,0298(brokerage business),12761,-2225,17,0059(brokerage business),990,-1186,17,0161(brokerage business),1080,-137
18,0299(brokerage business),11553,-1662,18,0096(brokerage business),964,-142,18,0059(brokerage business),1064,-356
19,0288(brokerage business),10575,-3260,19,0069(brokerage business),912,-205,19,0153(brokerage business),970,-176
20,0161(brokerage business),10533,-869,20,0125(brokerage business),774,-362,20,0081(brokerage business),965,-305
Total,,708843,48102,Total,,50499,-12226,Total,,40496,-12809
Ranking,Name of FF Member /OSBPs,Volume,Change from Previous Trading Day,Ranking,Name of FF Member /OSBPs,Long Position,Change from Previous Trading Day,Ranking,Name of FF Member /OSBPs,Short Position,Change from Previous Trading Day
Contract Code：fu2610,,,,,,,,,,2026-08-20,
1,0275(brokerage business),32588,8898,1,0163(brokerage business),6760,-2084,1,0004(brokerage business),3830,452
2,0148(brokerage business),28512,6630,2,0004(brokerage business),6158,-860,2,0163(brokerage business),3685,-1055
3,0163(brokerage business),27989,4164,3,0148(brokerage business),4073,897,3,0034(brokerage business),2829,333
4,0004(brokerage business),16922,5364,4,0103(brokerage business),3611,305,4,0148(brokerage business),2564,-211
5,0123(brokerage business),16857,6654,5,0034(brokerage business),2470,-55,5,0103(brokerage business),2548,-87
6,0161(brokerage business),12004,1817,6,0253(brokerage business),2288,81,6,0253(brokerage business),2413,186
7,0272(brokerage business),8205,4140,7,0272(brokerage business),2240,-198,7,0275(brokerage business),2351,245
8,0069(brokerage business),6355,1351,8,0069(brokerage business),2074,5,8,0069(brokerage business),2252,116
9,0240(brokerage business),6325,1944,9,0123(brokerage business),1805,-406,9,0372(brokerage business),2200,-3
10,0298(brokerage business),6215,2285,10,0275(brokerage business),1800,95,10,0268(brokerage business),2042,-227
11,0008(brokerage business),6172,3467,11,0082(brokerage business),1790,-122,11,0137(brokerage business),1864,14
12,0268(brokerage business),5621,1992,12,0137(brokerage business),1781,-46,12,0298(brokerage business),1769,324
13,0308(brokerage business),5431,2764,13,0338(brokerage business),1662,1526,13,0077(brokerage business),1761,-122
14,0253(brokerage business),5209,953,14,0008(brokerage business),1523,-43,14,0178(brokerage business),1739,25
15,0009(brokerage business),4565,428,15,0178(brokerage business),1519,12,15,0240(brokerage business),1725,103
16,0059(brokerage business),4519,2397,16,0059(brokerage business),1187,338,16,0123(brokerage business),1679,33
17,0034(brokerage business),3526,74,17,0151(brokerage business),1182,-243,17,0008(brokerage business),1524,15
18,0103(brokerage business),3476,567,18,0308(brokerage business),898,-110,18,0272(brokerage business),1156,111
19,0288(brokerage business),3160,971,19,0268(brokerage business),735,100,19,0288(brokerage business),940,256
20,0178(brokerage business),2949,-369,20,0096(brokerage business),726,274,20,0299(brokerage business),884,53
Total,,206600,56491,Total,,46282,-534,Total,,41755,561
Ranking,Name of FF Member /OSBPs,Volume,Change from Previous Trading Day,Ranking,Name of FF Member /OSBPs,Long Position,Change from Previous Trading Day,Ranking,Name of FF Member /OSBPs,Short Position,Change from Previous Trading Day
Contract Code：fu2611,,,,,,,,,,2026-08-20,
1,0148(brokerage business),109584,25333,1,0004(brokerage business),24987,329,1,0004(brokerage business),41987,-800
2,0163(brokerage business),109005,24871,2,0148(brokerage business),23973,808,2,0148(brokerage business),18225,-1204
3,0275(brokerage business),98401,10839,3,0163(brokerage business),20493,-3400,3,0103(brokerage business),16825,551
4,0004(brokerage business),95025,13748,4,0253(brokerage business),12770,-295,4,0163(brokerage business),16091,-2923
5,0240(brokerage business),55459,7235,5,0239(brokerage business),10349,712,5,0253(brokerage business),11882,463
6,0123(brokerage business),44369,8433,6,0272(brokerage business),7753,-187,6,0272(brokerage business),9776,15
7,0081(brokerage business),43363,19928,7,0335(brokerage business),7658,-422,7,0034(brokerage business),8462,49
8,0253(brokerage business),43256,18008,8,0034(brokerage business),7576,-555,8,0319(brokerage business),7942,-363
9,0272(brokerage business),40818,17154,9,0161(brokerage business),7464,95,9,0275(brokerage business),6750,-254
10,0298(brokerage business),22963,7694,10,0103(brokerage business),6708,449,10,0137(brokerage business),6162,45
11,0259(brokerage business),19294,2298,11,0137(brokerage business),6641,26,11,0372(brokerage business),5829,-1913
12,0308(brokerage business),19260,2479,12,0275(brokerage business),5448,-383,12,0161(brokerage business),5643,-44
13,0034(brokerage business),18848,3260,13,0240(brokerage business),5370,-905,13,0069(brokerage business),5621,-175
14,0009(brokerage business),18382,-5422,14,0069(brokerage business),5073,-62,14,0298(brokerage business),4683,-260
15,0268(brokerage business),15924,4119,15,0123(brokerage business),4947,260,15,0008(brokerage business),4492,16
16,0059(brokerage business),14843,3017,16,0268(brokerage business),4545,67,16,0059(brokerage business),4290,-105
17,0069(brokerage business),14753,2480,17,0059(brokerage business),4528,-700,17,0268(brokerage business),4141,643
18,0338(brokerage business),14272,5733,18,0008(brokerage business),4493,-17,18,0178(brokerage business),4033,-375
19,0096(brokerage business),13774,7653,19,0178(brokerage business),4040,-293,19,0009(brokerage business),3681,-3087
20,0186(brokerage business),13704,2608,20,0288(brokerage business),3728,-255,20,0123(brokerage business),3570,-517
Total,,825297,181468,Total,,178544,-4728,Total,,190085,-10238
Ranking,Name of FF Member /OSBPs,Volume,Change from Previous Trading Day,Ranking,Name of FF Member /OSBPs,Long Position,Change from Previous Trading Day,Ranking,Name of FF Member /OSBPs,Short Position,Change from Previous Trading Day
Contract Code：fu2701,,,,,,,,,,2026-08-20,
1,0275(brokerage business),19582,2289,1,0272(brokerage business),11552,-892,1,0004(brokerage business),14379,817
2,0163(brokerage business),17293,-30,2,0004(brokerage business),7440,0,2,0372(brokerage business),9763,-40
3,0148(brokerage business),16956,2991,3,0148(brokerage business),5735,-370,3,0272(brokerage business),8035,-265
4,0272(brokerage business),13115,3102,4,0335(brokerage business),5284,96,4,0148(brokerage business),6976,1174
5,0123(brokerage business),5678,-478,5,0084(brokerage business),3703,817,5,0163(brokerage business),4442,997
6,0308(brokerage business),4697,231,6,0338(brokerage business),3531,2535,6,0103(brokerage business),3063,32
7,0004(brokerage business),4653,-322,7,0253(brokerage business),3218,-371,7,0240(brokerage business),3051,-130
8,0338(brokerage business),3220,2948,8,0163(brokerage business),2772,-2016,8,0253(brokerage business),2299,36
9,0240(brokerage business),2997,1362,9,0123(brokerage business),2670,-20,9,0082(brokerage business),2246,-332
10,0271(brokerage business),2140,-546,10,0103(brokerage business),2360,13,10,0239(brokerage business),2031,-154
11,0268(brokerage business),1996,592,11,0081(brokerage business),1967,-21,11,0298(brokerage business),1660,-16
12,0034(brokerage business),1724,292,12,0059(brokerage business),1719,20,12,0059(brokerage business),1525,-40
13,0069(brokerage business),1724,468,13,0288(brokerage business),1664,196,13,0275(brokerage business),1371,-7
14,0323(brokerage business),1421,664,14,0308(brokerage business),1645,-73,14,0096(brokerage business),1022,64
15,0096(brokerage business),1404,997,15,0240(brokerage business),1602,-327,15,0186(brokerage business),867,-55
16,0253(brokerage business),1375,-2443,16,0042(brokerage business),1476,67,16,0123(brokerage business),833,0
17,0137(brokerage business),1371,384,17,0034(brokerage business),1461,3,17,0034(brokerage business),823,47
18,0186(brokerage business),1331,175,18,0319(brokerage business),1372,27,18,0125(brokerage business),815,-328
19,0081(brokerage business),1284,427,19,0239(brokerage business),1195,7,19,0268(brokerage business),808,28
20,0274(brokerage business),1255,263,20,0019(brokerage business),1081,30,20,0137(brokerage business),738,36
Total,,105216,13366,Total,,63447,-279,Total,,66747,1864
Member/OSP Type,Total Volume,Change from Previous Trading Day,Member/OSP Type,Total Long Position,Change from Previous Trading Day,Member/OSP Type,Total Short Position,Change from Previous Trading Day,,,
Contract Code：buall,,,,,,,2026-08-20,,,,
Name of FF Member/OSBP,1294598,441798,Name of FF Member/OSBP,637816,18741,Name of FF Member/OSBP,637816,18741,,,
Name of Non-FF Member/OSNBP,0,0,Name of Non-FF Member/OSNBP,0,0,Name of Non-FF Member/OSNBP,0,0,,,
Ranking,Name of FF Member /OSBPs,Volume,Change from Previous Trading Day,Ranking,Name of FF Member /OSBPs,Long Position,Change from Previous Trading Day,Ranking,Name of FF Member /OSBPs,Short Position,Change from Previous Trading Day
Contract Code：bu2609,,,,,,,,,,2026-08-20,
1,0163(brokerage business),30481,5426,1,0004(brokerage business),13264,-1930,1,0272(brokerage business),6576,-267
2,0148(brokerage business),27148,-4233,2,0103(brokerage business),6059,-1625,2,0004(brokerage business),5898,-567
3,0004(brokerage business),24794,3954,3,0163(brokerage business),4803,992,3,0275(brokerage business),4508,-596
4,0275(brokerage business),22321,-17753,4,0148(brokerage business),4146,-722,4,0148(brokerage business),4424,-254
5,0123(brokerage business),7657,2352,5,0272(brokerage business),3158,-203,5,0240(brokerage business),2352,290
6,0240(brokerage business),6189,1125,6,0123(brokerage business),2584,-245,6,0161(brokerage business),2329,168
7,0253(brokerage business),6177,1531,7,0275(brokerage business),2499,-313,7,0034(brokerage business),2138,-564
8,0259(brokerage business),5870,-197,8,0018(brokerage business),2314,-447,8,0268(brokerage business),2092,-162
9,0081(brokerage business),5850,2540,9,0151(brokerage business),2105,-201,9,0253(brokerage business),1952,-535
10,0103(brokerage business),5362,1280,10,0125(brokerage business),2025,-192,10,0163(brokerage business),1945,-101
11,0034(brokerage business),4576,327,11,0299(brokerage business),1963,-563,11,0139(brokerage business),1931,-19
12,0268(brokerage business),4559,1402,12,0274(brokerage business),1959,-179,12,0081(brokerage business),1923,-435
13,0069(brokerage business),3718,902,13,0240(brokerage business),1845,-138,13,0177(brokerage business),1834,-458
14,0043(brokerage business),3663,1396,14,0059(brokerage business),1664,-522,14,0298(brokerage business),1822,-218
15,0272(brokerage business),3090,-416,15,0323(brokerage business),1663,100,15,0121(brokerage business),1791,-1412
16,0137(brokerage business),2363,-1259,16,0069(brokerage business),1560,-17,16,0123(brokerage business),1789,-124
17,0042(brokerage business),2231,498,17,0153(brokerage business),1408,-126,17,0082(brokerage business),1767,-123
18,0059(brokerage business),2095,-740,18,0009(brokerage business),1374,-79,18,0103(brokerage business),1750,-1015
19,0288(brokerage business),2095,289,19,0137(brokerage business),1249,-481,19,0018(brokerage business),1477,61
20,0186(brokerage business),2030,-319,20,0253(brokerage business),1245,-204,20,0288(brokerage business),1449,-257
Total,,172269,-1895,Total,,58887,-7095,Total,,51747,-6588
Ranking,Name of FF Member /OSBPs,Volume,Change from Previous Trading Day,Ranking,Name of FF Member /OSBPs,Long Position,Change from Previous Trading Day,Ranking,Name of FF Member /OSBPs,Short Position,Change from Previous Trading Day
Contract Code：bu2610,,,,,,,,,,2026-08-20,
1,0163(brokerage business),123939,43150,1,0148(brokerage business),47124,5427,1,0004(brokerage business),30241,864
2,0148(brokerage business),82855,36707,2,0004(brokerage business),27652,2941,2,0148(brokerage business),24844,-1614
3,0004(brokerage business),80375,27628,3,0163(brokerage business),16870,5255,3,0272(brokerage business),21140,5903
4,0253(brokerage business),32778,13604,4,0272(brokerage business),16429,-1469,4,0103(brokerage business),15326,-158
5,0272(brokerage business),30240,14675,5,0103(brokerage business),15537,-32,5,0275(brokerage business),13302,416
6,0275(brokerage business),30019,1361,6,0059(brokerage business),12768,3432,6,0123(brokerage business),13077,456
7,0240(brokerage business),27498,13324,7,0082(brokerage business),12725,581,7,0082(brokerage business),10495,104
8,0123(brokerage business),26127,10796,8,0335(brokerage business),12514,2415,8,0240(brokerage business),10340,1406
9,0081(brokerage business),26123,11602,9,0253(brokerage business),11470,1135,9,0139(brokerage business),9108,345
10,0268(brokerage business),23960,17063,10,0239(brokerage business),11194,-1445,10,0081(brokerage business),8968,-764
11,0161(brokerage business),19355,9820,11,0123(brokerage business),8777,515,11,0059(brokerage business),8695,-430
12,0059(brokerage business),16692,6565,12,0268(brokerage business),8434,-3386,12,0009(brokerage business),8435,-9
13,0137(brokerage business),14806,8524,13,0081(brokerage business),7958,593,13,0137(brokerage business),8010,-27
14,0186(brokerage business),14466,8886,14,0137(brokerage business),7436,357,14,0069(brokerage business),7835,227
15,0069(brokerage business),11634,3741,15,0240(brokerage business),6400,772,15,0268(brokerage business),7409,-3256
16,0034(brokerage business),10499,6080,16,0275(brokerage business),5827,239,16,0163(brokerage business),7110,-2170
17,0298(brokerage business),10189,5880,17,0161(brokerage business),5702,-997,17,0125(brokerage business),6840,121
18,0082(brokerage business),9739,3598,18,0288(brokerage business),4985,35,18,0253(brokerage business),4628,771
19,0103(brokerage business),8932,1530,19,0069(brokerage business),4875,69,19,0177(brokerage business),4621,289
20,0308(brokerage business),8926,3945,20,0009(brokerage business),4666,137,20,0333(brokerage business),4496,306
Total,,609152,248479,Total,,249343,16574,Total,,224920,2780
Ranking,Name of FF Member /OSBPs,Volume,Change from Previous Trading Day,Ranking,Name of FF Member /OSBPs,Long Position,Change from Previous Trading Day,Ranking,Name of FF Member /OSBPs,Short Position,Change from Previous Trading Day
Contract Code：bu2611,,,,,,,,,,2026-08-20,
1,0163(brokerage business),15707,7030,1,0082(brokerage business),7898,303,1,0148(brokerage business),8210,785
2,0275(brokerage business),8941,2247,2,0148(brokerage business),7775,-264,2,0082(brokerage business),8049,17
3,0148(brokerage business),8539,2130,3,0009(brokerage business),6578,-136,3,0009(brokerage business),7575,854
4,0004(brokerage business),7424,3144,4,0272(brokerage business),6014,2,4,0272(brokerage business),6893,-1191
5,0059(brokerage business),6496,3180,5,0081(brokerage business),5732,52,5,0139(brokerage business),6174,13
6,0272(brokerage business),4353,2182,6,0161(brokerage business),5672,-13,6,0161(brokerage business),5749,183
7,0123(brokerage business),4002,1995,7,0004(brokerage business),5349,-791,7,0081(brokerage business),5583,-36
8,0069(brokerage business),2877,615,8,0069(brokerage business),5339,-64,8,0268(brokerage business),5067,-1066
9,0161(brokerage business),2726,1115,9,0139(brokerage business),5241,1,9,0069(brokerage business),5011,163
10,0177(brokerage business),2143,1998,10,0268(brokerage business),4776,-243,10,0275(brokerage business),4894,199
11,0081(brokerage business),2048,782,11,0137(brokerage business),4623,495,11,0123(brokerage business),4219,91
12,0009(brokerage business),2032,1176,12,0043(brokerage business),4317,-30,12,0137(brokerage business),4153,561
13,0268(brokerage business),1983,667,13,0123(brokerage business),3990,7,13,0043(brokerage business),4026,9
14,0082(brokerage business),1908,964,14,0059(brokerage business),3693,-66,14,0059(brokerage business),3866,-278
15,0240(brokerage business),1857,1023,15,0275(brokerage business),3595,222,15,0004(brokerage business),3107,339
16,0253(brokerage business),1849,883,16,0239(brokerage business),3536,1221,16,0103(brokerage business),2639,-1113
17,0137(brokerage business),1760,626,17,0163(brokerage business),2754,1390,17,0001(brokerage business),1785,82
18,0259(brokerage business),1708,1455,18,0372(brokerage business),2126,-76,18,0333(brokerage business),1577,80
19,0274(brokerage business),1683,1588,19,0335(brokerage business),1288,92,19,0177(brokerage business),1330,-240
20,0308(brokerage business),1430,1167,20,0274(brokerage business),1101,802,20,0253(brokerage business),1122,376
Total,,81466,35967,Total,,91397,2904,Total,,91029,-172
Ranking,Name of FF Member /OSBPs,Volume,Change from Previous Trading Day,Ranking,Name of FF Member /OSBPs,Long Position,Change from Previous Trading Day,Ranking,Name of FF Member /OSBPs,Short Position,Change from Previous Trading Day
Contract Code：bu2612,,,,,,,,,,2026-08-20,
1,0163(brokerage business),19335,7945,1,0004(brokerage business),10855,1038,1,0004(brokerage business),11406,6
2,0148(brokerage business),13500,4952,2,0148(brokerage business),10296,1690,2,0272(brokerage business),10329,2092
3,0004(brokerage business),8148,2187,3,0239(brokerage business),6831,736,3,0103(brokerage business),8541,1151
4,0275(brokerage business),7704,2055,4,0335(brokerage business),6176,727,4,0123(brokerage business),6175,-953
5,0123(brokerage business),5372,3041,5,0177(brokerage business),5744,711,5,0238(brokerage business),4873,-791
6,0253(brokerage business),5326,2246,6,0272(brokerage business),4534,208,6,0082(brokerage business),3534,386
7,0272(brokerage business),4724,3729,7,0240(brokerage business),3783,-28,7,0148(brokerage business),2855,-2230
8,0308(brokerage business),3662,2192,8,0009(brokerage business),3589,767,8,0069(brokerage business),2815,28
9,0103(brokerage business),2954,2591,9,0103(brokerage business),3144,1321,9,0018(brokerage business),2791,-140
10,0059(brokerage business),2863,2142,10,0084(brokerage business),3000,0,10,0240(brokerage business),2765,186
11,0177(brokerage business),2034,1331,11,0389(brokerage business),2620,-57,11,0333(brokerage business),2636,393
12,0240(brokerage business),1930,999,12,0163(brokerage business),2271,-786,12,0253(brokerage business),2634,408
13,0096(brokerage business),1837,1672,13,0253(brokerage business),2187,200,13,0268(brokerage business),2560,214
14,0069(brokerage business),1689,703,14,0059(brokerage business),2002,-210,14,0096(brokerage business),2202,210
15,0311(brokerage business),1674,1038,15,0275(brokerage business),1897,-141,15,0275(brokerage business),1949,197
16,0259(brokerage business),1511,271,16,0137(brokerage business),1647,349,16,0323(brokerage business),1718,99
17,0333(brokerage business),1362,811,17,0003(brokerage business),1345,-650,17,0153(brokerage business),1610,-83
18,0257(brokerage business),1268,889,18,0323(brokerage business),1179,-84,18,0244(brokerage business),1550,255
19,0299(brokerage business),1245,1115,19,0308(brokerage business),1167,447,19,0299(brokerage business),1470,1030
20,0009(brokerage business),1110,759,20,0018(brokerage business),1002,274,20,0308(brokerage business),1470,-15
Total,,89248,42668,Total,,75269,6512,Total,,75883,2443
Member/OSP Type,Total Volume,Change from Previous Trading Day,Member/OSP Type,Total Long Position,Change from Previous Trading Day,Member/OSP Type,Total Short Position,Change from Previous Trading Day,,,
Contract Code：brall,,,,,,,2026-08-20,,,,
Name of FF Member/OSBP,683160,125170,Name of FF Member/OSBP,172559,-1213,Name of FF Member/OSBP,172559,-1213,,,
Name of Non-FF Member/OSNBP,0,0,Name of Non-FF Member/OSNBP,0,0,Name of Non-FF Member/OSNBP,0,0,,,
Ranking,Name of FF Member /OSBPs,Volume,Change from Previous Trading Day,Ranking,Name of FF Member /OSBPs,Long Position,Change from Previous Trading Day,Ranking,Name of FF Member /OSBPs,Short Position,Change from Previous Trading Day
Contract Code：br2609,,,,,,,,,,2026-08-20,
1,0148(brokerage business),17384,3926,1,0004(brokerage business),2870,-296,1,0004(brokerage business),1274,-88
2,0275(brokerage business),15569,1872,2,0103(brokerage business),1311,60,2,0272(brokerage business),1216,-244
3,0004(brokerage business),13136,2392,3,0148(brokerage business),1110,-109,3,0163(brokerage business),1122,-115
4,0163(brokerage business),9191,1362,4,0034(brokerage business),724,434,4,0148(brokerage business),921,-265
5,0253(brokerage business),7097,1369,5,0029(brokerage business),666,3,5,0253(brokerage business),887,-227
6,0081(brokerage business),6092,-1599,6,0069(brokerage business),618,-95,6,0240(brokerage business),760,124
7,0059(brokerage business),3983,1219,7,0163(brokerage business),617,-390,7,0275(brokerage business),598,-319
8,0123(brokerage business),3272,337,8,0253(brokerage business),526,-270,8,0068(brokerage business),448,-11
9,0259(brokerage business),2253,1088,9,0272(brokerage business),455,-110,9,0123(brokerage business),422,-60
10,0240(brokerage business),2208,-476,10,0151(brokerage business),447,-15,10,0298(brokerage business),419,-193
11,0272(brokerage business),1948,639,11,0275(brokerage business),430,-236,11,0034(brokerage business),417,-152
12,0268(brokerage business),1712,52,12,0137(brokerage business),331,-198,12,0295(brokerage business),407,-12
13,0034(brokerage business),1700,154,13,0271(brokerage business),327,-99,13,0059(brokerage business),343,-30
14,0009(brokerage business),1275,265,14,0001(brokerage business),316,-22,14,0058(brokerage business),331,-3
15,0288(brokerage business),1212,311,15,0059(brokerage business),310,-5,15,0069(brokerage business),296,-27
16,0069(brokerage business),1148,430,16,0081(brokerage business),290,-39,16,0081(brokerage business),292,-53
17,0007(brokerage business),1147,309,17,0323(brokerage business),289,-19,17,0096(brokerage business),289,41
18,0274(brokerage business),1094,204,18,0288(brokerage business),228,-96,18,0372(brokerage business),245,-64
19,0058(brokerage business),1040,462,19,0123(brokerage business),227,4,19,0288(brokerage business),239,-84
20,0298(brokerage business),1032,-803,20,0277(brokerage business),224,216,20,0186(brokerage business),224,-140
Total,,93493,13513,Total,,12316,-1282,Total,,11150,-1922
Ranking,Name of FF Member /OSBPs,Volume,Change from Previous Trading Day,Ranking,Name of FF Member /OSBPs,Long Position,Change from Previous Trading Day,Ranking,Name of FF Member /OSBPs,Short Position,Change from Previous Trading Day
Contract Code：br2610,,,,,,,,,,2026-08-20,
1,0004(brokerage business),71802,16267,1,0004(brokerage business),15516,729,1,0004(brokerage business),13486,949
2,0148(brokerage business),71495,14302,2,0148(brokerage business),11382,1094,2,0148(brokerage business),10118,1583
3,0163(brokerage business),43300,18482,3,0323(brokerage business),9783,55,3,0323(brokerage business),9996,107
4,0253(brokerage business),31677,7709,4,0163(brokerage business),7403,288,4,0163(brokerage business),6838,1014
5,0275(brokerage business),30132,1874,5,0268(brokerage business),6282,-346,5,0268(brokerage business),5628,-106
6,0081(brokerage business),26986,4544,6,0123(brokerage business),5383,538,6,0272(brokerage business),5225,81
7,0240(brokerage business),19382,2857,7,0103(brokerage business),4835,791,7,0123(brokerage business),5121,235
8,0123(brokerage business),18847,388,8,0253(brokerage business),4590,317,8,0082(brokerage business),4778,606
9,0161(brokerage business),15976,875,9,0096(brokerage business),3267,6,9,0253(brokerage business),3614,310
10,0272(brokerage business),9197,807,10,0272(brokerage business),3034,264,10,0096(brokerage business),3209,-88
11,0268(brokerage business),8802,1790,11,0081(brokerage business),2416,654,11,0103(brokerage business),3065,-526
12,0259(brokerage business),7737,1427,12,0043(brokerage business),1968,-95,12,0029(brokerage business),2892,461
13,0298(brokerage business),7689,800,13,0275(brokerage business),1880,-76,13,0177(brokerage business),2546,720
14,0059(brokerage business),7568,2511,14,0059(brokerage business),1776,-831,14,0275(brokerage business),2445,134
15,0186(brokerage business),7160,1483,15,0240(brokerage business),1588,359,15,0043(brokerage business),1792,-279
16,0034(brokerage business),5695,781,16,0335(brokerage business),1550,-484,16,0240(brokerage business),1606,-577
17,0323(brokerage business),5646,2812,17,0048(brokerage business),1251,2,17,0058(brokerage business),1410,-141
18,0137(brokerage business),4536,1205,18,0153(brokerage business),1136,-62,18,0034(brokerage business),1408,78
19,0308(brokerage business),4367,1196,19,0151(brokerage business),1109,212,19,0069(brokerage business),1392,-271
20,0019(brokerage business),4021,293,20,0082(brokerage business),1093,40,20,0151(brokerage business),1292,-101
Total,,402015,82403,Total,,87242,3455,Total,,87861,4189
Member/OSP Type,Total Volume,Change from Previous Trading Day,Member/OSP Type,Total Long Position,Change from Previous Trading Day,Member/OSP Type,Total Short Position,Change from Previous Trading Day,,,
Contract Code：ruall,,,,,,,2026-08-20,,,,
Name of FF Member/OSBP,598986,69158,Name of FF Member/OSBP,187630,6996,Name of FF Member/OSBP,187048,6996,,,
Name of Non-FF Member/OSNBP,0,-100,Name of Non-FF Member/OSNBP,50,0,Name of Non-FF Member/OSNBP,632,0,,,
Ranking,Name of FF Member /OSBPs,Volume,Change from Previous Trading Day,Ranking,Name of FF Member /OSBPs,Long Position,Change from Previous Trading Day,Ranking,Name of FF Member /OSBPs,Short Position,Change from Previous Trading Day
Contract Code：ru2609,,,,,,,,,,2026-08-20,
1,0163(brokerage business),14937,1427,1,0004(brokerage business),3002,-203,1,0004(brokerage business),3548,-54
2,0148(brokerage business),12687,2573,2,0272(brokerage business),1815,-60,2,0275(brokerage business),1563,-129
3,0253(brokerage business),11035,-1547,3,0148(brokerage business),1498,-50,3,0148(brokerage business),1537,-225
4,0275(brokerage business),8371,1334,4,0082(brokerage business),1388,-27,4,0240(brokerage business),1335,143
5,0004(brokerage business),6738,254,5,0058(brokerage business),1246,-56,5,0253(brokerage business),1325,-404
6,0259(brokerage business),2145,1561,6,0163(brokerage business),1163,-82,6,0123(brokerage business),1296,-47
7,0240(brokerage business),2006,64,7,0096(brokerage business),1126,-109,7,0059(brokerage business),1102,-56
8,0059(brokerage business),1470,238,8,0275(brokerage business),859,9,8,0163(brokerage business),1088,-85
9,0272(brokerage business),1413,3,9,0177(brokerage business),824,56,9,0003(brokerage business),818,14
10,0043(brokerage business),1392,677,10,0103(brokerage business),776,-158,10,0125(brokerage business),758,-41
11,0123(brokerage business),1141,124,11,0240(brokerage business),669,-93,11,0096(brokerage business),659,9
12,0009(brokerage business),1132,299,12,0123(brokerage business),611,53,12,0272(brokerage business),648,-66
13,0103(brokerage business),956,210,13,0253(brokerage business),548,-83,13,0034(brokerage business),564,-60
14,0081(brokerage business),757,258,14,0308(brokerage business),447,-93,14,0077(brokerage business),535,-263
15,0121(brokerage business),683,175,15,0277(brokerage business),415,-11,15,0069(brokerage business),499,4
16,0034(brokerage business),608,5,16,0059(brokerage business),405,7,16,0103(brokerage business),462,-98
17,0042(brokerage business),584,462,17,0077(brokerage business),391,-61,17,0177(brokerage business),461,-58
18,0288(brokerage business),529,175,18,0151(brokerage business),379,-1,18,0268(brokerage business),411,-30
19,0007(brokerage business),496,135,19,0139(brokerage business),370,-22,19,0151(brokerage business),402,-132
20,0029(brokerage business),492,99,20,0323(brokerage business),359,-26,20,0161(brokerage business),379,28
Total,,69572,8526,Total,,18291,-1010,Total,,19390,-1550
Ranking,Name of FF Member /OSBPs,Volume,Change from Previous Trading Day,Ranking,Name of FF Member /OSBPs,Long Position,Change from Previous Trading Day,Ranking,Name of FF Member /OSBPs,Short Position,Change from Previous Trading Day
Contract Code：ru2701,,,,,,,,,,2026-08-20,
1,0004(brokerage business),78113,14253,1,0004(brokerage business),11144,315,1,0004(brokerage business),16377,506
2,0163(brokerage business),72161,2437,2,0148(brokerage business),11085,1797,2,0123(brokerage business),10272,3677
3,0275(brokerage business),41021,8023,3,0163(brokerage business),7273,320,3,0082(brokerage business),8552,-830
4,0148(brokerage business),36678,2215,4,0103(brokerage business),6175,601,4,0148(brokerage business),7481,-1437
5,0253(brokerage business),25583,1411,5,0272(brokerage business),4599,420,5,0275(brokerage business),6333,389
6,0272(brokerage business),24677,13963,6,0240(brokerage business),4399,47,6,0372(brokerage business),6020,44
7,0240(brokerage business),14642,904,7,0268(brokerage business),3145,688,7,0163(brokerage business),4900,637
8,0103(brokerage business),13077,943,8,0253(brokerage business),2969,-190,8,0272(brokerage business),4501,831
9,0081(brokerage business),11971,234,9,0277(brokerage business),2722,821,9,0096(brokerage business),4032,587
10,0161(brokerage business),10783,-6816,10,0082(brokerage business),2707,259,10,0125(brokerage business),3853,-146
11,0259(brokerage business),8301,4983,11,0077(brokerage business),2627,80,11,0253(brokerage business),3631,-175
12,0123(brokerage business),7674,850,12,0018(brokerage business),2590,295,12,0240(brokerage business),3390,189
13,0096(brokerage business),5725,555,13,0323(brokerage business),2447,303,13,0103(brokerage business),3386,174
14,0186(brokerage business),4839,-59,14,0123(brokerage business),2297,239,14,0077(brokerage business),3356,376
15,0034(brokerage business),4813,713,15,0059(brokerage business),2093,-297,15,0151(brokerage business),3102,58
16,0323(brokerage business),4772,-110,16,0274(brokerage business),2066,24,16,0034(brokerage business),2175,277
17,0268(brokerage business),4644,1104,17,0067(brokerage business),2000,243,17,0305(brokerage business),2143,0
18,0059(brokerage business),4606,851,18,0151(brokerage business),1999,109,18,0177(brokerage business),2124,23
19,0298(brokerage business),4036,1374,19,0275(brokerage business),1897,-26,19,0019(brokerage business),1905,28
20,0042(brokerage business),3544,1321,20,0288(brokerage business),1842,-2,20,0059(brokerage business),1678,-1043
Total,,381660,49149,Total,,78076,6046,Total,,99211,4165
Ranking,Name of FF Member /OSBPs,Volume,Change from Previous Trading Day,Ranking,Name of FF Member /OSBPs,Long Position,Change from Previous Trading Day,Ranking,Name of FF Member /OSBPs,Short Position,Change from Previous Trading Day
Contract Code：ru2705,,,,,,,,,,2026-08-20,
1,0253(brokerage business),3276,1088,1,0103(brokerage business),1521,649,1,0082(brokerage business),4706,864
2,0163(brokerage business),2343,1039,2,0004(brokerage business),988,-12,2,0004(brokerage business),1258,-2
3,0389(brokerage business),2156,479,3,0253(brokerage business),667,-105,3,0275(brokerage business),1065,11
4,0148(brokerage business),1323,444,4,0240(brokerage business),653,18,4,0103(brokerage business),910,102
5,0004(brokerage business),1120,290,5,0295(brokerage business),550,-4,5,0372(brokerage business),430,-2
6,0082(brokerage business),943,815,6,0163(brokerage business),463,309,6,0240(brokerage business),425,45
7,0103(brokerage business),813,705,7,0148(brokerage business),453,13,7,0139(brokerage business),236,3
8,0308(brokerage business),589,400,8,0272(brokerage business),357,53,8,0123(brokerage business),203,12
9,0275(brokerage business),345,229,9,0275(brokerage business),352,84,9,0151(brokerage business),203,2
10,0077(brokerage business),316,220,10,0277(brokerage business),328,-11,10,0019(brokerage business),192,9
11,0049(brokerage business),286,55,11,0125(brokerage business),312,133,11,0148(brokerage business),173,74
12,0271(brokerage business),282,265,12,0139(brokerage business),278,230,12,0077(brokerage business),143,3
13,0186(brokerage business),259,-24,13,0121(brokerage business),277,0,13,0096(brokerage business),130,116
14,0139(brokerage business),233,202,14,0006(brokerage business),258,-1,14,0163(brokerage business),112,-140
15,0240(brokerage business),211,-170,15,0059(brokerage business),243,-14,15,0272(brokerage business),109,5
16,0238(brokerage business),189,93,16,0186(brokerage business),196,-59,16,0153(brokerage business),97,6
17,0272(brokerage business),186,26,17,0323(brokerage business),176,-5,17,0335(brokerage business),95,0
18,0096(brokerage business),157,141,18,0096(brokerage business),175,13,18,0177(brokerage business),94,0
19,0016(brokerage business),150,146,19,0049(brokerage business),164,5,19,0319(brokerage business),85,0
20,0125(brokerage business),144,137,20,0151(brokerage business),158,15,20,0137(brokerage business),84,1
Total,,15321,6580,Total,,8569,1311,Total,,10750,1109
Ranking,Name of FF Member /OSBPs,Volume,Change from Previous Trading Day,Ranking,Name of FF Member /OSBPs,Long Position,Change from Previous Trading Day,Ranking,Name of FF Member /OSBPs,Short Position,Change from Previous Trading Day
Contract Code：nr2609,,,,,,,,,,2026-08-20,
1,8163(brokerage business),1830,223,1,8004(brokerage business),782,-37,1,8004(brokerage business),927,56
2,8148(brokerage business),681,30,2,8163(brokerage business),411,175,2,8272(brokerage business),433,-71
3,8004(brokerage business),548,-33,3,8096(brokerage business),348,3,3,8253(brokerage business),425,-1
4,8308(brokerage business),494,301,4,8077(brokerage business),284,-12,4,8148(brokerage business),329,-66
5,8271(brokerage business),304,168,5,8253(brokerage business),202,-53,5,8125(brokerage business),298,24
6,8240(brokerage business),283,-39,6,8272(brokerage business),181,-15,6,8103(brokerage business),233,-251
7,8103(brokerage business),263,261,7,8268(brokerage business),162,0,7,8163(brokerage business),190,89
8,8275(brokerage business),168,102,8,8161(brokerage business),160,-12,8,8308(brokerage business),155,-6
9,8272(brokerage business),140,-11,9,8389(brokerage business),132,-4,9,8268(brokerage business),112,5
10,8288(brokerage business),75,9,10,8323(brokerage business),119,-22,10,8309(brokerage business),105,36
11,8009(brokerage business),71,46,11,8103(brokerage business),112,-12,11,8177(brokerage business),101,-67
12,8123(brokerage business),68,-199,12,8069(brokerage business),103,-1,12,8240(brokerage business),98,-17
13,8177(brokerage business),67,22,13,8082(brokerage business),88,-22,13,8161(brokerage business),68,4
14,8253(brokerage business),62,40,14,8240(brokerage business),75,-4,14,8323(brokerage business),68,-12
15,8059(brokerage business),55,3,15,8009(brokerage business),72,-9,15,8096(brokerage business),64,22
16,8151(brokerage business),46,20,16,8121(brokerage business),67,-1,16,8298(brokerage business),61,-2
17,8137(brokerage business),43,-2,17,8081(brokerage business),62,-16,17,8058(brokerage business),60,0
18,8048(brokerage business),41,39,18,8003(brokerage business),61,-10,18,8186(brokerage business),55,-3
19,8019(brokerage business),36,-28,19,8157(brokerage business),60,-20,19,8288(brokerage business),49,-6
20,8309(brokerage business),36,30,20,8151(brokerage business),58,-12,20,8077(brokerage business),44,0
Total,,5311,982,Total,,3539,-84,Total,,3875,-266
Ranking,Name of FF Member /OSBPs,Volume,Change from Previous Trading Day,Ranking,Name of FF Member /OSBPs,Long Position,Change from Previous Trading Day,Ranking,Name of FF Member /OSBPs,Short Position,Change from Previous Trading Day
Contract Code：nr2610,,,,,,,,,,2026-08-20,
1,8163(brokerage business),24594,1718,1,8163(brokerage business),4667,414,1,8004(brokerage business),8613,369
2,8253(brokerage business),18447,2121,2,8239(brokerage business),4464,185,2,8148(brokerage business),5574,-474
3,8004(brokerage business),12910,-282,3,8004(brokerage business),4282,123,3,8163(brokerage business),3989,120
4,8148(brokerage business),12787,806,4,8148(brokerage business),4278,527,4,8103(brokerage business),3778,1208
5,8275(brokerage business),8565,-579,5,8184(brokerage business),3618,158,5,8272(brokerage business),3713,189
6,8272(brokerage business),4970,1014,6,8103(brokerage business),3320,1436,6,8096(brokerage business),2658,183
7,8081(brokerage business),4674,587,7,8240(brokerage business),1633,110,7,8123(brokerage business),2399,131
8,8103(brokerage business),3210,206,8,8084(brokerage business),1628,-232,8,8253(brokerage business),2130,138
9,8096(brokerage business),2958,-85,9,8335(brokerage business),1429,60,9,8240(brokerage business),2060,276
10,8123(brokerage business),2526,549,10,8295(brokerage business),1178,-5,10,8125(brokerage business),1690,373
11,8186(brokerage business),1942,661,11,8272(brokerage business),1163,-81,11,8177(brokerage business),1612,21
12,8240(brokerage business),1792,217,12,8139(brokerage business),1153,351,12,8019(brokerage business),1363,127
13,8239(brokerage business),1601,-638,13,8253(brokerage business),1148,39,13,8275(brokerage business),1354,9
14,8323(brokerage business),1328,263,14,8308(brokerage business),1132,77,14,8372(brokerage business),1299,-107
15,8059(brokerage business),1296,-463,15,8323(brokerage business),1090,-181,15,8319(brokerage business),925,660
16,8043(brokerage business),1211,244,16,8259(brokerage business),986,3,16,8139(brokerage business),909,96
17,8151(brokerage business),1199,551,17,8009(brokerage business),958,-79,17,8059(brokerage business),809,13
18,8238(brokerage business),1172,635,18,8288(brokerage business),810,78,18,8077(brokerage business),737,19
19,8268(brokerage business),1145,-343,19,8077(brokerage business),780,-20,19,8153(brokerage business),680,-200
20,8274(brokerage business),1125,415,20,8274(brokerage business),768,30,20,8003(brokerage business),631,29
Total,,109452,7597,Total,,40485,2993,Total,,46923,3180
Ranking,Name of FF Member /OSBPs,Volume,Change from Previous Trading Day,Ranking,Name of FF Member /OSBPs,Long Position,Change from Previous Trading Day,Ranking,Name of FF Member /OSBPs,Short Position,Change from Previous Trading Day
Contract Code：nr2611,,,,,,,,,,2026-08-20,
1,8163(brokerage business),12294,1071,1,8103(brokerage business),3584,1011,1,8004(brokerage business),6150,326
2,8253(brokerage business),10524,109,2,8004(brokerage business),3478,62,2,8009(brokerage business),3236,285
3,8148(brokerage business),6960,-694,3,8148(brokerage business),2417,-71,3,8240(brokerage business),2387,298
4,8004(brokerage business),5336,422,4,8184(brokerage business),2217,142,4,8148(brokerage business),2375,41
5,8275(brokerage business),3472,998,5,8349(brokerage business),2101,207,5,8163(brokerage business),2207,-96
6,8009(brokerage business),2679,-224,6,8009(brokerage business),2064,1968,6,8125(brokerage business),1540,182
7,8096(brokerage business),2127,513,7,8274(brokerage business),1573,36,7,8082(brokerage business),1361,10
8,8323(brokerage business),1679,-124,8,8239(brokerage business),1546,877,8,8308(brokerage business),1354,162
9,8103(brokerage business),1491,645,9,8335(brokerage business),1408,14,9,8259(brokerage business),1280,97
10,8081(brokerage business),1476,-141,10,8305(brokerage business),1291,0,10,8177(brokerage business),1264,546
11,8059(brokerage business),1460,271,11,8139(brokerage business),1054,366,11,8008(brokerage business),1151,0
12,8123(brokerage business),1152,334,12,8323(brokerage business),1044,184,12,8103(brokerage business),1147,244
13,8259(brokerage business),1131,-301,13,8240(brokerage business),997,182,13,8058(brokerage business),956,96
14,8239(brokerage business),960,640,14,8163(brokerage business),975,288,14,8275(brokerage business),947,419
15,8308(brokerage business),924,187,15,8177(brokerage business),974,-53,15,8077(brokerage business),846,76
16,8240(brokerage business),850,198,16,8272(brokerage business),892,-9,16,8418(brokerage business),821,22
17,8268(brokerage business),692,201,17,8123(brokerage business),802,80,17,8096(brokerage business),795,601
18,8177(brokerage business),605,428,18,8277(brokerage business),794,-1,18,8268(brokerage business),593,217
19,8069(brokerage business),415,-98,19,8253(brokerage business),569,-3,19,8081(brokerage business),558,101
20,8139(brokerage business),366,251,20,8082(brokerage business),512,5,20,8253(brokerage business),551,53
Total,,56593,4686,Total,,30292,5285,Total,,31519,3680
Ranking,Name of FF Member /OSBPs,Volume,Change from Previous Trading Day,Ranking,Name of FF Member /OSBPs,Long Position,Change from Previous Trading Day,Ranking,Name of FF Member /OSBPs,Short Position,Change from Previous Trading Day
Contract Code：nr2612,,,,,,,,,,2026-08-20,
1,8253(brokerage business),4922,-383,1,8004(brokerage business),3393,247,1,8004(brokerage business),3244,123
2,8163(brokerage business),4628,-1161,2,8148(brokerage business),2218,201,2,8148(brokerage business),2350,79
3,8004(brokerage business),1882,-580,3,8268(brokerage business),1950,35,3,8268(brokerage business),2047,55
4,8148(brokerage business),1850,168,4,8082(brokerage business),1895,1,4,8253(brokerage business),1896,35
5,8275(brokerage business),1254,301,5,8253(brokerage business),1611,71,5,8082(brokerage business),1642,43
6,8123(brokerage business),785,318,6,8163(brokerage business),1463,122,6,8323(brokerage business),1354,-12
7,8009(brokerage business),498,272,7,8323(brokerage business),1445,94,7,8103(brokerage business),1309,284
8,8058(brokerage business),417,327,8,8161(brokerage business),1226,57,8,8163(brokerage business),1304,16
9,8103(brokerage business),321,305,9,8009(brokerage business),1189,452,9,8372(brokerage business),1250,-16
10,8271(brokerage business),318,-64,10,8034(brokerage business),1108,-21,10,8161(brokerage business),1207,49
11,8323(brokerage business),272,-77,11,8372(brokerage business),970,11,11,8275(brokerage business),1157,99
12,8069(brokerage business),225,70,12,8274(brokerage business),914,17,12,8034(brokerage business),1111,-20
13,8161(brokerage business),212,101,13,8277(brokerage business),910,0,13,8240(brokerage business),721,0
14,8372(brokerage business),207,-36,14,8103(brokerage business),821,35,14,8058(brokerage business),682,400
15,8077(brokerage business),198,56,15,8308(brokerage business),345,-2,15,8081(brokerage business),406,30
16,8096(brokerage business),170,59,16,8259(brokerage business),341,12,16,8019(brokerage business),263,20
17,8082(brokerage business),114,71,17,8240(brokerage business),208,14,17,8321(brokerage business),209,19
18,8268(brokerage business),98,62,18,8069(brokerage business),180,-26,18,8077(brokerage business),140,68
19,8186(brokerage business),71,25,19,8271(brokerage business),177,149,19,8137(brokerage business),138,37
20,8308(brokerage business),64,-56,20,8123(brokerage business),139,-9,20,8067(brokerage business),117,4
Total,,18506,-222,Total,,22503,1460,Total,,22547,1313
Ranking,Name of FF Member /OSBPs,Volume,Change from Previous Trading Day,Ranking,Name of FF Member /OSBPs,Long Position,Change from Previous Trading Day,Ranking,Name of FF Member /OSBPs,Short Position,Change from Previous Trading Day
Contract Code：nr2701,,,,,,,,,,2026-08-20,
1,8163(brokerage business),2308,700,1,8009(brokerage business),3060,79,1,8004(brokerage business),4702,206
2,8253(brokerage business),1895,55,2,8004(brokerage business),2383,330,2,8148(brokerage business),3164,87
3,8004(brokerage business),1710,1084,3,8125(brokerage business),1731,-197,3,8349(brokerage business),1655,0
4,8148(brokerage business),1048,307,4,8295(brokerage business),1344,-1,4,8253(brokerage business),960,-28
5,8308(brokerage business),600,224,5,8323(brokerage business),1107,-7,5,8081(brokerage business),920,63
6,8123(brokerage business),496,343,6,8272(brokerage business),1011,9,6,8305(brokerage business),871,0
7,8069(brokerage business),439,291,7,8274(brokerage business),978,32,7,8019(brokerage business),780,-20
8,8271(brokerage business),430,117,8,8253(brokerage business),856,7,8,8103(brokerage business),742,-50
9,8275(brokerage business),430,-283,9,8059(brokerage business),842,1,9,8385(brokerage business),734,150
10,8030(brokerage business),300,195,10,8163(brokerage business),758,22,10,8321(brokerage business),633,-2
11,8125(brokerage business),295,85,11,8148(brokerage business),658,39,11,8123(brokerage business),621,21
12,8257(brokerage business),235,131,12,8107(brokerage business),540,0,12,8082(brokerage business),536,22
13,8009(brokerage business),229,24,13,8240(brokerage business),496,55,13,8275(brokerage business),494,-20
14,8274(brokerage business),203,-126,14,8123(brokerage business),480,5,14,8254(brokerage business),456,21
15,8077(brokerage business),194,79,15,8043(brokerage business),461,35,15,8163(brokerage business),433,44
16,8323(brokerage business),190,-24,16,8067(brokerage business),443,9,16,8240(brokerage business),433,11
17,8049(brokerage business),171,49,17,8121(brokerage business),433,-8,17,8272(brokerage business),432,11
18,8096(brokerage business),164,124,18,8321(brokerage business),403,0,18,8059(brokerage business),424,-6
19,8157(brokerage business),152,148,19,8081(brokerage business),389,59,19,8389(brokerage business),393,-84
20,8081(brokerage business),150,32,20,8082(brokerage business),351,15,20,8069(brokerage business),357,123
Total,,11639,3555,Total,,18724,484,Total,,19740,549
Member/OSP Type,Total Volume,Change from Previous Trading Day,Member/OSP Type,Total Long Position,Change from Previous Trading Day,Member/OSP Type,Total Short Position,Change from Previous Trading Day,,,
Contract Code：spall,,,,,,,2026-08-20,,,,
Name of FF Member/OSBP,827708,45592,Name of FF Member/OSBP,455631,-6404,Name of FF Member/OSBP,455631,-6404,,,
Name of Non-FF Member/OSNBP,0,0,Name of Non-FF Member/OSNBP,0,0,Name of Non-FF Member/OSNBP,0,0,,,
Ranking,Name of FF Member /OSBPs,Volume,Change from Previous Trading Day,Ranking,Name of FF Member /OSBPs,Long Position,Change from Previous Trading Day,Ranking,Name of FF Member /OSBPs,Short Position,Change from Previous Trading Day
Contract Code：sp2609,,,,,,,,,,2026-08-20,
1,0148(brokerage business),19063,-8919,1,0004(brokerage business),6086,-497,1,0004(brokerage business),7208,-766
2,0163(brokerage business),9961,629,2,0148(brokerage business),2754,-282,2,0148(brokerage business),6451,-887
3,0275(brokerage business),6725,1260,3,0311(brokerage business),2356,-19,3,0163(brokerage business),4593,-593
4,0004(brokerage business),5960,-3932,4,0272(brokerage business),2063,-22,4,0177(brokerage business),3691,427
5,0253(brokerage business),1869,-4455,5,0081(brokerage business),1990,-228,5,0253(brokerage business),2957,-326
6,0240(brokerage business),776,-269,6,0240(brokerage business),1924,-275,6,0125(brokerage business),2396,-222
7,0177(brokerage business),742,336,7,0042(brokerage business),1710,-87,7,0272(brokerage business),2339,-45
8,0161(brokerage business),715,233,8,0268(brokerage business),1434,-36,8,0059(brokerage business),1958,-31
9,0137(brokerage business),690,500,9,0253(brokerage business),1403,-239,9,0103(brokerage business),1915,-211
10,0268(brokerage business),668,-349,10,0103(brokerage business),1385,-207,10,0082(brokerage business),1794,-83
11,0272(brokerage business),597,-506,11,0082(brokerage business),1251,-9,11,0321(brokerage business),1717,-12
12,0153(brokerage business),590,477,12,0034(brokerage business),1236,-154,12,0123(brokerage business),1432,-51
13,0123(brokerage business),569,180,13,0058(brokerage business),1215,-242,13,0268(brokerage business),1238,-16
14,0103(brokerage business),556,-76,14,0163(brokerage business),1175,177,14,0259(brokerage business),1223,-39
15,0081(brokerage business),554,-1720,15,0096(brokerage business),1138,-36,15,0077(brokerage business),1072,-3
16,0059(brokerage business),528,-230,16,0138(brokerage business),1135,-111,16,0161(brokerage business),798,352
17,0058(brokerage business),433,238,17,0169(brokerage business),967,-2,17,0043(brokerage business),733,-112
18,0048(brokerage business),404,368,18,0009(brokerage business),959,46,18,0069(brokerage business),688,22
19,0288(brokerage business),402,258,19,0186(brokerage business),958,-119,19,0275(brokerage business),643,13
20,0034(brokerage business),363,36,20,0323(brokerage business),954,-78,20,0067(brokerage business),565,-27
Total,,52165,-15941,Total,,34093,-2420,Total,,45411,-2610
Ranking,Name of FF Member /OSBPs,Volume,Change from Previous Trading Day,Ranking,Name of FF Member /OSBPs,Long Position,Change from Previous Trading Day,Ranking,Name of FF Member /OSBPs,Short Position,Change from Previous Trading Day
Contract Code：sp2611,,,,,,,,,,2026-08-20,
1,0004(brokerage business),126130,9820,1,0004(brokerage business),32661,-123,1,0148(brokerage business),30910,-526
2,0148(brokerage business),77643,5966,2,0148(brokerage business),16375,-629,2,0004(brokerage business),21774,145
3,0163(brokerage business),66070,-1589,3,0253(brokerage business),13070,-1200,3,0239(brokerage business),15706,-357
4,0275(brokerage business),52164,5264,4,0272(brokerage business),12146,-37,4,0163(brokerage business),14434,-813
5,0272(brokerage business),34082,14731,5,0163(brokerage business),11582,-14,5,0272(brokerage business),13687,1447
6,0253(brokerage business),33399,2619,6,0103(brokerage business),8038,-3165,6,0103(brokerage business),12246,-502
7,0240(brokerage business),27841,1011,7,0081(brokerage business),7936,829,7,0253(brokerage business),10952,-1029
8,0081(brokerage business),25603,6566,8,0139(brokerage business),7458,-295,8,0059(brokerage business),9771,-785
9,0259(brokerage business),20764,4857,9,0268(brokerage business),7395,-1061,9,0335(brokerage business),9198,-907
10,0161(brokerage business),17340,2856,10,0048(brokerage business),6103,292,10,0081(brokerage business),8821,714
11,0123(brokerage business),13492,782,11,0137(brokerage business),5975,250,11,0137(brokerage business),6167,-226
12,0103(brokerage business),9521,4258,12,0178(brokerage business),5552,-71,12,0123(brokerage business),6094,362
13,0186(brokerage business),8286,1668,13,0043(brokerage business),5176,-399,13,0048(brokerage business),5863,136
14,0096(brokerage business),8255,305,14,0042(brokerage business),5155,323,14,0043(brokerage business),5646,-705
15,0059(brokerage business),6293,452,15,0240(brokerage business),4524,110,15,0178(brokerage business),4776,40
16,0268(brokerage business),6183,422,16,0096(brokerage business),4512,-254,16,0139(brokerage business),4640,59
17,0298(brokerage business),5368,-672,17,0077(brokerage business),4278,142,17,0058(brokerage business),4378,147
18,0323(brokerage business),4216,442,18,0008(brokerage business),4134,-13,18,0240(brokerage business),4184,-112
19,0034(brokerage business),4207,431,19,0275(brokerage business),3812,23,19,0008(brokerage business),4165,-114
20,0043(brokerage business),3312,1647,20,0059(brokerage business),3788,38,20,0308(brokerage business),3597,-142
Total,,550169,61836,Total,,169670,-5254,Total,,197009,-3168
Ranking,Name of FF Member /OSBPs,Volume,Change from Previous Trading Day,Ranking,Name of FF Member /OSBPs,Long Position,Change from Previous Trading Day,Ranking,Name of FF Member /OSBPs,Short Position,Change from Previous Trading Day
Contract Code：sp2701,,,,,,,,,,2026-08-20,
1,0148(brokerage business),14181,2088,1,0004(brokerage business),13994,432,1,0004(brokerage business),15253,267
2,0004(brokerage business),12141,3768,2,0123(brokerage business),9405,323,2,0148(brokerage business),14516,356
3,0163(brokerage business),11037,-3989,3,0163(brokerage business),6388,-554,3,0335(brokerage business),5260,-92
4,0253(brokerage business),7261,3110,4,0272(brokerage business),5794,210,4,0169(brokerage business),3911,0
5,0275(brokerage business),5457,-961,5,0177(brokerage business),5320,-28,5,0058(brokerage business),3861,2
6,0081(brokerage business),3903,3087,6,0042(brokerage business),4608,27,6,0274(brokerage business),3690,350
7,0034(brokerage business),3325,1110,7,0148(brokerage business),3494,427,7,0418(brokerage business),3669,-322
8,0240(brokerage business),2051,905,8,0043(brokerage business),3262,-14,8,0163(brokerage business),3305,-523
9,0096(brokerage business),1627,635,9,0103(brokerage business),3100,138,9,0253(brokerage business),3091,167
10,0259(brokerage business),1351,496,10,0018(brokerage business),2647,129,10,0029(brokerage business),3082,-159
11,0272(brokerage business),1342,-927,11,0034(brokerage business),2589,1405,11,0177(brokerage business),2965,109
12,0274(brokerage business),1107,316,12,0239(brokerage business),2408,168,12,0081(brokerage business),2838,69
13,0123(brokerage business),802,-1202,13,0253(brokerage business),1976,-50,13,0125(brokerage business),2822,136
14,0077(brokerage business),746,207,14,0288(brokerage business),1909,-125,14,0103(brokerage business),2723,30
15,0058(brokerage business),725,-480,15,0262(brokerage business),1656,18,15,0009(brokerage business),2577,6
16,0311(brokerage business),651,-345,16,0153(brokerage business),1640,176,16,0082(brokerage business),2193,-19
17,0103(brokerage business),650,-1531,17,0096(brokerage business),1616,265,17,0240(brokerage business),1771,344
18,0298(brokerage business),650,-91,18,0186(brokerage business),1532,40,18,0003(brokerage business),1752,0
19,0137(brokerage business),643,234,19,0019(brokerage business),1468,-120,19,0096(brokerage business),1750,628
20,0177(brokerage business),623,154,20,0137(brokerage business),1396,101,20,0019(brokerage business),1732,9
Total,,70273,6584,Total,,76202,2968,Total,,82761,1358
Member/OSP Type,Total Volume,Change from Previous Trading Day,Member/OSP Type,Total Long Position,Change from Previous Trading Day,Member/OSP Type,Total Short Position,Change from Previous Trading Day,,,
Contract Code：opall,,,,,,,2026-08-20,,,,
Name of FF Member/OSBP,21850,-3270,Name of FF Member/OSBP,24787,114,Name of FF Member/OSBP,24787,114,,,
Name of Non-FF Member/OSNBP,0,0,Name of Non-FF Member/OSNBP,0,0,Name of Non-FF Member/OSNBP,0,0,,,
Ranking,Name of FF Member /OSBPs,Volume,Change from Previous Trading Day,Ranking,Name of FF Member /OSBPs,Long Position,Change from Previous Trading Day,Ranking,Name of FF Member /OSBPs,Short Position,Change from Previous Trading Day
Contract Code：op2609,,,,,,,,,,2026-08-20,
1,0257(brokerage business),663,378,1,0268(brokerage business),883,1,1,0268(brokerage business),871,0
2,0268(brokerage business),637,-249,2,0004(brokerage business),532,0,2,0004(brokerage business),739,9
3,0148(brokerage business),620,224,3,0082(brokerage business),508,-1,3,0148(brokerage business),522,-3
4,0004(brokerage business),613,320,4,0148(brokerage business),501,-13,4,0257(brokerage business),502,-2
5,0163(brokerage business),492,-51,5,0008(brokerage business),495,1,5,0008(brokerage business),495,2
6,0275(brokerage business),468,-92,6,0257(brokerage business),491,-3,6,0082(brokerage business),492,-10
7,0161(brokerage business),220,-90,7,0123(brokerage business),473,0,7,0123(brokerage business),473,0
8,0082(brokerage business),63,10,8,0275(brokerage business),451,-1,8,0275(brokerage business),453,-1
9,0008(brokerage business),49,-60,9,0161(brokerage business),181,-109,9,0161(brokerage business),177,-111
10,0013(brokerage business),20,-10,10,0096(brokerage business),107,-1,10,0018(brokerage business),43,0
11,0058(brokerage business),15,-3,11,0182(brokerage business),57,0,11,0042(brokerage business),20,-10
12,0042(brokerage business),10,3,12,0013(brokerage business),44,-20,12,0125(brokerage business),20,0
13,0048(brokerage business),5,0,13,0059(brokerage business),31,5,13,0137(brokerage business),14,-2
14,0059(brokerage business),5,-18,14,0163(brokerage business),27,1,14,0163(brokerage business),10,5
15,0137(brokerage business),4,-1,15,0186(brokerage business),25,0,15,0001(brokerage business),6,0
16,0271(brokerage business),4,0,16,0139(brokerage business),24,0,16,0007(brokerage business),6,0
17,0069(brokerage business),3,3,17,0238(brokerage business),10,2,17,0048(brokerage business),6,-5
18,0096(brokerage business),3,2,18,0240(brokerage business),9,2,18,0058(brokerage business),6,-5
19,0034(brokerage business),2,0,19,0272(brokerage business),9,0,19,0277(brokerage business),5,0
20,0238(brokerage business),2,-4,20,0069(brokerage business),3,2,20,0240(brokerage business),4,0
Total,,3898,362,Total,,4861,-134,Total,,4864,-133
Ranking,Name of FF Member /OSBPs,Volume,Change from Previous Trading Day,Ranking,Name of FF Member /OSBPs,Long Position,Change from Previous Trading Day,Ranking,Name of FF Member /OSBPs,Short Position,Change from Previous Trading Day
Contract Code：op2610,,,,,,,,,,2026-08-20,
1,0163(brokerage business),2504,-300,1,0268(brokerage business),2980,60,1,0268(brokerage business),2908,37
2,0268(brokerage business),1603,106,2,0148(brokerage business),2661,75,2,0123(brokerage business),2733,18
3,0148(brokerage business),1466,77,3,0004(brokerage business),2454,128,3,0148(brokerage business),2534,11
4,0257(brokerage business),1108,429,4,0123(brokerage business),2313,37,4,0008(brokerage business),2193,-4
5,0004(brokerage business),994,61,5,0008(brokerage business),2208,0,5,0004(brokerage business),2168,124
6,0123(brokerage business),667,-89,6,0082(brokerage business),1982,24,6,0082(brokerage business),1901,-3
7,0008(brokerage business),646,221,7,0257(brokerage business),1516,5,7,0257(brokerage business),1508,5
8,0161(brokerage business),580,-106,8,0275(brokerage business),1219,-5,8,0275(brokerage business),1209,2
9,0275(brokerage business),327,54,9,0161(brokerage business),741,-186,9,0161(brokerage business),744,-182
10,0081(brokerage business),298,7,10,0013(brokerage business),100,7,10,0163(brokerage business),329,14
11,0082(brokerage business),129,-137,11,0163(brokerage business),100,28,11,0253(brokerage business),276,4
12,0034(brokerage business),66,20,12,0272(brokerage business),82,7,12,0103(brokerage business),203,42
13,0058(brokerage business),66,29,13,0186(brokerage business),68,19,13,0019(brokerage business),88,28
14,0103(brokerage business),54,-16,14,0125(brokerage business),53,10,14,0272(brokerage business),80,0
15,0272(brokerage business),41,-30,15,0137(brokerage business),50,2,15,0169(brokerage business),59,-10
16,0274(brokerage business),39,11,16,0018(brokerage business),48,-3,16,0081(brokerage business),34,6
17,0019(brokerage business),36,-8,17,0103(brokerage business),42,0,17,0252(brokerage business),30,1
18,0320(brokerage business),33,29,18,0288(brokerage business),36,14,18,0259(brokerage business),22,7
19,0043(brokerage business),29,11,19,0043(brokerage business),34,9,19,0320(brokerage business),21,0
20,0299(brokerage business),29,-81,20,0034(brokerage business),30,-10,20,0086(brokerage business),18,14
Total,,10715,288,Total,,18717,221,Total,,19058,114
